LOCATION,TS,TEMP_C,EXCURSION_FLAG,SOURCE,SOURCE_URL,FETCHED_AT,IS_PROXY
CENT,2026-03-29 00:00:00,5.42,0,synth_hospital seed 20260927,,2026-09-25T00:00:00Z,SYNTH
CENT,2026-03-29 06:00:00,3.79,0,synth_hospital seed 20260927,,2026-09-25T00:00:00Z,SYNTH
CENT,2026-03-29 12:00:00,4.85,0,synth_hospital seed 20260927,,2026-09-25T00:00:00Z,SYNTH
CENT,2026-03-29 18:00:00,4.34,0,synth_hospital seed 20260927,,2026-09-25T00:00:00Z,SYNTH
CENT,2026-03-30 00:00:00,4.65,0,synth_hospital seed 20260927,,2026-09-25T00:00:00Z,SYNTH
CENT,2026-03-30 06:00:00,6.01,0,synth_hospital seed 20260927,,2026-09-25T00:00:00Z,SYNTH
CENT,2026-03-30 12:00:00,3.95,0,synth_hospital seed 20260927,,2026-09-25T00:00:00Z,SYNTH
CENT,2026-03-30 18:00:00,5.21,0,synth_hospital seed 20260927,,2026-09-25T00:00:00Z,SYNTH
CENT,2026-03-31 00:00:00,4.04,0,synth_hospital seed 20260927,,2026-09-25T00:00:00Z,SYNTH
CENT,2026-03-31 06:00:00,5.81,0,synth_hospital seed 20260927,,2026-09-25T00:00:00Z,SYNTH
CENT,2026-03-31 12:00:00,4.67,0,synth_hospital seed 20260927,,2026-09-25T00:00:00Z,SYNTH
CENT,2026-03-31 18:00:00,4.55,0,synth_hospital seed 20260927,,2026-09-25T00:00:00Z,SYNTH
CENT,2026-04-01 00:00:00,4.53,0,synth_hospital seed 20260927,,2026-09-25T00:00:00Z,SYNTH
CENT,2026-04-01 06:00:00,4.83,0,synth_hospital seed 20260927,,2026-09-25T00:00:00Z,SYNTH
CENT,2026-04-01 12:00:00,4.82,0,synth_hospital seed 20260927,,2026-09-25T00:00:00Z,SYNTH
CENT,2026-04-01 18:00:00,5.21,0,synth_hospital seed 20260927,,2026-09-25T00:00:00Z,SYNTH
CENT,2026-04-02 00:00:00,4.86,0,synth_hospital seed 20260927,,2026-09-25T00:00:00Z,SYNTH
CENT,2026-04-02 06:00:00,4.97,0,synth_hospital seed 20260927,,2026-09-25T00:00:00Z,SYNTH
CENT,2026-04-02 12:00:00,4.39,0,synth_hospital seed 20260927,,2026-09-25T00:00:00Z,SYNTH
CENT,2026-04-02 18:00:00,5.14,0,synth_hospital seed 20260927,,2026-09-25T00:00:00Z,SYNTH
CENT,2026-04-03 00:00:00,5.74,0,synth_hospital seed 20260927,,2026-09-25T00:00:00Z,SYNTH
CENT,2026-04-03 06:00:00,4.68,0,synth_hospital seed 20260927,,2026-09-25T00:00:00Z,SYNTH
CENT,2026-04-03 12:00:00,4.31,0,synth_hospital seed 20260927,,2026-09-25T00:00:00Z,SYNTH
CENT,2026-04-03 18:00:00,5.65,0,synth_hospital seed 20260927,,2026-09-25T00:00:00Z,SYNTH
CENT,2026-04-04 00:00:00,5.41,0,synth_hospital seed 20260927,,2026-09-25T00:00:00Z,SYNTH
CENT,2026-04-04 06:00:00,4.77,0,synth_hospital seed 20260927,,2026-09-25T00:00:00Z,SYNTH
CENT,2026-04-04 12:00:00,5.14,0,synth_hospital seed 20260927,,2026-09-25T00:00:00Z,SYNTH
CENT,2026-04-04 18:00:00,3.59,0,synth_hospital seed 20260927,,2026-09-25T00:00:00Z,SYNTH
CENT,2026-04-05 00:00:00,4.24,0,synth_hospital seed 20260927,,2026-09-25T00:00:00Z,SYNTH
CENT,2026-04-05 06:00:00,5.42,0,synth_hospital seed 20260927,,2026-09-25T00:00:00Z,SYNTH
CENT,2026-04-05 12:00:00,4.67,0,synth_hospital seed 20260927,,2026-09-25T00:00:00Z,SYNTH
CENT,2026-04-05 18:00:00,5.0,0,synth_hospital seed 20260927,,2026-09-25T00:00:00Z,SYNTH
CENT,2026-04-06 00:00:00,6.4,0,synth_hospital seed 20260927,,2026-09-25T00:00:00Z,SYNTH
CENT,2026-04-06 06:00:00,4.96,0,synth_hospital seed 20260927,,2026-09-25T00:00:00Z,SYNTH
CENT,2026-04-06 12:00:00,5.69,0,synth_hospital seed 20260927,,2026-09-25T00:00:00Z,SYNTH
CENT,2026-04-06 18:00:00,5.25,0,synth_hospital seed 20260927,,2026-09-25T00:00:00Z,SYNTH
CENT,2026-04-07 00:00:00,3.78,0,synth_hospital seed 20260927,,2026-09-25T00:00:00Z,SYNTH
CENT,2026-04-07 06:00:00,4.23,0,synth_hospital seed 20260927,,2026-09-25T00:00:00Z,SYNTH
CENT,2026-04-07 12:00:00,5.69,0,synth_hospital seed 20260927,,2026-09-25T00:00:00Z,SYNTH
CENT,2026-04-07 18:00:00,5.72,0,synth_hospital seed 20260927,,2026-09-25T00:00:00Z,SYNTH
CENT,2026-04-08 00:00:00,4.64,0,synth_hospital seed 20260927,,2026-09-25T00:00:00Z,SYNTH
CENT,2026-04-08 06:00:00,5.11,0,synth_hospital seed 20260927,,2026-09-25T00:00:00Z,SYNTH
CENT,2026-04-08 12:00:00,4.44,0,synth_hospital seed 20260927,,2026-09-25T00:00:00Z,SYNTH
CENT,2026-04-08 18:00:00,5.29,0,synth_hospital seed 20260927,,2026-09-25T00:00:00Z,SYNTH
CENT,2026-04-09 00:00:00,4.32,0,synth_hospital seed 20260927,,2026-09-25T00:00:00Z,SYNTH
CENT,2026-04-09 06:00:00,4.52,0,synth_hospital seed 20260927,,2026-09-25T00:00:00Z,SYNTH
CENT,2026-04-09 12:00:00,4.85,0,synth_hospital seed 20260927,,2026-09-25T00:00:00Z,SYNTH
CENT,2026-04-09 18:00:00,5.19,0,synth_hospital seed 20260927,,2026-09-25T00:00:00Z,SYNTH
CENT,2026-04-10 00:00:00,4.73,0,synth_hospital seed 20260927,,2026-09-25T00:00:00Z,SYNTH
CENT,2026-04-10 06:00:00,5.87,0,synth_hospital seed 20260927,,2026-09-25T00:00:00Z,SYNTH
CENT,2026-04-10 12:00:00,5.43,0,synth_hospital seed 20260927,,2026-09-25T00:00:00Z,SYNTH
CENT,2026-04-10 18:00:00,4.61,0,synth_hospital seed 20260927,,2026-09-25T00:00:00Z,SYNTH
CENT,2026-04-11 00:00:00,5.01,0,synth_hospital seed 20260927,,2026-09-25T00:00:00Z,SYNTH
CENT,2026-04-11 06:00:00,5.13,0,synth_hospital seed 20260927,,2026-09-25T00:00:00Z,SYNTH
CENT,2026-04-11 12:00:00,4.51,0,synth_hospital seed 20260927,,2026-09-25T00:00:00Z,SYNTH
CENT,2026-04-11 18:00:00,5.78,0,synth_hospital seed 20260927,,2026-09-25T00:00:00Z,SYNTH
CENT,2026-04-12 00:00:00,4.42,0,synth_hospital seed 20260927,,2026-09-25T00:00:00Z,SYNTH
CENT,2026-04-12 06:00:00,4.07,0,synth_hospital seed 20260927,,2026-09-25T00:00:00Z,SYNTH
CENT,2026-04-12 12:00:00,4.76,0,synth_hospital seed 20260927,,2026-09-25T00:00:00Z,SYNTH
CENT,2026-04-12 18:00:00,5.28,0,synth_hospital seed 20260927,,2026-09-25T00:00:00Z,SYNTH
CENT,2026-04-13 00:00:00,5.18,0,synth_hospital seed 20260927,,2026-09-25T00:00:00Z,SYNTH
CENT,2026-04-13 06:00:00,4.54,0,synth_hospital seed 20260927,,2026-09-25T00:00:00Z,SYNTH
CENT,2026-04-13 12:00:00,4.34,0,synth_hospital seed 20260927,,2026-09-25T00:00:00Z,SYNTH
CENT,2026-04-13 18:00:00,6.55,0,synth_hospital seed 20260927,,2026-09-25T00:00:00Z,SYNTH
CENT,2026-04-14 00:00:00,3.46,0,synth_hospital seed 20260927,,2026-09-25T00:00:00Z,SYNTH
CENT,2026-04-14 06:00:00,4.52,0,synth_hospital seed 20260927,,2026-09-25T00:00:00Z,SYNTH
CENT,2026-04-14 12:00:00,4.59,0,synth_hospital seed 20260927,,2026-09-25T00:00:00Z,SYNTH
CENT,2026-04-14 18:00:00,5.36,0,synth_hospital seed 20260927,,2026-09-25T00:00:00Z,SYNTH
CENT,2026-04-15 00:00:00,6.86,0,synth_hospital seed 20260927,,2026-09-25T00:00:00Z,SYNTH
CENT,2026-04-15 06:00:00,5.27,0,synth_hospital seed 20260927,,2026-09-25T00:00:00Z,SYNTH
CENT,2026-04-15 12:00:00,5.36,0,synth_hospital seed 20260927,,2026-09-25T00:00:00Z,SYNTH
CENT,2026-04-15 18:00:00,6.2,0,synth_hospital seed 20260927,,2026-09-25T00:00:00Z,SYNTH
CENT,2026-04-16 00:00:00,6.23,0,synth_hospital seed 20260927,,2026-09-25T00:00:00Z,SYNTH
CENT,2026-04-16 06:00:00,5.01,0,synth_hospital seed 20260927,,2026-09-25T00:00:00Z,SYNTH
CENT,2026-04-16 12:00:00,5.27,0,synth_hospital seed 20260927,,2026-09-25T00:00:00Z,SYNTH
CENT,2026-04-16 18:00:00,4.97,0,synth_hospital seed 20260927,,2026-09-25T00:00:00Z,SYNTH
CENT,2026-04-17 00:00:00,5.69,0,synth_hospital seed 20260927,,2026-09-25T00:00:00Z,SYNTH
CENT,2026-04-17 06:00:00,5.05,0,synth_hospital seed 20260927,,2026-09-25T00:00:00Z,SYNTH
CENT,2026-04-17 12:00:00,5.25,0,synth_hospital seed 20260927,,2026-09-25T00:00:00Z,SYNTH
CENT,2026-04-17 18:00:00,6.27,0,synth_hospital seed 20260927,,2026-09-25T00:00:00Z,SYNTH
CENT,2026-04-18 00:00:00,4.69,0,synth_hospital seed 20260927,,2026-09-25T00:00:00Z,SYNTH
CENT,2026-04-18 06:00:00,5.28,0,synth_hospital seed 20260927,,2026-09-25T00:00:00Z,SYNTH
CENT,2026-04-18 12:00:00,3.69,0,synth_hospital seed 20260927,,2026-09-25T00:00:00Z,SYNTH
CENT,2026-04-18 18:00:00,5.12,0,synth_hospital seed 20260927,,2026-09-25T00:00:00Z,SYNTH
CENT,2026-04-19 00:00:00,5.38,0,synth_hospital seed 20260927,,2026-09-25T00:00:00Z,SYNTH
CENT,2026-04-19 06:00:00,4.74,0,synth_hospital seed 20260927,,2026-09-25T00:00:00Z,SYNTH
CENT,2026-04-19 12:00:00,4.84,0,synth_hospital seed 20260927,,2026-09-25T00:00:00Z,SYNTH
CENT,2026-04-19 18:00:00,5.06,0,synth_hospital seed 20260927,,2026-09-25T00:00:00Z,SYNTH
CENT,2026-04-20 00:00:00,6.35,0,synth_hospital seed 20260927,,2026-09-25T00:00:00Z,SYNTH
CENT,2026-04-20 06:00:00,5.48,0,synth_hospital seed 20260927,,2026-09-25T00:00:00Z,SYNTH
CENT,2026-04-20 12:00:00,3.83,0,synth_hospital seed 20260927,,2026-09-25T00:00:00Z,SYNTH
CENT,2026-04-20 18:00:00,6.0,0,synth_hospital seed 20260927,,2026-09-25T00:00:00Z,SYNTH
CENT,2026-04-21 00:00:00,3.8,0,synth_hospital seed 20260927,,2026-09-25T00:00:00Z,SYNTH
CENT,2026-04-21 06:00:00,5.03,0,synth_hospital seed 20260927,,2026-09-25T00:00:00Z,SYNTH
CENT,2026-04-21 12:00:00,4.21,0,synth_hospital seed 20260927,,2026-09-25T00:00:00Z,SYNTH
CENT,2026-04-21 18:00:00,4.96,0,synth_hospital seed 20260927,,2026-09-25T00:00:00Z,SYNTH
CENT,2026-04-22 00:00:00,5.36,0,synth_hospital seed 20260927,,2026-09-25T00:00:00Z,SYNTH
CENT,2026-04-22 06:00:00,5.46,0,synth_hospital seed 20260927,,2026-09-25T00:00:00Z,SYNTH
CENT,2026-04-22 12:00:00,4.31,0,synth_hospital seed 20260927,,2026-09-25T00:00:00Z,SYNTH
CENT,2026-04-22 18:00:00,3.41,0,synth_hospital seed 20260927,,2026-09-25T00:00:00Z,SYNTH
CENT,2026-04-23 00:00:00,4.38,0,synth_hospital seed 20260927,,2026-09-25T00:00:00Z,SYNTH
CENT,2026-04-23 06:00:00,4.29,0,synth_hospital seed 20260927,,2026-09-25T00:00:00Z,SYNTH
CENT,2026-04-23 12:00:00,5.92,0,synth_hospital seed 20260927,,2026-09-25T00:00:00Z,SYNTH
CENT,2026-04-23 18:00:00,5.15,0,synth_hospital seed 20260927,,2026-09-25T00:00:00Z,SYNTH
CENT,2026-04-24 00:00:00,4.93,0,synth_hospital seed 20260927,,2026-09-25T00:00:00Z,SYNTH
CENT,2026-04-24 06:00:00,4.54,0,synth_hospital seed 20260927,,2026-09-25T00:00:00Z,SYNTH
CENT,2026-04-24 12:00:00,3.71,0,synth_hospital seed 20260927,,2026-09-25T00:00:00Z,SYNTH
CENT,2026-04-24 18:00:00,4.52,0,synth_hospital seed 20260927,,2026-09-25T00:00:00Z,SYNTH
CENT,2026-04-25 00:00:00,5.82,0,synth_hospital seed 20260927,,2026-09-25T00:00:00Z,SYNTH
CENT,2026-04-25 06:00:00,4.45,0,synth_hospital seed 20260927,,2026-09-25T00:00:00Z,SYNTH
CENT,2026-04-25 12:00:00,4.6,0,synth_hospital seed 20260927,,2026-09-25T00:00:00Z,SYNTH
CENT,2026-04-25 18:00:00,5.63,0,synth_hospital seed 20260927,,2026-09-25T00:00:00Z,SYNTH
CENT,2026-04-26 00:00:00,4.76,0,synth_hospital seed 20260927,,2026-09-25T00:00:00Z,SYNTH
CENT,2026-04-26 06:00:00,4.96,0,synth_hospital seed 20260927,,2026-09-25T00:00:00Z,SYNTH
CENT,2026-04-26 12:00:00,5.26,0,synth_hospital seed 20260927,,2026-09-25T00:00:00Z,SYNTH
CENT,2026-04-26 18:00:00,4.76,0,synth_hospital seed 20260927,,2026-09-25T00:00:00Z,SYNTH
CENT,2026-04-27 00:00:00,4.97,0,synth_hospital seed 20260927,,2026-09-25T00:00:00Z,SYNTH
CENT,2026-04-27 06:00:00,3.7,0,synth_hospital seed 20260927,,2026-09-25T00:00:00Z,SYNTH
CENT,2026-04-27 12:00:00,4.88,0,synth_hospital seed 20260927,,2026-09-25T00:00:00Z,SYNTH
CENT,2026-04-27 18:00:00,4.56,0,synth_hospital seed 20260927,,2026-09-25T00:00:00Z,SYNTH
CENT,2026-04-28 00:00:00,5.72,0,synth_hospital seed 20260927,,2026-09-25T00:00:00Z,SYNTH
CENT,2026-04-28 06:00:00,4.89,0,synth_hospital seed 20260927,,2026-09-25T00:00:00Z,SYNTH
CENT,2026-04-28 12:00:00,5.63,0,synth_hospital seed 20260927,,2026-09-25T00:00:00Z,SYNTH
CENT,2026-04-28 18:00:00,5.58,0,synth_hospital seed 20260927,,2026-09-25T00:00:00Z,SYNTH
CENT,2026-04-29 00:00:00,3.84,0,synth_hospital seed 20260927,,2026-09-25T00:00:00Z,SYNTH
CENT,2026-04-29 06:00:00,5.13,0,synth_hospital seed 20260927,,2026-09-25T00:00:00Z,SYNTH
CENT,2026-04-29 12:00:00,4.57,0,synth_hospital seed 20260927,,2026-09-25T00:00:00Z,SYNTH
CENT,2026-04-29 18:00:00,5.92,0,synth_hospital seed 20260927,,2026-09-25T00:00:00Z,SYNTH
CENT,2026-04-30 00:00:00,4.85,0,synth_hospital seed 20260927,,2026-09-25T00:00:00Z,SYNTH
CENT,2026-04-30 06:00:00,5.38,0,synth_hospital seed 20260927,,2026-09-25T00:00:00Z,SYNTH
CENT,2026-04-30 12:00:00,4.36,0,synth_hospital seed 20260927,,2026-09-25T00:00:00Z,SYNTH
CENT,2026-04-30 18:00:00,4.16,0,synth_hospital seed 20260927,,2026-09-25T00:00:00Z,SYNTH
CENT,2026-05-01 00:00:00,5.6,0,synth_hospital seed 20260927,,2026-09-25T00:00:00Z,SYNTH
CENT,2026-05-01 06:00:00,5.72,0,synth_hospital seed 20260927,,2026-09-25T00:00:00Z,SYNTH
CENT,2026-05-01 12:00:00,5.05,0,synth_hospital seed 20260927,,2026-09-25T00:00:00Z,SYNTH
CENT,2026-05-01 18:00:00,4.54,0,synth_hospital seed 20260927,,2026-09-25T00:00:00Z,SYNTH
CENT,2026-05-02 00:00:00,4.44,0,synth_hospital seed 20260927,,2026-09-25T00:00:00Z,SYNTH
CENT,2026-05-02 06:00:00,4.59,0,synth_hospital seed 20260927,,2026-09-25T00:00:00Z,SYNTH
CENT,2026-05-02 12:00:00,5.61,0,synth_hospital seed 20260927,,2026-09-25T00:00:00Z,SYNTH
CENT,2026-05-02 18:00:00,5.05,0,synth_hospital seed 20260927,,2026-09-25T00:00:00Z,SYNTH
CENT,2026-05-03 00:00:00,4.27,0,synth_hospital seed 20260927,,2026-09-25T00:00:00Z,SYNTH
CENT,2026-05-03 06:00:00,4.49,0,synth_hospital seed 20260927,,2026-09-25T00:00:00Z,SYNTH
CENT,2026-05-03 12:00:00,3.79,0,synth_hospital seed 20260927,,2026-09-25T00:00:00Z,SYNTH
CENT,2026-05-03 18:00:00,5.3,0,synth_hospital seed 20260927,,2026-09-25T00:00:00Z,SYNTH
CENT,2026-05-04 00:00:00,5.13,0,synth_hospital seed 20260927,,2026-09-25T00:00:00Z,SYNTH
CENT,2026-05-04 06:00:00,5.13,0,synth_hospital seed 20260927,,2026-09-25T00:00:00Z,SYNTH
CENT,2026-05-04 12:00:00,5.82,0,synth_hospital seed 20260927,,2026-09-25T00:00:00Z,SYNTH
CENT,2026-05-04 18:00:00,5.18,0,synth_hospital seed 20260927,,2026-09-25T00:00:00Z,SYNTH
CENT,2026-05-05 00:00:00,3.8,0,synth_hospital seed 20260927,,2026-09-25T00:00:00Z,SYNTH
CENT,2026-05-05 06:00:00,5.04,0,synth_hospital seed 20260927,,2026-09-25T00:00:00Z,SYNTH
CENT,2026-05-05 12:00:00,5.62,0,synth_hospital seed 20260927,,2026-09-25T00:00:00Z,SYNTH
CENT,2026-05-05 18:00:00,5.84,0,synth_hospital seed 20260927,,2026-09-25T00:00:00Z,SYNTH
CENT,2026-05-06 00:00:00,4.01,0,synth_hospital seed 20260927,,2026-09-25T00:00:00Z,SYNTH
CENT,2026-05-06 06:00:00,6.02,0,synth_hospital seed 20260927,,2026-09-25T00:00:00Z,SYNTH
CENT,2026-05-06 12:00:00,5.84,0,synth_hospital seed 20260927,,2026-09-25T00:00:00Z,SYNTH
CENT,2026-05-06 18:00:00,5.56,0,synth_hospital seed 20260927,,2026-09-25T00:00:00Z,SYNTH
CENT,2026-05-07 00:00:00,5.38,0,synth_hospital seed 20260927,,2026-09-25T00:00:00Z,SYNTH
CENT,2026-05-07 06:00:00,5.57,0,synth_hospital seed 20260927,,2026-09-25T00:00:00Z,SYNTH
CENT,2026-05-07 12:00:00,5.26,0,synth_hospital seed 20260927,,2026-09-25T00:00:00Z,SYNTH
CENT,2026-05-07 18:00:00,3.96,0,synth_hospital seed 20260927,,2026-09-25T00:00:00Z,SYNTH
CENT,2026-05-08 00:00:00,5.06,0,synth_hospital seed 20260927,,2026-09-25T00:00:00Z,SYNTH
CENT,2026-05-08 06:00:00,5.1,0,synth_hospital seed 20260927,,2026-09-25T00:00:00Z,SYNTH
CENT,2026-05-08 12:00:00,4.96,0,synth_hospital seed 20260927,,2026-09-25T00:00:00Z,SYNTH
CENT,2026-05-08 18:00:00,5.21,0,synth_hospital seed 20260927,,2026-09-25T00:00:00Z,SYNTH
CENT,2026-05-09 00:00:00,4.53,0,synth_hospital seed 20260927,,2026-09-25T00:00:00Z,SYNTH
CENT,2026-05-09 06:00:00,6.61,0,synth_hospital seed 20260927,,2026-09-25T00:00:00Z,SYNTH
CENT,2026-05-09 12:00:00,3.21,0,synth_hospital seed 20260927,,2026-09-25T00:00:00Z,SYNTH
CENT,2026-05-09 18:00:00,4.74,0,synth_hospital seed 20260927,,2026-09-25T00:00:00Z,SYNTH
CENT,2026-05-10 00:00:00,5.37,0,synth_hospital seed 20260927,,2026-09-25T00:00:00Z,SYNTH
CENT,2026-05-10 06:00:00,5.18,0,synth_hospital seed 20260927,,2026-09-25T00:00:00Z,SYNTH
CENT,2026-05-10 12:00:00,4.31,0,synth_hospital seed 20260927,,2026-09-25T00:00:00Z,SYNTH
CENT,2026-05-10 18:00:00,5.81,0,synth_hospital seed 20260927,,2026-09-25T00:00:00Z,SYNTH
CENT,2026-05-11 00:00:00,4.97,0,synth_hospital seed 20260927,,2026-09-25T00:00:00Z,SYNTH
CENT,2026-05-11 06:00:00,4.6,0,synth_hospital seed 20260927,,2026-09-25T00:00:00Z,SYNTH
CENT,2026-05-11 12:00:00,5.75,0,synth_hospital seed 20260927,,2026-09-25T00:00:00Z,SYNTH
CENT,2026-05-11 18:00:00,3.87,0,synth_hospital seed 20260927,,2026-09-25T00:00:00Z,SYNTH
CENT,2026-05-12 00:00:00,4.45,0,synth_hospital seed 20260927,,2026-09-25T00:00:00Z,SYNTH
CENT,2026-05-12 06:00:00,4.17,0,synth_hospital seed 20260927,,2026-09-25T00:00:00Z,SYNTH
CENT,2026-05-12 12:00:00,5.0,0,synth_hospital seed 20260927,,2026-09-25T00:00:00Z,SYNTH
CENT,2026-05-12 18:00:00,4.37,0,synth_hospital seed 20260927,,2026-09-25T00:00:00Z,SYNTH
CENT,2026-05-13 00:00:00,3.51,0,synth_hospital seed 20260927,,2026-09-25T00:00:00Z,SYNTH
CENT,2026-05-13 06:00:00,5.25,0,synth_hospital seed 20260927,,2026-09-25T00:00:00Z,SYNTH
CENT,2026-05-13 12:00:00,5.64,0,synth_hospital seed 20260927,,2026-09-25T00:00:00Z,SYNTH
CENT,2026-05-13 18:00:00,5.75,0,synth_hospital seed 20260927,,2026-09-25T00:00:00Z,SYNTH
CENT,2026-05-14 00:00:00,5.09,0,synth_hospital seed 20260927,,2026-09-25T00:00:00Z,SYNTH
CENT,2026-05-14 06:00:00,5.93,0,synth_hospital seed 20260927,,2026-09-25T00:00:00Z,SYNTH
CENT,2026-05-14 12:00:00,4.3,0,synth_hospital seed 20260927,,2026-09-25T00:00:00Z,SYNTH
CENT,2026-05-14 18:00:00,3.63,0,synth_hospital seed 20260927,,2026-09-25T00:00:00Z,SYNTH
CENT,2026-05-15 00:00:00,4.41,0,synth_hospital seed 20260927,,2026-09-25T00:00:00Z,SYNTH
CENT,2026-05-15 06:00:00,4.93,0,synth_hospital seed 20260927,,2026-09-25T00:00:00Z,SYNTH
CENT,2026-05-15 12:00:00,6.41,0,synth_hospital seed 20260927,,2026-09-25T00:00:00Z,SYNTH
CENT,2026-05-15 18:00:00,6.85,0,synth_hospital seed 20260927,,2026-09-25T00:00:00Z,SYNTH
CENT,2026-05-16 00:00:00,5.04,0,synth_hospital seed 20260927,,2026-09-25T00:00:00Z,SYNTH
CENT,2026-05-16 06:00:00,5.73,0,synth_hospital seed 20260927,,2026-09-25T00:00:00Z,SYNTH
CENT,2026-05-16 12:00:00,4.57,0,synth_hospital seed 20260927,,2026-09-25T00:00:00Z,SYNTH
CENT,2026-05-16 18:00:00,4.07,0,synth_hospital seed 20260927,,2026-09-25T00:00:00Z,SYNTH
CENT,2026-05-17 00:00:00,4.08,0,synth_hospital seed 20260927,,2026-09-25T00:00:00Z,SYNTH
CENT,2026-05-17 06:00:00,5.66,0,synth_hospital seed 20260927,,2026-09-25T00:00:00Z,SYNTH
CENT,2026-05-17 12:00:00,6.48,0,synth_hospital seed 20260927,,2026-09-25T00:00:00Z,SYNTH
CENT,2026-05-17 18:00:00,5.59,0,synth_hospital seed 20260927,,2026-09-25T00:00:00Z,SYNTH
CENT,2026-05-18 00:00:00,4.84,0,synth_hospital seed 20260927,,2026-09-25T00:00:00Z,SYNTH
CENT,2026-05-18 06:00:00,6.72,0,synth_hospital seed 20260927,,2026-09-25T00:00:00Z,SYNTH
CENT,2026-05-18 12:00:00,5.29,0,synth_hospital seed 20260927,,2026-09-25T00:00:00Z,SYNTH
CENT,2026-05-18 18:00:00,4.97,0,synth_hospital seed 20260927,,2026-09-25T00:00:00Z,SYNTH
CENT,2026-05-19 00:00:00,4.82,0,synth_hospital seed 20260927,,2026-09-25T00:00:00Z,SYNTH
CENT,2026-05-19 06:00:00,5.61,0,synth_hospital seed 20260927,,2026-09-25T00:00:00Z,SYNTH
CENT,2026-05-19 12:00:00,5.4,0,synth_hospital seed 20260927,,2026-09-25T00:00:00Z,SYNTH
CENT,2026-05-19 18:00:00,5.6,0,synth_hospital seed 20260927,,2026-09-25T00:00:00Z,SYNTH
CENT,2026-05-20 00:00:00,4.91,0,synth_hospital seed 20260927,,2026-09-25T00:00:00Z,SYNTH
CENT,2026-05-20 06:00:00,4.12,0,synth_hospital seed 20260927,,2026-09-25T00:00:00Z,SYNTH
CENT,2026-05-20 12:00:00,3.88,0,synth_hospital seed 20260927,,2026-09-25T00:00:00Z,SYNTH
CENT,2026-05-20 18:00:00,4.98,0,synth_hospital seed 20260927,,2026-09-25T00:00:00Z,SYNTH
CENT,2026-05-21 00:00:00,5.49,0,synth_hospital seed 20260927,,2026-09-25T00:00:00Z,SYNTH
CENT,2026-05-21 06:00:00,4.14,0,synth_hospital seed 20260927,,2026-09-25T00:00:00Z,SYNTH
CENT,2026-05-21 12:00:00,5.54,0,synth_hospital seed 20260927,,2026-09-25T00:00:00Z,SYNTH
CENT,2026-05-21 18:00:00,4.36,0,synth_hospital seed 20260927,,2026-09-25T00:00:00Z,SYNTH
CENT,2026-05-22 00:00:00,5.21,0,synth_hospital seed 20260927,,2026-09-25T00:00:00Z,SYNTH
CENT,2026-05-22 06:00:00,4.13,0,synth_hospital seed 20260927,,2026-09-25T00:00:00Z,SYNTH
CENT,2026-05-22 12:00:00,5.63,0,synth_hospital seed 20260927,,2026-09-25T00:00:00Z,SYNTH
CENT,2026-05-22 18:00:00,4.53,0,synth_hospital seed 20260927,,2026-09-25T00:00:00Z,SYNTH
CENT,2026-05-23 00:00:00,4.55,0,synth_hospital seed 20260927,,2026-09-25T00:00:00Z,SYNTH
CENT,2026-05-23 06:00:00,4.41,0,synth_hospital seed 20260927,,2026-09-25T00:00:00Z,SYNTH
CENT,2026-05-23 12:00:00,4.88,0,synth_hospital seed 20260927,,2026-09-25T00:00:00Z,SYNTH
CENT,2026-05-23 18:00:00,4.47,0,synth_hospital seed 20260927,,2026-09-25T00:00:00Z,SYNTH
CENT,2026-05-24 00:00:00,5.35,0,synth_hospital seed 20260927,,2026-09-25T00:00:00Z,SYNTH
CENT,2026-05-24 06:00:00,4.79,0,synth_hospital seed 20260927,,2026-09-25T00:00:00Z,SYNTH
CENT,2026-05-24 12:00:00,4.36,0,synth_hospital seed 20260927,,2026-09-25T00:00:00Z,SYNTH
CENT,2026-05-24 18:00:00,4.66,0,synth_hospital seed 20260927,,2026-09-25T00:00:00Z,SYNTH
CENT,2026-05-25 00:00:00,5.83,0,synth_hospital seed 20260927,,2026-09-25T00:00:00Z,SYNTH
CENT,2026-05-25 06:00:00,5.17,0,synth_hospital seed 20260927,,2026-09-25T00:00:00Z,SYNTH
CENT,2026-05-25 12:00:00,4.41,0,synth_hospital seed 20260927,,2026-09-25T00:00:00Z,SYNTH
CENT,2026-05-25 18:00:00,4.79,0,synth_hospital seed 20260927,,2026-09-25T00:00:00Z,SYNTH
CENT,2026-05-26 00:00:00,5.91,0,synth_hospital seed 20260927,,2026-09-25T00:00:00Z,SYNTH
CENT,2026-05-26 06:00:00,5.59,0,synth_hospital seed 20260927,,2026-09-25T00:00:00Z,SYNTH
CENT,2026-05-26 12:00:00,4.94,0,synth_hospital seed 20260927,,2026-09-25T00:00:00Z,SYNTH
CENT,2026-05-26 18:00:00,5.12,0,synth_hospital seed 20260927,,2026-09-25T00:00:00Z,SYNTH
CENT,2026-05-27 00:00:00,5.16,0,synth_hospital seed 20260927,,2026-09-25T00:00:00Z,SYNTH
CENT,2026-05-27 06:00:00,4.05,0,synth_hospital seed 20260927,,2026-09-25T00:00:00Z,SYNTH
CENT,2026-05-27 12:00:00,5.0,0,synth_hospital seed 20260927,,2026-09-25T00:00:00Z,SYNTH
CENT,2026-05-27 18:00:00,4.28,0,synth_hospital seed 20260927,,2026-09-25T00:00:00Z,SYNTH
CENT,2026-05-28 00:00:00,4.93,0,synth_hospital seed 20260927,,2026-09-25T00:00:00Z,SYNTH
CENT,2026-05-28 06:00:00,5.25,0,synth_hospital seed 20260927,,2026-09-25T00:00:00Z,SYNTH
CENT,2026-05-28 12:00:00,4.47,0,synth_hospital seed 20260927,,2026-09-25T00:00:00Z,SYNTH
CENT,2026-05-28 18:00:00,4.84,0,synth_hospital seed 20260927,,2026-09-25T00:00:00Z,SYNTH
CENT,2026-05-29 00:00:00,4.58,0,synth_hospital seed 20260927,,2026-09-25T00:00:00Z,SYNTH
CENT,2026-05-29 06:00:00,6.43,0,synth_hospital seed 20260927,,2026-09-25T00:00:00Z,SYNTH
CENT,2026-05-29 12:00:00,6.31,0,synth_hospital seed 20260927,,2026-09-25T00:00:00Z,SYNTH
CENT,2026-05-29 18:00:00,4.24,0,synth_hospital seed 20260927,,2026-09-25T00:00:00Z,SYNTH
CENT,2026-05-30 00:00:00,4.54,0,synth_hospital seed 20260927,,2026-09-25T00:00:00Z,SYNTH
CENT,2026-05-30 06:00:00,4.23,0,synth_hospital seed 20260927,,2026-09-25T00:00:00Z,SYNTH
CENT,2026-05-30 12:00:00,4.66,0,synth_hospital seed 20260927,,2026-09-25T00:00:00Z,SYNTH
CENT,2026-05-30 18:00:00,5.89,0,synth_hospital seed 20260927,,2026-09-25T00:00:00Z,SYNTH
CENT,2026-05-31 00:00:00,5.48,0,synth_hospital seed 20260927,,2026-09-25T00:00:00Z,SYNTH
CENT,2026-05-31 06:00:00,3.67,0,synth_hospital seed 20260927,,2026-09-25T00:00:00Z,SYNTH
CENT,2026-05-31 12:00:00,5.58,0,synth_hospital seed 20260927,,2026-09-25T00:00:00Z,SYNTH
CENT,2026-05-31 18:00:00,6.69,0,synth_hospital seed 20260927,,2026-09-25T00:00:00Z,SYNTH
CENT,2026-06-01 00:00:00,4.43,0,synth_hospital seed 20260927,,2026-09-25T00:00:00Z,SYNTH
CENT,2026-06-01 06:00:00,5.41,0,synth_hospital seed 20260927,,2026-09-25T00:00:00Z,SYNTH
CENT,2026-06-01 12:00:00,5.63,0,synth_hospital seed 20260927,,2026-09-25T00:00:00Z,SYNTH
CENT,2026-06-01 18:00:00,5.12,0,synth_hospital seed 20260927,,2026-09-25T00:00:00Z,SYNTH
CENT,2026-06-02 00:00:00,5.37,0,synth_hospital seed 20260927,,2026-09-25T00:00:00Z,SYNTH
CENT,2026-06-02 06:00:00,5.93,0,synth_hospital seed 20260927,,2026-09-25T00:00:00Z,SYNTH
CENT,2026-06-02 12:00:00,5.98,0,synth_hospital seed 20260927,,2026-09-25T00:00:00Z,SYNTH
CENT,2026-06-02 18:00:00,4.59,0,synth_hospital seed 20260927,,2026-09-25T00:00:00Z,SYNTH
CENT,2026-06-03 00:00:00,5.67,0,synth_hospital seed 20260927,,2026-09-25T00:00:00Z,SYNTH
CENT,2026-06-03 06:00:00,5.2,0,synth_hospital seed 20260927,,2026-09-25T00:00:00Z,SYNTH
CENT,2026-06-03 12:00:00,4.04,0,synth_hospital seed 20260927,,2026-09-25T00:00:00Z,SYNTH
CENT,2026-06-03 18:00:00,4.82,0,synth_hospital seed 20260927,,2026-09-25T00:00:00Z,SYNTH
CENT,2026-06-04 00:00:00,5.76,0,synth_hospital seed 20260927,,2026-09-25T00:00:00Z,SYNTH
CENT,2026-06-04 06:00:00,4.47,0,synth_hospital seed 20260927,,2026-09-25T00:00:00Z,SYNTH
CENT,2026-06-04 12:00:00,5.3,0,synth_hospital seed 20260927,,2026-09-25T00:00:00Z,SYNTH
CENT,2026-06-04 18:00:00,5.21,0,synth_hospital seed 20260927,,2026-09-25T00:00:00Z,SYNTH
CENT,2026-06-05 00:00:00,5.64,0,synth_hospital seed 20260927,,2026-09-25T00:00:00Z,SYNTH
CENT,2026-06-05 06:00:00,5.83,0,synth_hospital seed 20260927,,2026-09-25T00:00:00Z,SYNTH
CENT,2026-06-05 12:00:00,4.81,0,synth_hospital seed 20260927,,2026-09-25T00:00:00Z,SYNTH
CENT,2026-06-05 18:00:00,4.51,0,synth_hospital seed 20260927,,2026-09-25T00:00:00Z,SYNTH
CENT,2026-06-06 00:00:00,4.89,0,synth_hospital seed 20260927,,2026-09-25T00:00:00Z,SYNTH
CENT,2026-06-06 06:00:00,5.76,0,synth_hospital seed 20260927,,2026-09-25T00:00:00Z,SYNTH
CENT,2026-06-06 12:00:00,5.11,0,synth_hospital seed 20260927,,2026-09-25T00:00:00Z,SYNTH
CENT,2026-06-06 18:00:00,5.31,0,synth_hospital seed 20260927,,2026-09-25T00:00:00Z,SYNTH
CENT,2026-06-07 00:00:00,5.83,0,synth_hospital seed 20260927,,2026-09-25T00:00:00Z,SYNTH
CENT,2026-06-07 06:00:00,5.18,0,synth_hospital seed 20260927,,2026-09-25T00:00:00Z,SYNTH
CENT,2026-06-07 12:00:00,4.62,0,synth_hospital seed 20260927,,2026-09-25T00:00:00Z,SYNTH
CENT,2026-06-07 18:00:00,3.91,0,synth_hospital seed 20260927,,2026-09-25T00:00:00Z,SYNTH
CENT,2026-06-08 00:00:00,4.55,0,synth_hospital seed 20260927,,2026-09-25T00:00:00Z,SYNTH
CENT,2026-06-08 06:00:00,4.2,0,synth_hospital seed 20260927,,2026-09-25T00:00:00Z,SYNTH
CENT,2026-06-08 12:00:00,5.29,0,synth_hospital seed 20260927,,2026-09-25T00:00:00Z,SYNTH
CENT,2026-06-08 18:00:00,5.66,0,synth_hospital seed 20260927,,2026-09-25T00:00:00Z,SYNTH
CENT,2026-06-09 00:00:00,4.9,0,synth_hospital seed 20260927,,2026-09-25T00:00:00Z,SYNTH
CENT,2026-06-09 06:00:00,4.74,0,synth_hospital seed 20260927,,2026-09-25T00:00:00Z,SYNTH
CENT,2026-06-09 12:00:00,5.05,0,synth_hospital seed 20260927,,2026-09-25T00:00:00Z,SYNTH
CENT,2026-06-09 18:00:00,5.82,0,synth_hospital seed 20260927,,2026-09-25T00:00:00Z,SYNTH
CENT,2026-06-10 00:00:00,4.89,0,synth_hospital seed 20260927,,2026-09-25T00:00:00Z,SYNTH
CENT,2026-06-10 06:00:00,4.48,0,synth_hospital seed 20260927,,2026-09-25T00:00:00Z,SYNTH
CENT,2026-06-10 12:00:00,5.05,0,synth_hospital seed 20260927,,2026-09-25T00:00:00Z,SYNTH
CENT,2026-06-10 18:00:00,4.57,0,synth_hospital seed 20260927,,2026-09-25T00:00:00Z,SYNTH
CENT,2026-06-11 00:00:00,4.58,0,synth_hospital seed 20260927,,2026-09-25T00:00:00Z,SYNTH
CENT,2026-06-11 06:00:00,5.04,0,synth_hospital seed 20260927,,2026-09-25T00:00:00Z,SYNTH
CENT,2026-06-11 12:00:00,4.01,0,synth_hospital seed 20260927,,2026-09-25T00:00:00Z,SYNTH
CENT,2026-06-11 18:00:00,5.31,0,synth_hospital seed 20260927,,2026-09-25T00:00:00Z,SYNTH
CENT,2026-06-12 00:00:00,4.71,0,synth_hospital seed 20260927,,2026-09-25T00:00:00Z,SYNTH
CENT,2026-06-12 06:00:00,3.58,0,synth_hospital seed 20260927,,2026-09-25T00:00:00Z,SYNTH
CENT,2026-06-12 12:00:00,4.64,0,synth_hospital seed 20260927,,2026-09-25T00:00:00Z,SYNTH
CENT,2026-06-12 18:00:00,3.81,0,synth_hospital seed 20260927,,2026-09-25T00:00:00Z,SYNTH
CENT,2026-06-13 00:00:00,3.89,0,synth_hospital seed 20260927,,2026-09-25T00:00:00Z,SYNTH
CENT,2026-06-13 06:00:00,4.28,0,synth_hospital seed 20260927,,2026-09-25T00:00:00Z,SYNTH
CENT,2026-06-13 12:00:00,4.59,0,synth_hospital seed 20260927,,2026-09-25T00:00:00Z,SYNTH
CENT,2026-06-13 18:00:00,4.59,0,synth_hospital seed 20260927,,2026-09-25T00:00:00Z,SYNTH
CENT,2026-06-14 00:00:00,4.03,0,synth_hospital seed 20260927,,2026-09-25T00:00:00Z,SYNTH
CENT,2026-06-14 06:00:00,4.41,0,synth_hospital seed 20260927,,2026-09-25T00:00:00Z,SYNTH
CENT,2026-06-14 12:00:00,4.23,0,synth_hospital seed 20260927,,2026-09-25T00:00:00Z,SYNTH
CENT,2026-06-14 18:00:00,5.55,0,synth_hospital seed 20260927,,2026-09-25T00:00:00Z,SYNTH
CENT,2026-06-15 00:00:00,5.2,0,synth_hospital seed 20260927,,2026-09-25T00:00:00Z,SYNTH
CENT,2026-06-15 06:00:00,6.33,0,synth_hospital seed 20260927,,2026-09-25T00:00:00Z,SYNTH
CENT,2026-06-15 12:00:00,4.12,0,synth_hospital seed 20260927,,2026-09-25T00:00:00Z,SYNTH
CENT,2026-06-15 18:00:00,5.22,0,synth_hospital seed 20260927,,2026-09-25T00:00:00Z,SYNTH
CENT,2026-06-16 00:00:00,5.62,0,synth_hospital seed 20260927,,2026-09-25T00:00:00Z,SYNTH
CENT,2026-06-16 06:00:00,5.39,0,synth_hospital seed 20260927,,2026-09-25T00:00:00Z,SYNTH
CENT,2026-06-16 12:00:00,4.66,0,synth_hospital seed 20260927,,2026-09-25T00:00:00Z,SYNTH
CENT,2026-06-16 18:00:00,3.99,0,synth_hospital seed 20260927,,2026-09-25T00:00:00Z,SYNTH
CENT,2026-06-17 00:00:00,5.67,0,synth_hospital seed 20260927,,2026-09-25T00:00:00Z,SYNTH
CENT,2026-06-17 06:00:00,5.38,0,synth_hospital seed 20260927,,2026-09-25T00:00:00Z,SYNTH
CENT,2026-06-17 12:00:00,5.72,0,synth_hospital seed 20260927,,2026-09-25T00:00:00Z,SYNTH
CENT,2026-06-17 18:00:00,5.58,0,synth_hospital seed 20260927,,2026-09-25T00:00:00Z,SYNTH
CENT,2026-06-18 00:00:00,4.12,0,synth_hospital seed 20260927,,2026-09-25T00:00:00Z,SYNTH
CENT,2026-06-18 06:00:00,5.24,0,synth_hospital seed 20260927,,2026-09-25T00:00:00Z,SYNTH
CENT,2026-06-18 12:00:00,4.89,0,synth_hospital seed 20260927,,2026-09-25T00:00:00Z,SYNTH
CENT,2026-06-18 18:00:00,5.99,0,synth_hospital seed 20260927,,2026-09-25T00:00:00Z,SYNTH
CENT,2026-06-19 00:00:00,5.47,0,synth_hospital seed 20260927,,2026-09-25T00:00:00Z,SYNTH
CENT,2026-06-19 06:00:00,4.57,0,synth_hospital seed 20260927,,2026-09-25T00:00:00Z,SYNTH
CENT,2026-06-19 12:00:00,5.37,0,synth_hospital seed 20260927,,2026-09-25T00:00:00Z,SYNTH
CENT,2026-06-19 18:00:00,5.36,0,synth_hospital seed 20260927,,2026-09-25T00:00:00Z,SYNTH
CENT,2026-06-20 00:00:00,4.93,0,synth_hospital seed 20260927,,2026-09-25T00:00:00Z,SYNTH
CENT,2026-06-20 06:00:00,4.4,0,synth_hospital seed 20260927,,2026-09-25T00:00:00Z,SYNTH
CENT,2026-06-20 12:00:00,5.77,0,synth_hospital seed 20260927,,2026-09-25T00:00:00Z,SYNTH
CENT,2026-06-20 18:00:00,4.99,0,synth_hospital seed 20260927,,2026-09-25T00:00:00Z,SYNTH
CENT,2026-06-21 00:00:00,5.88,0,synth_hospital seed 20260927,,2026-09-25T00:00:00Z,SYNTH
CENT,2026-06-21 06:00:00,6.26,0,synth_hospital seed 20260927,,2026-09-25T00:00:00Z,SYNTH
CENT,2026-06-21 12:00:00,4.89,0,synth_hospital seed 20260927,,2026-09-25T00:00:00Z,SYNTH
CENT,2026-06-21 18:00:00,4.4,0,synth_hospital seed 20260927,,2026-09-25T00:00:00Z,SYNTH
CENT,2026-06-22 00:00:00,4.36,0,synth_hospital seed 20260927,,2026-09-25T00:00:00Z,SYNTH
CENT,2026-06-22 06:00:00,4.67,0,synth_hospital seed 20260927,,2026-09-25T00:00:00Z,SYNTH
CENT,2026-06-22 12:00:00,3.49,0,synth_hospital seed 20260927,,2026-09-25T00:00:00Z,SYNTH
CENT,2026-06-22 18:00:00,5.07,0,synth_hospital seed 20260927,,2026-09-25T00:00:00Z,SYNTH
CENT,2026-06-23 00:00:00,4.4,0,synth_hospital seed 20260927,,2026-09-25T00:00:00Z,SYNTH
CENT,2026-06-23 06:00:00,5.36,0,synth_hospital seed 20260927,,2026-09-25T00:00:00Z,SYNTH
CENT,2026-06-23 12:00:00,4.33,0,synth_hospital seed 20260927,,2026-09-25T00:00:00Z,SYNTH
CENT,2026-06-23 18:00:00,5.56,0,synth_hospital seed 20260927,,2026-09-25T00:00:00Z,SYNTH
CENT,2026-06-24 00:00:00,5.11,0,synth_hospital seed 20260927,,2026-09-25T00:00:00Z,SYNTH
CENT,2026-06-24 06:00:00,4.93,0,synth_hospital seed 20260927,,2026-09-25T00:00:00Z,SYNTH
CENT,2026-06-24 12:00:00,4.06,0,synth_hospital seed 20260927,,2026-09-25T00:00:00Z,SYNTH
CENT,2026-06-24 18:00:00,4.62,0,synth_hospital seed 20260927,,2026-09-25T00:00:00Z,SYNTH
CENT,2026-06-25 00:00:00,4.92,0,synth_hospital seed 20260927,,2026-09-25T00:00:00Z,SYNTH
CENT,2026-06-25 06:00:00,4.58,0,synth_hospital seed 20260927,,2026-09-25T00:00:00Z,SYNTH
CENT,2026-06-25 12:00:00,4.56,0,synth_hospital seed 20260927,,2026-09-25T00:00:00Z,SYNTH
CENT,2026-06-25 18:00:00,5.09,0,synth_hospital seed 20260927,,2026-09-25T00:00:00Z,SYNTH
CENT,2026-06-26 00:00:00,5.28,0,synth_hospital seed 20260927,,2026-09-25T00:00:00Z,SYNTH
CENT,2026-06-26 06:00:00,5.25,0,synth_hospital seed 20260927,,2026-09-25T00:00:00Z,SYNTH
CENT,2026-06-26 12:00:00,4.28,0,synth_hospital seed 20260927,,2026-09-25T00:00:00Z,SYNTH
CENT,2026-06-26 18:00:00,7.07,0,synth_hospital seed 20260927,,2026-09-25T00:00:00Z,SYNTH
CENT,2026-06-27 00:00:00,5.38,0,synth_hospital seed 20260927,,2026-09-25T00:00:00Z,SYNTH
CENT,2026-06-27 06:00:00,5.16,0,synth_hospital seed 20260927,,2026-09-25T00:00:00Z,SYNTH
CENT,2026-06-27 12:00:00,4.52,0,synth_hospital seed 20260927,,2026-09-25T00:00:00Z,SYNTH
CENT,2026-06-27 18:00:00,6.29,0,synth_hospital seed 20260927,,2026-09-25T00:00:00Z,SYNTH
CENT,2026-06-28 00:00:00,5.68,0,synth_hospital seed 20260927,,2026-09-25T00:00:00Z,SYNTH
CENT,2026-06-28 06:00:00,5.15,0,synth_hospital seed 20260927,,2026-09-25T00:00:00Z,SYNTH
CENT,2026-06-28 12:00:00,5.15,0,synth_hospital seed 20260927,,2026-09-25T00:00:00Z,SYNTH
CENT,2026-06-28 18:00:00,5.05,0,synth_hospital seed 20260927,,2026-09-25T00:00:00Z,SYNTH
CENT,2026-06-29 00:00:00,6.8,0,synth_hospital seed 20260927,,2026-09-25T00:00:00Z,SYNTH
CENT,2026-06-29 06:00:00,5.06,0,synth_hospital seed 20260927,,2026-09-25T00:00:00Z,SYNTH
CENT,2026-06-29 12:00:00,4.19,0,synth_hospital seed 20260927,,2026-09-25T00:00:00Z,SYNTH
CENT,2026-06-29 18:00:00,5.44,0,synth_hospital seed 20260927,,2026-09-25T00:00:00Z,SYNTH
CENT,2026-06-30 00:00:00,5.16,0,synth_hospital seed 20260927,,2026-09-25T00:00:00Z,SYNTH
CENT,2026-06-30 06:00:00,6.21,0,synth_hospital seed 20260927,,2026-09-25T00:00:00Z,SYNTH
CENT,2026-06-30 12:00:00,5.6,0,synth_hospital seed 20260927,,2026-09-25T00:00:00Z,SYNTH
CENT,2026-06-30 18:00:00,6.38,0,synth_hospital seed 20260927,,2026-09-25T00:00:00Z,SYNTH
CENT,2026-07-01 00:00:00,5.96,0,synth_hospital seed 20260927,,2026-09-25T00:00:00Z,SYNTH
CENT,2026-07-01 06:00:00,5.53,0,synth_hospital seed 20260927,,2026-09-25T00:00:00Z,SYNTH
CENT,2026-07-01 12:00:00,4.08,0,synth_hospital seed 20260927,,2026-09-25T00:00:00Z,SYNTH
CENT,2026-07-01 18:00:00,4.01,0,synth_hospital seed 20260927,,2026-09-25T00:00:00Z,SYNTH
CENT,2026-07-02 00:00:00,4.6,0,synth_hospital seed 20260927,,2026-09-25T00:00:00Z,SYNTH
CENT,2026-07-02 06:00:00,4.5,0,synth_hospital seed 20260927,,2026-09-25T00:00:00Z,SYNTH
CENT,2026-07-02 12:00:00,4.72,0,synth_hospital seed 20260927,,2026-09-25T00:00:00Z,SYNTH
CENT,2026-07-02 18:00:00,5.34,0,synth_hospital seed 20260927,,2026-09-25T00:00:00Z,SYNTH
CENT,2026-07-03 00:00:00,5.93,0,synth_hospital seed 20260927,,2026-09-25T00:00:00Z,SYNTH
CENT,2026-07-03 06:00:00,5.86,0,synth_hospital seed 20260927,,2026-09-25T00:00:00Z,SYNTH
CENT,2026-07-03 12:00:00,4.47,0,synth_hospital seed 20260927,,2026-09-25T00:00:00Z,SYNTH
CENT,2026-07-03 18:00:00,4.09,0,synth_hospital seed 20260927,,2026-09-25T00:00:00Z,SYNTH
CENT,2026-07-04 00:00:00,4.6,0,synth_hospital seed 20260927,,2026-09-25T00:00:00Z,SYNTH
CENT,2026-07-04 06:00:00,4.18,0,synth_hospital seed 20260927,,2026-09-25T00:00:00Z,SYNTH
CENT,2026-07-04 12:00:00,4.14,0,synth_hospital seed 20260927,,2026-09-25T00:00:00Z,SYNTH
CENT,2026-07-04 18:00:00,5.71,0,synth_hospital seed 20260927,,2026-09-25T00:00:00Z,SYNTH
CENT,2026-07-05 00:00:00,4.94,0,synth_hospital seed 20260927,,2026-09-25T00:00:00Z,SYNTH
CENT,2026-07-05 06:00:00,4.17,0,synth_hospital seed 20260927,,2026-09-25T00:00:00Z,SYNTH
CENT,2026-07-05 12:00:00,4.34,0,synth_hospital seed 20260927,,2026-09-25T00:00:00Z,SYNTH
CENT,2026-07-05 18:00:00,4.57,0,synth_hospital seed 20260927,,2026-09-25T00:00:00Z,SYNTH
CENT,2026-07-06 00:00:00,5.36,0,synth_hospital seed 20260927,,2026-09-25T00:00:00Z,SYNTH
CENT,2026-07-06 06:00:00,6.16,0,synth_hospital seed 20260927,,2026-09-25T00:00:00Z,SYNTH
CENT,2026-07-06 12:00:00,4.85,0,synth_hospital seed 20260927,,2026-09-25T00:00:00Z,SYNTH
CENT,2026-07-06 18:00:00,5.05,0,synth_hospital seed 20260927,,2026-09-25T00:00:00Z,SYNTH
CENT,2026-07-07 00:00:00,5.0,0,synth_hospital seed 20260927,,2026-09-25T00:00:00Z,SYNTH
CENT,2026-07-07 06:00:00,5.07,0,synth_hospital seed 20260927,,2026-09-25T00:00:00Z,SYNTH
CENT,2026-07-07 12:00:00,4.11,0,synth_hospital seed 20260927,,2026-09-25T00:00:00Z,SYNTH
CENT,2026-07-07 18:00:00,4.73,0,synth_hospital seed 20260927,,2026-09-25T00:00:00Z,SYNTH
CENT,2026-07-08 00:00:00,5.85,0,synth_hospital seed 20260927,,2026-09-25T00:00:00Z,SYNTH
CENT,2026-07-08 06:00:00,4.19,0,synth_hospital seed 20260927,,2026-09-25T00:00:00Z,SYNTH
CENT,2026-07-08 12:00:00,4.37,0,synth_hospital seed 20260927,,2026-09-25T00:00:00Z,SYNTH
CENT,2026-07-08 18:00:00,4.23,0,synth_hospital seed 20260927,,2026-09-25T00:00:00Z,SYNTH
CENT,2026-07-09 00:00:00,5.68,0,synth_hospital seed 20260927,,2026-09-25T00:00:00Z,SYNTH
CENT,2026-07-09 06:00:00,4.47,0,synth_hospital seed 20260927,,2026-09-25T00:00:00Z,SYNTH
CENT,2026-07-09 12:00:00,5.66,0,synth_hospital seed 20260927,,2026-09-25T00:00:00Z,SYNTH
CENT,2026-07-09 18:00:00,6.01,0,synth_hospital seed 20260927,,2026-09-25T00:00:00Z,SYNTH
CENT,2026-07-10 00:00:00,5.61,0,synth_hospital seed 20260927,,2026-09-25T00:00:00Z,SYNTH
CENT,2026-07-10 06:00:00,4.39,0,synth_hospital seed 20260927,,2026-09-25T00:00:00Z,SYNTH
CENT,2026-07-10 12:00:00,5.15,0,synth_hospital seed 20260927,,2026-09-25T00:00:00Z,SYNTH
CENT,2026-07-10 18:00:00,4.15,0,synth_hospital seed 20260927,,2026-09-25T00:00:00Z,SYNTH
CENT,2026-07-11 00:00:00,4.94,0,synth_hospital seed 20260927,,2026-09-25T00:00:00Z,SYNTH
CENT,2026-07-11 06:00:00,5.86,0,synth_hospital seed 20260927,,2026-09-25T00:00:00Z,SYNTH
CENT,2026-07-11 12:00:00,4.41,0,synth_hospital seed 20260927,,2026-09-25T00:00:00Z,SYNTH
CENT,2026-07-11 18:00:00,4.73,0,synth_hospital seed 20260927,,2026-09-25T00:00:00Z,SYNTH
CENT,2026-07-12 00:00:00,4.58,0,synth_hospital seed 20260927,,2026-09-25T00:00:00Z,SYNTH
CENT,2026-07-12 06:00:00,4.15,0,synth_hospital seed 20260927,,2026-09-25T00:00:00Z,SYNTH
CENT,2026-07-12 12:00:00,4.26,0,synth_hospital seed 20260927,,2026-09-25T00:00:00Z,SYNTH
CENT,2026-07-12 18:00:00,4.83,0,synth_hospital seed 20260927,,2026-09-25T00:00:00Z,SYNTH
CENT,2026-07-13 00:00:00,5.4,0,synth_hospital seed 20260927,,2026-09-25T00:00:00Z,SYNTH
CENT,2026-07-13 06:00:00,4.7,0,synth_hospital seed 20260927,,2026-09-25T00:00:00Z,SYNTH
CENT,2026-07-13 12:00:00,5.03,0,synth_hospital seed 20260927,,2026-09-25T00:00:00Z,SYNTH
CENT,2026-07-13 18:00:00,4.75,0,synth_hospital seed 20260927,,2026-09-25T00:00:00Z,SYNTH
CENT,2026-07-14 00:00:00,4.72,0,synth_hospital seed 20260927,,2026-09-25T00:00:00Z,SYNTH
CENT,2026-07-14 06:00:00,4.45,0,synth_hospital seed 20260927,,2026-09-25T00:00:00Z,SYNTH
CENT,2026-07-14 12:00:00,4.96,0,synth_hospital seed 20260927,,2026-09-25T00:00:00Z,SYNTH
CENT,2026-07-14 18:00:00,4.45,0,synth_hospital seed 20260927,,2026-09-25T00:00:00Z,SYNTH
CENT,2026-07-15 00:00:00,4.98,0,synth_hospital seed 20260927,,2026-09-25T00:00:00Z,SYNTH
CENT,2026-07-15 06:00:00,4.3,0,synth_hospital seed 20260927,,2026-09-25T00:00:00Z,SYNTH
CENT,2026-07-15 12:00:00,4.1,0,synth_hospital seed 20260927,,2026-09-25T00:00:00Z,SYNTH
CENT,2026-07-15 18:00:00,5.44,0,synth_hospital seed 20260927,,2026-09-25T00:00:00Z,SYNTH
CENT,2026-07-16 00:00:00,5.48,0,synth_hospital seed 20260927,,2026-09-25T00:00:00Z,SYNTH
CENT,2026-07-16 06:00:00,5.06,0,synth_hospital seed 20260927,,2026-09-25T00:00:00Z,SYNTH
CENT,2026-07-16 12:00:00,4.13,0,synth_hospital seed 20260927,,2026-09-25T00:00:00Z,SYNTH
CENT,2026-07-16 18:00:00,4.94,0,synth_hospital seed 20260927,,2026-09-25T00:00:00Z,SYNTH
CENT,2026-07-17 00:00:00,6.01,0,synth_hospital seed 20260927,,2026-09-25T00:00:00Z,SYNTH
CENT,2026-07-17 06:00:00,4.86,0,synth_hospital seed 20260927,,2026-09-25T00:00:00Z,SYNTH
CENT,2026-07-17 12:00:00,3.61,0,synth_hospital seed 20260927,,2026-09-25T00:00:00Z,SYNTH
CENT,2026-07-17 18:00:00,5.03,0,synth_hospital seed 20260927,,2026-09-25T00:00:00Z,SYNTH
CENT,2026-07-18 00:00:00,4.85,0,synth_hospital seed 20260927,,2026-09-25T00:00:00Z,SYNTH
CENT,2026-07-18 06:00:00,4.35,0,synth_hospital seed 20260927,,2026-09-25T00:00:00Z,SYNTH
CENT,2026-07-18 12:00:00,5.08,0,synth_hospital seed 20260927,,2026-09-25T00:00:00Z,SYNTH
CENT,2026-07-18 18:00:00,5.3,0,synth_hospital seed 20260927,,2026-09-25T00:00:00Z,SYNTH
CENT,2026-07-19 00:00:00,4.3,0,synth_hospital seed 20260927,,2026-09-25T00:00:00Z,SYNTH
CENT,2026-07-19 06:00:00,4.69,0,synth_hospital seed 20260927,,2026-09-25T00:00:00Z,SYNTH
CENT,2026-07-19 12:00:00,4.5,0,synth_hospital seed 20260927,,2026-09-25T00:00:00Z,SYNTH
CENT,2026-07-19 18:00:00,5.31,0,synth_hospital seed 20260927,,2026-09-25T00:00:00Z,SYNTH
CENT,2026-07-20 00:00:00,5.29,0,synth_hospital seed 20260927,,2026-09-25T00:00:00Z,SYNTH
CENT,2026-07-20 06:00:00,5.67,0,synth_hospital seed 20260927,,2026-09-25T00:00:00Z,SYNTH
CENT,2026-07-20 12:00:00,4.35,0,synth_hospital seed 20260927,,2026-09-25T00:00:00Z,SYNTH
CENT,2026-07-20 18:00:00,5.37,0,synth_hospital seed 20260927,,2026-09-25T00:00:00Z,SYNTH
CENT,2026-07-21 00:00:00,5.12,0,synth_hospital seed 20260927,,2026-09-25T00:00:00Z,SYNTH
CENT,2026-07-21 06:00:00,5.51,0,synth_hospital seed 20260927,,2026-09-25T00:00:00Z,SYNTH
CENT,2026-07-21 12:00:00,5.95,0,synth_hospital seed 20260927,,2026-09-25T00:00:00Z,SYNTH
CENT,2026-07-21 18:00:00,4.62,0,synth_hospital seed 20260927,,2026-09-25T00:00:00Z,SYNTH
CENT,2026-07-22 00:00:00,4.83,0,synth_hospital seed 20260927,,2026-09-25T00:00:00Z,SYNTH
CENT,2026-07-22 06:00:00,4.79,0,synth_hospital seed 20260927,,2026-09-25T00:00:00Z,SYNTH
CENT,2026-07-22 12:00:00,6.25,0,synth_hospital seed 20260927,,2026-09-25T00:00:00Z,SYNTH
CENT,2026-07-22 18:00:00,4.12,0,synth_hospital seed 20260927,,2026-09-25T00:00:00Z,SYNTH
CENT,2026-07-23 00:00:00,4.91,0,synth_hospital seed 20260927,,2026-09-25T00:00:00Z,SYNTH
CENT,2026-07-23 06:00:00,4.89,0,synth_hospital seed 20260927,,2026-09-25T00:00:00Z,SYNTH
CENT,2026-07-23 12:00:00,4.65,0,synth_hospital seed 20260927,,2026-09-25T00:00:00Z,SYNTH
CENT,2026-07-23 18:00:00,4.52,0,synth_hospital seed 20260927,,2026-09-25T00:00:00Z,SYNTH
CENT,2026-07-24 00:00:00,5.6,0,synth_hospital seed 20260927,,2026-09-25T00:00:00Z,SYNTH
CENT,2026-07-24 06:00:00,5.9,0,synth_hospital seed 20260927,,2026-09-25T00:00:00Z,SYNTH
CENT,2026-07-24 12:00:00,5.32,0,synth_hospital seed 20260927,,2026-09-25T00:00:00Z,SYNTH
CENT,2026-07-24 18:00:00,4.64,0,synth_hospital seed 20260927,,2026-09-25T00:00:00Z,SYNTH
CENT,2026-07-25 00:00:00,3.76,0,synth_hospital seed 20260927,,2026-09-25T00:00:00Z,SYNTH
CENT,2026-07-25 06:00:00,6.31,0,synth_hospital seed 20260927,,2026-09-25T00:00:00Z,SYNTH
CENT,2026-07-25 12:00:00,4.99,0,synth_hospital seed 20260927,,2026-09-25T00:00:00Z,SYNTH
CENT,2026-07-25 18:00:00,4.32,0,synth_hospital seed 20260927,,2026-09-25T00:00:00Z,SYNTH
CENT,2026-07-26 00:00:00,5.12,0,synth_hospital seed 20260927,,2026-09-25T00:00:00Z,SYNTH
CENT,2026-07-26 06:00:00,4.49,0,synth_hospital seed 20260927,,2026-09-25T00:00:00Z,SYNTH
CENT,2026-07-26 12:00:00,5.38,0,synth_hospital seed 20260927,,2026-09-25T00:00:00Z,SYNTH
CENT,2026-07-26 18:00:00,5.96,0,synth_hospital seed 20260927,,2026-09-25T00:00:00Z,SYNTH
CENT,2026-07-27 00:00:00,5.3,0,synth_hospital seed 20260927,,2026-09-25T00:00:00Z,SYNTH
CENT,2026-07-27 06:00:00,6.0,0,synth_hospital seed 20260927,,2026-09-25T00:00:00Z,SYNTH
CENT,2026-07-27 12:00:00,4.75,0,synth_hospital seed 20260927,,2026-09-25T00:00:00Z,SYNTH
CENT,2026-07-27 18:00:00,5.62,0,synth_hospital seed 20260927,,2026-09-25T00:00:00Z,SYNTH
CENT,2026-07-28 00:00:00,4.93,0,synth_hospital seed 20260927,,2026-09-25T00:00:00Z,SYNTH
CENT,2026-07-28 06:00:00,5.26,0,synth_hospital seed 20260927,,2026-09-25T00:00:00Z,SYNTH
CENT,2026-07-28 12:00:00,4.51,0,synth_hospital seed 20260927,,2026-09-25T00:00:00Z,SYNTH
CENT,2026-07-28 18:00:00,5.84,0,synth_hospital seed 20260927,,2026-09-25T00:00:00Z,SYNTH
CENT,2026-07-29 00:00:00,3.78,0,synth_hospital seed 20260927,,2026-09-25T00:00:00Z,SYNTH
CENT,2026-07-29 06:00:00,5.46,0,synth_hospital seed 20260927,,2026-09-25T00:00:00Z,SYNTH
CENT,2026-07-29 12:00:00,4.59,0,synth_hospital seed 20260927,,2026-09-25T00:00:00Z,SYNTH
CENT,2026-07-29 18:00:00,6.02,0,synth_hospital seed 20260927,,2026-09-25T00:00:00Z,SYNTH
CENT,2026-07-30 00:00:00,5.04,0,synth_hospital seed 20260927,,2026-09-25T00:00:00Z,SYNTH
CENT,2026-07-30 06:00:00,4.33,0,synth_hospital seed 20260927,,2026-09-25T00:00:00Z,SYNTH
CENT,2026-07-30 12:00:00,4.58,0,synth_hospital seed 20260927,,2026-09-25T00:00:00Z,SYNTH
CENT,2026-07-30 18:00:00,5.42,0,synth_hospital seed 20260927,,2026-09-25T00:00:00Z,SYNTH
CENT,2026-07-31 00:00:00,5.68,0,synth_hospital seed 20260927,,2026-09-25T00:00:00Z,SYNTH
CENT,2026-07-31 06:00:00,4.61,0,synth_hospital seed 20260927,,2026-09-25T00:00:00Z,SYNTH
CENT,2026-07-31 12:00:00,4.24,0,synth_hospital seed 20260927,,2026-09-25T00:00:00Z,SYNTH
CENT,2026-07-31 18:00:00,4.13,0,synth_hospital seed 20260927,,2026-09-25T00:00:00Z,SYNTH
CENT,2026-08-01 00:00:00,4.14,0,synth_hospital seed 20260927,,2026-09-25T00:00:00Z,SYNTH
CENT,2026-08-01 06:00:00,4.99,0,synth_hospital seed 20260927,,2026-09-25T00:00:00Z,SYNTH
CENT,2026-08-01 12:00:00,3.87,0,synth_hospital seed 20260927,,2026-09-25T00:00:00Z,SYNTH
CENT,2026-08-01 18:00:00,5.12,0,synth_hospital seed 20260927,,2026-09-25T00:00:00Z,SYNTH
CENT,2026-08-02 00:00:00,3.49,0,synth_hospital seed 20260927,,2026-09-25T00:00:00Z,SYNTH
CENT,2026-08-02 06:00:00,5.86,0,synth_hospital seed 20260927,,2026-09-25T00:00:00Z,SYNTH
CENT,2026-08-02 12:00:00,4.14,0,synth_hospital seed 20260927,,2026-09-25T00:00:00Z,SYNTH
CENT,2026-08-02 18:00:00,5.79,0,synth_hospital seed 20260927,,2026-09-25T00:00:00Z,SYNTH
CENT,2026-08-03 00:00:00,4.39,0,synth_hospital seed 20260927,,2026-09-25T00:00:00Z,SYNTH
CENT,2026-08-03 06:00:00,4.25,0,synth_hospital seed 20260927,,2026-09-25T00:00:00Z,SYNTH
CENT,2026-08-03 12:00:00,6.28,0,synth_hospital seed 20260927,,2026-09-25T00:00:00Z,SYNTH
CENT,2026-08-03 18:00:00,5.29,0,synth_hospital seed 20260927,,2026-09-25T00:00:00Z,SYNTH
CENT,2026-08-04 00:00:00,4.93,0,synth_hospital seed 20260927,,2026-09-25T00:00:00Z,SYNTH
CENT,2026-08-04 06:00:00,5.11,0,synth_hospital seed 20260927,,2026-09-25T00:00:00Z,SYNTH
CENT,2026-08-04 12:00:00,5.67,0,synth_hospital seed 20260927,,2026-09-25T00:00:00Z,SYNTH
CENT,2026-08-04 18:00:00,4.94,0,synth_hospital seed 20260927,,2026-09-25T00:00:00Z,SYNTH
CENT,2026-08-05 00:00:00,4.43,0,synth_hospital seed 20260927,,2026-09-25T00:00:00Z,SYNTH
CENT,2026-08-05 06:00:00,5.99,0,synth_hospital seed 20260927,,2026-09-25T00:00:00Z,SYNTH
CENT,2026-08-05 12:00:00,5.68,0,synth_hospital seed 20260927,,2026-09-25T00:00:00Z,SYNTH
CENT,2026-08-05 18:00:00,5.39,0,synth_hospital seed 20260927,,2026-09-25T00:00:00Z,SYNTH
CENT,2026-08-06 00:00:00,4.62,0,synth_hospital seed 20260927,,2026-09-25T00:00:00Z,SYNTH
CENT,2026-08-06 06:00:00,4.13,0,synth_hospital seed 20260927,,2026-09-25T00:00:00Z,SYNTH
CENT,2026-08-06 12:00:00,5.8,0,synth_hospital seed 20260927,,2026-09-25T00:00:00Z,SYNTH
CENT,2026-08-06 18:00:00,5.26,0,synth_hospital seed 20260927,,2026-09-25T00:00:00Z,SYNTH
CENT,2026-08-07 00:00:00,4.33,0,synth_hospital seed 20260927,,2026-09-25T00:00:00Z,SYNTH
CENT,2026-08-07 06:00:00,4.32,0,synth_hospital seed 20260927,,2026-09-25T00:00:00Z,SYNTH
CENT,2026-08-07 12:00:00,4.8,0,synth_hospital seed 20260927,,2026-09-25T00:00:00Z,SYNTH
CENT,2026-08-07 18:00:00,5.79,0,synth_hospital seed 20260927,,2026-09-25T00:00:00Z,SYNTH
CENT,2026-08-08 00:00:00,5.11,0,synth_hospital seed 20260927,,2026-09-25T00:00:00Z,SYNTH
CENT,2026-08-08 06:00:00,5.09,0,synth_hospital seed 20260927,,2026-09-25T00:00:00Z,SYNTH
CENT,2026-08-08 12:00:00,5.3,0,synth_hospital seed 20260927,,2026-09-25T00:00:00Z,SYNTH
CENT,2026-08-08 18:00:00,5.15,0,synth_hospital seed 20260927,,2026-09-25T00:00:00Z,SYNTH
CENT,2026-08-09 00:00:00,6.36,0,synth_hospital seed 20260927,,2026-09-25T00:00:00Z,SYNTH
CENT,2026-08-09 06:00:00,4.79,0,synth_hospital seed 20260927,,2026-09-25T00:00:00Z,SYNTH
CENT,2026-08-09 12:00:00,4.34,0,synth_hospital seed 20260927,,2026-09-25T00:00:00Z,SYNTH
CENT,2026-08-09 18:00:00,4.27,0,synth_hospital seed 20260927,,2026-09-25T00:00:00Z,SYNTH
CENT,2026-08-10 00:00:00,3.61,0,synth_hospital seed 20260927,,2026-09-25T00:00:00Z,SYNTH
CENT,2026-08-10 06:00:00,4.44,0,synth_hospital seed 20260927,,2026-09-25T00:00:00Z,SYNTH
CENT,2026-08-10 12:00:00,4.22,0,synth_hospital seed 20260927,,2026-09-25T00:00:00Z,SYNTH
CENT,2026-08-10 18:00:00,5.08,0,synth_hospital seed 20260927,,2026-09-25T00:00:00Z,SYNTH
CENT,2026-08-11 00:00:00,5.65,0,synth_hospital seed 20260927,,2026-09-25T00:00:00Z,SYNTH
CENT,2026-08-11 06:00:00,3.85,0,synth_hospital seed 20260927,,2026-09-25T00:00:00Z,SYNTH
CENT,2026-08-11 12:00:00,4.38,0,synth_hospital seed 20260927,,2026-09-25T00:00:00Z,SYNTH
CENT,2026-08-11 18:00:00,5.62,0,synth_hospital seed 20260927,,2026-09-25T00:00:00Z,SYNTH
CENT,2026-08-12 00:00:00,5.1,0,synth_hospital seed 20260927,,2026-09-25T00:00:00Z,SYNTH
CENT,2026-08-12 06:00:00,5.3,0,synth_hospital seed 20260927,,2026-09-25T00:00:00Z,SYNTH
CENT,2026-08-12 12:00:00,4.87,0,synth_hospital seed 20260927,,2026-09-25T00:00:00Z,SYNTH
CENT,2026-08-12 18:00:00,4.61,0,synth_hospital seed 20260927,,2026-09-25T00:00:00Z,SYNTH
CENT,2026-08-13 00:00:00,6.03,0,synth_hospital seed 20260927,,2026-09-25T00:00:00Z,SYNTH
CENT,2026-08-13 06:00:00,5.17,0,synth_hospital seed 20260927,,2026-09-25T00:00:00Z,SYNTH
CENT,2026-08-13 12:00:00,5.66,0,synth_hospital seed 20260927,,2026-09-25T00:00:00Z,SYNTH
CENT,2026-08-13 18:00:00,5.39,0,synth_hospital seed 20260927,,2026-09-25T00:00:00Z,SYNTH
CENT,2026-08-14 00:00:00,6.16,0,synth_hospital seed 20260927,,2026-09-25T00:00:00Z,SYNTH
CENT,2026-08-14 06:00:00,4.22,0,synth_hospital seed 20260927,,2026-09-25T00:00:00Z,SYNTH
CENT,2026-08-14 12:00:00,4.7,0,synth_hospital seed 20260927,,2026-09-25T00:00:00Z,SYNTH
CENT,2026-08-14 18:00:00,5.13,0,synth_hospital seed 20260927,,2026-09-25T00:00:00Z,SYNTH
CENT,2026-08-15 00:00:00,4.7,0,synth_hospital seed 20260927,,2026-09-25T00:00:00Z,SYNTH
CENT,2026-08-15 06:00:00,4.09,0,synth_hospital seed 20260927,,2026-09-25T00:00:00Z,SYNTH
CENT,2026-08-15 12:00:00,4.24,0,synth_hospital seed 20260927,,2026-09-25T00:00:00Z,SYNTH
CENT,2026-08-15 18:00:00,4.92,0,synth_hospital seed 20260927,,2026-09-25T00:00:00Z,SYNTH
CENT,2026-08-16 00:00:00,5.34,0,synth_hospital seed 20260927,,2026-09-25T00:00:00Z,SYNTH
CENT,2026-08-16 06:00:00,6.05,0,synth_hospital seed 20260927,,2026-09-25T00:00:00Z,SYNTH
CENT,2026-08-16 12:00:00,4.36,0,synth_hospital seed 20260927,,2026-09-25T00:00:00Z,SYNTH
CENT,2026-08-16 18:00:00,4.79,0,synth_hospital seed 20260927,,2026-09-25T00:00:00Z,SYNTH
CENT,2026-08-17 00:00:00,3.56,0,synth_hospital seed 20260927,,2026-09-25T00:00:00Z,SYNTH
CENT,2026-08-17 06:00:00,5.39,0,synth_hospital seed 20260927,,2026-09-25T00:00:00Z,SYNTH
CENT,2026-08-17 12:00:00,3.49,0,synth_hospital seed 20260927,,2026-09-25T00:00:00Z,SYNTH
CENT,2026-08-17 18:00:00,4.39,0,synth_hospital seed 20260927,,2026-09-25T00:00:00Z,SYNTH
CENT,2026-08-18 00:00:00,3.63,0,synth_hospital seed 20260927,,2026-09-25T00:00:00Z,SYNTH
CENT,2026-08-18 06:00:00,5.35,0,synth_hospital seed 20260927,,2026-09-25T00:00:00Z,SYNTH
CENT,2026-08-18 12:00:00,4.31,0,synth_hospital seed 20260927,,2026-09-25T00:00:00Z,SYNTH
CENT,2026-08-18 18:00:00,4.59,0,synth_hospital seed 20260927,,2026-09-25T00:00:00Z,SYNTH
CENT,2026-08-19 00:00:00,6.0,0,synth_hospital seed 20260927,,2026-09-25T00:00:00Z,SYNTH
CENT,2026-08-19 06:00:00,5.67,0,synth_hospital seed 20260927,,2026-09-25T00:00:00Z,SYNTH
CENT,2026-08-19 12:00:00,5.63,0,synth_hospital seed 20260927,,2026-09-25T00:00:00Z,SYNTH
CENT,2026-08-19 18:00:00,5.05,0,synth_hospital seed 20260927,,2026-09-25T00:00:00Z,SYNTH
CENT,2026-08-20 00:00:00,4.97,0,synth_hospital seed 20260927,,2026-09-25T00:00:00Z,SYNTH
CENT,2026-08-20 06:00:00,5.27,0,synth_hospital seed 20260927,,2026-09-25T00:00:00Z,SYNTH
CENT,2026-08-20 12:00:00,4.68,0,synth_hospital seed 20260927,,2026-09-25T00:00:00Z,SYNTH
CENT,2026-08-20 18:00:00,4.61,0,synth_hospital seed 20260927,,2026-09-25T00:00:00Z,SYNTH
CENT,2026-08-21 00:00:00,4.0,0,synth_hospital seed 20260927,,2026-09-25T00:00:00Z,SYNTH
CENT,2026-08-21 06:00:00,4.08,0,synth_hospital seed 20260927,,2026-09-25T00:00:00Z,SYNTH
CENT,2026-08-21 12:00:00,4.12,0,synth_hospital seed 20260927,,2026-09-25T00:00:00Z,SYNTH
CENT,2026-08-21 18:00:00,5.05,0,synth_hospital seed 20260927,,2026-09-25T00:00:00Z,SYNTH
CENT,2026-08-22 00:00:00,4.36,0,synth_hospital seed 20260927,,2026-09-25T00:00:00Z,SYNTH
CENT,2026-08-22 06:00:00,5.41,0,synth_hospital seed 20260927,,2026-09-25T00:00:00Z,SYNTH
CENT,2026-08-22 12:00:00,5.12,0,synth_hospital seed 20260927,,2026-09-25T00:00:00Z,SYNTH
CENT,2026-08-22 18:00:00,4.29,0,synth_hospital seed 20260927,,2026-09-25T00:00:00Z,SYNTH
CENT,2026-08-23 00:00:00,5.59,0,synth_hospital seed 20260927,,2026-09-25T00:00:00Z,SYNTH
CENT,2026-08-23 06:00:00,4.93,0,synth_hospital seed 20260927,,2026-09-25T00:00:00Z,SYNTH
CENT,2026-08-23 12:00:00,6.26,0,synth_hospital seed 20260927,,2026-09-25T00:00:00Z,SYNTH
CENT,2026-08-23 18:00:00,5.77,0,synth_hospital seed 20260927,,2026-09-25T00:00:00Z,SYNTH
CENT,2026-08-24 00:00:00,4.12,0,synth_hospital seed 20260927,,2026-09-25T00:00:00Z,SYNTH
CENT,2026-08-24 06:00:00,5.33,0,synth_hospital seed 20260927,,2026-09-25T00:00:00Z,SYNTH
CENT,2026-08-24 12:00:00,4.42,0,synth_hospital seed 20260927,,2026-09-25T00:00:00Z,SYNTH
CENT,2026-08-24 18:00:00,5.58,0,synth_hospital seed 20260927,,2026-09-25T00:00:00Z,SYNTH
CENT,2026-08-25 00:00:00,4.95,0,synth_hospital seed 20260927,,2026-09-25T00:00:00Z,SYNTH
CENT,2026-08-25 06:00:00,6.14,0,synth_hospital seed 20260927,,2026-09-25T00:00:00Z,SYNTH
CENT,2026-08-25 12:00:00,5.75,0,synth_hospital seed 20260927,,2026-09-25T00:00:00Z,SYNTH
CENT,2026-08-25 18:00:00,5.92,0,synth_hospital seed 20260927,,2026-09-25T00:00:00Z,SYNTH
CENT,2026-08-26 00:00:00,5.17,0,synth_hospital seed 20260927,,2026-09-25T00:00:00Z,SYNTH
CENT,2026-08-26 06:00:00,4.08,0,synth_hospital seed 20260927,,2026-09-25T00:00:00Z,SYNTH
CENT,2026-08-26 12:00:00,4.16,0,synth_hospital seed 20260927,,2026-09-25T00:00:00Z,SYNTH
CENT,2026-08-26 18:00:00,5.85,0,synth_hospital seed 20260927,,2026-09-25T00:00:00Z,SYNTH
CENT,2026-08-27 00:00:00,5.4,0,synth_hospital seed 20260927,,2026-09-25T00:00:00Z,SYNTH
CENT,2026-08-27 06:00:00,5.49,0,synth_hospital seed 20260927,,2026-09-25T00:00:00Z,SYNTH
CENT,2026-08-27 12:00:00,4.97,0,synth_hospital seed 20260927,,2026-09-25T00:00:00Z,SYNTH
CENT,2026-08-27 18:00:00,6.13,0,synth_hospital seed 20260927,,2026-09-25T00:00:00Z,SYNTH
CENT,2026-08-28 00:00:00,6.46,0,synth_hospital seed 20260927,,2026-09-25T00:00:00Z,SYNTH
CENT,2026-08-28 06:00:00,5.96,0,synth_hospital seed 20260927,,2026-09-25T00:00:00Z,SYNTH
CENT,2026-08-28 12:00:00,5.49,0,synth_hospital seed 20260927,,2026-09-25T00:00:00Z,SYNTH
CENT,2026-08-28 18:00:00,5.56,0,synth_hospital seed 20260927,,2026-09-25T00:00:00Z,SYNTH
CENT,2026-08-29 00:00:00,5.02,0,synth_hospital seed 20260927,,2026-09-25T00:00:00Z,SYNTH
CENT,2026-08-29 06:00:00,4.17,0,synth_hospital seed 20260927,,2026-09-25T00:00:00Z,SYNTH
CENT,2026-08-29 12:00:00,4.3,0,synth_hospital seed 20260927,,2026-09-25T00:00:00Z,SYNTH
CENT,2026-08-29 18:00:00,4.9,0,synth_hospital seed 20260927,,2026-09-25T00:00:00Z,SYNTH
CENT,2026-08-30 00:00:00,5.42,0,synth_hospital seed 20260927,,2026-09-25T00:00:00Z,SYNTH
CENT,2026-08-30 06:00:00,4.58,0,synth_hospital seed 20260927,,2026-09-25T00:00:00Z,SYNTH
CENT,2026-08-30 12:00:00,5.43,0,synth_hospital seed 20260927,,2026-09-25T00:00:00Z,SYNTH
CENT,2026-08-30 18:00:00,5.96,0,synth_hospital seed 20260927,,2026-09-25T00:00:00Z,SYNTH
CENT,2026-08-31 00:00:00,5.48,0,synth_hospital seed 20260927,,2026-09-25T00:00:00Z,SYNTH
CENT,2026-08-31 06:00:00,4.85,0,synth_hospital seed 20260927,,2026-09-25T00:00:00Z,SYNTH
CENT,2026-08-31 12:00:00,5.64,0,synth_hospital seed 20260927,,2026-09-25T00:00:00Z,SYNTH
CENT,2026-08-31 18:00:00,5.87,0,synth_hospital seed 20260927,,2026-09-25T00:00:00Z,SYNTH
CENT,2026-09-01 00:00:00,5.88,0,synth_hospital seed 20260927,,2026-09-25T00:00:00Z,SYNTH
CENT,2026-09-01 06:00:00,5.3,0,synth_hospital seed 20260927,,2026-09-25T00:00:00Z,SYNTH
CENT,2026-09-01 12:00:00,4.58,0,synth_hospital seed 20260927,,2026-09-25T00:00:00Z,SYNTH
CENT,2026-09-01 18:00:00,5.61,0,synth_hospital seed 20260927,,2026-09-25T00:00:00Z,SYNTH
CENT,2026-09-02 00:00:00,5.02,0,synth_hospital seed 20260927,,2026-09-25T00:00:00Z,SYNTH
CENT,2026-09-02 06:00:00,4.64,0,synth_hospital seed 20260927,,2026-09-25T00:00:00Z,SYNTH
CENT,2026-09-02 12:00:00,5.76,0,synth_hospital seed 20260927,,2026-09-25T00:00:00Z,SYNTH
CENT,2026-09-02 18:00:00,5.81,0,synth_hospital seed 20260927,,2026-09-25T00:00:00Z,SYNTH
CENT,2026-09-03 00:00:00,5.81,0,synth_hospital seed 20260927,,2026-09-25T00:00:00Z,SYNTH
CENT,2026-09-03 06:00:00,5.54,0,synth_hospital seed 20260927,,2026-09-25T00:00:00Z,SYNTH
CENT,2026-09-03 12:00:00,5.84,0,synth_hospital seed 20260927,,2026-09-25T00:00:00Z,SYNTH
CENT,2026-09-03 18:00:00,5.27,0,synth_hospital seed 20260927,,2026-09-25T00:00:00Z,SYNTH
CENT,2026-09-04 00:00:00,5.07,0,synth_hospital seed 20260927,,2026-09-25T00:00:00Z,SYNTH
CENT,2026-09-04 06:00:00,4.75,0,synth_hospital seed 20260927,,2026-09-25T00:00:00Z,SYNTH
CENT,2026-09-04 12:00:00,5.5,0,synth_hospital seed 20260927,,2026-09-25T00:00:00Z,SYNTH
CENT,2026-09-04 18:00:00,5.25,0,synth_hospital seed 20260927,,2026-09-25T00:00:00Z,SYNTH
CENT,2026-09-05 00:00:00,5.53,0,synth_hospital seed 20260927,,2026-09-25T00:00:00Z,SYNTH
CENT,2026-09-05 06:00:00,4.55,0,synth_hospital seed 20260927,,2026-09-25T00:00:00Z,SYNTH
CENT,2026-09-05 12:00:00,5.18,0,synth_hospital seed 20260927,,2026-09-25T00:00:00Z,SYNTH
CENT,2026-09-05 18:00:00,5.01,0,synth_hospital seed 20260927,,2026-09-25T00:00:00Z,SYNTH
CENT,2026-09-06 00:00:00,5.04,0,synth_hospital seed 20260927,,2026-09-25T00:00:00Z,SYNTH
CENT,2026-09-06 06:00:00,6.04,0,synth_hospital seed 20260927,,2026-09-25T00:00:00Z,SYNTH
CENT,2026-09-06 12:00:00,5.47,0,synth_hospital seed 20260927,,2026-09-25T00:00:00Z,SYNTH
CENT,2026-09-06 18:00:00,4.93,0,synth_hospital seed 20260927,,2026-09-25T00:00:00Z,SYNTH
CENT,2026-09-07 00:00:00,4.69,0,synth_hospital seed 20260927,,2026-09-25T00:00:00Z,SYNTH
CENT,2026-09-07 06:00:00,5.15,0,synth_hospital seed 20260927,,2026-09-25T00:00:00Z,SYNTH
CENT,2026-09-07 12:00:00,4.55,0,synth_hospital seed 20260927,,2026-09-25T00:00:00Z,SYNTH
CENT,2026-09-07 18:00:00,5.24,0,synth_hospital seed 20260927,,2026-09-25T00:00:00Z,SYNTH
CENT,2026-09-08 00:00:00,3.73,0,synth_hospital seed 20260927,,2026-09-25T00:00:00Z,SYNTH
CENT,2026-09-08 06:00:00,4.28,0,synth_hospital seed 20260927,,2026-09-25T00:00:00Z,SYNTH
CENT,2026-09-08 12:00:00,3.72,0,synth_hospital seed 20260927,,2026-09-25T00:00:00Z,SYNTH
CENT,2026-09-08 18:00:00,5.13,0,synth_hospital seed 20260927,,2026-09-25T00:00:00Z,SYNTH
CENT,2026-09-09 00:00:00,4.54,0,synth_hospital seed 20260927,,2026-09-25T00:00:00Z,SYNTH
CENT,2026-09-09 06:00:00,5.33,0,synth_hospital seed 20260927,,2026-09-25T00:00:00Z,SYNTH
CENT,2026-09-09 12:00:00,4.04,0,synth_hospital seed 20260927,,2026-09-25T00:00:00Z,SYNTH
CENT,2026-09-09 18:00:00,4.74,0,synth_hospital seed 20260927,,2026-09-25T00:00:00Z,SYNTH
CENT,2026-09-10 00:00:00,4.76,0,synth_hospital seed 20260927,,2026-09-25T00:00:00Z,SYNTH
CENT,2026-09-10 06:00:00,4.24,0,synth_hospital seed 20260927,,2026-09-25T00:00:00Z,SYNTH
CENT,2026-09-10 12:00:00,5.41,0,synth_hospital seed 20260927,,2026-09-25T00:00:00Z,SYNTH
CENT,2026-09-10 18:00:00,5.47,0,synth_hospital seed 20260927,,2026-09-25T00:00:00Z,SYNTH
CENT,2026-09-11 00:00:00,4.86,0,synth_hospital seed 20260927,,2026-09-25T00:00:00Z,SYNTH
CENT,2026-09-11 06:00:00,5.02,0,synth_hospital seed 20260927,,2026-09-25T00:00:00Z,SYNTH
CENT,2026-09-11 12:00:00,5.8,0,synth_hospital seed 20260927,,2026-09-25T00:00:00Z,SYNTH
CENT,2026-09-11 18:00:00,5.79,0,synth_hospital seed 20260927,,2026-09-25T00:00:00Z,SYNTH
CENT,2026-09-12 00:00:00,4.94,0,synth_hospital seed 20260927,,2026-09-25T00:00:00Z,SYNTH
CENT,2026-09-12 06:00:00,5.5,0,synth_hospital seed 20260927,,2026-09-25T00:00:00Z,SYNTH
CENT,2026-09-12 12:00:00,4.98,0,synth_hospital seed 20260927,,2026-09-25T00:00:00Z,SYNTH
CENT,2026-09-12 18:00:00,4.21,0,synth_hospital seed 20260927,,2026-09-25T00:00:00Z,SYNTH
CENT,2026-09-13 00:00:00,4.18,0,synth_hospital seed 20260927,,2026-09-25T00:00:00Z,SYNTH
CENT,2026-09-13 06:00:00,6.23,0,synth_hospital seed 20260927,,2026-09-25T00:00:00Z,SYNTH
CENT,2026-09-13 12:00:00,6.51,0,synth_hospital seed 20260927,,2026-09-25T00:00:00Z,SYNTH
CENT,2026-09-13 18:00:00,4.12,0,synth_hospital seed 20260927,,2026-09-25T00:00:00Z,SYNTH
CENT,2026-09-14 00:00:00,4.89,0,synth_hospital seed 20260927,,2026-09-25T00:00:00Z,SYNTH
CENT,2026-09-14 06:00:00,6.17,0,synth_hospital seed 20260927,,2026-09-25T00:00:00Z,SYNTH
CENT,2026-09-14 12:00:00,4.35,0,synth_hospital seed 20260927,,2026-09-25T00:00:00Z,SYNTH
CENT,2026-09-14 18:00:00,4.79,0,synth_hospital seed 20260927,,2026-09-25T00:00:00Z,SYNTH
CENT,2026-09-15 00:00:00,5.12,0,synth_hospital seed 20260927,,2026-09-25T00:00:00Z,SYNTH
CENT,2026-09-15 06:00:00,4.23,0,synth_hospital seed 20260927,,2026-09-25T00:00:00Z,SYNTH
CENT,2026-09-15 12:00:00,2.88,0,synth_hospital seed 20260927,,2026-09-25T00:00:00Z,SYNTH
CENT,2026-09-15 18:00:00,5.15,0,synth_hospital seed 20260927,,2026-09-25T00:00:00Z,SYNTH
CENT,2026-09-16 00:00:00,5.1,0,synth_hospital seed 20260927,,2026-09-25T00:00:00Z,SYNTH
CENT,2026-09-16 06:00:00,5.1,0,synth_hospital seed 20260927,,2026-09-25T00:00:00Z,SYNTH
CENT,2026-09-16 12:00:00,5.35,0,synth_hospital seed 20260927,,2026-09-25T00:00:00Z,SYNTH
CENT,2026-09-16 18:00:00,4.61,0,synth_hospital seed 20260927,,2026-09-25T00:00:00Z,SYNTH
CENT,2026-09-17 00:00:00,5.24,0,synth_hospital seed 20260927,,2026-09-25T00:00:00Z,SYNTH
CENT,2026-09-17 06:00:00,4.58,0,synth_hospital seed 20260927,,2026-09-25T00:00:00Z,SYNTH
CENT,2026-09-17 12:00:00,4.75,0,synth_hospital seed 20260927,,2026-09-25T00:00:00Z,SYNTH
CENT,2026-09-17 18:00:00,4.69,0,synth_hospital seed 20260927,,2026-09-25T00:00:00Z,SYNTH
CENT,2026-09-18 00:00:00,4.33,0,synth_hospital seed 20260927,,2026-09-25T00:00:00Z,SYNTH
CENT,2026-09-18 06:00:00,5.32,0,synth_hospital seed 20260927,,2026-09-25T00:00:00Z,SYNTH
CENT,2026-09-18 12:00:00,5.22,0,synth_hospital seed 20260927,,2026-09-25T00:00:00Z,SYNTH
CENT,2026-09-18 18:00:00,5.35,0,synth_hospital seed 20260927,,2026-09-25T00:00:00Z,SYNTH
CENT,2026-09-19 00:00:00,4.23,0,synth_hospital seed 20260927,,2026-09-25T00:00:00Z,SYNTH
CENT,2026-09-19 06:00:00,4.62,0,synth_hospital seed 20260927,,2026-09-25T00:00:00Z,SYNTH
CENT,2026-09-19 12:00:00,5.64,0,synth_hospital seed 20260927,,2026-09-25T00:00:00Z,SYNTH
CENT,2026-09-19 18:00:00,4.48,0,synth_hospital seed 20260927,,2026-09-25T00:00:00Z,SYNTH
CENT,2026-09-20 00:00:00,4.74,0,synth_hospital seed 20260927,,2026-09-25T00:00:00Z,SYNTH
CENT,2026-09-20 06:00:00,5.24,0,synth_hospital seed 20260927,,2026-09-25T00:00:00Z,SYNTH
CENT,2026-09-20 12:00:00,5.49,0,synth_hospital seed 20260927,,2026-09-25T00:00:00Z,SYNTH
CENT,2026-09-20 18:00:00,5.58,0,synth_hospital seed 20260927,,2026-09-25T00:00:00Z,SYNTH
CENT,2026-09-21 00:00:00,4.33,0,synth_hospital seed 20260927,,2026-09-25T00:00:00Z,SYNTH
CENT,2026-09-21 06:00:00,4.19,0,synth_hospital seed 20260927,,2026-09-25T00:00:00Z,SYNTH
CENT,2026-09-21 12:00:00,5.43,0,synth_hospital seed 20260927,,2026-09-25T00:00:00Z,SYNTH
CENT,2026-09-21 18:00:00,5.05,0,synth_hospital seed 20260927,,2026-09-25T00:00:00Z,SYNTH
CENT,2026-09-22 00:00:00,5.81,0,synth_hospital seed 20260927,,2026-09-25T00:00:00Z,SYNTH
CENT,2026-09-22 06:00:00,4.99,0,synth_hospital seed 20260927,,2026-09-25T00:00:00Z,SYNTH
CENT,2026-09-22 12:00:00,5.29,0,synth_hospital seed 20260927,,2026-09-25T00:00:00Z,SYNTH
CENT,2026-09-22 18:00:00,5.44,0,synth_hospital seed 20260927,,2026-09-25T00:00:00Z,SYNTH
CENT,2026-09-23 00:00:00,5.99,0,synth_hospital seed 20260927,,2026-09-25T00:00:00Z,SYNTH
CENT,2026-09-23 06:00:00,4.22,0,synth_hospital seed 20260927,,2026-09-25T00:00:00Z,SYNTH
CENT,2026-09-23 12:00:00,3.7,0,synth_hospital seed 20260927,,2026-09-25T00:00:00Z,SYNTH
CENT,2026-09-23 18:00:00,5.79,0,synth_hospital seed 20260927,,2026-09-25T00:00:00Z,SYNTH
CENT,2026-09-24 00:00:00,5.29,0,synth_hospital seed 20260927,,2026-09-25T00:00:00Z,SYNTH
CENT,2026-09-24 06:00:00,4.77,0,synth_hospital seed 20260927,,2026-09-25T00:00:00Z,SYNTH
CENT,2026-09-24 12:00:00,6.22,0,synth_hospital seed 20260927,,2026-09-25T00:00:00Z,SYNTH
CENT,2026-09-24 18:00:00,5.57,0,synth_hospital seed 20260927,,2026-09-25T00:00:00Z,SYNTH
ABLK,2026-03-29 00:00:00,4.86,0,synth_hospital seed 20260927,,2026-09-25T00:00:00Z,SYNTH
ABLK,2026-03-29 06:00:00,4.9,0,synth_hospital seed 20260927,,2026-09-25T00:00:00Z,SYNTH
ABLK,2026-03-29 12:00:00,5.27,0,synth_hospital seed 20260927,,2026-09-25T00:00:00Z,SYNTH
ABLK,2026-03-29 18:00:00,5.39,0,synth_hospital seed 20260927,,2026-09-25T00:00:00Z,SYNTH
ABLK,2026-03-30 00:00:00,4.06,0,synth_hospital seed 20260927,,2026-09-25T00:00:00Z,SYNTH
ABLK,2026-03-30 06:00:00,5.81,0,synth_hospital seed 20260927,,2026-09-25T00:00:00Z,SYNTH
ABLK,2026-03-30 12:00:00,4.79,0,synth_hospital seed 20260927,,2026-09-25T00:00:00Z,SYNTH
ABLK,2026-03-30 18:00:00,4.65,0,synth_hospital seed 20260927,,2026-09-25T00:00:00Z,SYNTH
ABLK,2026-03-31 00:00:00,3.85,0,synth_hospital seed 20260927,,2026-09-25T00:00:00Z,SYNTH
ABLK,2026-03-31 06:00:00,4.81,0,synth_hospital seed 20260927,,2026-09-25T00:00:00Z,SYNTH
ABLK,2026-03-31 12:00:00,4.79,0,synth_hospital seed 20260927,,2026-09-25T00:00:00Z,SYNTH
ABLK,2026-03-31 18:00:00,4.54,0,synth_hospital seed 20260927,,2026-09-25T00:00:00Z,SYNTH
ABLK,2026-04-01 00:00:00,3.21,0,synth_hospital seed 20260927,,2026-09-25T00:00:00Z,SYNTH
ABLK,2026-04-01 06:00:00,4.04,0,synth_hospital seed 20260927,,2026-09-25T00:00:00Z,SYNTH
ABLK,2026-04-01 12:00:00,5.78,0,synth_hospital seed 20260927,,2026-09-25T00:00:00Z,SYNTH
ABLK,2026-04-01 18:00:00,5.5,0,synth_hospital seed 20260927,,2026-09-25T00:00:00Z,SYNTH
ABLK,2026-04-02 00:00:00,5.27,0,synth_hospital seed 20260927,,2026-09-25T00:00:00Z,SYNTH
ABLK,2026-04-02 06:00:00,6.02,0,synth_hospital seed 20260927,,2026-09-25T00:00:00Z,SYNTH
ABLK,2026-04-02 12:00:00,5.01,0,synth_hospital seed 20260927,,2026-09-25T00:00:00Z,SYNTH
ABLK,2026-04-02 18:00:00,5.64,0,synth_hospital seed 20260927,,2026-09-25T00:00:00Z,SYNTH
ABLK,2026-04-03 00:00:00,4.95,0,synth_hospital seed 20260927,,2026-09-25T00:00:00Z,SYNTH
ABLK,2026-04-03 06:00:00,5.73,0,synth_hospital seed 20260927,,2026-09-25T00:00:00Z,SYNTH
ABLK,2026-04-03 12:00:00,5.08,0,synth_hospital seed 20260927,,2026-09-25T00:00:00Z,SYNTH
ABLK,2026-04-03 18:00:00,4.21,0,synth_hospital seed 20260927,,2026-09-25T00:00:00Z,SYNTH
ABLK,2026-04-04 00:00:00,5.52,0,synth_hospital seed 20260927,,2026-09-25T00:00:00Z,SYNTH
ABLK,2026-04-04 06:00:00,4.88,0,synth_hospital seed 20260927,,2026-09-25T00:00:00Z,SYNTH
ABLK,2026-04-04 12:00:00,4.51,0,synth_hospital seed 20260927,,2026-09-25T00:00:00Z,SYNTH
ABLK,2026-04-04 18:00:00,5.02,0,synth_hospital seed 20260927,,2026-09-25T00:00:00Z,SYNTH
ABLK,2026-04-05 00:00:00,5.42,0,synth_hospital seed 20260927,,2026-09-25T00:00:00Z,SYNTH
ABLK,2026-04-05 06:00:00,5.84,0,synth_hospital seed 20260927,,2026-09-25T00:00:00Z,SYNTH
ABLK,2026-04-05 12:00:00,5.1,0,synth_hospital seed 20260927,,2026-09-25T00:00:00Z,SYNTH
ABLK,2026-04-05 18:00:00,5.48,0,synth_hospital seed 20260927,,2026-09-25T00:00:00Z,SYNTH
ABLK,2026-04-06 00:00:00,6.09,0,synth_hospital seed 20260927,,2026-09-25T00:00:00Z,SYNTH
ABLK,2026-04-06 06:00:00,5.64,0,synth_hospital seed 20260927,,2026-09-25T00:00:00Z,SYNTH
ABLK,2026-04-06 12:00:00,4.38,0,synth_hospital seed 20260927,,2026-09-25T00:00:00Z,SYNTH
ABLK,2026-04-06 18:00:00,4.24,0,synth_hospital seed 20260927,,2026-09-25T00:00:00Z,SYNTH
ABLK,2026-04-07 00:00:00,6.15,0,synth_hospital seed 20260927,,2026-09-25T00:00:00Z,SYNTH
ABLK,2026-04-07 06:00:00,5.11,0,synth_hospital seed 20260927,,2026-09-25T00:00:00Z,SYNTH
ABLK,2026-04-07 12:00:00,4.02,0,synth_hospital seed 20260927,,2026-09-25T00:00:00Z,SYNTH
ABLK,2026-04-07 18:00:00,4.82,0,synth_hospital seed 20260927,,2026-09-25T00:00:00Z,SYNTH
ABLK,2026-04-08 00:00:00,5.72,0,synth_hospital seed 20260927,,2026-09-25T00:00:00Z,SYNTH
ABLK,2026-04-08 06:00:00,5.07,0,synth_hospital seed 20260927,,2026-09-25T00:00:00Z,SYNTH
ABLK,2026-04-08 12:00:00,4.73,0,synth_hospital seed 20260927,,2026-09-25T00:00:00Z,SYNTH
ABLK,2026-04-08 18:00:00,5.18,0,synth_hospital seed 20260927,,2026-09-25T00:00:00Z,SYNTH
ABLK,2026-04-09 00:00:00,4.59,0,synth_hospital seed 20260927,,2026-09-25T00:00:00Z,SYNTH
ABLK,2026-04-09 06:00:00,3.93,0,synth_hospital seed 20260927,,2026-09-25T00:00:00Z,SYNTH
ABLK,2026-04-09 12:00:00,5.78,0,synth_hospital seed 20260927,,2026-09-25T00:00:00Z,SYNTH
ABLK,2026-04-09 18:00:00,3.72,0,synth_hospital seed 20260927,,2026-09-25T00:00:00Z,SYNTH
ABLK,2026-04-10 00:00:00,5.05,0,synth_hospital seed 20260927,,2026-09-25T00:00:00Z,SYNTH
ABLK,2026-04-10 06:00:00,5.08,0,synth_hospital seed 20260927,,2026-09-25T00:00:00Z,SYNTH
ABLK,2026-04-10 12:00:00,3.38,0,synth_hospital seed 20260927,,2026-09-25T00:00:00Z,SYNTH
ABLK,2026-04-10 18:00:00,4.36,0,synth_hospital seed 20260927,,2026-09-25T00:00:00Z,SYNTH
ABLK,2026-04-11 00:00:00,4.56,0,synth_hospital seed 20260927,,2026-09-25T00:00:00Z,SYNTH
ABLK,2026-04-11 06:00:00,4.09,0,synth_hospital seed 20260927,,2026-09-25T00:00:00Z,SYNTH
ABLK,2026-04-11 12:00:00,5.49,0,synth_hospital seed 20260927,,2026-09-25T00:00:00Z,SYNTH
ABLK,2026-04-11 18:00:00,3.78,0,synth_hospital seed 20260927,,2026-09-25T00:00:00Z,SYNTH
ABLK,2026-04-12 00:00:00,5.12,0,synth_hospital seed 20260927,,2026-09-25T00:00:00Z,SYNTH
ABLK,2026-04-12 06:00:00,5.03,0,synth_hospital seed 20260927,,2026-09-25T00:00:00Z,SYNTH
ABLK,2026-04-12 12:00:00,3.86,0,synth_hospital seed 20260927,,2026-09-25T00:00:00Z,SYNTH
ABLK,2026-04-12 18:00:00,3.22,0,synth_hospital seed 20260927,,2026-09-25T00:00:00Z,SYNTH
ABLK,2026-04-13 00:00:00,5.62,0,synth_hospital seed 20260927,,2026-09-25T00:00:00Z,SYNTH
ABLK,2026-04-13 06:00:00,4.21,0,synth_hospital seed 20260927,,2026-09-25T00:00:00Z,SYNTH
ABLK,2026-04-13 12:00:00,5.03,0,synth_hospital seed 20260927,,2026-09-25T00:00:00Z,SYNTH
ABLK,2026-04-13 18:00:00,5.3,0,synth_hospital seed 20260927,,2026-09-25T00:00:00Z,SYNTH
ABLK,2026-04-14 00:00:00,4.9,0,synth_hospital seed 20260927,,2026-09-25T00:00:00Z,SYNTH
ABLK,2026-04-14 06:00:00,6.57,0,synth_hospital seed 20260927,,2026-09-25T00:00:00Z,SYNTH
ABLK,2026-04-14 12:00:00,5.01,0,synth_hospital seed 20260927,,2026-09-25T00:00:00Z,SYNTH
ABLK,2026-04-14 18:00:00,5.58,0,synth_hospital seed 20260927,,2026-09-25T00:00:00Z,SYNTH
ABLK,2026-04-15 00:00:00,4.58,0,synth_hospital seed 20260927,,2026-09-25T00:00:00Z,SYNTH
ABLK,2026-04-15 06:00:00,4.67,0,synth_hospital seed 20260927,,2026-09-25T00:00:00Z,SYNTH
ABLK,2026-04-15 12:00:00,4.76,0,synth_hospital seed 20260927,,2026-09-25T00:00:00Z,SYNTH
ABLK,2026-04-15 18:00:00,4.56,0,synth_hospital seed 20260927,,2026-09-25T00:00:00Z,SYNTH
ABLK,2026-04-16 00:00:00,5.11,0,synth_hospital seed 20260927,,2026-09-25T00:00:00Z,SYNTH
ABLK,2026-04-16 06:00:00,4.48,0,synth_hospital seed 20260927,,2026-09-25T00:00:00Z,SYNTH
ABLK,2026-04-16 12:00:00,4.68,0,synth_hospital seed 20260927,,2026-09-25T00:00:00Z,SYNTH
ABLK,2026-04-16 18:00:00,3.71,0,synth_hospital seed 20260927,,2026-09-25T00:00:00Z,SYNTH
ABLK,2026-04-17 00:00:00,5.75,0,synth_hospital seed 20260927,,2026-09-25T00:00:00Z,SYNTH
ABLK,2026-04-17 06:00:00,4.24,0,synth_hospital seed 20260927,,2026-09-25T00:00:00Z,SYNTH
ABLK,2026-04-17 12:00:00,4.24,0,synth_hospital seed 20260927,,2026-09-25T00:00:00Z,SYNTH
ABLK,2026-04-17 18:00:00,3.0,0,synth_hospital seed 20260927,,2026-09-25T00:00:00Z,SYNTH
ABLK,2026-04-18 00:00:00,5.03,0,synth_hospital seed 20260927,,2026-09-25T00:00:00Z,SYNTH
ABLK,2026-04-18 06:00:00,5.49,0,synth_hospital seed 20260927,,2026-09-25T00:00:00Z,SYNTH
ABLK,2026-04-18 12:00:00,4.79,0,synth_hospital seed 20260927,,2026-09-25T00:00:00Z,SYNTH
ABLK,2026-04-18 18:00:00,4.08,0,synth_hospital seed 20260927,,2026-09-25T00:00:00Z,SYNTH
ABLK,2026-04-19 00:00:00,4.86,0,synth_hospital seed 20260927,,2026-09-25T00:00:00Z,SYNTH
ABLK,2026-04-19 06:00:00,4.67,0,synth_hospital seed 20260927,,2026-09-25T00:00:00Z,SYNTH
ABLK,2026-04-19 12:00:00,4.22,0,synth_hospital seed 20260927,,2026-09-25T00:00:00Z,SYNTH
ABLK,2026-04-19 18:00:00,4.69,0,synth_hospital seed 20260927,,2026-09-25T00:00:00Z,SYNTH
ABLK,2026-04-20 00:00:00,4.55,0,synth_hospital seed 20260927,,2026-09-25T00:00:00Z,SYNTH
ABLK,2026-04-20 06:00:00,5.37,0,synth_hospital seed 20260927,,2026-09-25T00:00:00Z,SYNTH
ABLK,2026-04-20 12:00:00,5.79,0,synth_hospital seed 20260927,,2026-09-25T00:00:00Z,SYNTH
ABLK,2026-04-20 18:00:00,6.22,0,synth_hospital seed 20260927,,2026-09-25T00:00:00Z,SYNTH
ABLK,2026-04-21 00:00:00,4.31,0,synth_hospital seed 20260927,,2026-09-25T00:00:00Z,SYNTH
ABLK,2026-04-21 06:00:00,5.32,0,synth_hospital seed 20260927,,2026-09-25T00:00:00Z,SYNTH
ABLK,2026-04-21 12:00:00,5.63,0,synth_hospital seed 20260927,,2026-09-25T00:00:00Z,SYNTH
ABLK,2026-04-21 18:00:00,3.88,0,synth_hospital seed 20260927,,2026-09-25T00:00:00Z,SYNTH
ABLK,2026-04-22 00:00:00,4.64,0,synth_hospital seed 20260927,,2026-09-25T00:00:00Z,SYNTH
ABLK,2026-04-22 06:00:00,5.01,0,synth_hospital seed 20260927,,2026-09-25T00:00:00Z,SYNTH
ABLK,2026-04-22 12:00:00,6.13,0,synth_hospital seed 20260927,,2026-09-25T00:00:00Z,SYNTH
ABLK,2026-04-22 18:00:00,4.69,0,synth_hospital seed 20260927,,2026-09-25T00:00:00Z,SYNTH
ABLK,2026-04-23 00:00:00,5.54,0,synth_hospital seed 20260927,,2026-09-25T00:00:00Z,SYNTH
ABLK,2026-04-23 06:00:00,4.49,0,synth_hospital seed 20260927,,2026-09-25T00:00:00Z,SYNTH
ABLK,2026-04-23 12:00:00,3.97,0,synth_hospital seed 20260927,,2026-09-25T00:00:00Z,SYNTH
ABLK,2026-04-23 18:00:00,4.37,0,synth_hospital seed 20260927,,2026-09-25T00:00:00Z,SYNTH
ABLK,2026-04-24 00:00:00,4.62,0,synth_hospital seed 20260927,,2026-09-25T00:00:00Z,SYNTH
ABLK,2026-04-24 06:00:00,4.43,0,synth_hospital seed 20260927,,2026-09-25T00:00:00Z,SYNTH
ABLK,2026-04-24 12:00:00,5.22,0,synth_hospital seed 20260927,,2026-09-25T00:00:00Z,SYNTH
ABLK,2026-04-24 18:00:00,5.3,0,synth_hospital seed 20260927,,2026-09-25T00:00:00Z,SYNTH
ABLK,2026-04-25 00:00:00,4.64,0,synth_hospital seed 20260927,,2026-09-25T00:00:00Z,SYNTH
ABLK,2026-04-25 06:00:00,4.86,0,synth_hospital seed 20260927,,2026-09-25T00:00:00Z,SYNTH
ABLK,2026-04-25 12:00:00,4.7,0,synth_hospital seed 20260927,,2026-09-25T00:00:00Z,SYNTH
ABLK,2026-04-25 18:00:00,4.51,0,synth_hospital seed 20260927,,2026-09-25T00:00:00Z,SYNTH
ABLK,2026-04-26 00:00:00,5.37,0,synth_hospital seed 20260927,,2026-09-25T00:00:00Z,SYNTH
ABLK,2026-04-26 06:00:00,5.15,0,synth_hospital seed 20260927,,2026-09-25T00:00:00Z,SYNTH
ABLK,2026-04-26 12:00:00,5.39,0,synth_hospital seed 20260927,,2026-09-25T00:00:00Z,SYNTH
ABLK,2026-04-26 18:00:00,5.99,0,synth_hospital seed 20260927,,2026-09-25T00:00:00Z,SYNTH
ABLK,2026-04-27 00:00:00,5.05,0,synth_hospital seed 20260927,,2026-09-25T00:00:00Z,SYNTH
ABLK,2026-04-27 06:00:00,4.3,0,synth_hospital seed 20260927,,2026-09-25T00:00:00Z,SYNTH
ABLK,2026-04-27 12:00:00,4.61,0,synth_hospital seed 20260927,,2026-09-25T00:00:00Z,SYNTH
ABLK,2026-04-27 18:00:00,4.9,0,synth_hospital seed 20260927,,2026-09-25T00:00:00Z,SYNTH
ABLK,2026-04-28 00:00:00,4.79,0,synth_hospital seed 20260927,,2026-09-25T00:00:00Z,SYNTH
ABLK,2026-04-28 06:00:00,4.55,0,synth_hospital seed 20260927,,2026-09-25T00:00:00Z,SYNTH
ABLK,2026-04-28 12:00:00,3.0,0,synth_hospital seed 20260927,,2026-09-25T00:00:00Z,SYNTH
ABLK,2026-04-28 18:00:00,4.65,0,synth_hospital seed 20260927,,2026-09-25T00:00:00Z,SYNTH
ABLK,2026-04-29 00:00:00,6.75,0,synth_hospital seed 20260927,,2026-09-25T00:00:00Z,SYNTH
ABLK,2026-04-29 06:00:00,4.41,0,synth_hospital seed 20260927,,2026-09-25T00:00:00Z,SYNTH
ABLK,2026-04-29 12:00:00,4.59,0,synth_hospital seed 20260927,,2026-09-25T00:00:00Z,SYNTH
ABLK,2026-04-29 18:00:00,4.27,0,synth_hospital seed 20260927,,2026-09-25T00:00:00Z,SYNTH
ABLK,2026-04-30 00:00:00,5.38,0,synth_hospital seed 20260927,,2026-09-25T00:00:00Z,SYNTH
ABLK,2026-04-30 06:00:00,4.25,0,synth_hospital seed 20260927,,2026-09-25T00:00:00Z,SYNTH
ABLK,2026-04-30 12:00:00,5.42,0,synth_hospital seed 20260927,,2026-09-25T00:00:00Z,SYNTH
ABLK,2026-04-30 18:00:00,5.46,0,synth_hospital seed 20260927,,2026-09-25T00:00:00Z,SYNTH
ABLK,2026-05-01 00:00:00,4.3,0,synth_hospital seed 20260927,,2026-09-25T00:00:00Z,SYNTH
ABLK,2026-05-01 06:00:00,4.92,0,synth_hospital seed 20260927,,2026-09-25T00:00:00Z,SYNTH
ABLK,2026-05-01 12:00:00,5.02,0,synth_hospital seed 20260927,,2026-09-25T00:00:00Z,SYNTH
ABLK,2026-05-01 18:00:00,6.6,0,synth_hospital seed 20260927,,2026-09-25T00:00:00Z,SYNTH
ABLK,2026-05-02 00:00:00,5.25,0,synth_hospital seed 20260927,,2026-09-25T00:00:00Z,SYNTH
ABLK,2026-05-02 06:00:00,5.39,0,synth_hospital seed 20260927,,2026-09-25T00:00:00Z,SYNTH
ABLK,2026-05-02 12:00:00,5.49,0,synth_hospital seed 20260927,,2026-09-25T00:00:00Z,SYNTH
ABLK,2026-05-02 18:00:00,4.45,0,synth_hospital seed 20260927,,2026-09-25T00:00:00Z,SYNTH
ABLK,2026-05-03 00:00:00,5.64,0,synth_hospital seed 20260927,,2026-09-25T00:00:00Z,SYNTH
ABLK,2026-05-03 06:00:00,5.02,0,synth_hospital seed 20260927,,2026-09-25T00:00:00Z,SYNTH
ABLK,2026-05-03 12:00:00,5.12,0,synth_hospital seed 20260927,,2026-09-25T00:00:00Z,SYNTH
ABLK,2026-05-03 18:00:00,3.71,0,synth_hospital seed 20260927,,2026-09-25T00:00:00Z,SYNTH
ABLK,2026-05-04 00:00:00,6.77,0,synth_hospital seed 20260927,,2026-09-25T00:00:00Z,SYNTH
ABLK,2026-05-04 06:00:00,4.48,0,synth_hospital seed 20260927,,2026-09-25T00:00:00Z,SYNTH
ABLK,2026-05-04 12:00:00,5.28,0,synth_hospital seed 20260927,,2026-09-25T00:00:00Z,SYNTH
ABLK,2026-05-04 18:00:00,4.68,0,synth_hospital seed 20260927,,2026-09-25T00:00:00Z,SYNTH
ABLK,2026-05-05 00:00:00,4.84,0,synth_hospital seed 20260927,,2026-09-25T00:00:00Z,SYNTH
ABLK,2026-05-05 06:00:00,4.91,0,synth_hospital seed 20260927,,2026-09-25T00:00:00Z,SYNTH
ABLK,2026-05-05 12:00:00,4.3,0,synth_hospital seed 20260927,,2026-09-25T00:00:00Z,SYNTH
ABLK,2026-05-05 18:00:00,5.57,0,synth_hospital seed 20260927,,2026-09-25T00:00:00Z,SYNTH
ABLK,2026-05-06 00:00:00,5.49,0,synth_hospital seed 20260927,,2026-09-25T00:00:00Z,SYNTH
ABLK,2026-05-06 06:00:00,5.76,0,synth_hospital seed 20260927,,2026-09-25T00:00:00Z,SYNTH
ABLK,2026-05-06 12:00:00,5.03,0,synth_hospital seed 20260927,,2026-09-25T00:00:00Z,SYNTH
ABLK,2026-05-06 18:00:00,4.74,0,synth_hospital seed 20260927,,2026-09-25T00:00:00Z,SYNTH
ABLK,2026-05-07 00:00:00,4.37,0,synth_hospital seed 20260927,,2026-09-25T00:00:00Z,SYNTH
ABLK,2026-05-07 06:00:00,3.97,0,synth_hospital seed 20260927,,2026-09-25T00:00:00Z,SYNTH
ABLK,2026-05-07 12:00:00,5.07,0,synth_hospital seed 20260927,,2026-09-25T00:00:00Z,SYNTH
ABLK,2026-05-07 18:00:00,4.61,0,synth_hospital seed 20260927,,2026-09-25T00:00:00Z,SYNTH
ABLK,2026-05-08 00:00:00,4.75,0,synth_hospital seed 20260927,,2026-09-25T00:00:00Z,SYNTH
ABLK,2026-05-08 06:00:00,4.58,0,synth_hospital seed 20260927,,2026-09-25T00:00:00Z,SYNTH
ABLK,2026-05-08 12:00:00,6.08,0,synth_hospital seed 20260927,,2026-09-25T00:00:00Z,SYNTH
ABLK,2026-05-08 18:00:00,6.28,0,synth_hospital seed 20260927,,2026-09-25T00:00:00Z,SYNTH
ABLK,2026-05-09 00:00:00,5.69,0,synth_hospital seed 20260927,,2026-09-25T00:00:00Z,SYNTH
ABLK,2026-05-09 06:00:00,4.75,0,synth_hospital seed 20260927,,2026-09-25T00:00:00Z,SYNTH
ABLK,2026-05-09 12:00:00,4.85,0,synth_hospital seed 20260927,,2026-09-25T00:00:00Z,SYNTH
ABLK,2026-05-09 18:00:00,6.64,0,synth_hospital seed 20260927,,2026-09-25T00:00:00Z,SYNTH
ABLK,2026-05-10 00:00:00,5.37,0,synth_hospital seed 20260927,,2026-09-25T00:00:00Z,SYNTH
ABLK,2026-05-10 06:00:00,4.64,0,synth_hospital seed 20260927,,2026-09-25T00:00:00Z,SYNTH
ABLK,2026-05-10 12:00:00,4.87,0,synth_hospital seed 20260927,,2026-09-25T00:00:00Z,SYNTH
ABLK,2026-05-10 18:00:00,4.12,0,synth_hospital seed 20260927,,2026-09-25T00:00:00Z,SYNTH
ABLK,2026-05-11 00:00:00,5.29,0,synth_hospital seed 20260927,,2026-09-25T00:00:00Z,SYNTH
ABLK,2026-05-11 06:00:00,5.06,0,synth_hospital seed 20260927,,2026-09-25T00:00:00Z,SYNTH
ABLK,2026-05-11 12:00:00,5.4,0,synth_hospital seed 20260927,,2026-09-25T00:00:00Z,SYNTH
ABLK,2026-05-11 18:00:00,5.62,0,synth_hospital seed 20260927,,2026-09-25T00:00:00Z,SYNTH
ABLK,2026-05-12 00:00:00,5.6,0,synth_hospital seed 20260927,,2026-09-25T00:00:00Z,SYNTH
ABLK,2026-05-12 06:00:00,5.57,0,synth_hospital seed 20260927,,2026-09-25T00:00:00Z,SYNTH
ABLK,2026-05-12 12:00:00,5.07,0,synth_hospital seed 20260927,,2026-09-25T00:00:00Z,SYNTH
ABLK,2026-05-12 18:00:00,5.57,0,synth_hospital seed 20260927,,2026-09-25T00:00:00Z,SYNTH
ABLK,2026-05-13 00:00:00,6.5,0,synth_hospital seed 20260927,,2026-09-25T00:00:00Z,SYNTH
ABLK,2026-05-13 06:00:00,4.37,0,synth_hospital seed 20260927,,2026-09-25T00:00:00Z,SYNTH
ABLK,2026-05-13 12:00:00,4.87,0,synth_hospital seed 20260927,,2026-09-25T00:00:00Z,SYNTH
ABLK,2026-05-13 18:00:00,4.94,0,synth_hospital seed 20260927,,2026-09-25T00:00:00Z,SYNTH
ABLK,2026-05-14 00:00:00,5.88,0,synth_hospital seed 20260927,,2026-09-25T00:00:00Z,SYNTH
ABLK,2026-05-14 06:00:00,3.99,0,synth_hospital seed 20260927,,2026-09-25T00:00:00Z,SYNTH
ABLK,2026-05-14 12:00:00,4.79,0,synth_hospital seed 20260927,,2026-09-25T00:00:00Z,SYNTH
ABLK,2026-05-14 18:00:00,3.64,0,synth_hospital seed 20260927,,2026-09-25T00:00:00Z,SYNTH
ABLK,2026-05-15 00:00:00,6.51,0,synth_hospital seed 20260927,,2026-09-25T00:00:00Z,SYNTH
ABLK,2026-05-15 06:00:00,4.89,0,synth_hospital seed 20260927,,2026-09-25T00:00:00Z,SYNTH
ABLK,2026-05-15 12:00:00,5.31,0,synth_hospital seed 20260927,,2026-09-25T00:00:00Z,SYNTH
ABLK,2026-05-15 18:00:00,5.0,0,synth_hospital seed 20260927,,2026-09-25T00:00:00Z,SYNTH
ABLK,2026-05-16 00:00:00,5.15,0,synth_hospital seed 20260927,,2026-09-25T00:00:00Z,SYNTH
ABLK,2026-05-16 06:00:00,4.9,0,synth_hospital seed 20260927,,2026-09-25T00:00:00Z,SYNTH
ABLK,2026-05-16 12:00:00,5.68,0,synth_hospital seed 20260927,,2026-09-25T00:00:00Z,SYNTH
ABLK,2026-05-16 18:00:00,4.52,0,synth_hospital seed 20260927,,2026-09-25T00:00:00Z,SYNTH
ABLK,2026-05-17 00:00:00,5.09,0,synth_hospital seed 20260927,,2026-09-25T00:00:00Z,SYNTH
ABLK,2026-05-17 06:00:00,5.03,0,synth_hospital seed 20260927,,2026-09-25T00:00:00Z,SYNTH
ABLK,2026-05-17 12:00:00,5.21,0,synth_hospital seed 20260927,,2026-09-25T00:00:00Z,SYNTH
ABLK,2026-05-17 18:00:00,5.09,0,synth_hospital seed 20260927,,2026-09-25T00:00:00Z,SYNTH
ABLK,2026-05-18 00:00:00,3.13,0,synth_hospital seed 20260927,,2026-09-25T00:00:00Z,SYNTH
ABLK,2026-05-18 06:00:00,3.73,0,synth_hospital seed 20260927,,2026-09-25T00:00:00Z,SYNTH
ABLK,2026-05-18 12:00:00,5.63,0,synth_hospital seed 20260927,,2026-09-25T00:00:00Z,SYNTH
ABLK,2026-05-18 18:00:00,4.24,0,synth_hospital seed 20260927,,2026-09-25T00:00:00Z,SYNTH
ABLK,2026-05-19 00:00:00,4.95,0,synth_hospital seed 20260927,,2026-09-25T00:00:00Z,SYNTH
ABLK,2026-05-19 06:00:00,6.06,0,synth_hospital seed 20260927,,2026-09-25T00:00:00Z,SYNTH
ABLK,2026-05-19 12:00:00,6.07,0,synth_hospital seed 20260927,,2026-09-25T00:00:00Z,SYNTH
ABLK,2026-05-19 18:00:00,4.89,0,synth_hospital seed 20260927,,2026-09-25T00:00:00Z,SYNTH
ABLK,2026-05-20 00:00:00,5.46,0,synth_hospital seed 20260927,,2026-09-25T00:00:00Z,SYNTH
ABLK,2026-05-20 06:00:00,5.55,0,synth_hospital seed 20260927,,2026-09-25T00:00:00Z,SYNTH
ABLK,2026-05-20 12:00:00,5.15,0,synth_hospital seed 20260927,,2026-09-25T00:00:00Z,SYNTH
ABLK,2026-05-20 18:00:00,5.58,0,synth_hospital seed 20260927,,2026-09-25T00:00:00Z,SYNTH
ABLK,2026-05-21 00:00:00,4.23,0,synth_hospital seed 20260927,,2026-09-25T00:00:00Z,SYNTH
ABLK,2026-05-21 06:00:00,5.29,0,synth_hospital seed 20260927,,2026-09-25T00:00:00Z,SYNTH
ABLK,2026-05-21 12:00:00,4.0,0,synth_hospital seed 20260927,,2026-09-25T00:00:00Z,SYNTH
ABLK,2026-05-21 18:00:00,3.83,0,synth_hospital seed 20260927,,2026-09-25T00:00:00Z,SYNTH
ABLK,2026-05-22 00:00:00,4.53,0,synth_hospital seed 20260927,,2026-09-25T00:00:00Z,SYNTH
ABLK,2026-05-22 06:00:00,5.78,0,synth_hospital seed 20260927,,2026-09-25T00:00:00Z,SYNTH
ABLK,2026-05-22 12:00:00,5.56,0,synth_hospital seed 20260927,,2026-09-25T00:00:00Z,SYNTH
ABLK,2026-05-22 18:00:00,5.16,0,synth_hospital seed 20260927,,2026-09-25T00:00:00Z,SYNTH
ABLK,2026-05-23 00:00:00,4.21,0,synth_hospital seed 20260927,,2026-09-25T00:00:00Z,SYNTH
ABLK,2026-05-23 06:00:00,5.32,0,synth_hospital seed 20260927,,2026-09-25T00:00:00Z,SYNTH
ABLK,2026-05-23 12:00:00,4.89,0,synth_hospital seed 20260927,,2026-09-25T00:00:00Z,SYNTH
ABLK,2026-05-23 18:00:00,4.25,0,synth_hospital seed 20260927,,2026-09-25T00:00:00Z,SYNTH
ABLK,2026-05-24 00:00:00,5.95,0,synth_hospital seed 20260927,,2026-09-25T00:00:00Z,SYNTH
ABLK,2026-05-24 06:00:00,5.25,0,synth_hospital seed 20260927,,2026-09-25T00:00:00Z,SYNTH
ABLK,2026-05-24 12:00:00,5.4,0,synth_hospital seed 20260927,,2026-09-25T00:00:00Z,SYNTH
ABLK,2026-05-24 18:00:00,5.16,0,synth_hospital seed 20260927,,2026-09-25T00:00:00Z,SYNTH
ABLK,2026-05-25 00:00:00,4.61,0,synth_hospital seed 20260927,,2026-09-25T00:00:00Z,SYNTH
ABLK,2026-05-25 06:00:00,5.6,0,synth_hospital seed 20260927,,2026-09-25T00:00:00Z,SYNTH
ABLK,2026-05-25 12:00:00,5.86,0,synth_hospital seed 20260927,,2026-09-25T00:00:00Z,SYNTH
ABLK,2026-05-25 18:00:00,5.05,0,synth_hospital seed 20260927,,2026-09-25T00:00:00Z,SYNTH
ABLK,2026-05-26 00:00:00,4.85,0,synth_hospital seed 20260927,,2026-09-25T00:00:00Z,SYNTH
ABLK,2026-05-26 06:00:00,4.98,0,synth_hospital seed 20260927,,2026-09-25T00:00:00Z,SYNTH
ABLK,2026-05-26 12:00:00,4.62,0,synth_hospital seed 20260927,,2026-09-25T00:00:00Z,SYNTH
ABLK,2026-05-26 18:00:00,4.41,0,synth_hospital seed 20260927,,2026-09-25T00:00:00Z,SYNTH
ABLK,2026-05-27 00:00:00,5.86,0,synth_hospital seed 20260927,,2026-09-25T00:00:00Z,SYNTH
ABLK,2026-05-27 06:00:00,4.68,0,synth_hospital seed 20260927,,2026-09-25T00:00:00Z,SYNTH
ABLK,2026-05-27 12:00:00,5.86,0,synth_hospital seed 20260927,,2026-09-25T00:00:00Z,SYNTH
ABLK,2026-05-27 18:00:00,5.4,0,synth_hospital seed 20260927,,2026-09-25T00:00:00Z,SYNTH
ABLK,2026-05-28 00:00:00,4.31,0,synth_hospital seed 20260927,,2026-09-25T00:00:00Z,SYNTH
ABLK,2026-05-28 06:00:00,4.77,0,synth_hospital seed 20260927,,2026-09-25T00:00:00Z,SYNTH
ABLK,2026-05-28 12:00:00,4.81,0,synth_hospital seed 20260927,,2026-09-25T00:00:00Z,SYNTH
ABLK,2026-05-28 18:00:00,5.13,0,synth_hospital seed 20260927,,2026-09-25T00:00:00Z,SYNTH
ABLK,2026-05-29 00:00:00,5.41,0,synth_hospital seed 20260927,,2026-09-25T00:00:00Z,SYNTH
ABLK,2026-05-29 06:00:00,5.18,0,synth_hospital seed 20260927,,2026-09-25T00:00:00Z,SYNTH
ABLK,2026-05-29 12:00:00,4.4,0,synth_hospital seed 20260927,,2026-09-25T00:00:00Z,SYNTH
ABLK,2026-05-29 18:00:00,4.26,0,synth_hospital seed 20260927,,2026-09-25T00:00:00Z,SYNTH
ABLK,2026-05-30 00:00:00,4.19,0,synth_hospital seed 20260927,,2026-09-25T00:00:00Z,SYNTH
ABLK,2026-05-30 06:00:00,4.56,0,synth_hospital seed 20260927,,2026-09-25T00:00:00Z,SYNTH
ABLK,2026-05-30 12:00:00,5.34,0,synth_hospital seed 20260927,,2026-09-25T00:00:00Z,SYNTH
ABLK,2026-05-30 18:00:00,5.3,0,synth_hospital seed 20260927,,2026-09-25T00:00:00Z,SYNTH
ABLK,2026-05-31 00:00:00,5.26,0,synth_hospital seed 20260927,,2026-09-25T00:00:00Z,SYNTH
ABLK,2026-05-31 06:00:00,6.65,0,synth_hospital seed 20260927,,2026-09-25T00:00:00Z,SYNTH
ABLK,2026-05-31 12:00:00,5.03,0,synth_hospital seed 20260927,,2026-09-25T00:00:00Z,SYNTH
ABLK,2026-05-31 18:00:00,6.53,0,synth_hospital seed 20260927,,2026-09-25T00:00:00Z,SYNTH
ABLK,2026-06-01 00:00:00,5.18,0,synth_hospital seed 20260927,,2026-09-25T00:00:00Z,SYNTH
ABLK,2026-06-01 06:00:00,5.8,0,synth_hospital seed 20260927,,2026-09-25T00:00:00Z,SYNTH
ABLK,2026-06-01 12:00:00,3.67,0,synth_hospital seed 20260927,,2026-09-25T00:00:00Z,SYNTH
ABLK,2026-06-01 18:00:00,4.42,0,synth_hospital seed 20260927,,2026-09-25T00:00:00Z,SYNTH
ABLK,2026-06-02 00:00:00,5.42,0,synth_hospital seed 20260927,,2026-09-25T00:00:00Z,SYNTH
ABLK,2026-06-02 06:00:00,3.89,0,synth_hospital seed 20260927,,2026-09-25T00:00:00Z,SYNTH
ABLK,2026-06-02 12:00:00,5.83,0,synth_hospital seed 20260927,,2026-09-25T00:00:00Z,SYNTH
ABLK,2026-06-02 18:00:00,4.08,0,synth_hospital seed 20260927,,2026-09-25T00:00:00Z,SYNTH
ABLK,2026-06-03 00:00:00,3.84,0,synth_hospital seed 20260927,,2026-09-25T00:00:00Z,SYNTH
ABLK,2026-06-03 06:00:00,4.97,0,synth_hospital seed 20260927,,2026-09-25T00:00:00Z,SYNTH
ABLK,2026-06-03 12:00:00,4.72,0,synth_hospital seed 20260927,,2026-09-25T00:00:00Z,SYNTH
ABLK,2026-06-03 18:00:00,5.97,0,synth_hospital seed 20260927,,2026-09-25T00:00:00Z,SYNTH
ABLK,2026-06-04 00:00:00,5.36,0,synth_hospital seed 20260927,,2026-09-25T00:00:00Z,SYNTH
ABLK,2026-06-04 06:00:00,5.76,0,synth_hospital seed 20260927,,2026-09-25T00:00:00Z,SYNTH
ABLK,2026-06-04 12:00:00,5.56,0,synth_hospital seed 20260927,,2026-09-25T00:00:00Z,SYNTH
ABLK,2026-06-04 18:00:00,5.83,0,synth_hospital seed 20260927,,2026-09-25T00:00:00Z,SYNTH
ABLK,2026-06-05 00:00:00,5.22,0,synth_hospital seed 20260927,,2026-09-25T00:00:00Z,SYNTH
ABLK,2026-06-05 06:00:00,3.2,0,synth_hospital seed 20260927,,2026-09-25T00:00:00Z,SYNTH
ABLK,2026-06-05 12:00:00,4.78,0,synth_hospital seed 20260927,,2026-09-25T00:00:00Z,SYNTH
ABLK,2026-06-05 18:00:00,5.95,0,synth_hospital seed 20260927,,2026-09-25T00:00:00Z,SYNTH
ABLK,2026-06-06 00:00:00,5.31,0,synth_hospital seed 20260927,,2026-09-25T00:00:00Z,SYNTH
ABLK,2026-06-06 06:00:00,4.85,0,synth_hospital seed 20260927,,2026-09-25T00:00:00Z,SYNTH
ABLK,2026-06-06 12:00:00,4.9,0,synth_hospital seed 20260927,,2026-09-25T00:00:00Z,SYNTH
ABLK,2026-06-06 18:00:00,3.95,0,synth_hospital seed 20260927,,2026-09-25T00:00:00Z,SYNTH
ABLK,2026-06-07 00:00:00,5.1,0,synth_hospital seed 20260927,,2026-09-25T00:00:00Z,SYNTH
ABLK,2026-06-07 06:00:00,4.63,0,synth_hospital seed 20260927,,2026-09-25T00:00:00Z,SYNTH
ABLK,2026-06-07 12:00:00,4.51,0,synth_hospital seed 20260927,,2026-09-25T00:00:00Z,SYNTH
ABLK,2026-06-07 18:00:00,6.09,0,synth_hospital seed 20260927,,2026-09-25T00:00:00Z,SYNTH
ABLK,2026-06-08 00:00:00,4.45,0,synth_hospital seed 20260927,,2026-09-25T00:00:00Z,SYNTH
ABLK,2026-06-08 06:00:00,5.89,0,synth_hospital seed 20260927,,2026-09-25T00:00:00Z,SYNTH
ABLK,2026-06-08 12:00:00,5.11,0,synth_hospital seed 20260927,,2026-09-25T00:00:00Z,SYNTH
ABLK,2026-06-08 18:00:00,5.09,0,synth_hospital seed 20260927,,2026-09-25T00:00:00Z,SYNTH
ABLK,2026-06-09 00:00:00,3.58,0,synth_hospital seed 20260927,,2026-09-25T00:00:00Z,SYNTH
ABLK,2026-06-09 06:00:00,4.48,0,synth_hospital seed 20260927,,2026-09-25T00:00:00Z,SYNTH
ABLK,2026-06-09 12:00:00,4.24,0,synth_hospital seed 20260927,,2026-09-25T00:00:00Z,SYNTH
ABLK,2026-06-09 18:00:00,5.22,0,synth_hospital seed 20260927,,2026-09-25T00:00:00Z,SYNTH
ABLK,2026-06-10 00:00:00,5.09,0,synth_hospital seed 20260927,,2026-09-25T00:00:00Z,SYNTH
ABLK,2026-06-10 06:00:00,4.51,0,synth_hospital seed 20260927,,2026-09-25T00:00:00Z,SYNTH
ABLK,2026-06-10 12:00:00,5.21,0,synth_hospital seed 20260927,,2026-09-25T00:00:00Z,SYNTH
ABLK,2026-06-10 18:00:00,5.35,0,synth_hospital seed 20260927,,2026-09-25T00:00:00Z,SYNTH
ABLK,2026-06-11 00:00:00,4.45,0,synth_hospital seed 20260927,,2026-09-25T00:00:00Z,SYNTH
ABLK,2026-06-11 06:00:00,4.84,0,synth_hospital seed 20260927,,2026-09-25T00:00:00Z,SYNTH
ABLK,2026-06-11 12:00:00,4.87,0,synth_hospital seed 20260927,,2026-09-25T00:00:00Z,SYNTH
ABLK,2026-06-11 18:00:00,4.65,0,synth_hospital seed 20260927,,2026-09-25T00:00:00Z,SYNTH
ABLK,2026-06-12 00:00:00,3.53,0,synth_hospital seed 20260927,,2026-09-25T00:00:00Z,SYNTH
ABLK,2026-06-12 06:00:00,4.24,0,synth_hospital seed 20260927,,2026-09-25T00:00:00Z,SYNTH
ABLK,2026-06-12 12:00:00,5.17,0,synth_hospital seed 20260927,,2026-09-25T00:00:00Z,SYNTH
ABLK,2026-06-12 18:00:00,5.2,0,synth_hospital seed 20260927,,2026-09-25T00:00:00Z,SYNTH
ABLK,2026-06-13 00:00:00,4.91,0,synth_hospital seed 20260927,,2026-09-25T00:00:00Z,SYNTH
ABLK,2026-06-13 06:00:00,3.96,0,synth_hospital seed 20260927,,2026-09-25T00:00:00Z,SYNTH
ABLK,2026-06-13 12:00:00,6.01,0,synth_hospital seed 20260927,,2026-09-25T00:00:00Z,SYNTH
ABLK,2026-06-13 18:00:00,3.23,0,synth_hospital seed 20260927,,2026-09-25T00:00:00Z,SYNTH
ABLK,2026-06-14 00:00:00,5.98,0,synth_hospital seed 20260927,,2026-09-25T00:00:00Z,SYNTH
ABLK,2026-06-14 06:00:00,4.5,0,synth_hospital seed 20260927,,2026-09-25T00:00:00Z,SYNTH
ABLK,2026-06-14 12:00:00,5.7,0,synth_hospital seed 20260927,,2026-09-25T00:00:00Z,SYNTH
ABLK,2026-06-14 18:00:00,4.95,0,synth_hospital seed 20260927,,2026-09-25T00:00:00Z,SYNTH
ABLK,2026-06-15 00:00:00,4.7,0,synth_hospital seed 20260927,,2026-09-25T00:00:00Z,SYNTH
ABLK,2026-06-15 06:00:00,5.1,0,synth_hospital seed 20260927,,2026-09-25T00:00:00Z,SYNTH
ABLK,2026-06-15 12:00:00,4.59,0,synth_hospital seed 20260927,,2026-09-25T00:00:00Z,SYNTH
ABLK,2026-06-15 18:00:00,5.95,0,synth_hospital seed 20260927,,2026-09-25T00:00:00Z,SYNTH
ABLK,2026-06-16 00:00:00,4.54,0,synth_hospital seed 20260927,,2026-09-25T00:00:00Z,SYNTH
ABLK,2026-06-16 06:00:00,5.48,0,synth_hospital seed 20260927,,2026-09-25T00:00:00Z,SYNTH
ABLK,2026-06-16 12:00:00,5.3,0,synth_hospital seed 20260927,,2026-09-25T00:00:00Z,SYNTH
ABLK,2026-06-16 18:00:00,5.38,0,synth_hospital seed 20260927,,2026-09-25T00:00:00Z,SYNTH
ABLK,2026-06-17 00:00:00,4.77,0,synth_hospital seed 20260927,,2026-09-25T00:00:00Z,SYNTH
ABLK,2026-06-17 06:00:00,5.29,0,synth_hospital seed 20260927,,2026-09-25T00:00:00Z,SYNTH
ABLK,2026-06-17 12:00:00,6.33,0,synth_hospital seed 20260927,,2026-09-25T00:00:00Z,SYNTH
ABLK,2026-06-17 18:00:00,3.71,0,synth_hospital seed 20260927,,2026-09-25T00:00:00Z,SYNTH
ABLK,2026-06-18 00:00:00,4.38,0,synth_hospital seed 20260927,,2026-09-25T00:00:00Z,SYNTH
ABLK,2026-06-18 06:00:00,6.31,0,synth_hospital seed 20260927,,2026-09-25T00:00:00Z,SYNTH
ABLK,2026-06-18 12:00:00,3.91,0,synth_hospital seed 20260927,,2026-09-25T00:00:00Z,SYNTH
ABLK,2026-06-18 18:00:00,4.95,0,synth_hospital seed 20260927,,2026-09-25T00:00:00Z,SYNTH
ABLK,2026-06-19 00:00:00,5.42,0,synth_hospital seed 20260927,,2026-09-25T00:00:00Z,SYNTH
ABLK,2026-06-19 06:00:00,4.74,0,synth_hospital seed 20260927,,2026-09-25T00:00:00Z,SYNTH
ABLK,2026-06-19 12:00:00,5.01,0,synth_hospital seed 20260927,,2026-09-25T00:00:00Z,SYNTH
ABLK,2026-06-19 18:00:00,5.16,0,synth_hospital seed 20260927,,2026-09-25T00:00:00Z,SYNTH
ABLK,2026-06-20 00:00:00,4.95,0,synth_hospital seed 20260927,,2026-09-25T00:00:00Z,SYNTH
ABLK,2026-06-20 06:00:00,4.47,0,synth_hospital seed 20260927,,2026-09-25T00:00:00Z,SYNTH
ABLK,2026-06-20 12:00:00,4.55,0,synth_hospital seed 20260927,,2026-09-25T00:00:00Z,SYNTH
ABLK,2026-06-20 18:00:00,4.7,0,synth_hospital seed 20260927,,2026-09-25T00:00:00Z,SYNTH
ABLK,2026-06-21 00:00:00,4.22,0,synth_hospital seed 20260927,,2026-09-25T00:00:00Z,SYNTH
ABLK,2026-06-21 06:00:00,4.49,0,synth_hospital seed 20260927,,2026-09-25T00:00:00Z,SYNTH
ABLK,2026-06-21 12:00:00,4.48,0,synth_hospital seed 20260927,,2026-09-25T00:00:00Z,SYNTH
ABLK,2026-06-21 18:00:00,6.08,0,synth_hospital seed 20260927,,2026-09-25T00:00:00Z,SYNTH
ABLK,2026-06-22 00:00:00,4.85,0,synth_hospital seed 20260927,,2026-09-25T00:00:00Z,SYNTH
ABLK,2026-06-22 06:00:00,5.41,0,synth_hospital seed 20260927,,2026-09-25T00:00:00Z,SYNTH
ABLK,2026-06-22 12:00:00,5.66,0,synth_hospital seed 20260927,,2026-09-25T00:00:00Z,SYNTH
ABLK,2026-06-22 18:00:00,4.68,0,synth_hospital seed 20260927,,2026-09-25T00:00:00Z,SYNTH
ABLK,2026-06-23 00:00:00,4.96,0,synth_hospital seed 20260927,,2026-09-25T00:00:00Z,SYNTH
ABLK,2026-06-23 06:00:00,5.61,0,synth_hospital seed 20260927,,2026-09-25T00:00:00Z,SYNTH
ABLK,2026-06-23 12:00:00,3.97,0,synth_hospital seed 20260927,,2026-09-25T00:00:00Z,SYNTH
ABLK,2026-06-23 18:00:00,5.06,0,synth_hospital seed 20260927,,2026-09-25T00:00:00Z,SYNTH
ABLK,2026-06-24 00:00:00,5.75,0,synth_hospital seed 20260927,,2026-09-25T00:00:00Z,SYNTH
ABLK,2026-06-24 06:00:00,5.78,0,synth_hospital seed 20260927,,2026-09-25T00:00:00Z,SYNTH
ABLK,2026-06-24 12:00:00,4.76,0,synth_hospital seed 20260927,,2026-09-25T00:00:00Z,SYNTH
ABLK,2026-06-24 18:00:00,4.3,0,synth_hospital seed 20260927,,2026-09-25T00:00:00Z,SYNTH
ABLK,2026-06-25 00:00:00,4.94,0,synth_hospital seed 20260927,,2026-09-25T00:00:00Z,SYNTH
ABLK,2026-06-25 06:00:00,4.81,0,synth_hospital seed 20260927,,2026-09-25T00:00:00Z,SYNTH
ABLK,2026-06-25 12:00:00,4.82,0,synth_hospital seed 20260927,,2026-09-25T00:00:00Z,SYNTH
ABLK,2026-06-25 18:00:00,5.89,0,synth_hospital seed 20260927,,2026-09-25T00:00:00Z,SYNTH
ABLK,2026-06-26 00:00:00,5.08,0,synth_hospital seed 20260927,,2026-09-25T00:00:00Z,SYNTH
ABLK,2026-06-26 06:00:00,5.13,0,synth_hospital seed 20260927,,2026-09-25T00:00:00Z,SYNTH
ABLK,2026-06-26 12:00:00,5.5,0,synth_hospital seed 20260927,,2026-09-25T00:00:00Z,SYNTH
ABLK,2026-06-26 18:00:00,4.85,0,synth_hospital seed 20260927,,2026-09-25T00:00:00Z,SYNTH
ABLK,2026-06-27 00:00:00,5.83,0,synth_hospital seed 20260927,,2026-09-25T00:00:00Z,SYNTH
ABLK,2026-06-27 06:00:00,4.11,0,synth_hospital seed 20260927,,2026-09-25T00:00:00Z,SYNTH
ABLK,2026-06-27 12:00:00,5.26,0,synth_hospital seed 20260927,,2026-09-25T00:00:00Z,SYNTH
ABLK,2026-06-27 18:00:00,4.52,0,synth_hospital seed 20260927,,2026-09-25T00:00:00Z,SYNTH
ABLK,2026-06-28 00:00:00,5.33,0,synth_hospital seed 20260927,,2026-09-25T00:00:00Z,SYNTH
ABLK,2026-06-28 06:00:00,4.88,0,synth_hospital seed 20260927,,2026-09-25T00:00:00Z,SYNTH
ABLK,2026-06-28 12:00:00,4.47,0,synth_hospital seed 20260927,,2026-09-25T00:00:00Z,SYNTH
ABLK,2026-06-28 18:00:00,4.55,0,synth_hospital seed 20260927,,2026-09-25T00:00:00Z,SYNTH
ABLK,2026-06-29 00:00:00,5.33,0,synth_hospital seed 20260927,,2026-09-25T00:00:00Z,SYNTH
ABLK,2026-06-29 06:00:00,5.46,0,synth_hospital seed 20260927,,2026-09-25T00:00:00Z,SYNTH
ABLK,2026-06-29 12:00:00,4.67,0,synth_hospital seed 20260927,,2026-09-25T00:00:00Z,SYNTH
ABLK,2026-06-29 18:00:00,4.37,0,synth_hospital seed 20260927,,2026-09-25T00:00:00Z,SYNTH
ABLK,2026-06-30 00:00:00,4.65,0,synth_hospital seed 20260927,,2026-09-25T00:00:00Z,SYNTH
ABLK,2026-06-30 06:00:00,4.92,0,synth_hospital seed 20260927,,2026-09-25T00:00:00Z,SYNTH
ABLK,2026-06-30 12:00:00,4.66,0,synth_hospital seed 20260927,,2026-09-25T00:00:00Z,SYNTH
ABLK,2026-06-30 18:00:00,4.78,0,synth_hospital seed 20260927,,2026-09-25T00:00:00Z,SYNTH
ABLK,2026-07-01 00:00:00,6.66,0,synth_hospital seed 20260927,,2026-09-25T00:00:00Z,SYNTH
ABLK,2026-07-01 06:00:00,4.09,0,synth_hospital seed 20260927,,2026-09-25T00:00:00Z,SYNTH
ABLK,2026-07-01 12:00:00,4.8,0,synth_hospital seed 20260927,,2026-09-25T00:00:00Z,SYNTH
ABLK,2026-07-01 18:00:00,5.37,0,synth_hospital seed 20260927,,2026-09-25T00:00:00Z,SYNTH
ABLK,2026-07-02 00:00:00,4.8,0,synth_hospital seed 20260927,,2026-09-25T00:00:00Z,SYNTH
ABLK,2026-07-02 06:00:00,5.12,0,synth_hospital seed 20260927,,2026-09-25T00:00:00Z,SYNTH
ABLK,2026-07-02 12:00:00,4.24,0,synth_hospital seed 20260927,,2026-09-25T00:00:00Z,SYNTH
ABLK,2026-07-02 18:00:00,5.1,0,synth_hospital seed 20260927,,2026-09-25T00:00:00Z,SYNTH
ABLK,2026-07-03 00:00:00,5.81,0,synth_hospital seed 20260927,,2026-09-25T00:00:00Z,SYNTH
ABLK,2026-07-03 06:00:00,5.18,0,synth_hospital seed 20260927,,2026-09-25T00:00:00Z,SYNTH
ABLK,2026-07-03 12:00:00,4.96,0,synth_hospital seed 20260927,,2026-09-25T00:00:00Z,SYNTH
ABLK,2026-07-03 18:00:00,5.52,0,synth_hospital seed 20260927,,2026-09-25T00:00:00Z,SYNTH
ABLK,2026-07-04 00:00:00,4.02,0,synth_hospital seed 20260927,,2026-09-25T00:00:00Z,SYNTH
ABLK,2026-07-04 06:00:00,4.78,0,synth_hospital seed 20260927,,2026-09-25T00:00:00Z,SYNTH
ABLK,2026-07-04 12:00:00,5.09,0,synth_hospital seed 20260927,,2026-09-25T00:00:00Z,SYNTH
ABLK,2026-07-04 18:00:00,5.25,0,synth_hospital seed 20260927,,2026-09-25T00:00:00Z,SYNTH
ABLK,2026-07-05 00:00:00,5.1,0,synth_hospital seed 20260927,,2026-09-25T00:00:00Z,SYNTH
ABLK,2026-07-05 06:00:00,5.08,0,synth_hospital seed 20260927,,2026-09-25T00:00:00Z,SYNTH
ABLK,2026-07-05 12:00:00,5.37,0,synth_hospital seed 20260927,,2026-09-25T00:00:00Z,SYNTH
ABLK,2026-07-05 18:00:00,4.4,0,synth_hospital seed 20260927,,2026-09-25T00:00:00Z,SYNTH
ABLK,2026-07-06 00:00:00,5.71,0,synth_hospital seed 20260927,,2026-09-25T00:00:00Z,SYNTH
ABLK,2026-07-06 06:00:00,4.76,0,synth_hospital seed 20260927,,2026-09-25T00:00:00Z,SYNTH
ABLK,2026-07-06 12:00:00,5.54,0,synth_hospital seed 20260927,,2026-09-25T00:00:00Z,SYNTH
ABLK,2026-07-06 18:00:00,6.0,0,synth_hospital seed 20260927,,2026-09-25T00:00:00Z,SYNTH
ABLK,2026-07-07 00:00:00,5.45,0,synth_hospital seed 20260927,,2026-09-25T00:00:00Z,SYNTH
ABLK,2026-07-07 06:00:00,5.04,0,synth_hospital seed 20260927,,2026-09-25T00:00:00Z,SYNTH
ABLK,2026-07-07 12:00:00,5.07,0,synth_hospital seed 20260927,,2026-09-25T00:00:00Z,SYNTH
ABLK,2026-07-07 18:00:00,4.06,0,synth_hospital seed 20260927,,2026-09-25T00:00:00Z,SYNTH
ABLK,2026-07-08 00:00:00,5.23,0,synth_hospital seed 20260927,,2026-09-25T00:00:00Z,SYNTH
ABLK,2026-07-08 06:00:00,4.99,0,synth_hospital seed 20260927,,2026-09-25T00:00:00Z,SYNTH
ABLK,2026-07-08 12:00:00,4.6,0,synth_hospital seed 20260927,,2026-09-25T00:00:00Z,SYNTH
ABLK,2026-07-08 18:00:00,5.89,0,synth_hospital seed 20260927,,2026-09-25T00:00:00Z,SYNTH
ABLK,2026-07-09 00:00:00,5.68,0,synth_hospital seed 20260927,,2026-09-25T00:00:00Z,SYNTH
ABLK,2026-07-09 06:00:00,4.58,0,synth_hospital seed 20260927,,2026-09-25T00:00:00Z,SYNTH
ABLK,2026-07-09 12:00:00,5.52,0,synth_hospital seed 20260927,,2026-09-25T00:00:00Z,SYNTH
ABLK,2026-07-09 18:00:00,4.12,0,synth_hospital seed 20260927,,2026-09-25T00:00:00Z,SYNTH
ABLK,2026-07-10 00:00:00,5.33,0,synth_hospital seed 20260927,,2026-09-25T00:00:00Z,SYNTH
ABLK,2026-07-10 06:00:00,5.1,0,synth_hospital seed 20260927,,2026-09-25T00:00:00Z,SYNTH
ABLK,2026-07-10 12:00:00,5.42,0,synth_hospital seed 20260927,,2026-09-25T00:00:00Z,SYNTH
ABLK,2026-07-10 18:00:00,4.16,0,synth_hospital seed 20260927,,2026-09-25T00:00:00Z,SYNTH
ABLK,2026-07-11 00:00:00,4.4,0,synth_hospital seed 20260927,,2026-09-25T00:00:00Z,SYNTH
ABLK,2026-07-11 06:00:00,4.01,0,synth_hospital seed 20260927,,2026-09-25T00:00:00Z,SYNTH
ABLK,2026-07-11 12:00:00,5.25,0,synth_hospital seed 20260927,,2026-09-25T00:00:00Z,SYNTH
ABLK,2026-07-11 18:00:00,4.99,0,synth_hospital seed 20260927,,2026-09-25T00:00:00Z,SYNTH
ABLK,2026-07-12 00:00:00,4.3,0,synth_hospital seed 20260927,,2026-09-25T00:00:00Z,SYNTH
ABLK,2026-07-12 06:00:00,4.55,0,synth_hospital seed 20260927,,2026-09-25T00:00:00Z,SYNTH
ABLK,2026-07-12 12:00:00,4.76,0,synth_hospital seed 20260927,,2026-09-25T00:00:00Z,SYNTH
ABLK,2026-07-12 18:00:00,5.86,0,synth_hospital seed 20260927,,2026-09-25T00:00:00Z,SYNTH
ABLK,2026-07-13 00:00:00,4.62,0,synth_hospital seed 20260927,,2026-09-25T00:00:00Z,SYNTH
ABLK,2026-07-13 06:00:00,4.85,0,synth_hospital seed 20260927,,2026-09-25T00:00:00Z,SYNTH
ABLK,2026-07-13 12:00:00,4.68,0,synth_hospital seed 20260927,,2026-09-25T00:00:00Z,SYNTH
ABLK,2026-07-13 18:00:00,6.18,0,synth_hospital seed 20260927,,2026-09-25T00:00:00Z,SYNTH
ABLK,2026-07-14 00:00:00,5.26,0,synth_hospital seed 20260927,,2026-09-25T00:00:00Z,SYNTH
ABLK,2026-07-14 06:00:00,5.64,0,synth_hospital seed 20260927,,2026-09-25T00:00:00Z,SYNTH
ABLK,2026-07-14 12:00:00,5.26,0,synth_hospital seed 20260927,,2026-09-25T00:00:00Z,SYNTH
ABLK,2026-07-14 18:00:00,5.01,0,synth_hospital seed 20260927,,2026-09-25T00:00:00Z,SYNTH
ABLK,2026-07-15 00:00:00,5.56,0,synth_hospital seed 20260927,,2026-09-25T00:00:00Z,SYNTH
ABLK,2026-07-15 06:00:00,4.24,0,synth_hospital seed 20260927,,2026-09-25T00:00:00Z,SYNTH
ABLK,2026-07-15 12:00:00,6.1,0,synth_hospital seed 20260927,,2026-09-25T00:00:00Z,SYNTH
ABLK,2026-07-15 18:00:00,4.17,0,synth_hospital seed 20260927,,2026-09-25T00:00:00Z,SYNTH
ABLK,2026-07-16 00:00:00,5.28,0,synth_hospital seed 20260927,,2026-09-25T00:00:00Z,SYNTH
ABLK,2026-07-16 06:00:00,4.88,0,synth_hospital seed 20260927,,2026-09-25T00:00:00Z,SYNTH
ABLK,2026-07-16 12:00:00,4.68,0,synth_hospital seed 20260927,,2026-09-25T00:00:00Z,SYNTH
ABLK,2026-07-16 18:00:00,4.7,0,synth_hospital seed 20260927,,2026-09-25T00:00:00Z,SYNTH
ABLK,2026-07-17 00:00:00,4.99,0,synth_hospital seed 20260927,,2026-09-25T00:00:00Z,SYNTH
ABLK,2026-07-17 06:00:00,4.84,0,synth_hospital seed 20260927,,2026-09-25T00:00:00Z,SYNTH
ABLK,2026-07-17 12:00:00,4.39,0,synth_hospital seed 20260927,,2026-09-25T00:00:00Z,SYNTH
ABLK,2026-07-17 18:00:00,5.0,0,synth_hospital seed 20260927,,2026-09-25T00:00:00Z,SYNTH
ABLK,2026-07-18 00:00:00,5.22,0,synth_hospital seed 20260927,,2026-09-25T00:00:00Z,SYNTH
ABLK,2026-07-18 06:00:00,4.27,0,synth_hospital seed 20260927,,2026-09-25T00:00:00Z,SYNTH
ABLK,2026-07-18 12:00:00,5.83,0,synth_hospital seed 20260927,,2026-09-25T00:00:00Z,SYNTH
ABLK,2026-07-18 18:00:00,4.53,0,synth_hospital seed 20260927,,2026-09-25T00:00:00Z,SYNTH
ABLK,2026-07-19 00:00:00,4.23,0,synth_hospital seed 20260927,,2026-09-25T00:00:00Z,SYNTH
ABLK,2026-07-19 06:00:00,5.45,0,synth_hospital seed 20260927,,2026-09-25T00:00:00Z,SYNTH
ABLK,2026-07-19 12:00:00,5.25,0,synth_hospital seed 20260927,,2026-09-25T00:00:00Z,SYNTH
ABLK,2026-07-19 18:00:00,3.22,0,synth_hospital seed 20260927,,2026-09-25T00:00:00Z,SYNTH
ABLK,2026-07-20 00:00:00,5.43,0,synth_hospital seed 20260927,,2026-09-25T00:00:00Z,SYNTH
ABLK,2026-07-20 06:00:00,5.4,0,synth_hospital seed 20260927,,2026-09-25T00:00:00Z,SYNTH
ABLK,2026-07-20 12:00:00,5.38,0,synth_hospital seed 20260927,,2026-09-25T00:00:00Z,SYNTH
ABLK,2026-07-20 18:00:00,6.13,0,synth_hospital seed 20260927,,2026-09-25T00:00:00Z,SYNTH
ABLK,2026-07-21 00:00:00,5.79,0,synth_hospital seed 20260927,,2026-09-25T00:00:00Z,SYNTH
ABLK,2026-07-21 06:00:00,5.59,0,synth_hospital seed 20260927,,2026-09-25T00:00:00Z,SYNTH
ABLK,2026-07-21 12:00:00,4.16,0,synth_hospital seed 20260927,,2026-09-25T00:00:00Z,SYNTH
ABLK,2026-07-21 18:00:00,5.09,0,synth_hospital seed 20260927,,2026-09-25T00:00:00Z,SYNTH
ABLK,2026-07-22 00:00:00,4.39,0,synth_hospital seed 20260927,,2026-09-25T00:00:00Z,SYNTH
ABLK,2026-07-22 06:00:00,5.19,0,synth_hospital seed 20260927,,2026-09-25T00:00:00Z,SYNTH
ABLK,2026-07-22 12:00:00,4.27,0,synth_hospital seed 20260927,,2026-09-25T00:00:00Z,SYNTH
ABLK,2026-07-22 18:00:00,4.01,0,synth_hospital seed 20260927,,2026-09-25T00:00:00Z,SYNTH
ABLK,2026-07-23 00:00:00,5.37,0,synth_hospital seed 20260927,,2026-09-25T00:00:00Z,SYNTH
ABLK,2026-07-23 06:00:00,5.82,0,synth_hospital seed 20260927,,2026-09-25T00:00:00Z,SYNTH
ABLK,2026-07-23 12:00:00,4.01,0,synth_hospital seed 20260927,,2026-09-25T00:00:00Z,SYNTH
ABLK,2026-07-23 18:00:00,5.28,0,synth_hospital seed 20260927,,2026-09-25T00:00:00Z,SYNTH
ABLK,2026-07-24 00:00:00,4.42,0,synth_hospital seed 20260927,,2026-09-25T00:00:00Z,SYNTH
ABLK,2026-07-24 06:00:00,3.93,0,synth_hospital seed 20260927,,2026-09-25T00:00:00Z,SYNTH
ABLK,2026-07-24 12:00:00,5.7,0,synth_hospital seed 20260927,,2026-09-25T00:00:00Z,SYNTH
ABLK,2026-07-24 18:00:00,4.32,0,synth_hospital seed 20260927,,2026-09-25T00:00:00Z,SYNTH
ABLK,2026-07-25 00:00:00,4.55,0,synth_hospital seed 20260927,,2026-09-25T00:00:00Z,SYNTH
ABLK,2026-07-25 06:00:00,5.95,0,synth_hospital seed 20260927,,2026-09-25T00:00:00Z,SYNTH
ABLK,2026-07-25 12:00:00,4.13,0,synth_hospital seed 20260927,,2026-09-25T00:00:00Z,SYNTH
ABLK,2026-07-25 18:00:00,4.7,0,synth_hospital seed 20260927,,2026-09-25T00:00:00Z,SYNTH
ABLK,2026-07-26 00:00:00,5.88,0,synth_hospital seed 20260927,,2026-09-25T00:00:00Z,SYNTH
ABLK,2026-07-26 06:00:00,5.35,0,synth_hospital seed 20260927,,2026-09-25T00:00:00Z,SYNTH
ABLK,2026-07-26 12:00:00,5.1,0,synth_hospital seed 20260927,,2026-09-25T00:00:00Z,SYNTH
ABLK,2026-07-26 18:00:00,5.55,0,synth_hospital seed 20260927,,2026-09-25T00:00:00Z,SYNTH
ABLK,2026-07-27 00:00:00,3.83,0,synth_hospital seed 20260927,,2026-09-25T00:00:00Z,SYNTH
ABLK,2026-07-27 06:00:00,4.19,0,synth_hospital seed 20260927,,2026-09-25T00:00:00Z,SYNTH
ABLK,2026-07-27 12:00:00,4.15,0,synth_hospital seed 20260927,,2026-09-25T00:00:00Z,SYNTH
ABLK,2026-07-27 18:00:00,5.41,0,synth_hospital seed 20260927,,2026-09-25T00:00:00Z,SYNTH
ABLK,2026-07-28 00:00:00,5.12,0,synth_hospital seed 20260927,,2026-09-25T00:00:00Z,SYNTH
ABLK,2026-07-28 06:00:00,3.62,0,synth_hospital seed 20260927,,2026-09-25T00:00:00Z,SYNTH
ABLK,2026-07-28 12:00:00,6.11,0,synth_hospital seed 20260927,,2026-09-25T00:00:00Z,SYNTH
ABLK,2026-07-28 18:00:00,5.08,0,synth_hospital seed 20260927,,2026-09-25T00:00:00Z,SYNTH
ABLK,2026-07-29 00:00:00,4.32,0,synth_hospital seed 20260927,,2026-09-25T00:00:00Z,SYNTH
ABLK,2026-07-29 06:00:00,4.71,0,synth_hospital seed 20260927,,2026-09-25T00:00:00Z,SYNTH
ABLK,2026-07-29 12:00:00,6.22,0,synth_hospital seed 20260927,,2026-09-25T00:00:00Z,SYNTH
ABLK,2026-07-29 18:00:00,5.06,0,synth_hospital seed 20260927,,2026-09-25T00:00:00Z,SYNTH
ABLK,2026-07-30 00:00:00,5.96,0,synth_hospital seed 20260927,,2026-09-25T00:00:00Z,SYNTH
ABLK,2026-07-30 06:00:00,5.66,0,synth_hospital seed 20260927,,2026-09-25T00:00:00Z,SYNTH
ABLK,2026-07-30 12:00:00,5.99,0,synth_hospital seed 20260927,,2026-09-25T00:00:00Z,SYNTH
ABLK,2026-07-30 18:00:00,3.98,0,synth_hospital seed 20260927,,2026-09-25T00:00:00Z,SYNTH
ABLK,2026-07-31 00:00:00,4.93,0,synth_hospital seed 20260927,,2026-09-25T00:00:00Z,SYNTH
ABLK,2026-07-31 06:00:00,4.95,0,synth_hospital seed 20260927,,2026-09-25T00:00:00Z,SYNTH
ABLK,2026-07-31 12:00:00,5.32,0,synth_hospital seed 20260927,,2026-09-25T00:00:00Z,SYNTH
ABLK,2026-07-31 18:00:00,5.18,0,synth_hospital seed 20260927,,2026-09-25T00:00:00Z,SYNTH
ABLK,2026-08-01 00:00:00,4.34,0,synth_hospital seed 20260927,,2026-09-25T00:00:00Z,SYNTH
ABLK,2026-08-01 06:00:00,5.45,0,synth_hospital seed 20260927,,2026-09-25T00:00:00Z,SYNTH
ABLK,2026-08-01 12:00:00,6.03,0,synth_hospital seed 20260927,,2026-09-25T00:00:00Z,SYNTH
ABLK,2026-08-01 18:00:00,5.31,0,synth_hospital seed 20260927,,2026-09-25T00:00:00Z,SYNTH
ABLK,2026-08-02 00:00:00,4.07,0,synth_hospital seed 20260927,,2026-09-25T00:00:00Z,SYNTH
ABLK,2026-08-02 06:00:00,4.26,0,synth_hospital seed 20260927,,2026-09-25T00:00:00Z,SYNTH
ABLK,2026-08-02 12:00:00,4.72,0,synth_hospital seed 20260927,,2026-09-25T00:00:00Z,SYNTH
ABLK,2026-08-02 18:00:00,5.08,0,synth_hospital seed 20260927,,2026-09-25T00:00:00Z,SYNTH
ABLK,2026-08-03 00:00:00,4.09,0,synth_hospital seed 20260927,,2026-09-25T00:00:00Z,SYNTH
ABLK,2026-08-03 06:00:00,4.95,0,synth_hospital seed 20260927,,2026-09-25T00:00:00Z,SYNTH
ABLK,2026-08-03 12:00:00,5.1,0,synth_hospital seed 20260927,,2026-09-25T00:00:00Z,SYNTH
ABLK,2026-08-03 18:00:00,5.35,0,synth_hospital seed 20260927,,2026-09-25T00:00:00Z,SYNTH
ABLK,2026-08-04 00:00:00,4.38,0,synth_hospital seed 20260927,,2026-09-25T00:00:00Z,SYNTH
ABLK,2026-08-04 06:00:00,5.58,0,synth_hospital seed 20260927,,2026-09-25T00:00:00Z,SYNTH
ABLK,2026-08-04 12:00:00,4.55,0,synth_hospital seed 20260927,,2026-09-25T00:00:00Z,SYNTH
ABLK,2026-08-04 18:00:00,5.43,0,synth_hospital seed 20260927,,2026-09-25T00:00:00Z,SYNTH
ABLK,2026-08-05 00:00:00,6.06,0,synth_hospital seed 20260927,,2026-09-25T00:00:00Z,SYNTH
ABLK,2026-08-05 06:00:00,4.67,0,synth_hospital seed 20260927,,2026-09-25T00:00:00Z,SYNTH
ABLK,2026-08-05 12:00:00,5.16,0,synth_hospital seed 20260927,,2026-09-25T00:00:00Z,SYNTH
ABLK,2026-08-05 18:00:00,4.75,0,synth_hospital seed 20260927,,2026-09-25T00:00:00Z,SYNTH
ABLK,2026-08-06 00:00:00,5.42,0,synth_hospital seed 20260927,,2026-09-25T00:00:00Z,SYNTH
ABLK,2026-08-06 06:00:00,4.23,0,synth_hospital seed 20260927,,2026-09-25T00:00:00Z,SYNTH
ABLK,2026-08-06 12:00:00,4.83,0,synth_hospital seed 20260927,,2026-09-25T00:00:00Z,SYNTH
ABLK,2026-08-06 18:00:00,5.62,0,synth_hospital seed 20260927,,2026-09-25T00:00:00Z,SYNTH
ABLK,2026-08-07 00:00:00,5.12,0,synth_hospital seed 20260927,,2026-09-25T00:00:00Z,SYNTH
ABLK,2026-08-07 06:00:00,5.7,0,synth_hospital seed 20260927,,2026-09-25T00:00:00Z,SYNTH
ABLK,2026-08-07 12:00:00,4.35,0,synth_hospital seed 20260927,,2026-09-25T00:00:00Z,SYNTH
ABLK,2026-08-07 18:00:00,4.92,0,synth_hospital seed 20260927,,2026-09-25T00:00:00Z,SYNTH
ABLK,2026-08-08 00:00:00,6.3,0,synth_hospital seed 20260927,,2026-09-25T00:00:00Z,SYNTH
ABLK,2026-08-08 06:00:00,3.88,0,synth_hospital seed 20260927,,2026-09-25T00:00:00Z,SYNTH
ABLK,2026-08-08 12:00:00,3.61,0,synth_hospital seed 20260927,,2026-09-25T00:00:00Z,SYNTH
ABLK,2026-08-08 18:00:00,5.96,0,synth_hospital seed 20260927,,2026-09-25T00:00:00Z,SYNTH
ABLK,2026-08-09 00:00:00,5.55,0,synth_hospital seed 20260927,,2026-09-25T00:00:00Z,SYNTH
ABLK,2026-08-09 06:00:00,4.83,0,synth_hospital seed 20260927,,2026-09-25T00:00:00Z,SYNTH
ABLK,2026-08-09 12:00:00,4.81,0,synth_hospital seed 20260927,,2026-09-25T00:00:00Z,SYNTH
ABLK,2026-08-09 18:00:00,4.25,0,synth_hospital seed 20260927,,2026-09-25T00:00:00Z,SYNTH
ABLK,2026-08-10 00:00:00,4.52,0,synth_hospital seed 20260927,,2026-09-25T00:00:00Z,SYNTH
ABLK,2026-08-10 06:00:00,6.73,0,synth_hospital seed 20260927,,2026-09-25T00:00:00Z,SYNTH
ABLK,2026-08-10 12:00:00,4.77,0,synth_hospital seed 20260927,,2026-09-25T00:00:00Z,SYNTH
ABLK,2026-08-10 18:00:00,5.7,0,synth_hospital seed 20260927,,2026-09-25T00:00:00Z,SYNTH
ABLK,2026-08-11 00:00:00,4.03,0,synth_hospital seed 20260927,,2026-09-25T00:00:00Z,SYNTH
ABLK,2026-08-11 06:00:00,5.68,0,synth_hospital seed 20260927,,2026-09-25T00:00:00Z,SYNTH
ABLK,2026-08-11 12:00:00,6.93,0,synth_hospital seed 20260927,,2026-09-25T00:00:00Z,SYNTH
ABLK,2026-08-11 18:00:00,4.23,0,synth_hospital seed 20260927,,2026-09-25T00:00:00Z,SYNTH
ABLK,2026-08-12 00:00:00,5.04,0,synth_hospital seed 20260927,,2026-09-25T00:00:00Z,SYNTH
ABLK,2026-08-12 06:00:00,5.73,0,synth_hospital seed 20260927,,2026-09-25T00:00:00Z,SYNTH
ABLK,2026-08-12 12:00:00,6.07,0,synth_hospital seed 20260927,,2026-09-25T00:00:00Z,SYNTH
ABLK,2026-08-12 18:00:00,5.66,0,synth_hospital seed 20260927,,2026-09-25T00:00:00Z,SYNTH
ABLK,2026-08-13 00:00:00,5.25,0,synth_hospital seed 20260927,,2026-09-25T00:00:00Z,SYNTH
ABLK,2026-08-13 06:00:00,6.33,0,synth_hospital seed 20260927,,2026-09-25T00:00:00Z,SYNTH
ABLK,2026-08-13 12:00:00,5.51,0,synth_hospital seed 20260927,,2026-09-25T00:00:00Z,SYNTH
ABLK,2026-08-13 18:00:00,4.8,0,synth_hospital seed 20260927,,2026-09-25T00:00:00Z,SYNTH
ABLK,2026-08-14 00:00:00,3.42,0,synth_hospital seed 20260927,,2026-09-25T00:00:00Z,SYNTH
ABLK,2026-08-14 06:00:00,4.24,0,synth_hospital seed 20260927,,2026-09-25T00:00:00Z,SYNTH
ABLK,2026-08-14 12:00:00,6.22,0,synth_hospital seed 20260927,,2026-09-25T00:00:00Z,SYNTH
ABLK,2026-08-14 18:00:00,4.64,0,synth_hospital seed 20260927,,2026-09-25T00:00:00Z,SYNTH
ABLK,2026-08-15 00:00:00,3.84,0,synth_hospital seed 20260927,,2026-09-25T00:00:00Z,SYNTH
ABLK,2026-08-15 06:00:00,5.24,0,synth_hospital seed 20260927,,2026-09-25T00:00:00Z,SYNTH
ABLK,2026-08-15 12:00:00,4.18,0,synth_hospital seed 20260927,,2026-09-25T00:00:00Z,SYNTH
ABLK,2026-08-15 18:00:00,5.62,0,synth_hospital seed 20260927,,2026-09-25T00:00:00Z,SYNTH
ABLK,2026-08-16 00:00:00,6.25,0,synth_hospital seed 20260927,,2026-09-25T00:00:00Z,SYNTH
ABLK,2026-08-16 06:00:00,4.31,0,synth_hospital seed 20260927,,2026-09-25T00:00:00Z,SYNTH
ABLK,2026-08-16 12:00:00,11.4,1,synth_hospital seed 20260927,,2026-09-25T00:00:00Z,SYNTH
ABLK,2026-08-16 18:00:00,5.13,0,synth_hospital seed 20260927,,2026-09-25T00:00:00Z,SYNTH
ABLK,2026-08-17 00:00:00,6.19,0,synth_hospital seed 20260927,,2026-09-25T00:00:00Z,SYNTH
ABLK,2026-08-17 06:00:00,4.74,0,synth_hospital seed 20260927,,2026-09-25T00:00:00Z,SYNTH
ABLK,2026-08-17 12:00:00,5.38,0,synth_hospital seed 20260927,,2026-09-25T00:00:00Z,SYNTH
ABLK,2026-08-17 18:00:00,4.82,0,synth_hospital seed 20260927,,2026-09-25T00:00:00Z,SYNTH
ABLK,2026-08-18 00:00:00,4.59,0,synth_hospital seed 20260927,,2026-09-25T00:00:00Z,SYNTH
ABLK,2026-08-18 06:00:00,4.6,0,synth_hospital seed 20260927,,2026-09-25T00:00:00Z,SYNTH
ABLK,2026-08-18 12:00:00,5.04,0,synth_hospital seed 20260927,,2026-09-25T00:00:00Z,SYNTH
ABLK,2026-08-18 18:00:00,4.88,0,synth_hospital seed 20260927,,2026-09-25T00:00:00Z,SYNTH
ABLK,2026-08-19 00:00:00,5.34,0,synth_hospital seed 20260927,,2026-09-25T00:00:00Z,SYNTH
ABLK,2026-08-19 06:00:00,5.68,0,synth_hospital seed 20260927,,2026-09-25T00:00:00Z,SYNTH
ABLK,2026-08-19 12:00:00,5.57,0,synth_hospital seed 20260927,,2026-09-25T00:00:00Z,SYNTH
ABLK,2026-08-19 18:00:00,6.07,0,synth_hospital seed 20260927,,2026-09-25T00:00:00Z,SYNTH
ABLK,2026-08-20 00:00:00,4.67,0,synth_hospital seed 20260927,,2026-09-25T00:00:00Z,SYNTH
ABLK,2026-08-20 06:00:00,5.98,0,synth_hospital seed 20260927,,2026-09-25T00:00:00Z,SYNTH
ABLK,2026-08-20 12:00:00,6.06,0,synth_hospital seed 20260927,,2026-09-25T00:00:00Z,SYNTH
ABLK,2026-08-20 18:00:00,4.3,0,synth_hospital seed 20260927,,2026-09-25T00:00:00Z,SYNTH
ABLK,2026-08-21 00:00:00,4.11,0,synth_hospital seed 20260927,,2026-09-25T00:00:00Z,SYNTH
ABLK,2026-08-21 06:00:00,4.47,0,synth_hospital seed 20260927,,2026-09-25T00:00:00Z,SYNTH
ABLK,2026-08-21 12:00:00,4.79,0,synth_hospital seed 20260927,,2026-09-25T00:00:00Z,SYNTH
ABLK,2026-08-21 18:00:00,4.13,0,synth_hospital seed 20260927,,2026-09-25T00:00:00Z,SYNTH
ABLK,2026-08-22 00:00:00,4.38,0,synth_hospital seed 20260927,,2026-09-25T00:00:00Z,SYNTH
ABLK,2026-08-22 06:00:00,4.97,0,synth_hospital seed 20260927,,2026-09-25T00:00:00Z,SYNTH
ABLK,2026-08-22 12:00:00,4.88,0,synth_hospital seed 20260927,,2026-09-25T00:00:00Z,SYNTH
ABLK,2026-08-22 18:00:00,5.6,0,synth_hospital seed 20260927,,2026-09-25T00:00:00Z,SYNTH
ABLK,2026-08-23 00:00:00,4.91,0,synth_hospital seed 20260927,,2026-09-25T00:00:00Z,SYNTH
ABLK,2026-08-23 06:00:00,3.64,0,synth_hospital seed 20260927,,2026-09-25T00:00:00Z,SYNTH
ABLK,2026-08-23 12:00:00,5.25,0,synth_hospital seed 20260927,,2026-09-25T00:00:00Z,SYNTH
ABLK,2026-08-23 18:00:00,4.94,0,synth_hospital seed 20260927,,2026-09-25T00:00:00Z,SYNTH
ABLK,2026-08-24 00:00:00,5.14,0,synth_hospital seed 20260927,,2026-09-25T00:00:00Z,SYNTH
ABLK,2026-08-24 06:00:00,5.23,0,synth_hospital seed 20260927,,2026-09-25T00:00:00Z,SYNTH
ABLK,2026-08-24 12:00:00,3.87,0,synth_hospital seed 20260927,,2026-09-25T00:00:00Z,SYNTH
ABLK,2026-08-24 18:00:00,4.8,0,synth_hospital seed 20260927,,2026-09-25T00:00:00Z,SYNTH
ABLK,2026-08-25 00:00:00,4.46,0,synth_hospital seed 20260927,,2026-09-25T00:00:00Z,SYNTH
ABLK,2026-08-25 06:00:00,4.83,0,synth_hospital seed 20260927,,2026-09-25T00:00:00Z,SYNTH
ABLK,2026-08-25 12:00:00,4.44,0,synth_hospital seed 20260927,,2026-09-25T00:00:00Z,SYNTH
ABLK,2026-08-25 18:00:00,5.54,0,synth_hospital seed 20260927,,2026-09-25T00:00:00Z,SYNTH
ABLK,2026-08-26 00:00:00,5.85,0,synth_hospital seed 20260927,,2026-09-25T00:00:00Z,SYNTH
ABLK,2026-08-26 06:00:00,4.18,0,synth_hospital seed 20260927,,2026-09-25T00:00:00Z,SYNTH
ABLK,2026-08-26 12:00:00,4.76,0,synth_hospital seed 20260927,,2026-09-25T00:00:00Z,SYNTH
ABLK,2026-08-26 18:00:00,4.94,0,synth_hospital seed 20260927,,2026-09-25T00:00:00Z,SYNTH
ABLK,2026-08-27 00:00:00,5.61,0,synth_hospital seed 20260927,,2026-09-25T00:00:00Z,SYNTH
ABLK,2026-08-27 06:00:00,5.42,0,synth_hospital seed 20260927,,2026-09-25T00:00:00Z,SYNTH
ABLK,2026-08-27 12:00:00,5.24,0,synth_hospital seed 20260927,,2026-09-25T00:00:00Z,SYNTH
ABLK,2026-08-27 18:00:00,4.75,0,synth_hospital seed 20260927,,2026-09-25T00:00:00Z,SYNTH
ABLK,2026-08-28 00:00:00,3.64,0,synth_hospital seed 20260927,,2026-09-25T00:00:00Z,SYNTH
ABLK,2026-08-28 06:00:00,5.54,0,synth_hospital seed 20260927,,2026-09-25T00:00:00Z,SYNTH
ABLK,2026-08-28 12:00:00,5.52,0,synth_hospital seed 20260927,,2026-09-25T00:00:00Z,SYNTH
ABLK,2026-08-28 18:00:00,3.99,0,synth_hospital seed 20260927,,2026-09-25T00:00:00Z,SYNTH
ABLK,2026-08-29 00:00:00,4.59,0,synth_hospital seed 20260927,,2026-09-25T00:00:00Z,SYNTH
ABLK,2026-08-29 06:00:00,5.95,0,synth_hospital seed 20260927,,2026-09-25T00:00:00Z,SYNTH
ABLK,2026-08-29 12:00:00,5.02,0,synth_hospital seed 20260927,,2026-09-25T00:00:00Z,SYNTH
ABLK,2026-08-29 18:00:00,3.54,0,synth_hospital seed 20260927,,2026-09-25T00:00:00Z,SYNTH
ABLK,2026-08-30 00:00:00,4.94,0,synth_hospital seed 20260927,,2026-09-25T00:00:00Z,SYNTH
ABLK,2026-08-30 06:00:00,5.37,0,synth_hospital seed 20260927,,2026-09-25T00:00:00Z,SYNTH
ABLK,2026-08-30 12:00:00,6.28,0,synth_hospital seed 20260927,,2026-09-25T00:00:00Z,SYNTH
ABLK,2026-08-30 18:00:00,5.38,0,synth_hospital seed 20260927,,2026-09-25T00:00:00Z,SYNTH
ABLK,2026-08-31 00:00:00,5.07,0,synth_hospital seed 20260927,,2026-09-25T00:00:00Z,SYNTH
ABLK,2026-08-31 06:00:00,5.46,0,synth_hospital seed 20260927,,2026-09-25T00:00:00Z,SYNTH
ABLK,2026-08-31 12:00:00,5.34,0,synth_hospital seed 20260927,,2026-09-25T00:00:00Z,SYNTH
ABLK,2026-08-31 18:00:00,5.15,0,synth_hospital seed 20260927,,2026-09-25T00:00:00Z,SYNTH
ABLK,2026-09-01 00:00:00,3.62,0,synth_hospital seed 20260927,,2026-09-25T00:00:00Z,SYNTH
ABLK,2026-09-01 06:00:00,4.1,0,synth_hospital seed 20260927,,2026-09-25T00:00:00Z,SYNTH
ABLK,2026-09-01 12:00:00,5.35,0,synth_hospital seed 20260927,,2026-09-25T00:00:00Z,SYNTH
ABLK,2026-09-01 18:00:00,5.74,0,synth_hospital seed 20260927,,2026-09-25T00:00:00Z,SYNTH
ABLK,2026-09-02 00:00:00,5.15,0,synth_hospital seed 20260927,,2026-09-25T00:00:00Z,SYNTH
ABLK,2026-09-02 06:00:00,4.17,0,synth_hospital seed 20260927,,2026-09-25T00:00:00Z,SYNTH
ABLK,2026-09-02 12:00:00,5.39,0,synth_hospital seed 20260927,,2026-09-25T00:00:00Z,SYNTH
ABLK,2026-09-02 18:00:00,4.75,0,synth_hospital seed 20260927,,2026-09-25T00:00:00Z,SYNTH
ABLK,2026-09-03 00:00:00,4.66,0,synth_hospital seed 20260927,,2026-09-25T00:00:00Z,SYNTH
ABLK,2026-09-03 06:00:00,3.04,0,synth_hospital seed 20260927,,2026-09-25T00:00:00Z,SYNTH
ABLK,2026-09-03 12:00:00,4.76,0,synth_hospital seed 20260927,,2026-09-25T00:00:00Z,SYNTH
ABLK,2026-09-03 18:00:00,5.12,0,synth_hospital seed 20260927,,2026-09-25T00:00:00Z,SYNTH
ABLK,2026-09-04 00:00:00,5.64,0,synth_hospital seed 20260927,,2026-09-25T00:00:00Z,SYNTH
ABLK,2026-09-04 06:00:00,6.42,0,synth_hospital seed 20260927,,2026-09-25T00:00:00Z,SYNTH
ABLK,2026-09-04 12:00:00,4.25,0,synth_hospital seed 20260927,,2026-09-25T00:00:00Z,SYNTH
ABLK,2026-09-04 18:00:00,4.52,0,synth_hospital seed 20260927,,2026-09-25T00:00:00Z,SYNTH
ABLK,2026-09-05 00:00:00,5.31,0,synth_hospital seed 20260927,,2026-09-25T00:00:00Z,SYNTH
ABLK,2026-09-05 06:00:00,6.55,0,synth_hospital seed 20260927,,2026-09-25T00:00:00Z,SYNTH
ABLK,2026-09-05 12:00:00,4.24,0,synth_hospital seed 20260927,,2026-09-25T00:00:00Z,SYNTH
ABLK,2026-09-05 18:00:00,4.56,0,synth_hospital seed 20260927,,2026-09-25T00:00:00Z,SYNTH
ABLK,2026-09-06 00:00:00,5.6,0,synth_hospital seed 20260927,,2026-09-25T00:00:00Z,SYNTH
ABLK,2026-09-06 06:00:00,3.97,0,synth_hospital seed 20260927,,2026-09-25T00:00:00Z,SYNTH
ABLK,2026-09-06 12:00:00,4.67,0,synth_hospital seed 20260927,,2026-09-25T00:00:00Z,SYNTH
ABLK,2026-09-06 18:00:00,4.68,0,synth_hospital seed 20260927,,2026-09-25T00:00:00Z,SYNTH
ABLK,2026-09-07 00:00:00,4.71,0,synth_hospital seed 20260927,,2026-09-25T00:00:00Z,SYNTH
ABLK,2026-09-07 06:00:00,5.01,0,synth_hospital seed 20260927,,2026-09-25T00:00:00Z,SYNTH
ABLK,2026-09-07 12:00:00,4.96,0,synth_hospital seed 20260927,,2026-09-25T00:00:00Z,SYNTH
ABLK,2026-09-07 18:00:00,3.69,0,synth_hospital seed 20260927,,2026-09-25T00:00:00Z,SYNTH
ABLK,2026-09-08 00:00:00,5.36,0,synth_hospital seed 20260927,,2026-09-25T00:00:00Z,SYNTH
ABLK,2026-09-08 06:00:00,4.92,0,synth_hospital seed 20260927,,2026-09-25T00:00:00Z,SYNTH
ABLK,2026-09-08 12:00:00,4.31,0,synth_hospital seed 20260927,,2026-09-25T00:00:00Z,SYNTH
ABLK,2026-09-08 18:00:00,3.53,0,synth_hospital seed 20260927,,2026-09-25T00:00:00Z,SYNTH
ABLK,2026-09-09 00:00:00,4.19,0,synth_hospital seed 20260927,,2026-09-25T00:00:00Z,SYNTH
ABLK,2026-09-09 06:00:00,6.07,0,synth_hospital seed 20260927,,2026-09-25T00:00:00Z,SYNTH
ABLK,2026-09-09 12:00:00,5.41,0,synth_hospital seed 20260927,,2026-09-25T00:00:00Z,SYNTH
ABLK,2026-09-09 18:00:00,4.9,0,synth_hospital seed 20260927,,2026-09-25T00:00:00Z,SYNTH
ABLK,2026-09-10 00:00:00,4.11,0,synth_hospital seed 20260927,,2026-09-25T00:00:00Z,SYNTH
ABLK,2026-09-10 06:00:00,4.91,0,synth_hospital seed 20260927,,2026-09-25T00:00:00Z,SYNTH
ABLK,2026-09-10 12:00:00,4.74,0,synth_hospital seed 20260927,,2026-09-25T00:00:00Z,SYNTH
ABLK,2026-09-10 18:00:00,5.57,0,synth_hospital seed 20260927,,2026-09-25T00:00:00Z,SYNTH
ABLK,2026-09-11 00:00:00,4.44,0,synth_hospital seed 20260927,,2026-09-25T00:00:00Z,SYNTH
ABLK,2026-09-11 06:00:00,3.84,0,synth_hospital seed 20260927,,2026-09-25T00:00:00Z,SYNTH
ABLK,2026-09-11 12:00:00,4.71,0,synth_hospital seed 20260927,,2026-09-25T00:00:00Z,SYNTH
ABLK,2026-09-11 18:00:00,5.46,0,synth_hospital seed 20260927,,2026-09-25T00:00:00Z,SYNTH
ABLK,2026-09-12 00:00:00,5.62,0,synth_hospital seed 20260927,,2026-09-25T00:00:00Z,SYNTH
ABLK,2026-09-12 06:00:00,5.44,0,synth_hospital seed 20260927,,2026-09-25T00:00:00Z,SYNTH
ABLK,2026-09-12 12:00:00,4.5,0,synth_hospital seed 20260927,,2026-09-25T00:00:00Z,SYNTH
ABLK,2026-09-12 18:00:00,4.39,0,synth_hospital seed 20260927,,2026-09-25T00:00:00Z,SYNTH
ABLK,2026-09-13 00:00:00,4.7,0,synth_hospital seed 20260927,,2026-09-25T00:00:00Z,SYNTH
ABLK,2026-09-13 06:00:00,4.44,0,synth_hospital seed 20260927,,2026-09-25T00:00:00Z,SYNTH
ABLK,2026-09-13 12:00:00,5.04,0,synth_hospital seed 20260927,,2026-09-25T00:00:00Z,SYNTH
ABLK,2026-09-13 18:00:00,4.66,0,synth_hospital seed 20260927,,2026-09-25T00:00:00Z,SYNTH
ABLK,2026-09-14 00:00:00,5.31,0,synth_hospital seed 20260927,,2026-09-25T00:00:00Z,SYNTH
ABLK,2026-09-14 06:00:00,5.51,0,synth_hospital seed 20260927,,2026-09-25T00:00:00Z,SYNTH
ABLK,2026-09-14 12:00:00,4.92,0,synth_hospital seed 20260927,,2026-09-25T00:00:00Z,SYNTH
ABLK,2026-09-14 18:00:00,4.78,0,synth_hospital seed 20260927,,2026-09-25T00:00:00Z,SYNTH
ABLK,2026-09-15 00:00:00,5.33,0,synth_hospital seed 20260927,,2026-09-25T00:00:00Z,SYNTH
ABLK,2026-09-15 06:00:00,3.7,0,synth_hospital seed 20260927,,2026-09-25T00:00:00Z,SYNTH
ABLK,2026-09-15 12:00:00,4.62,0,synth_hospital seed 20260927,,2026-09-25T00:00:00Z,SYNTH
ABLK,2026-09-15 18:00:00,5.21,0,synth_hospital seed 20260927,,2026-09-25T00:00:00Z,SYNTH
ABLK,2026-09-16 00:00:00,4.76,0,synth_hospital seed 20260927,,2026-09-25T00:00:00Z,SYNTH
ABLK,2026-09-16 06:00:00,5.61,0,synth_hospital seed 20260927,,2026-09-25T00:00:00Z,SYNTH
ABLK,2026-09-16 12:00:00,4.56,0,synth_hospital seed 20260927,,2026-09-25T00:00:00Z,SYNTH
ABLK,2026-09-16 18:00:00,6.51,0,synth_hospital seed 20260927,,2026-09-25T00:00:00Z,SYNTH
ABLK,2026-09-17 00:00:00,4.7,0,synth_hospital seed 20260927,,2026-09-25T00:00:00Z,SYNTH
ABLK,2026-09-17 06:00:00,5.35,0,synth_hospital seed 20260927,,2026-09-25T00:00:00Z,SYNTH
ABLK,2026-09-17 12:00:00,6.32,0,synth_hospital seed 20260927,,2026-09-25T00:00:00Z,SYNTH
ABLK,2026-09-17 18:00:00,4.85,0,synth_hospital seed 20260927,,2026-09-25T00:00:00Z,SYNTH
ABLK,2026-09-18 00:00:00,4.89,0,synth_hospital seed 20260927,,2026-09-25T00:00:00Z,SYNTH
ABLK,2026-09-18 06:00:00,4.24,0,synth_hospital seed 20260927,,2026-09-25T00:00:00Z,SYNTH
ABLK,2026-09-18 12:00:00,5.84,0,synth_hospital seed 20260927,,2026-09-25T00:00:00Z,SYNTH
ABLK,2026-09-18 18:00:00,5.12,0,synth_hospital seed 20260927,,2026-09-25T00:00:00Z,SYNTH
ABLK,2026-09-19 00:00:00,4.84,0,synth_hospital seed 20260927,,2026-09-25T00:00:00Z,SYNTH
ABLK,2026-09-19 06:00:00,5.22,0,synth_hospital seed 20260927,,2026-09-25T00:00:00Z,SYNTH
ABLK,2026-09-19 12:00:00,4.41,0,synth_hospital seed 20260927,,2026-09-25T00:00:00Z,SYNTH
ABLK,2026-09-19 18:00:00,5.9,0,synth_hospital seed 20260927,,2026-09-25T00:00:00Z,SYNTH
ABLK,2026-09-20 00:00:00,3.71,0,synth_hospital seed 20260927,,2026-09-25T00:00:00Z,SYNTH
ABLK,2026-09-20 06:00:00,6.08,0,synth_hospital seed 20260927,,2026-09-25T00:00:00Z,SYNTH
ABLK,2026-09-20 12:00:00,5.46,0,synth_hospital seed 20260927,,2026-09-25T00:00:00Z,SYNTH
ABLK,2026-09-20 18:00:00,5.11,0,synth_hospital seed 20260927,,2026-09-25T00:00:00Z,SYNTH
ABLK,2026-09-21 00:00:00,4.89,0,synth_hospital seed 20260927,,2026-09-25T00:00:00Z,SYNTH
ABLK,2026-09-21 06:00:00,5.2,0,synth_hospital seed 20260927,,2026-09-25T00:00:00Z,SYNTH
ABLK,2026-09-21 12:00:00,4.02,0,synth_hospital seed 20260927,,2026-09-25T00:00:00Z,SYNTH
ABLK,2026-09-21 18:00:00,5.85,0,synth_hospital seed 20260927,,2026-09-25T00:00:00Z,SYNTH
ABLK,2026-09-22 00:00:00,4.51,0,synth_hospital seed 20260927,,2026-09-25T00:00:00Z,SYNTH
ABLK,2026-09-22 06:00:00,5.25,0,synth_hospital seed 20260927,,2026-09-25T00:00:00Z,SYNTH
ABLK,2026-09-22 12:00:00,4.91,0,synth_hospital seed 20260927,,2026-09-25T00:00:00Z,SYNTH
ABLK,2026-09-22 18:00:00,5.15,0,synth_hospital seed 20260927,,2026-09-25T00:00:00Z,SYNTH
ABLK,2026-09-23 00:00:00,6.22,0,synth_hospital seed 20260927,,2026-09-25T00:00:00Z,SYNTH
ABLK,2026-09-23 06:00:00,4.76,0,synth_hospital seed 20260927,,2026-09-25T00:00:00Z,SYNTH
ABLK,2026-09-23 12:00:00,5.23,0,synth_hospital seed 20260927,,2026-09-25T00:00:00Z,SYNTH
ABLK,2026-09-23 18:00:00,4.81,0,synth_hospital seed 20260927,,2026-09-25T00:00:00Z,SYNTH
ABLK,2026-09-24 00:00:00,5.34,0,synth_hospital seed 20260927,,2026-09-25T00:00:00Z,SYNTH
ABLK,2026-09-24 06:00:00,5.06,0,synth_hospital seed 20260927,,2026-09-25T00:00:00Z,SYNTH
ABLK,2026-09-24 12:00:00,4.69,0,synth_hospital seed 20260927,,2026-09-25T00:00:00Z,SYNTH
ABLK,2026-09-24 18:00:00,4.45,0,synth_hospital seed 20260927,,2026-09-25T00:00:00Z,SYNTH
BBLK,2026-03-29 00:00:00,5.05,0,synth_hospital seed 20260927,,2026-09-25T00:00:00Z,SYNTH
BBLK,2026-03-29 06:00:00,5.18,0,synth_hospital seed 20260927,,2026-09-25T00:00:00Z,SYNTH
BBLK,2026-03-29 12:00:00,3.91,0,synth_hospital seed 20260927,,2026-09-25T00:00:00Z,SYNTH
BBLK,2026-03-29 18:00:00,6.13,0,synth_hospital seed 20260927,,2026-09-25T00:00:00Z,SYNTH
BBLK,2026-03-30 00:00:00,4.99,0,synth_hospital seed 20260927,,2026-09-25T00:00:00Z,SYNTH
BBLK,2026-03-30 06:00:00,4.47,0,synth_hospital seed 20260927,,2026-09-25T00:00:00Z,SYNTH
BBLK,2026-03-30 12:00:00,5.77,0,synth_hospital seed 20260927,,2026-09-25T00:00:00Z,SYNTH
BBLK,2026-03-30 18:00:00,5.31,0,synth_hospital seed 20260927,,2026-09-25T00:00:00Z,SYNTH
BBLK,2026-03-31 00:00:00,4.98,0,synth_hospital seed 20260927,,2026-09-25T00:00:00Z,SYNTH
BBLK,2026-03-31 06:00:00,4.63,0,synth_hospital seed 20260927,,2026-09-25T00:00:00Z,SYNTH
BBLK,2026-03-31 12:00:00,5.44,0,synth_hospital seed 20260927,,2026-09-25T00:00:00Z,SYNTH
BBLK,2026-03-31 18:00:00,5.38,0,synth_hospital seed 20260927,,2026-09-25T00:00:00Z,SYNTH
BBLK,2026-04-01 00:00:00,5.27,0,synth_hospital seed 20260927,,2026-09-25T00:00:00Z,SYNTH
BBLK,2026-04-01 06:00:00,6.02,0,synth_hospital seed 20260927,,2026-09-25T00:00:00Z,SYNTH
BBLK,2026-04-01 12:00:00,4.09,0,synth_hospital seed 20260927,,2026-09-25T00:00:00Z,SYNTH
BBLK,2026-04-01 18:00:00,4.67,0,synth_hospital seed 20260927,,2026-09-25T00:00:00Z,SYNTH
BBLK,2026-04-02 00:00:00,5.06,0,synth_hospital seed 20260927,,2026-09-25T00:00:00Z,SYNTH
BBLK,2026-04-02 06:00:00,4.01,0,synth_hospital seed 20260927,,2026-09-25T00:00:00Z,SYNTH
BBLK,2026-04-02 12:00:00,4.11,0,synth_hospital seed 20260927,,2026-09-25T00:00:00Z,SYNTH
BBLK,2026-04-02 18:00:00,5.69,0,synth_hospital seed 20260927,,2026-09-25T00:00:00Z,SYNTH
BBLK,2026-04-03 00:00:00,3.94,0,synth_hospital seed 20260927,,2026-09-25T00:00:00Z,SYNTH
BBLK,2026-04-03 06:00:00,3.3,0,synth_hospital seed 20260927,,2026-09-25T00:00:00Z,SYNTH
BBLK,2026-04-03 12:00:00,4.21,0,synth_hospital seed 20260927,,2026-09-25T00:00:00Z,SYNTH
BBLK,2026-04-03 18:00:00,4.69,0,synth_hospital seed 20260927,,2026-09-25T00:00:00Z,SYNTH
BBLK,2026-04-04 00:00:00,6.14,0,synth_hospital seed 20260927,,2026-09-25T00:00:00Z,SYNTH
BBLK,2026-04-04 06:00:00,4.9,0,synth_hospital seed 20260927,,2026-09-25T00:00:00Z,SYNTH
BBLK,2026-04-04 12:00:00,4.6,0,synth_hospital seed 20260927,,2026-09-25T00:00:00Z,SYNTH
BBLK,2026-04-04 18:00:00,4.74,0,synth_hospital seed 20260927,,2026-09-25T00:00:00Z,SYNTH
BBLK,2026-04-05 00:00:00,4.03,0,synth_hospital seed 20260927,,2026-09-25T00:00:00Z,SYNTH
BBLK,2026-04-05 06:00:00,4.23,0,synth_hospital seed 20260927,,2026-09-25T00:00:00Z,SYNTH
BBLK,2026-04-05 12:00:00,6.41,0,synth_hospital seed 20260927,,2026-09-25T00:00:00Z,SYNTH
BBLK,2026-04-05 18:00:00,5.06,0,synth_hospital seed 20260927,,2026-09-25T00:00:00Z,SYNTH
BBLK,2026-04-06 00:00:00,5.03,0,synth_hospital seed 20260927,,2026-09-25T00:00:00Z,SYNTH
BBLK,2026-04-06 06:00:00,4.99,0,synth_hospital seed 20260927,,2026-09-25T00:00:00Z,SYNTH
BBLK,2026-04-06 12:00:00,6.59,0,synth_hospital seed 20260927,,2026-09-25T00:00:00Z,SYNTH
BBLK,2026-04-06 18:00:00,5.23,0,synth_hospital seed 20260927,,2026-09-25T00:00:00Z,SYNTH
BBLK,2026-04-07 00:00:00,4.99,0,synth_hospital seed 20260927,,2026-09-25T00:00:00Z,SYNTH
BBLK,2026-04-07 06:00:00,5.25,0,synth_hospital seed 20260927,,2026-09-25T00:00:00Z,SYNTH
BBLK,2026-04-07 12:00:00,5.74,0,synth_hospital seed 20260927,,2026-09-25T00:00:00Z,SYNTH
BBLK,2026-04-07 18:00:00,5.47,0,synth_hospital seed 20260927,,2026-09-25T00:00:00Z,SYNTH
BBLK,2026-04-08 00:00:00,6.0,0,synth_hospital seed 20260927,,2026-09-25T00:00:00Z,SYNTH
BBLK,2026-04-08 06:00:00,4.28,0,synth_hospital seed 20260927,,2026-09-25T00:00:00Z,SYNTH
BBLK,2026-04-08 12:00:00,4.68,0,synth_hospital seed 20260927,,2026-09-25T00:00:00Z,SYNTH
BBLK,2026-04-08 18:00:00,4.47,0,synth_hospital seed 20260927,,2026-09-25T00:00:00Z,SYNTH
BBLK,2026-04-09 00:00:00,5.94,0,synth_hospital seed 20260927,,2026-09-25T00:00:00Z,SYNTH
BBLK,2026-04-09 06:00:00,4.2,0,synth_hospital seed 20260927,,2026-09-25T00:00:00Z,SYNTH
BBLK,2026-04-09 12:00:00,5.4,0,synth_hospital seed 20260927,,2026-09-25T00:00:00Z,SYNTH
BBLK,2026-04-09 18:00:00,4.29,0,synth_hospital seed 20260927,,2026-09-25T00:00:00Z,SYNTH
BBLK,2026-04-10 00:00:00,4.93,0,synth_hospital seed 20260927,,2026-09-25T00:00:00Z,SYNTH
BBLK,2026-04-10 06:00:00,5.15,0,synth_hospital seed 20260927,,2026-09-25T00:00:00Z,SYNTH
BBLK,2026-04-10 12:00:00,4.42,0,synth_hospital seed 20260927,,2026-09-25T00:00:00Z,SYNTH
BBLK,2026-04-10 18:00:00,5.05,0,synth_hospital seed 20260927,,2026-09-25T00:00:00Z,SYNTH
BBLK,2026-04-11 00:00:00,5.86,0,synth_hospital seed 20260927,,2026-09-25T00:00:00Z,SYNTH
BBLK,2026-04-11 06:00:00,5.8,0,synth_hospital seed 20260927,,2026-09-25T00:00:00Z,SYNTH
BBLK,2026-04-11 12:00:00,4.37,0,synth_hospital seed 20260927,,2026-09-25T00:00:00Z,SYNTH
BBLK,2026-04-11 18:00:00,5.18,0,synth_hospital seed 20260927,,2026-09-25T00:00:00Z,SYNTH
BBLK,2026-04-12 00:00:00,3.32,0,synth_hospital seed 20260927,,2026-09-25T00:00:00Z,SYNTH
BBLK,2026-04-12 06:00:00,5.03,0,synth_hospital seed 20260927,,2026-09-25T00:00:00Z,SYNTH
BBLK,2026-04-12 12:00:00,6.39,0,synth_hospital seed 20260927,,2026-09-25T00:00:00Z,SYNTH
BBLK,2026-04-12 18:00:00,5.03,0,synth_hospital seed 20260927,,2026-09-25T00:00:00Z,SYNTH
BBLK,2026-04-13 00:00:00,4.91,0,synth_hospital seed 20260927,,2026-09-25T00:00:00Z,SYNTH
BBLK,2026-04-13 06:00:00,5.25,0,synth_hospital seed 20260927,,2026-09-25T00:00:00Z,SYNTH
BBLK,2026-04-13 12:00:00,4.43,0,synth_hospital seed 20260927,,2026-09-25T00:00:00Z,SYNTH
BBLK,2026-04-13 18:00:00,3.85,0,synth_hospital seed 20260927,,2026-09-25T00:00:00Z,SYNTH
BBLK,2026-04-14 00:00:00,5.12,0,synth_hospital seed 20260927,,2026-09-25T00:00:00Z,SYNTH
BBLK,2026-04-14 06:00:00,5.68,0,synth_hospital seed 20260927,,2026-09-25T00:00:00Z,SYNTH
BBLK,2026-04-14 12:00:00,5.7,0,synth_hospital seed 20260927,,2026-09-25T00:00:00Z,SYNTH
BBLK,2026-04-14 18:00:00,5.3,0,synth_hospital seed 20260927,,2026-09-25T00:00:00Z,SYNTH
BBLK,2026-04-15 00:00:00,5.52,0,synth_hospital seed 20260927,,2026-09-25T00:00:00Z,SYNTH
BBLK,2026-04-15 06:00:00,5.6,0,synth_hospital seed 20260927,,2026-09-25T00:00:00Z,SYNTH
BBLK,2026-04-15 12:00:00,4.39,0,synth_hospital seed 20260927,,2026-09-25T00:00:00Z,SYNTH
BBLK,2026-04-15 18:00:00,5.41,0,synth_hospital seed 20260927,,2026-09-25T00:00:00Z,SYNTH
BBLK,2026-04-16 00:00:00,3.84,0,synth_hospital seed 20260927,,2026-09-25T00:00:00Z,SYNTH
BBLK,2026-04-16 06:00:00,3.92,0,synth_hospital seed 20260927,,2026-09-25T00:00:00Z,SYNTH
BBLK,2026-04-16 12:00:00,5.46,0,synth_hospital seed 20260927,,2026-09-25T00:00:00Z,SYNTH
BBLK,2026-04-16 18:00:00,3.08,0,synth_hospital seed 20260927,,2026-09-25T00:00:00Z,SYNTH
BBLK,2026-04-17 00:00:00,5.02,0,synth_hospital seed 20260927,,2026-09-25T00:00:00Z,SYNTH
BBLK,2026-04-17 06:00:00,6.74,0,synth_hospital seed 20260927,,2026-09-25T00:00:00Z,SYNTH
BBLK,2026-04-17 12:00:00,3.72,0,synth_hospital seed 20260927,,2026-09-25T00:00:00Z,SYNTH
BBLK,2026-04-17 18:00:00,4.64,0,synth_hospital seed 20260927,,2026-09-25T00:00:00Z,SYNTH
BBLK,2026-04-18 00:00:00,3.51,0,synth_hospital seed 20260927,,2026-09-25T00:00:00Z,SYNTH
BBLK,2026-04-18 06:00:00,3.91,0,synth_hospital seed 20260927,,2026-09-25T00:00:00Z,SYNTH
BBLK,2026-04-18 12:00:00,5.37,0,synth_hospital seed 20260927,,2026-09-25T00:00:00Z,SYNTH
BBLK,2026-04-18 18:00:00,5.01,0,synth_hospital seed 20260927,,2026-09-25T00:00:00Z,SYNTH
BBLK,2026-04-19 00:00:00,6.05,0,synth_hospital seed 20260927,,2026-09-25T00:00:00Z,SYNTH
BBLK,2026-04-19 06:00:00,4.67,0,synth_hospital seed 20260927,,2026-09-25T00:00:00Z,SYNTH
BBLK,2026-04-19 12:00:00,5.29,0,synth_hospital seed 20260927,,2026-09-25T00:00:00Z,SYNTH
BBLK,2026-04-19 18:00:00,5.95,0,synth_hospital seed 20260927,,2026-09-25T00:00:00Z,SYNTH
BBLK,2026-04-20 00:00:00,5.03,0,synth_hospital seed 20260927,,2026-09-25T00:00:00Z,SYNTH
BBLK,2026-04-20 06:00:00,4.88,0,synth_hospital seed 20260927,,2026-09-25T00:00:00Z,SYNTH
BBLK,2026-04-20 12:00:00,5.52,0,synth_hospital seed 20260927,,2026-09-25T00:00:00Z,SYNTH
BBLK,2026-04-20 18:00:00,5.18,0,synth_hospital seed 20260927,,2026-09-25T00:00:00Z,SYNTH
BBLK,2026-04-21 00:00:00,6.13,0,synth_hospital seed 20260927,,2026-09-25T00:00:00Z,SYNTH
BBLK,2026-04-21 06:00:00,5.26,0,synth_hospital seed 20260927,,2026-09-25T00:00:00Z,SYNTH
BBLK,2026-04-21 12:00:00,4.72,0,synth_hospital seed 20260927,,2026-09-25T00:00:00Z,SYNTH
BBLK,2026-04-21 18:00:00,4.46,0,synth_hospital seed 20260927,,2026-09-25T00:00:00Z,SYNTH
BBLK,2026-04-22 00:00:00,4.87,0,synth_hospital seed 20260927,,2026-09-25T00:00:00Z,SYNTH
BBLK,2026-04-22 06:00:00,6.27,0,synth_hospital seed 20260927,,2026-09-25T00:00:00Z,SYNTH
BBLK,2026-04-22 12:00:00,5.68,0,synth_hospital seed 20260927,,2026-09-25T00:00:00Z,SYNTH
BBLK,2026-04-22 18:00:00,5.58,0,synth_hospital seed 20260927,,2026-09-25T00:00:00Z,SYNTH
BBLK,2026-04-23 00:00:00,5.77,0,synth_hospital seed 20260927,,2026-09-25T00:00:00Z,SYNTH
BBLK,2026-04-23 06:00:00,5.82,0,synth_hospital seed 20260927,,2026-09-25T00:00:00Z,SYNTH
BBLK,2026-04-23 12:00:00,5.25,0,synth_hospital seed 20260927,,2026-09-25T00:00:00Z,SYNTH
BBLK,2026-04-23 18:00:00,4.87,0,synth_hospital seed 20260927,,2026-09-25T00:00:00Z,SYNTH
BBLK,2026-04-24 00:00:00,5.76,0,synth_hospital seed 20260927,,2026-09-25T00:00:00Z,SYNTH
BBLK,2026-04-24 06:00:00,5.13,0,synth_hospital seed 20260927,,2026-09-25T00:00:00Z,SYNTH
BBLK,2026-04-24 12:00:00,4.79,0,synth_hospital seed 20260927,,2026-09-25T00:00:00Z,SYNTH
BBLK,2026-04-24 18:00:00,5.34,0,synth_hospital seed 20260927,,2026-09-25T00:00:00Z,SYNTH
BBLK,2026-04-25 00:00:00,5.51,0,synth_hospital seed 20260927,,2026-09-25T00:00:00Z,SYNTH
BBLK,2026-04-25 06:00:00,4.24,0,synth_hospital seed 20260927,,2026-09-25T00:00:00Z,SYNTH
BBLK,2026-04-25 12:00:00,5.31,0,synth_hospital seed 20260927,,2026-09-25T00:00:00Z,SYNTH
BBLK,2026-04-25 18:00:00,5.08,0,synth_hospital seed 20260927,,2026-09-25T00:00:00Z,SYNTH
BBLK,2026-04-26 00:00:00,4.58,0,synth_hospital seed 20260927,,2026-09-25T00:00:00Z,SYNTH
BBLK,2026-04-26 06:00:00,3.91,0,synth_hospital seed 20260927,,2026-09-25T00:00:00Z,SYNTH
BBLK,2026-04-26 12:00:00,5.25,0,synth_hospital seed 20260927,,2026-09-25T00:00:00Z,SYNTH
BBLK,2026-04-26 18:00:00,6.05,0,synth_hospital seed 20260927,,2026-09-25T00:00:00Z,SYNTH
BBLK,2026-04-27 00:00:00,4.19,0,synth_hospital seed 20260927,,2026-09-25T00:00:00Z,SYNTH
BBLK,2026-04-27 06:00:00,4.47,0,synth_hospital seed 20260927,,2026-09-25T00:00:00Z,SYNTH
BBLK,2026-04-27 12:00:00,4.59,0,synth_hospital seed 20260927,,2026-09-25T00:00:00Z,SYNTH
BBLK,2026-04-27 18:00:00,4.73,0,synth_hospital seed 20260927,,2026-09-25T00:00:00Z,SYNTH
BBLK,2026-04-28 00:00:00,5.03,0,synth_hospital seed 20260927,,2026-09-25T00:00:00Z,SYNTH
BBLK,2026-04-28 06:00:00,5.04,0,synth_hospital seed 20260927,,2026-09-25T00:00:00Z,SYNTH
BBLK,2026-04-28 12:00:00,4.89,0,synth_hospital seed 20260927,,2026-09-25T00:00:00Z,SYNTH
BBLK,2026-04-28 18:00:00,4.14,0,synth_hospital seed 20260927,,2026-09-25T00:00:00Z,SYNTH
BBLK,2026-04-29 00:00:00,4.84,0,synth_hospital seed 20260927,,2026-09-25T00:00:00Z,SYNTH
BBLK,2026-04-29 06:00:00,4.53,0,synth_hospital seed 20260927,,2026-09-25T00:00:00Z,SYNTH
BBLK,2026-04-29 12:00:00,5.63,0,synth_hospital seed 20260927,,2026-09-25T00:00:00Z,SYNTH
BBLK,2026-04-29 18:00:00,4.5,0,synth_hospital seed 20260927,,2026-09-25T00:00:00Z,SYNTH
BBLK,2026-04-30 00:00:00,5.66,0,synth_hospital seed 20260927,,2026-09-25T00:00:00Z,SYNTH
BBLK,2026-04-30 06:00:00,4.75,0,synth_hospital seed 20260927,,2026-09-25T00:00:00Z,SYNTH
BBLK,2026-04-30 12:00:00,4.52,0,synth_hospital seed 20260927,,2026-09-25T00:00:00Z,SYNTH
BBLK,2026-04-30 18:00:00,4.05,0,synth_hospital seed 20260927,,2026-09-25T00:00:00Z,SYNTH
BBLK,2026-05-01 00:00:00,3.79,0,synth_hospital seed 20260927,,2026-09-25T00:00:00Z,SYNTH
BBLK,2026-05-01 06:00:00,3.74,0,synth_hospital seed 20260927,,2026-09-25T00:00:00Z,SYNTH
BBLK,2026-05-01 12:00:00,4.48,0,synth_hospital seed 20260927,,2026-09-25T00:00:00Z,SYNTH
BBLK,2026-05-01 18:00:00,4.1,0,synth_hospital seed 20260927,,2026-09-25T00:00:00Z,SYNTH
BBLK,2026-05-02 00:00:00,5.48,0,synth_hospital seed 20260927,,2026-09-25T00:00:00Z,SYNTH
BBLK,2026-05-02 06:00:00,5.9,0,synth_hospital seed 20260927,,2026-09-25T00:00:00Z,SYNTH
BBLK,2026-05-02 12:00:00,3.68,0,synth_hospital seed 20260927,,2026-09-25T00:00:00Z,SYNTH
BBLK,2026-05-02 18:00:00,5.28,0,synth_hospital seed 20260927,,2026-09-25T00:00:00Z,SYNTH
BBLK,2026-05-03 00:00:00,5.24,0,synth_hospital seed 20260927,,2026-09-25T00:00:00Z,SYNTH
BBLK,2026-05-03 06:00:00,4.69,0,synth_hospital seed 20260927,,2026-09-25T00:00:00Z,SYNTH
BBLK,2026-05-03 12:00:00,4.72,0,synth_hospital seed 20260927,,2026-09-25T00:00:00Z,SYNTH
BBLK,2026-05-03 18:00:00,4.31,0,synth_hospital seed 20260927,,2026-09-25T00:00:00Z,SYNTH
BBLK,2026-05-04 00:00:00,4.77,0,synth_hospital seed 20260927,,2026-09-25T00:00:00Z,SYNTH
BBLK,2026-05-04 06:00:00,5.0,0,synth_hospital seed 20260927,,2026-09-25T00:00:00Z,SYNTH
BBLK,2026-05-04 12:00:00,5.53,0,synth_hospital seed 20260927,,2026-09-25T00:00:00Z,SYNTH
BBLK,2026-05-04 18:00:00,4.79,0,synth_hospital seed 20260927,,2026-09-25T00:00:00Z,SYNTH
BBLK,2026-05-05 00:00:00,4.27,0,synth_hospital seed 20260927,,2026-09-25T00:00:00Z,SYNTH
BBLK,2026-05-05 06:00:00,5.09,0,synth_hospital seed 20260927,,2026-09-25T00:00:00Z,SYNTH
BBLK,2026-05-05 12:00:00,4.94,0,synth_hospital seed 20260927,,2026-09-25T00:00:00Z,SYNTH
BBLK,2026-05-05 18:00:00,5.17,0,synth_hospital seed 20260927,,2026-09-25T00:00:00Z,SYNTH
BBLK,2026-05-06 00:00:00,4.94,0,synth_hospital seed 20260927,,2026-09-25T00:00:00Z,SYNTH
BBLK,2026-05-06 06:00:00,3.93,0,synth_hospital seed 20260927,,2026-09-25T00:00:00Z,SYNTH
BBLK,2026-05-06 12:00:00,5.63,0,synth_hospital seed 20260927,,2026-09-25T00:00:00Z,SYNTH
BBLK,2026-05-06 18:00:00,5.47,0,synth_hospital seed 20260927,,2026-09-25T00:00:00Z,SYNTH
BBLK,2026-05-07 00:00:00,4.37,0,synth_hospital seed 20260927,,2026-09-25T00:00:00Z,SYNTH
BBLK,2026-05-07 06:00:00,6.01,0,synth_hospital seed 20260927,,2026-09-25T00:00:00Z,SYNTH
BBLK,2026-05-07 12:00:00,4.99,0,synth_hospital seed 20260927,,2026-09-25T00:00:00Z,SYNTH
BBLK,2026-05-07 18:00:00,4.03,0,synth_hospital seed 20260927,,2026-09-25T00:00:00Z,SYNTH
BBLK,2026-05-08 00:00:00,5.44,0,synth_hospital seed 20260927,,2026-09-25T00:00:00Z,SYNTH
BBLK,2026-05-08 06:00:00,4.74,0,synth_hospital seed 20260927,,2026-09-25T00:00:00Z,SYNTH
BBLK,2026-05-08 12:00:00,6.02,0,synth_hospital seed 20260927,,2026-09-25T00:00:00Z,SYNTH
BBLK,2026-05-08 18:00:00,3.81,0,synth_hospital seed 20260927,,2026-09-25T00:00:00Z,SYNTH
BBLK,2026-05-09 00:00:00,6.13,0,synth_hospital seed 20260927,,2026-09-25T00:00:00Z,SYNTH
BBLK,2026-05-09 06:00:00,5.47,0,synth_hospital seed 20260927,,2026-09-25T00:00:00Z,SYNTH
BBLK,2026-05-09 12:00:00,3.84,0,synth_hospital seed 20260927,,2026-09-25T00:00:00Z,SYNTH
BBLK,2026-05-09 18:00:00,5.31,0,synth_hospital seed 20260927,,2026-09-25T00:00:00Z,SYNTH
BBLK,2026-05-10 00:00:00,5.11,0,synth_hospital seed 20260927,,2026-09-25T00:00:00Z,SYNTH
BBLK,2026-05-10 06:00:00,5.98,0,synth_hospital seed 20260927,,2026-09-25T00:00:00Z,SYNTH
BBLK,2026-05-10 12:00:00,4.26,0,synth_hospital seed 20260927,,2026-09-25T00:00:00Z,SYNTH
BBLK,2026-05-10 18:00:00,5.1,0,synth_hospital seed 20260927,,2026-09-25T00:00:00Z,SYNTH
BBLK,2026-05-11 00:00:00,4.89,0,synth_hospital seed 20260927,,2026-09-25T00:00:00Z,SYNTH
BBLK,2026-05-11 06:00:00,5.38,0,synth_hospital seed 20260927,,2026-09-25T00:00:00Z,SYNTH
BBLK,2026-05-11 12:00:00,5.27,0,synth_hospital seed 20260927,,2026-09-25T00:00:00Z,SYNTH
BBLK,2026-05-11 18:00:00,4.8,0,synth_hospital seed 20260927,,2026-09-25T00:00:00Z,SYNTH
BBLK,2026-05-12 00:00:00,4.26,0,synth_hospital seed 20260927,,2026-09-25T00:00:00Z,SYNTH
BBLK,2026-05-12 06:00:00,3.68,0,synth_hospital seed 20260927,,2026-09-25T00:00:00Z,SYNTH
BBLK,2026-05-12 12:00:00,6.36,0,synth_hospital seed 20260927,,2026-09-25T00:00:00Z,SYNTH
BBLK,2026-05-12 18:00:00,6.68,0,synth_hospital seed 20260927,,2026-09-25T00:00:00Z,SYNTH
BBLK,2026-05-13 00:00:00,4.31,0,synth_hospital seed 20260927,,2026-09-25T00:00:00Z,SYNTH
BBLK,2026-05-13 06:00:00,3.64,0,synth_hospital seed 20260927,,2026-09-25T00:00:00Z,SYNTH
BBLK,2026-05-13 12:00:00,4.52,0,synth_hospital seed 20260927,,2026-09-25T00:00:00Z,SYNTH
BBLK,2026-05-13 18:00:00,5.9,0,synth_hospital seed 20260927,,2026-09-25T00:00:00Z,SYNTH
BBLK,2026-05-14 00:00:00,5.31,0,synth_hospital seed 20260927,,2026-09-25T00:00:00Z,SYNTH
BBLK,2026-05-14 06:00:00,3.96,0,synth_hospital seed 20260927,,2026-09-25T00:00:00Z,SYNTH
BBLK,2026-05-14 12:00:00,4.86,0,synth_hospital seed 20260927,,2026-09-25T00:00:00Z,SYNTH
BBLK,2026-05-14 18:00:00,5.49,0,synth_hospital seed 20260927,,2026-09-25T00:00:00Z,SYNTH
BBLK,2026-05-15 00:00:00,5.89,0,synth_hospital seed 20260927,,2026-09-25T00:00:00Z,SYNTH
BBLK,2026-05-15 06:00:00,4.9,0,synth_hospital seed 20260927,,2026-09-25T00:00:00Z,SYNTH
BBLK,2026-05-15 12:00:00,5.3,0,synth_hospital seed 20260927,,2026-09-25T00:00:00Z,SYNTH
BBLK,2026-05-15 18:00:00,5.28,0,synth_hospital seed 20260927,,2026-09-25T00:00:00Z,SYNTH
BBLK,2026-05-16 00:00:00,5.95,0,synth_hospital seed 20260927,,2026-09-25T00:00:00Z,SYNTH
BBLK,2026-05-16 06:00:00,5.6,0,synth_hospital seed 20260927,,2026-09-25T00:00:00Z,SYNTH
BBLK,2026-05-16 12:00:00,5.3,0,synth_hospital seed 20260927,,2026-09-25T00:00:00Z,SYNTH
BBLK,2026-05-16 18:00:00,5.5,0,synth_hospital seed 20260927,,2026-09-25T00:00:00Z,SYNTH
BBLK,2026-05-17 00:00:00,7.08,0,synth_hospital seed 20260927,,2026-09-25T00:00:00Z,SYNTH
BBLK,2026-05-17 06:00:00,4.5,0,synth_hospital seed 20260927,,2026-09-25T00:00:00Z,SYNTH
BBLK,2026-05-17 12:00:00,5.07,0,synth_hospital seed 20260927,,2026-09-25T00:00:00Z,SYNTH
BBLK,2026-05-17 18:00:00,4.92,0,synth_hospital seed 20260927,,2026-09-25T00:00:00Z,SYNTH
BBLK,2026-05-18 00:00:00,4.53,0,synth_hospital seed 20260927,,2026-09-25T00:00:00Z,SYNTH
BBLK,2026-05-18 06:00:00,4.39,0,synth_hospital seed 20260927,,2026-09-25T00:00:00Z,SYNTH
BBLK,2026-05-18 12:00:00,5.83,0,synth_hospital seed 20260927,,2026-09-25T00:00:00Z,SYNTH
BBLK,2026-05-18 18:00:00,5.25,0,synth_hospital seed 20260927,,2026-09-25T00:00:00Z,SYNTH
BBLK,2026-05-19 00:00:00,4.57,0,synth_hospital seed 20260927,,2026-09-25T00:00:00Z,SYNTH
BBLK,2026-05-19 06:00:00,4.68,0,synth_hospital seed 20260927,,2026-09-25T00:00:00Z,SYNTH
BBLK,2026-05-19 12:00:00,6.13,0,synth_hospital seed 20260927,,2026-09-25T00:00:00Z,SYNTH
BBLK,2026-05-19 18:00:00,5.93,0,synth_hospital seed 20260927,,2026-09-25T00:00:00Z,SYNTH
BBLK,2026-05-20 00:00:00,4.26,0,synth_hospital seed 20260927,,2026-09-25T00:00:00Z,SYNTH
BBLK,2026-05-20 06:00:00,4.08,0,synth_hospital seed 20260927,,2026-09-25T00:00:00Z,SYNTH
BBLK,2026-05-20 12:00:00,4.94,0,synth_hospital seed 20260927,,2026-09-25T00:00:00Z,SYNTH
BBLK,2026-05-20 18:00:00,5.43,0,synth_hospital seed 20260927,,2026-09-25T00:00:00Z,SYNTH
BBLK,2026-05-21 00:00:00,4.51,0,synth_hospital seed 20260927,,2026-09-25T00:00:00Z,SYNTH
BBLK,2026-05-21 06:00:00,5.04,0,synth_hospital seed 20260927,,2026-09-25T00:00:00Z,SYNTH
BBLK,2026-05-21 12:00:00,5.41,0,synth_hospital seed 20260927,,2026-09-25T00:00:00Z,SYNTH
BBLK,2026-05-21 18:00:00,4.27,0,synth_hospital seed 20260927,,2026-09-25T00:00:00Z,SYNTH
BBLK,2026-05-22 00:00:00,4.78,0,synth_hospital seed 20260927,,2026-09-25T00:00:00Z,SYNTH
BBLK,2026-05-22 06:00:00,4.61,0,synth_hospital seed 20260927,,2026-09-25T00:00:00Z,SYNTH
BBLK,2026-05-22 12:00:00,4.92,0,synth_hospital seed 20260927,,2026-09-25T00:00:00Z,SYNTH
BBLK,2026-05-22 18:00:00,4.74,0,synth_hospital seed 20260927,,2026-09-25T00:00:00Z,SYNTH
BBLK,2026-05-23 00:00:00,5.35,0,synth_hospital seed 20260927,,2026-09-25T00:00:00Z,SYNTH
BBLK,2026-05-23 06:00:00,4.2,0,synth_hospital seed 20260927,,2026-09-25T00:00:00Z,SYNTH
BBLK,2026-05-23 12:00:00,4.72,0,synth_hospital seed 20260927,,2026-09-25T00:00:00Z,SYNTH
BBLK,2026-05-23 18:00:00,5.13,0,synth_hospital seed 20260927,,2026-09-25T00:00:00Z,SYNTH
BBLK,2026-05-24 00:00:00,4.81,0,synth_hospital seed 20260927,,2026-09-25T00:00:00Z,SYNTH
BBLK,2026-05-24 06:00:00,4.8,0,synth_hospital seed 20260927,,2026-09-25T00:00:00Z,SYNTH
BBLK,2026-05-24 12:00:00,4.11,0,synth_hospital seed 20260927,,2026-09-25T00:00:00Z,SYNTH
BBLK,2026-05-24 18:00:00,4.2,0,synth_hospital seed 20260927,,2026-09-25T00:00:00Z,SYNTH
BBLK,2026-05-25 00:00:00,4.66,0,synth_hospital seed 20260927,,2026-09-25T00:00:00Z,SYNTH
BBLK,2026-05-25 06:00:00,4.68,0,synth_hospital seed 20260927,,2026-09-25T00:00:00Z,SYNTH
BBLK,2026-05-25 12:00:00,5.31,0,synth_hospital seed 20260927,,2026-09-25T00:00:00Z,SYNTH
BBLK,2026-05-25 18:00:00,5.57,0,synth_hospital seed 20260927,,2026-09-25T00:00:00Z,SYNTH
BBLK,2026-05-26 00:00:00,4.12,0,synth_hospital seed 20260927,,2026-09-25T00:00:00Z,SYNTH
BBLK,2026-05-26 06:00:00,4.18,0,synth_hospital seed 20260927,,2026-09-25T00:00:00Z,SYNTH
BBLK,2026-05-26 12:00:00,5.07,0,synth_hospital seed 20260927,,2026-09-25T00:00:00Z,SYNTH
BBLK,2026-05-26 18:00:00,4.63,0,synth_hospital seed 20260927,,2026-09-25T00:00:00Z,SYNTH
BBLK,2026-05-27 00:00:00,5.19,0,synth_hospital seed 20260927,,2026-09-25T00:00:00Z,SYNTH
BBLK,2026-05-27 06:00:00,3.93,0,synth_hospital seed 20260927,,2026-09-25T00:00:00Z,SYNTH
BBLK,2026-05-27 12:00:00,4.38,0,synth_hospital seed 20260927,,2026-09-25T00:00:00Z,SYNTH
BBLK,2026-05-27 18:00:00,3.8,0,synth_hospital seed 20260927,,2026-09-25T00:00:00Z,SYNTH
BBLK,2026-05-28 00:00:00,5.43,0,synth_hospital seed 20260927,,2026-09-25T00:00:00Z,SYNTH
BBLK,2026-05-28 06:00:00,4.78,0,synth_hospital seed 20260927,,2026-09-25T00:00:00Z,SYNTH
BBLK,2026-05-28 12:00:00,5.28,0,synth_hospital seed 20260927,,2026-09-25T00:00:00Z,SYNTH
BBLK,2026-05-28 18:00:00,5.39,0,synth_hospital seed 20260927,,2026-09-25T00:00:00Z,SYNTH
BBLK,2026-05-29 00:00:00,4.2,0,synth_hospital seed 20260927,,2026-09-25T00:00:00Z,SYNTH
BBLK,2026-05-29 06:00:00,4.88,0,synth_hospital seed 20260927,,2026-09-25T00:00:00Z,SYNTH
BBLK,2026-05-29 12:00:00,4.69,0,synth_hospital seed 20260927,,2026-09-25T00:00:00Z,SYNTH
BBLK,2026-05-29 18:00:00,4.75,0,synth_hospital seed 20260927,,2026-09-25T00:00:00Z,SYNTH
BBLK,2026-05-30 00:00:00,5.62,0,synth_hospital seed 20260927,,2026-09-25T00:00:00Z,SYNTH
BBLK,2026-05-30 06:00:00,5.75,0,synth_hospital seed 20260927,,2026-09-25T00:00:00Z,SYNTH
BBLK,2026-05-30 12:00:00,4.94,0,synth_hospital seed 20260927,,2026-09-25T00:00:00Z,SYNTH
BBLK,2026-05-30 18:00:00,4.08,0,synth_hospital seed 20260927,,2026-09-25T00:00:00Z,SYNTH
BBLK,2026-05-31 00:00:00,5.35,0,synth_hospital seed 20260927,,2026-09-25T00:00:00Z,SYNTH
BBLK,2026-05-31 06:00:00,5.2,0,synth_hospital seed 20260927,,2026-09-25T00:00:00Z,SYNTH
BBLK,2026-05-31 12:00:00,5.13,0,synth_hospital seed 20260927,,2026-09-25T00:00:00Z,SYNTH
BBLK,2026-05-31 18:00:00,5.33,0,synth_hospital seed 20260927,,2026-09-25T00:00:00Z,SYNTH
BBLK,2026-06-01 00:00:00,5.9,0,synth_hospital seed 20260927,,2026-09-25T00:00:00Z,SYNTH
BBLK,2026-06-01 06:00:00,4.96,0,synth_hospital seed 20260927,,2026-09-25T00:00:00Z,SYNTH
BBLK,2026-06-01 12:00:00,3.69,0,synth_hospital seed 20260927,,2026-09-25T00:00:00Z,SYNTH
BBLK,2026-06-01 18:00:00,3.78,0,synth_hospital seed 20260927,,2026-09-25T00:00:00Z,SYNTH
BBLK,2026-06-02 00:00:00,4.42,0,synth_hospital seed 20260927,,2026-09-25T00:00:00Z,SYNTH
BBLK,2026-06-02 06:00:00,4.81,0,synth_hospital seed 20260927,,2026-09-25T00:00:00Z,SYNTH
BBLK,2026-06-02 12:00:00,4.15,0,synth_hospital seed 20260927,,2026-09-25T00:00:00Z,SYNTH
BBLK,2026-06-02 18:00:00,4.46,0,synth_hospital seed 20260927,,2026-09-25T00:00:00Z,SYNTH
BBLK,2026-06-03 00:00:00,5.55,0,synth_hospital seed 20260927,,2026-09-25T00:00:00Z,SYNTH
BBLK,2026-06-03 06:00:00,5.88,0,synth_hospital seed 20260927,,2026-09-25T00:00:00Z,SYNTH
BBLK,2026-06-03 12:00:00,5.47,0,synth_hospital seed 20260927,,2026-09-25T00:00:00Z,SYNTH
BBLK,2026-06-03 18:00:00,6.59,0,synth_hospital seed 20260927,,2026-09-25T00:00:00Z,SYNTH
BBLK,2026-06-04 00:00:00,4.99,0,synth_hospital seed 20260927,,2026-09-25T00:00:00Z,SYNTH
BBLK,2026-06-04 06:00:00,4.65,0,synth_hospital seed 20260927,,2026-09-25T00:00:00Z,SYNTH
BBLK,2026-06-04 12:00:00,4.8,0,synth_hospital seed 20260927,,2026-09-25T00:00:00Z,SYNTH
BBLK,2026-06-04 18:00:00,4.89,0,synth_hospital seed 20260927,,2026-09-25T00:00:00Z,SYNTH
BBLK,2026-06-05 00:00:00,4.86,0,synth_hospital seed 20260927,,2026-09-25T00:00:00Z,SYNTH
BBLK,2026-06-05 06:00:00,4.2,0,synth_hospital seed 20260927,,2026-09-25T00:00:00Z,SYNTH
BBLK,2026-06-05 12:00:00,5.44,0,synth_hospital seed 20260927,,2026-09-25T00:00:00Z,SYNTH
BBLK,2026-06-05 18:00:00,4.61,0,synth_hospital seed 20260927,,2026-09-25T00:00:00Z,SYNTH
BBLK,2026-06-06 00:00:00,4.59,0,synth_hospital seed 20260927,,2026-09-25T00:00:00Z,SYNTH
BBLK,2026-06-06 06:00:00,4.14,0,synth_hospital seed 20260927,,2026-09-25T00:00:00Z,SYNTH
BBLK,2026-06-06 12:00:00,4.03,0,synth_hospital seed 20260927,,2026-09-25T00:00:00Z,SYNTH
BBLK,2026-06-06 18:00:00,5.5,0,synth_hospital seed 20260927,,2026-09-25T00:00:00Z,SYNTH
BBLK,2026-06-07 00:00:00,4.95,0,synth_hospital seed 20260927,,2026-09-25T00:00:00Z,SYNTH
BBLK,2026-06-07 06:00:00,5.08,0,synth_hospital seed 20260927,,2026-09-25T00:00:00Z,SYNTH
BBLK,2026-06-07 12:00:00,5.17,0,synth_hospital seed 20260927,,2026-09-25T00:00:00Z,SYNTH
BBLK,2026-06-07 18:00:00,6.28,0,synth_hospital seed 20260927,,2026-09-25T00:00:00Z,SYNTH
BBLK,2026-06-08 00:00:00,4.73,0,synth_hospital seed 20260927,,2026-09-25T00:00:00Z,SYNTH
BBLK,2026-06-08 06:00:00,5.31,0,synth_hospital seed 20260927,,2026-09-25T00:00:00Z,SYNTH
BBLK,2026-06-08 12:00:00,5.74,0,synth_hospital seed 20260927,,2026-09-25T00:00:00Z,SYNTH
BBLK,2026-06-08 18:00:00,4.4,0,synth_hospital seed 20260927,,2026-09-25T00:00:00Z,SYNTH
BBLK,2026-06-09 00:00:00,4.4,0,synth_hospital seed 20260927,,2026-09-25T00:00:00Z,SYNTH
BBLK,2026-06-09 06:00:00,3.84,0,synth_hospital seed 20260927,,2026-09-25T00:00:00Z,SYNTH
BBLK,2026-06-09 12:00:00,4.4,0,synth_hospital seed 20260927,,2026-09-25T00:00:00Z,SYNTH
BBLK,2026-06-09 18:00:00,4.65,0,synth_hospital seed 20260927,,2026-09-25T00:00:00Z,SYNTH
BBLK,2026-06-10 00:00:00,4.93,0,synth_hospital seed 20260927,,2026-09-25T00:00:00Z,SYNTH
BBLK,2026-06-10 06:00:00,3.73,0,synth_hospital seed 20260927,,2026-09-25T00:00:00Z,SYNTH
BBLK,2026-06-10 12:00:00,5.6,0,synth_hospital seed 20260927,,2026-09-25T00:00:00Z,SYNTH
BBLK,2026-06-10 18:00:00,5.14,0,synth_hospital seed 20260927,,2026-09-25T00:00:00Z,SYNTH
BBLK,2026-06-11 00:00:00,4.05,0,synth_hospital seed 20260927,,2026-09-25T00:00:00Z,SYNTH
BBLK,2026-06-11 06:00:00,4.17,0,synth_hospital seed 20260927,,2026-09-25T00:00:00Z,SYNTH
BBLK,2026-06-11 12:00:00,5.44,0,synth_hospital seed 20260927,,2026-09-25T00:00:00Z,SYNTH
BBLK,2026-06-11 18:00:00,5.33,0,synth_hospital seed 20260927,,2026-09-25T00:00:00Z,SYNTH
BBLK,2026-06-12 00:00:00,5.2,0,synth_hospital seed 20260927,,2026-09-25T00:00:00Z,SYNTH
BBLK,2026-06-12 06:00:00,4.09,0,synth_hospital seed 20260927,,2026-09-25T00:00:00Z,SYNTH
BBLK,2026-06-12 12:00:00,4.5,0,synth_hospital seed 20260927,,2026-09-25T00:00:00Z,SYNTH
BBLK,2026-06-12 18:00:00,3.93,0,synth_hospital seed 20260927,,2026-09-25T00:00:00Z,SYNTH
BBLK,2026-06-13 00:00:00,3.94,0,synth_hospital seed 20260927,,2026-09-25T00:00:00Z,SYNTH
BBLK,2026-06-13 06:00:00,5.24,0,synth_hospital seed 20260927,,2026-09-25T00:00:00Z,SYNTH
BBLK,2026-06-13 12:00:00,5.26,0,synth_hospital seed 20260927,,2026-09-25T00:00:00Z,SYNTH
BBLK,2026-06-13 18:00:00,5.24,0,synth_hospital seed 20260927,,2026-09-25T00:00:00Z,SYNTH
BBLK,2026-06-14 00:00:00,5.51,0,synth_hospital seed 20260927,,2026-09-25T00:00:00Z,SYNTH
BBLK,2026-06-14 06:00:00,6.4,0,synth_hospital seed 20260927,,2026-09-25T00:00:00Z,SYNTH
BBLK,2026-06-14 12:00:00,4.97,0,synth_hospital seed 20260927,,2026-09-25T00:00:00Z,SYNTH
BBLK,2026-06-14 18:00:00,5.74,0,synth_hospital seed 20260927,,2026-09-25T00:00:00Z,SYNTH
BBLK,2026-06-15 00:00:00,5.05,0,synth_hospital seed 20260927,,2026-09-25T00:00:00Z,SYNTH
BBLK,2026-06-15 06:00:00,5.05,0,synth_hospital seed 20260927,,2026-09-25T00:00:00Z,SYNTH
BBLK,2026-06-15 12:00:00,5.89,0,synth_hospital seed 20260927,,2026-09-25T00:00:00Z,SYNTH
BBLK,2026-06-15 18:00:00,4.52,0,synth_hospital seed 20260927,,2026-09-25T00:00:00Z,SYNTH
BBLK,2026-06-16 00:00:00,4.64,0,synth_hospital seed 20260927,,2026-09-25T00:00:00Z,SYNTH
BBLK,2026-06-16 06:00:00,5.53,0,synth_hospital seed 20260927,,2026-09-25T00:00:00Z,SYNTH
BBLK,2026-06-16 12:00:00,3.98,0,synth_hospital seed 20260927,,2026-09-25T00:00:00Z,SYNTH
BBLK,2026-06-16 18:00:00,3.9,0,synth_hospital seed 20260927,,2026-09-25T00:00:00Z,SYNTH
BBLK,2026-06-17 00:00:00,5.78,0,synth_hospital seed 20260927,,2026-09-25T00:00:00Z,SYNTH
BBLK,2026-06-17 06:00:00,3.67,0,synth_hospital seed 20260927,,2026-09-25T00:00:00Z,SYNTH
BBLK,2026-06-17 12:00:00,4.68,0,synth_hospital seed 20260927,,2026-09-25T00:00:00Z,SYNTH
BBLK,2026-06-17 18:00:00,4.77,0,synth_hospital seed 20260927,,2026-09-25T00:00:00Z,SYNTH
BBLK,2026-06-18 00:00:00,5.01,0,synth_hospital seed 20260927,,2026-09-25T00:00:00Z,SYNTH
BBLK,2026-06-18 06:00:00,5.35,0,synth_hospital seed 20260927,,2026-09-25T00:00:00Z,SYNTH
BBLK,2026-06-18 12:00:00,4.39,0,synth_hospital seed 20260927,,2026-09-25T00:00:00Z,SYNTH
BBLK,2026-06-18 18:00:00,4.08,0,synth_hospital seed 20260927,,2026-09-25T00:00:00Z,SYNTH
BBLK,2026-06-19 00:00:00,5.19,0,synth_hospital seed 20260927,,2026-09-25T00:00:00Z,SYNTH
BBLK,2026-06-19 06:00:00,4.51,0,synth_hospital seed 20260927,,2026-09-25T00:00:00Z,SYNTH
BBLK,2026-06-19 12:00:00,4.82,0,synth_hospital seed 20260927,,2026-09-25T00:00:00Z,SYNTH
BBLK,2026-06-19 18:00:00,5.04,0,synth_hospital seed 20260927,,2026-09-25T00:00:00Z,SYNTH
BBLK,2026-06-20 00:00:00,4.04,0,synth_hospital seed 20260927,,2026-09-25T00:00:00Z,SYNTH
BBLK,2026-06-20 06:00:00,6.36,0,synth_hospital seed 20260927,,2026-09-25T00:00:00Z,SYNTH
BBLK,2026-06-20 12:00:00,3.65,0,synth_hospital seed 20260927,,2026-09-25T00:00:00Z,SYNTH
BBLK,2026-06-20 18:00:00,4.57,0,synth_hospital seed 20260927,,2026-09-25T00:00:00Z,SYNTH
BBLK,2026-06-21 00:00:00,3.78,0,synth_hospital seed 20260927,,2026-09-25T00:00:00Z,SYNTH
BBLK,2026-06-21 06:00:00,4.92,0,synth_hospital seed 20260927,,2026-09-25T00:00:00Z,SYNTH
BBLK,2026-06-21 12:00:00,5.32,0,synth_hospital seed 20260927,,2026-09-25T00:00:00Z,SYNTH
BBLK,2026-06-21 18:00:00,5.45,0,synth_hospital seed 20260927,,2026-09-25T00:00:00Z,SYNTH
BBLK,2026-06-22 00:00:00,5.08,0,synth_hospital seed 20260927,,2026-09-25T00:00:00Z,SYNTH
BBLK,2026-06-22 06:00:00,4.82,0,synth_hospital seed 20260927,,2026-09-25T00:00:00Z,SYNTH
BBLK,2026-06-22 12:00:00,4.35,0,synth_hospital seed 20260927,,2026-09-25T00:00:00Z,SYNTH
BBLK,2026-06-22 18:00:00,6.6,0,synth_hospital seed 20260927,,2026-09-25T00:00:00Z,SYNTH
BBLK,2026-06-23 00:00:00,5.02,0,synth_hospital seed 20260927,,2026-09-25T00:00:00Z,SYNTH
BBLK,2026-06-23 06:00:00,5.27,0,synth_hospital seed 20260927,,2026-09-25T00:00:00Z,SYNTH
BBLK,2026-06-23 12:00:00,4.08,0,synth_hospital seed 20260927,,2026-09-25T00:00:00Z,SYNTH
BBLK,2026-06-23 18:00:00,4.32,0,synth_hospital seed 20260927,,2026-09-25T00:00:00Z,SYNTH
BBLK,2026-06-24 00:00:00,5.64,0,synth_hospital seed 20260927,,2026-09-25T00:00:00Z,SYNTH
BBLK,2026-06-24 06:00:00,5.48,0,synth_hospital seed 20260927,,2026-09-25T00:00:00Z,SYNTH
BBLK,2026-06-24 12:00:00,5.15,0,synth_hospital seed 20260927,,2026-09-25T00:00:00Z,SYNTH
BBLK,2026-06-24 18:00:00,5.0,0,synth_hospital seed 20260927,,2026-09-25T00:00:00Z,SYNTH
BBLK,2026-06-25 00:00:00,4.79,0,synth_hospital seed 20260927,,2026-09-25T00:00:00Z,SYNTH
BBLK,2026-06-25 06:00:00,5.54,0,synth_hospital seed 20260927,,2026-09-25T00:00:00Z,SYNTH
BBLK,2026-06-25 12:00:00,5.65,0,synth_hospital seed 20260927,,2026-09-25T00:00:00Z,SYNTH
BBLK,2026-06-25 18:00:00,5.42,0,synth_hospital seed 20260927,,2026-09-25T00:00:00Z,SYNTH
BBLK,2026-06-26 00:00:00,5.32,0,synth_hospital seed 20260927,,2026-09-25T00:00:00Z,SYNTH
BBLK,2026-06-26 06:00:00,5.65,0,synth_hospital seed 20260927,,2026-09-25T00:00:00Z,SYNTH
BBLK,2026-06-26 12:00:00,4.9,0,synth_hospital seed 20260927,,2026-09-25T00:00:00Z,SYNTH
BBLK,2026-06-26 18:00:00,5.66,0,synth_hospital seed 20260927,,2026-09-25T00:00:00Z,SYNTH
BBLK,2026-06-27 00:00:00,6.06,0,synth_hospital seed 20260927,,2026-09-25T00:00:00Z,SYNTH
BBLK,2026-06-27 06:00:00,5.05,0,synth_hospital seed 20260927,,2026-09-25T00:00:00Z,SYNTH
BBLK,2026-06-27 12:00:00,5.5,0,synth_hospital seed 20260927,,2026-09-25T00:00:00Z,SYNTH
BBLK,2026-06-27 18:00:00,6.11,0,synth_hospital seed 20260927,,2026-09-25T00:00:00Z,SYNTH
BBLK,2026-06-28 00:00:00,4.46,0,synth_hospital seed 20260927,,2026-09-25T00:00:00Z,SYNTH
BBLK,2026-06-28 06:00:00,5.1,0,synth_hospital seed 20260927,,2026-09-25T00:00:00Z,SYNTH
BBLK,2026-06-28 12:00:00,4.75,0,synth_hospital seed 20260927,,2026-09-25T00:00:00Z,SYNTH
BBLK,2026-06-28 18:00:00,4.95,0,synth_hospital seed 20260927,,2026-09-25T00:00:00Z,SYNTH
BBLK,2026-06-29 00:00:00,5.7,0,synth_hospital seed 20260927,,2026-09-25T00:00:00Z,SYNTH
BBLK,2026-06-29 06:00:00,5.42,0,synth_hospital seed 20260927,,2026-09-25T00:00:00Z,SYNTH
BBLK,2026-06-29 12:00:00,3.91,0,synth_hospital seed 20260927,,2026-09-25T00:00:00Z,SYNTH
BBLK,2026-06-29 18:00:00,5.95,0,synth_hospital seed 20260927,,2026-09-25T00:00:00Z,SYNTH
BBLK,2026-06-30 00:00:00,4.4,0,synth_hospital seed 20260927,,2026-09-25T00:00:00Z,SYNTH
BBLK,2026-06-30 06:00:00,5.33,0,synth_hospital seed 20260927,,2026-09-25T00:00:00Z,SYNTH
BBLK,2026-06-30 12:00:00,4.58,0,synth_hospital seed 20260927,,2026-09-25T00:00:00Z,SYNTH
BBLK,2026-06-30 18:00:00,4.43,0,synth_hospital seed 20260927,,2026-09-25T00:00:00Z,SYNTH
BBLK,2026-07-01 00:00:00,4.81,0,synth_hospital seed 20260927,,2026-09-25T00:00:00Z,SYNTH
BBLK,2026-07-01 06:00:00,4.46,0,synth_hospital seed 20260927,,2026-09-25T00:00:00Z,SYNTH
BBLK,2026-07-01 12:00:00,5.08,0,synth_hospital seed 20260927,,2026-09-25T00:00:00Z,SYNTH
BBLK,2026-07-01 18:00:00,4.34,0,synth_hospital seed 20260927,,2026-09-25T00:00:00Z,SYNTH
BBLK,2026-07-02 00:00:00,5.67,0,synth_hospital seed 20260927,,2026-09-25T00:00:00Z,SYNTH
BBLK,2026-07-02 06:00:00,4.78,0,synth_hospital seed 20260927,,2026-09-25T00:00:00Z,SYNTH
BBLK,2026-07-02 12:00:00,4.76,0,synth_hospital seed 20260927,,2026-09-25T00:00:00Z,SYNTH
BBLK,2026-07-02 18:00:00,5.79,0,synth_hospital seed 20260927,,2026-09-25T00:00:00Z,SYNTH
BBLK,2026-07-03 00:00:00,6.12,0,synth_hospital seed 20260927,,2026-09-25T00:00:00Z,SYNTH
BBLK,2026-07-03 06:00:00,5.92,0,synth_hospital seed 20260927,,2026-09-25T00:00:00Z,SYNTH
BBLK,2026-07-03 12:00:00,4.18,0,synth_hospital seed 20260927,,2026-09-25T00:00:00Z,SYNTH
BBLK,2026-07-03 18:00:00,4.19,0,synth_hospital seed 20260927,,2026-09-25T00:00:00Z,SYNTH
BBLK,2026-07-04 00:00:00,4.83,0,synth_hospital seed 20260927,,2026-09-25T00:00:00Z,SYNTH
BBLK,2026-07-04 06:00:00,3.4,0,synth_hospital seed 20260927,,2026-09-25T00:00:00Z,SYNTH
BBLK,2026-07-04 12:00:00,4.66,0,synth_hospital seed 20260927,,2026-09-25T00:00:00Z,SYNTH
BBLK,2026-07-04 18:00:00,6.58,0,synth_hospital seed 20260927,,2026-09-25T00:00:00Z,SYNTH
BBLK,2026-07-05 00:00:00,3.68,0,synth_hospital seed 20260927,,2026-09-25T00:00:00Z,SYNTH
BBLK,2026-07-05 06:00:00,5.99,0,synth_hospital seed 20260927,,2026-09-25T00:00:00Z,SYNTH
BBLK,2026-07-05 12:00:00,4.46,0,synth_hospital seed 20260927,,2026-09-25T00:00:00Z,SYNTH
BBLK,2026-07-05 18:00:00,5.4,0,synth_hospital seed 20260927,,2026-09-25T00:00:00Z,SYNTH
BBLK,2026-07-06 00:00:00,4.93,0,synth_hospital seed 20260927,,2026-09-25T00:00:00Z,SYNTH
BBLK,2026-07-06 06:00:00,3.76,0,synth_hospital seed 20260927,,2026-09-25T00:00:00Z,SYNTH
BBLK,2026-07-06 12:00:00,5.7,0,synth_hospital seed 20260927,,2026-09-25T00:00:00Z,SYNTH
BBLK,2026-07-06 18:00:00,4.48,0,synth_hospital seed 20260927,,2026-09-25T00:00:00Z,SYNTH
BBLK,2026-07-07 00:00:00,5.35,0,synth_hospital seed 20260927,,2026-09-25T00:00:00Z,SYNTH
BBLK,2026-07-07 06:00:00,5.33,0,synth_hospital seed 20260927,,2026-09-25T00:00:00Z,SYNTH
BBLK,2026-07-07 12:00:00,4.63,0,synth_hospital seed 20260927,,2026-09-25T00:00:00Z,SYNTH
BBLK,2026-07-07 18:00:00,5.71,0,synth_hospital seed 20260927,,2026-09-25T00:00:00Z,SYNTH
BBLK,2026-07-08 00:00:00,4.91,0,synth_hospital seed 20260927,,2026-09-25T00:00:00Z,SYNTH
BBLK,2026-07-08 06:00:00,4.62,0,synth_hospital seed 20260927,,2026-09-25T00:00:00Z,SYNTH
BBLK,2026-07-08 12:00:00,5.0,0,synth_hospital seed 20260927,,2026-09-25T00:00:00Z,SYNTH
BBLK,2026-07-08 18:00:00,5.43,0,synth_hospital seed 20260927,,2026-09-25T00:00:00Z,SYNTH
BBLK,2026-07-09 00:00:00,5.45,0,synth_hospital seed 20260927,,2026-09-25T00:00:00Z,SYNTH
BBLK,2026-07-09 06:00:00,5.32,0,synth_hospital seed 20260927,,2026-09-25T00:00:00Z,SYNTH
BBLK,2026-07-09 12:00:00,5.81,0,synth_hospital seed 20260927,,2026-09-25T00:00:00Z,SYNTH
BBLK,2026-07-09 18:00:00,5.0,0,synth_hospital seed 20260927,,2026-09-25T00:00:00Z,SYNTH
BBLK,2026-07-10 00:00:00,4.42,0,synth_hospital seed 20260927,,2026-09-25T00:00:00Z,SYNTH
BBLK,2026-07-10 06:00:00,4.86,0,synth_hospital seed 20260927,,2026-09-25T00:00:00Z,SYNTH
BBLK,2026-07-10 12:00:00,5.14,0,synth_hospital seed 20260927,,2026-09-25T00:00:00Z,SYNTH
BBLK,2026-07-10 18:00:00,6.02,0,synth_hospital seed 20260927,,2026-09-25T00:00:00Z,SYNTH
BBLK,2026-07-11 00:00:00,5.17,0,synth_hospital seed 20260927,,2026-09-25T00:00:00Z,SYNTH
BBLK,2026-07-11 06:00:00,5.34,0,synth_hospital seed 20260927,,2026-09-25T00:00:00Z,SYNTH
BBLK,2026-07-11 12:00:00,5.55,0,synth_hospital seed 20260927,,2026-09-25T00:00:00Z,SYNTH
BBLK,2026-07-11 18:00:00,4.88,0,synth_hospital seed 20260927,,2026-09-25T00:00:00Z,SYNTH
BBLK,2026-07-12 00:00:00,5.44,0,synth_hospital seed 20260927,,2026-09-25T00:00:00Z,SYNTH
BBLK,2026-07-12 06:00:00,5.38,0,synth_hospital seed 20260927,,2026-09-25T00:00:00Z,SYNTH
BBLK,2026-07-12 12:00:00,5.59,0,synth_hospital seed 20260927,,2026-09-25T00:00:00Z,SYNTH
BBLK,2026-07-12 18:00:00,4.43,0,synth_hospital seed 20260927,,2026-09-25T00:00:00Z,SYNTH
BBLK,2026-07-13 00:00:00,5.53,0,synth_hospital seed 20260927,,2026-09-25T00:00:00Z,SYNTH
BBLK,2026-07-13 06:00:00,5.99,0,synth_hospital seed 20260927,,2026-09-25T00:00:00Z,SYNTH
BBLK,2026-07-13 12:00:00,4.55,0,synth_hospital seed 20260927,,2026-09-25T00:00:00Z,SYNTH
BBLK,2026-07-13 18:00:00,4.84,0,synth_hospital seed 20260927,,2026-09-25T00:00:00Z,SYNTH
BBLK,2026-07-14 00:00:00,4.66,0,synth_hospital seed 20260927,,2026-09-25T00:00:00Z,SYNTH
BBLK,2026-07-14 06:00:00,5.68,0,synth_hospital seed 20260927,,2026-09-25T00:00:00Z,SYNTH
BBLK,2026-07-14 12:00:00,4.13,0,synth_hospital seed 20260927,,2026-09-25T00:00:00Z,SYNTH
BBLK,2026-07-14 18:00:00,4.21,0,synth_hospital seed 20260927,,2026-09-25T00:00:00Z,SYNTH
BBLK,2026-07-15 00:00:00,4.55,0,synth_hospital seed 20260927,,2026-09-25T00:00:00Z,SYNTH
BBLK,2026-07-15 06:00:00,4.21,0,synth_hospital seed 20260927,,2026-09-25T00:00:00Z,SYNTH
BBLK,2026-07-15 12:00:00,5.22,0,synth_hospital seed 20260927,,2026-09-25T00:00:00Z,SYNTH
BBLK,2026-07-15 18:00:00,4.93,0,synth_hospital seed 20260927,,2026-09-25T00:00:00Z,SYNTH
BBLK,2026-07-16 00:00:00,5.32,0,synth_hospital seed 20260927,,2026-09-25T00:00:00Z,SYNTH
BBLK,2026-07-16 06:00:00,6.19,0,synth_hospital seed 20260927,,2026-09-25T00:00:00Z,SYNTH
BBLK,2026-07-16 12:00:00,5.02,0,synth_hospital seed 20260927,,2026-09-25T00:00:00Z,SYNTH
BBLK,2026-07-16 18:00:00,4.8,0,synth_hospital seed 20260927,,2026-09-25T00:00:00Z,SYNTH
BBLK,2026-07-17 00:00:00,5.41,0,synth_hospital seed 20260927,,2026-09-25T00:00:00Z,SYNTH
BBLK,2026-07-17 06:00:00,4.02,0,synth_hospital seed 20260927,,2026-09-25T00:00:00Z,SYNTH
BBLK,2026-07-17 12:00:00,5.62,0,synth_hospital seed 20260927,,2026-09-25T00:00:00Z,SYNTH
BBLK,2026-07-17 18:00:00,5.78,0,synth_hospital seed 20260927,,2026-09-25T00:00:00Z,SYNTH
BBLK,2026-07-18 00:00:00,4.97,0,synth_hospital seed 20260927,,2026-09-25T00:00:00Z,SYNTH
BBLK,2026-07-18 06:00:00,5.49,0,synth_hospital seed 20260927,,2026-09-25T00:00:00Z,SYNTH
BBLK,2026-07-18 12:00:00,5.63,0,synth_hospital seed 20260927,,2026-09-25T00:00:00Z,SYNTH
BBLK,2026-07-18 18:00:00,4.93,0,synth_hospital seed 20260927,,2026-09-25T00:00:00Z,SYNTH
BBLK,2026-07-19 00:00:00,5.36,0,synth_hospital seed 20260927,,2026-09-25T00:00:00Z,SYNTH
BBLK,2026-07-19 06:00:00,5.2,0,synth_hospital seed 20260927,,2026-09-25T00:00:00Z,SYNTH
BBLK,2026-07-19 12:00:00,4.9,0,synth_hospital seed 20260927,,2026-09-25T00:00:00Z,SYNTH
BBLK,2026-07-19 18:00:00,3.81,0,synth_hospital seed 20260927,,2026-09-25T00:00:00Z,SYNTH
BBLK,2026-07-20 00:00:00,4.9,0,synth_hospital seed 20260927,,2026-09-25T00:00:00Z,SYNTH
BBLK,2026-07-20 06:00:00,5.58,0,synth_hospital seed 20260927,,2026-09-25T00:00:00Z,SYNTH
BBLK,2026-07-20 12:00:00,5.13,0,synth_hospital seed 20260927,,2026-09-25T00:00:00Z,SYNTH
BBLK,2026-07-20 18:00:00,5.54,0,synth_hospital seed 20260927,,2026-09-25T00:00:00Z,SYNTH
BBLK,2026-07-21 00:00:00,6.68,0,synth_hospital seed 20260927,,2026-09-25T00:00:00Z,SYNTH
BBLK,2026-07-21 06:00:00,6.12,0,synth_hospital seed 20260927,,2026-09-25T00:00:00Z,SYNTH
BBLK,2026-07-21 12:00:00,5.86,0,synth_hospital seed 20260927,,2026-09-25T00:00:00Z,SYNTH
BBLK,2026-07-21 18:00:00,5.45,0,synth_hospital seed 20260927,,2026-09-25T00:00:00Z,SYNTH
BBLK,2026-07-22 00:00:00,6.67,0,synth_hospital seed 20260927,,2026-09-25T00:00:00Z,SYNTH
BBLK,2026-07-22 06:00:00,4.27,0,synth_hospital seed 20260927,,2026-09-25T00:00:00Z,SYNTH
BBLK,2026-07-22 12:00:00,5.99,0,synth_hospital seed 20260927,,2026-09-25T00:00:00Z,SYNTH
BBLK,2026-07-22 18:00:00,3.95,0,synth_hospital seed 20260927,,2026-09-25T00:00:00Z,SYNTH
BBLK,2026-07-23 00:00:00,4.77,0,synth_hospital seed 20260927,,2026-09-25T00:00:00Z,SYNTH
BBLK,2026-07-23 06:00:00,5.41,0,synth_hospital seed 20260927,,2026-09-25T00:00:00Z,SYNTH
BBLK,2026-07-23 12:00:00,4.87,0,synth_hospital seed 20260927,,2026-09-25T00:00:00Z,SYNTH
BBLK,2026-07-23 18:00:00,5.37,0,synth_hospital seed 20260927,,2026-09-25T00:00:00Z,SYNTH
BBLK,2026-07-24 00:00:00,3.5,0,synth_hospital seed 20260927,,2026-09-25T00:00:00Z,SYNTH
BBLK,2026-07-24 06:00:00,5.13,0,synth_hospital seed 20260927,,2026-09-25T00:00:00Z,SYNTH
BBLK,2026-07-24 12:00:00,4.08,0,synth_hospital seed 20260927,,2026-09-25T00:00:00Z,SYNTH
BBLK,2026-07-24 18:00:00,4.68,0,synth_hospital seed 20260927,,2026-09-25T00:00:00Z,SYNTH
BBLK,2026-07-25 00:00:00,4.51,0,synth_hospital seed 20260927,,2026-09-25T00:00:00Z,SYNTH
BBLK,2026-07-25 06:00:00,5.6,0,synth_hospital seed 20260927,,2026-09-25T00:00:00Z,SYNTH
BBLK,2026-07-25 12:00:00,4.79,0,synth_hospital seed 20260927,,2026-09-25T00:00:00Z,SYNTH
BBLK,2026-07-25 18:00:00,4.54,0,synth_hospital seed 20260927,,2026-09-25T00:00:00Z,SYNTH
BBLK,2026-07-26 00:00:00,3.87,0,synth_hospital seed 20260927,,2026-09-25T00:00:00Z,SYNTH
BBLK,2026-07-26 06:00:00,4.95,0,synth_hospital seed 20260927,,2026-09-25T00:00:00Z,SYNTH
BBLK,2026-07-26 12:00:00,5.43,0,synth_hospital seed 20260927,,2026-09-25T00:00:00Z,SYNTH
BBLK,2026-07-26 18:00:00,5.51,0,synth_hospital seed 20260927,,2026-09-25T00:00:00Z,SYNTH
BBLK,2026-07-27 00:00:00,4.49,0,synth_hospital seed 20260927,,2026-09-25T00:00:00Z,SYNTH
BBLK,2026-07-27 06:00:00,4.67,0,synth_hospital seed 20260927,,2026-09-25T00:00:00Z,SYNTH
BBLK,2026-07-27 12:00:00,4.63,0,synth_hospital seed 20260927,,2026-09-25T00:00:00Z,SYNTH
BBLK,2026-07-27 18:00:00,4.68,0,synth_hospital seed 20260927,,2026-09-25T00:00:00Z,SYNTH
BBLK,2026-07-28 00:00:00,5.23,0,synth_hospital seed 20260927,,2026-09-25T00:00:00Z,SYNTH
BBLK,2026-07-28 06:00:00,5.34,0,synth_hospital seed 20260927,,2026-09-25T00:00:00Z,SYNTH
BBLK,2026-07-28 12:00:00,5.35,0,synth_hospital seed 20260927,,2026-09-25T00:00:00Z,SYNTH
BBLK,2026-07-28 18:00:00,4.73,0,synth_hospital seed 20260927,,2026-09-25T00:00:00Z,SYNTH
BBLK,2026-07-29 00:00:00,4.26,0,synth_hospital seed 20260927,,2026-09-25T00:00:00Z,SYNTH
BBLK,2026-07-29 06:00:00,4.63,0,synth_hospital seed 20260927,,2026-09-25T00:00:00Z,SYNTH
BBLK,2026-07-29 12:00:00,6.91,0,synth_hospital seed 20260927,,2026-09-25T00:00:00Z,SYNTH
BBLK,2026-07-29 18:00:00,5.2,0,synth_hospital seed 20260927,,2026-09-25T00:00:00Z,SYNTH
BBLK,2026-07-30 00:00:00,6.15,0,synth_hospital seed 20260927,,2026-09-25T00:00:00Z,SYNTH
BBLK,2026-07-30 06:00:00,6.72,0,synth_hospital seed 20260927,,2026-09-25T00:00:00Z,SYNTH
BBLK,2026-07-30 12:00:00,4.72,0,synth_hospital seed 20260927,,2026-09-25T00:00:00Z,SYNTH
BBLK,2026-07-30 18:00:00,4.55,0,synth_hospital seed 20260927,,2026-09-25T00:00:00Z,SYNTH
BBLK,2026-07-31 00:00:00,4.52,0,synth_hospital seed 20260927,,2026-09-25T00:00:00Z,SYNTH
BBLK,2026-07-31 06:00:00,6.12,0,synth_hospital seed 20260927,,2026-09-25T00:00:00Z,SYNTH
BBLK,2026-07-31 12:00:00,4.15,0,synth_hospital seed 20260927,,2026-09-25T00:00:00Z,SYNTH
BBLK,2026-07-31 18:00:00,5.19,0,synth_hospital seed 20260927,,2026-09-25T00:00:00Z,SYNTH
BBLK,2026-08-01 00:00:00,4.97,0,synth_hospital seed 20260927,,2026-09-25T00:00:00Z,SYNTH
BBLK,2026-08-01 06:00:00,5.19,0,synth_hospital seed 20260927,,2026-09-25T00:00:00Z,SYNTH
BBLK,2026-08-01 12:00:00,3.62,0,synth_hospital seed 20260927,,2026-09-25T00:00:00Z,SYNTH
BBLK,2026-08-01 18:00:00,4.39,0,synth_hospital seed 20260927,,2026-09-25T00:00:00Z,SYNTH
BBLK,2026-08-02 00:00:00,5.76,0,synth_hospital seed 20260927,,2026-09-25T00:00:00Z,SYNTH
BBLK,2026-08-02 06:00:00,3.96,0,synth_hospital seed 20260927,,2026-09-25T00:00:00Z,SYNTH
BBLK,2026-08-02 12:00:00,5.42,0,synth_hospital seed 20260927,,2026-09-25T00:00:00Z,SYNTH
BBLK,2026-08-02 18:00:00,4.0,0,synth_hospital seed 20260927,,2026-09-25T00:00:00Z,SYNTH
BBLK,2026-08-03 00:00:00,4.73,0,synth_hospital seed 20260927,,2026-09-25T00:00:00Z,SYNTH
BBLK,2026-08-03 06:00:00,4.78,0,synth_hospital seed 20260927,,2026-09-25T00:00:00Z,SYNTH
BBLK,2026-08-03 12:00:00,4.82,0,synth_hospital seed 20260927,,2026-09-25T00:00:00Z,SYNTH
BBLK,2026-08-03 18:00:00,4.64,0,synth_hospital seed 20260927,,2026-09-25T00:00:00Z,SYNTH
BBLK,2026-08-04 00:00:00,4.67,0,synth_hospital seed 20260927,,2026-09-25T00:00:00Z,SYNTH
BBLK,2026-08-04 06:00:00,6.05,0,synth_hospital seed 20260927,,2026-09-25T00:00:00Z,SYNTH
BBLK,2026-08-04 12:00:00,5.01,0,synth_hospital seed 20260927,,2026-09-25T00:00:00Z,SYNTH
BBLK,2026-08-04 18:00:00,4.13,0,synth_hospital seed 20260927,,2026-09-25T00:00:00Z,SYNTH
BBLK,2026-08-05 00:00:00,4.39,0,synth_hospital seed 20260927,,2026-09-25T00:00:00Z,SYNTH
BBLK,2026-08-05 06:00:00,5.1,0,synth_hospital seed 20260927,,2026-09-25T00:00:00Z,SYNTH
BBLK,2026-08-05 12:00:00,5.54,0,synth_hospital seed 20260927,,2026-09-25T00:00:00Z,SYNTH
BBLK,2026-08-05 18:00:00,4.67,0,synth_hospital seed 20260927,,2026-09-25T00:00:00Z,SYNTH
BBLK,2026-08-06 00:00:00,4.18,0,synth_hospital seed 20260927,,2026-09-25T00:00:00Z,SYNTH
BBLK,2026-08-06 06:00:00,5.12,0,synth_hospital seed 20260927,,2026-09-25T00:00:00Z,SYNTH
BBLK,2026-08-06 12:00:00,4.16,0,synth_hospital seed 20260927,,2026-09-25T00:00:00Z,SYNTH
BBLK,2026-08-06 18:00:00,4.25,0,synth_hospital seed 20260927,,2026-09-25T00:00:00Z,SYNTH
BBLK,2026-08-07 00:00:00,5.18,0,synth_hospital seed 20260927,,2026-09-25T00:00:00Z,SYNTH
BBLK,2026-08-07 06:00:00,4.7,0,synth_hospital seed 20260927,,2026-09-25T00:00:00Z,SYNTH
BBLK,2026-08-07 12:00:00,5.3,0,synth_hospital seed 20260927,,2026-09-25T00:00:00Z,SYNTH
BBLK,2026-08-07 18:00:00,6.06,0,synth_hospital seed 20260927,,2026-09-25T00:00:00Z,SYNTH
BBLK,2026-08-08 00:00:00,4.79,0,synth_hospital seed 20260927,,2026-09-25T00:00:00Z,SYNTH
BBLK,2026-08-08 06:00:00,5.23,0,synth_hospital seed 20260927,,2026-09-25T00:00:00Z,SYNTH
BBLK,2026-08-08 12:00:00,5.29,0,synth_hospital seed 20260927,,2026-09-25T00:00:00Z,SYNTH
BBLK,2026-08-08 18:00:00,3.72,0,synth_hospital seed 20260927,,2026-09-25T00:00:00Z,SYNTH
BBLK,2026-08-09 00:00:00,6.64,0,synth_hospital seed 20260927,,2026-09-25T00:00:00Z,SYNTH
BBLK,2026-08-09 06:00:00,5.47,0,synth_hospital seed 20260927,,2026-09-25T00:00:00Z,SYNTH
BBLK,2026-08-09 12:00:00,5.83,0,synth_hospital seed 20260927,,2026-09-25T00:00:00Z,SYNTH
BBLK,2026-08-09 18:00:00,3.9,0,synth_hospital seed 20260927,,2026-09-25T00:00:00Z,SYNTH
BBLK,2026-08-10 00:00:00,5.48,0,synth_hospital seed 20260927,,2026-09-25T00:00:00Z,SYNTH
BBLK,2026-08-10 06:00:00,4.68,0,synth_hospital seed 20260927,,2026-09-25T00:00:00Z,SYNTH
BBLK,2026-08-10 12:00:00,4.38,0,synth_hospital seed 20260927,,2026-09-25T00:00:00Z,SYNTH
BBLK,2026-08-10 18:00:00,4.51,0,synth_hospital seed 20260927,,2026-09-25T00:00:00Z,SYNTH
BBLK,2026-08-11 00:00:00,6.15,0,synth_hospital seed 20260927,,2026-09-25T00:00:00Z,SYNTH
BBLK,2026-08-11 06:00:00,4.44,0,synth_hospital seed 20260927,,2026-09-25T00:00:00Z,SYNTH
BBLK,2026-08-11 12:00:00,5.62,0,synth_hospital seed 20260927,,2026-09-25T00:00:00Z,SYNTH
BBLK,2026-08-11 18:00:00,5.44,0,synth_hospital seed 20260927,,2026-09-25T00:00:00Z,SYNTH
BBLK,2026-08-12 00:00:00,4.92,0,synth_hospital seed 20260927,,2026-09-25T00:00:00Z,SYNTH
BBLK,2026-08-12 06:00:00,2.97,0,synth_hospital seed 20260927,,2026-09-25T00:00:00Z,SYNTH
BBLK,2026-08-12 12:00:00,5.06,0,synth_hospital seed 20260927,,2026-09-25T00:00:00Z,SYNTH
BBLK,2026-08-12 18:00:00,7.11,0,synth_hospital seed 20260927,,2026-09-25T00:00:00Z,SYNTH
BBLK,2026-08-13 00:00:00,5.63,0,synth_hospital seed 20260927,,2026-09-25T00:00:00Z,SYNTH
BBLK,2026-08-13 06:00:00,5.94,0,synth_hospital seed 20260927,,2026-09-25T00:00:00Z,SYNTH
BBLK,2026-08-13 12:00:00,4.27,0,synth_hospital seed 20260927,,2026-09-25T00:00:00Z,SYNTH
BBLK,2026-08-13 18:00:00,5.68,0,synth_hospital seed 20260927,,2026-09-25T00:00:00Z,SYNTH
BBLK,2026-08-14 00:00:00,6.29,0,synth_hospital seed 20260927,,2026-09-25T00:00:00Z,SYNTH
BBLK,2026-08-14 06:00:00,4.92,0,synth_hospital seed 20260927,,2026-09-25T00:00:00Z,SYNTH
BBLK,2026-08-14 12:00:00,6.21,0,synth_hospital seed 20260927,,2026-09-25T00:00:00Z,SYNTH
BBLK,2026-08-14 18:00:00,5.41,0,synth_hospital seed 20260927,,2026-09-25T00:00:00Z,SYNTH
BBLK,2026-08-15 00:00:00,5.86,0,synth_hospital seed 20260927,,2026-09-25T00:00:00Z,SYNTH
BBLK,2026-08-15 06:00:00,4.29,0,synth_hospital seed 20260927,,2026-09-25T00:00:00Z,SYNTH
BBLK,2026-08-15 12:00:00,4.46,0,synth_hospital seed 20260927,,2026-09-25T00:00:00Z,SYNTH
BBLK,2026-08-15 18:00:00,5.16,0,synth_hospital seed 20260927,,2026-09-25T00:00:00Z,SYNTH
BBLK,2026-08-16 00:00:00,5.56,0,synth_hospital seed 20260927,,2026-09-25T00:00:00Z,SYNTH
BBLK,2026-08-16 06:00:00,5.5,0,synth_hospital seed 20260927,,2026-09-25T00:00:00Z,SYNTH
BBLK,2026-08-16 12:00:00,5.78,0,synth_hospital seed 20260927,,2026-09-25T00:00:00Z,SYNTH
BBLK,2026-08-16 18:00:00,4.4,0,synth_hospital seed 20260927,,2026-09-25T00:00:00Z,SYNTH
BBLK,2026-08-17 00:00:00,5.33,0,synth_hospital seed 20260927,,2026-09-25T00:00:00Z,SYNTH
BBLK,2026-08-17 06:00:00,5.6,0,synth_hospital seed 20260927,,2026-09-25T00:00:00Z,SYNTH
BBLK,2026-08-17 12:00:00,4.92,0,synth_hospital seed 20260927,,2026-09-25T00:00:00Z,SYNTH
BBLK,2026-08-17 18:00:00,5.9,0,synth_hospital seed 20260927,,2026-09-25T00:00:00Z,SYNTH
BBLK,2026-08-18 00:00:00,4.68,0,synth_hospital seed 20260927,,2026-09-25T00:00:00Z,SYNTH
BBLK,2026-08-18 06:00:00,4.7,0,synth_hospital seed 20260927,,2026-09-25T00:00:00Z,SYNTH
BBLK,2026-08-18 12:00:00,5.91,0,synth_hospital seed 20260927,,2026-09-25T00:00:00Z,SYNTH
BBLK,2026-08-18 18:00:00,4.66,0,synth_hospital seed 20260927,,2026-09-25T00:00:00Z,SYNTH
BBLK,2026-08-19 00:00:00,4.26,0,synth_hospital seed 20260927,,2026-09-25T00:00:00Z,SYNTH
BBLK,2026-08-19 06:00:00,5.89,0,synth_hospital seed 20260927,,2026-09-25T00:00:00Z,SYNTH
BBLK,2026-08-19 12:00:00,3.8,0,synth_hospital seed 20260927,,2026-09-25T00:00:00Z,SYNTH
BBLK,2026-08-19 18:00:00,5.27,0,synth_hospital seed 20260927,,2026-09-25T00:00:00Z,SYNTH
BBLK,2026-08-20 00:00:00,3.33,0,synth_hospital seed 20260927,,2026-09-25T00:00:00Z,SYNTH
BBLK,2026-08-20 06:00:00,4.11,0,synth_hospital seed 20260927,,2026-09-25T00:00:00Z,SYNTH
BBLK,2026-08-20 12:00:00,5.29,0,synth_hospital seed 20260927,,2026-09-25T00:00:00Z,SYNTH
BBLK,2026-08-20 18:00:00,4.9,0,synth_hospital seed 20260927,,2026-09-25T00:00:00Z,SYNTH
BBLK,2026-08-21 00:00:00,5.3,0,synth_hospital seed 20260927,,2026-09-25T00:00:00Z,SYNTH
BBLK,2026-08-21 06:00:00,5.54,0,synth_hospital seed 20260927,,2026-09-25T00:00:00Z,SYNTH
BBLK,2026-08-21 12:00:00,5.38,0,synth_hospital seed 20260927,,2026-09-25T00:00:00Z,SYNTH
BBLK,2026-08-21 18:00:00,5.55,0,synth_hospital seed 20260927,,2026-09-25T00:00:00Z,SYNTH
BBLK,2026-08-22 00:00:00,3.81,0,synth_hospital seed 20260927,,2026-09-25T00:00:00Z,SYNTH
BBLK,2026-08-22 06:00:00,5.97,0,synth_hospital seed 20260927,,2026-09-25T00:00:00Z,SYNTH
BBLK,2026-08-22 12:00:00,5.25,0,synth_hospital seed 20260927,,2026-09-25T00:00:00Z,SYNTH
BBLK,2026-08-22 18:00:00,4.43,0,synth_hospital seed 20260927,,2026-09-25T00:00:00Z,SYNTH
BBLK,2026-08-23 00:00:00,3.72,0,synth_hospital seed 20260927,,2026-09-25T00:00:00Z,SYNTH
BBLK,2026-08-23 06:00:00,5.39,0,synth_hospital seed 20260927,,2026-09-25T00:00:00Z,SYNTH
BBLK,2026-08-23 12:00:00,4.09,0,synth_hospital seed 20260927,,2026-09-25T00:00:00Z,SYNTH
BBLK,2026-08-23 18:00:00,4.48,0,synth_hospital seed 20260927,,2026-09-25T00:00:00Z,SYNTH
BBLK,2026-08-24 00:00:00,4.81,0,synth_hospital seed 20260927,,2026-09-25T00:00:00Z,SYNTH
BBLK,2026-08-24 06:00:00,5.1,0,synth_hospital seed 20260927,,2026-09-25T00:00:00Z,SYNTH
BBLK,2026-08-24 12:00:00,5.01,0,synth_hospital seed 20260927,,2026-09-25T00:00:00Z,SYNTH
BBLK,2026-08-24 18:00:00,4.03,0,synth_hospital seed 20260927,,2026-09-25T00:00:00Z,SYNTH
BBLK,2026-08-25 00:00:00,5.18,0,synth_hospital seed 20260927,,2026-09-25T00:00:00Z,SYNTH
BBLK,2026-08-25 06:00:00,4.91,0,synth_hospital seed 20260927,,2026-09-25T00:00:00Z,SYNTH
BBLK,2026-08-25 12:00:00,5.46,0,synth_hospital seed 20260927,,2026-09-25T00:00:00Z,SYNTH
BBLK,2026-08-25 18:00:00,4.69,0,synth_hospital seed 20260927,,2026-09-25T00:00:00Z,SYNTH
BBLK,2026-08-26 00:00:00,5.37,0,synth_hospital seed 20260927,,2026-09-25T00:00:00Z,SYNTH
BBLK,2026-08-26 06:00:00,4.04,0,synth_hospital seed 20260927,,2026-09-25T00:00:00Z,SYNTH
BBLK,2026-08-26 12:00:00,4.54,0,synth_hospital seed 20260927,,2026-09-25T00:00:00Z,SYNTH
BBLK,2026-08-26 18:00:00,5.7,0,synth_hospital seed 20260927,,2026-09-25T00:00:00Z,SYNTH
BBLK,2026-08-27 00:00:00,5.7,0,synth_hospital seed 20260927,,2026-09-25T00:00:00Z,SYNTH
BBLK,2026-08-27 06:00:00,4.92,0,synth_hospital seed 20260927,,2026-09-25T00:00:00Z,SYNTH
BBLK,2026-08-27 12:00:00,4.85,0,synth_hospital seed 20260927,,2026-09-25T00:00:00Z,SYNTH
BBLK,2026-08-27 18:00:00,5.18,0,synth_hospital seed 20260927,,2026-09-25T00:00:00Z,SYNTH
BBLK,2026-08-28 00:00:00,6.18,0,synth_hospital seed 20260927,,2026-09-25T00:00:00Z,SYNTH
BBLK,2026-08-28 06:00:00,4.56,0,synth_hospital seed 20260927,,2026-09-25T00:00:00Z,SYNTH
BBLK,2026-08-28 12:00:00,5.64,0,synth_hospital seed 20260927,,2026-09-25T00:00:00Z,SYNTH
BBLK,2026-08-28 18:00:00,5.91,0,synth_hospital seed 20260927,,2026-09-25T00:00:00Z,SYNTH
BBLK,2026-08-29 00:00:00,4.2,0,synth_hospital seed 20260927,,2026-09-25T00:00:00Z,SYNTH
BBLK,2026-08-29 06:00:00,5.05,0,synth_hospital seed 20260927,,2026-09-25T00:00:00Z,SYNTH
BBLK,2026-08-29 12:00:00,5.43,0,synth_hospital seed 20260927,,2026-09-25T00:00:00Z,SYNTH
BBLK,2026-08-29 18:00:00,4.11,0,synth_hospital seed 20260927,,2026-09-25T00:00:00Z,SYNTH
BBLK,2026-08-30 00:00:00,5.64,0,synth_hospital seed 20260927,,2026-09-25T00:00:00Z,SYNTH
BBLK,2026-08-30 06:00:00,4.92,0,synth_hospital seed 20260927,,2026-09-25T00:00:00Z,SYNTH
BBLK,2026-08-30 12:00:00,4.52,0,synth_hospital seed 20260927,,2026-09-25T00:00:00Z,SYNTH
BBLK,2026-08-30 18:00:00,5.12,0,synth_hospital seed 20260927,,2026-09-25T00:00:00Z,SYNTH
BBLK,2026-08-31 00:00:00,6.52,0,synth_hospital seed 20260927,,2026-09-25T00:00:00Z,SYNTH
BBLK,2026-08-31 06:00:00,4.99,0,synth_hospital seed 20260927,,2026-09-25T00:00:00Z,SYNTH
BBLK,2026-08-31 12:00:00,4.76,0,synth_hospital seed 20260927,,2026-09-25T00:00:00Z,SYNTH
BBLK,2026-08-31 18:00:00,5.36,0,synth_hospital seed 20260927,,2026-09-25T00:00:00Z,SYNTH
BBLK,2026-09-01 00:00:00,5.25,0,synth_hospital seed 20260927,,2026-09-25T00:00:00Z,SYNTH
BBLK,2026-09-01 06:00:00,4.31,0,synth_hospital seed 20260927,,2026-09-25T00:00:00Z,SYNTH
BBLK,2026-09-01 12:00:00,5.69,0,synth_hospital seed 20260927,,2026-09-25T00:00:00Z,SYNTH
BBLK,2026-09-01 18:00:00,4.18,0,synth_hospital seed 20260927,,2026-09-25T00:00:00Z,SYNTH
BBLK,2026-09-02 00:00:00,5.7,0,synth_hospital seed 20260927,,2026-09-25T00:00:00Z,SYNTH
BBLK,2026-09-02 06:00:00,5.27,0,synth_hospital seed 20260927,,2026-09-25T00:00:00Z,SYNTH
BBLK,2026-09-02 12:00:00,5.35,0,synth_hospital seed 20260927,,2026-09-25T00:00:00Z,SYNTH
BBLK,2026-09-02 18:00:00,4.53,0,synth_hospital seed 20260927,,2026-09-25T00:00:00Z,SYNTH
BBLK,2026-09-03 00:00:00,4.86,0,synth_hospital seed 20260927,,2026-09-25T00:00:00Z,SYNTH
BBLK,2026-09-03 06:00:00,4.84,0,synth_hospital seed 20260927,,2026-09-25T00:00:00Z,SYNTH
BBLK,2026-09-03 12:00:00,4.24,0,synth_hospital seed 20260927,,2026-09-25T00:00:00Z,SYNTH
BBLK,2026-09-03 18:00:00,4.85,0,synth_hospital seed 20260927,,2026-09-25T00:00:00Z,SYNTH
BBLK,2026-09-04 00:00:00,5.56,0,synth_hospital seed 20260927,,2026-09-25T00:00:00Z,SYNTH
BBLK,2026-09-04 06:00:00,5.15,0,synth_hospital seed 20260927,,2026-09-25T00:00:00Z,SYNTH
BBLK,2026-09-04 12:00:00,4.93,0,synth_hospital seed 20260927,,2026-09-25T00:00:00Z,SYNTH
BBLK,2026-09-04 18:00:00,4.38,0,synth_hospital seed 20260927,,2026-09-25T00:00:00Z,SYNTH
BBLK,2026-09-05 00:00:00,4.39,0,synth_hospital seed 20260927,,2026-09-25T00:00:00Z,SYNTH
BBLK,2026-09-05 06:00:00,4.72,0,synth_hospital seed 20260927,,2026-09-25T00:00:00Z,SYNTH
BBLK,2026-09-05 12:00:00,5.78,0,synth_hospital seed 20260927,,2026-09-25T00:00:00Z,SYNTH
BBLK,2026-09-05 18:00:00,6.31,0,synth_hospital seed 20260927,,2026-09-25T00:00:00Z,SYNTH
BBLK,2026-09-06 00:00:00,4.74,0,synth_hospital seed 20260927,,2026-09-25T00:00:00Z,SYNTH
BBLK,2026-09-06 06:00:00,3.78,0,synth_hospital seed 20260927,,2026-09-25T00:00:00Z,SYNTH
BBLK,2026-09-06 12:00:00,5.0,0,synth_hospital seed 20260927,,2026-09-25T00:00:00Z,SYNTH
BBLK,2026-09-06 18:00:00,5.39,0,synth_hospital seed 20260927,,2026-09-25T00:00:00Z,SYNTH
BBLK,2026-09-07 00:00:00,4.84,0,synth_hospital seed 20260927,,2026-09-25T00:00:00Z,SYNTH
BBLK,2026-09-07 06:00:00,4.19,0,synth_hospital seed 20260927,,2026-09-25T00:00:00Z,SYNTH
BBLK,2026-09-07 12:00:00,5.91,0,synth_hospital seed 20260927,,2026-09-25T00:00:00Z,SYNTH
BBLK,2026-09-07 18:00:00,4.58,0,synth_hospital seed 20260927,,2026-09-25T00:00:00Z,SYNTH
BBLK,2026-09-08 00:00:00,5.52,0,synth_hospital seed 20260927,,2026-09-25T00:00:00Z,SYNTH
BBLK,2026-09-08 06:00:00,6.03,0,synth_hospital seed 20260927,,2026-09-25T00:00:00Z,SYNTH
BBLK,2026-09-08 12:00:00,5.02,0,synth_hospital seed 20260927,,2026-09-25T00:00:00Z,SYNTH
BBLK,2026-09-08 18:00:00,4.32,0,synth_hospital seed 20260927,,2026-09-25T00:00:00Z,SYNTH
BBLK,2026-09-09 00:00:00,5.42,0,synth_hospital seed 20260927,,2026-09-25T00:00:00Z,SYNTH
BBLK,2026-09-09 06:00:00,5.48,0,synth_hospital seed 20260927,,2026-09-25T00:00:00Z,SYNTH
BBLK,2026-09-09 12:00:00,5.37,0,synth_hospital seed 20260927,,2026-09-25T00:00:00Z,SYNTH
BBLK,2026-09-09 18:00:00,5.43,0,synth_hospital seed 20260927,,2026-09-25T00:00:00Z,SYNTH
BBLK,2026-09-10 00:00:00,5.1,0,synth_hospital seed 20260927,,2026-09-25T00:00:00Z,SYNTH
BBLK,2026-09-10 06:00:00,5.27,0,synth_hospital seed 20260927,,2026-09-25T00:00:00Z,SYNTH
BBLK,2026-09-10 12:00:00,5.47,0,synth_hospital seed 20260927,,2026-09-25T00:00:00Z,SYNTH
BBLK,2026-09-10 18:00:00,3.65,0,synth_hospital seed 20260927,,2026-09-25T00:00:00Z,SYNTH
BBLK,2026-09-11 00:00:00,3.42,0,synth_hospital seed 20260927,,2026-09-25T00:00:00Z,SYNTH
BBLK,2026-09-11 06:00:00,4.49,0,synth_hospital seed 20260927,,2026-09-25T00:00:00Z,SYNTH
BBLK,2026-09-11 12:00:00,5.43,0,synth_hospital seed 20260927,,2026-09-25T00:00:00Z,SYNTH
BBLK,2026-09-11 18:00:00,5.52,0,synth_hospital seed 20260927,,2026-09-25T00:00:00Z,SYNTH
BBLK,2026-09-12 00:00:00,6.0,0,synth_hospital seed 20260927,,2026-09-25T00:00:00Z,SYNTH
BBLK,2026-09-12 06:00:00,4.58,0,synth_hospital seed 20260927,,2026-09-25T00:00:00Z,SYNTH
BBLK,2026-09-12 12:00:00,3.97,0,synth_hospital seed 20260927,,2026-09-25T00:00:00Z,SYNTH
BBLK,2026-09-12 18:00:00,4.89,0,synth_hospital seed 20260927,,2026-09-25T00:00:00Z,SYNTH
BBLK,2026-09-13 00:00:00,4.38,0,synth_hospital seed 20260927,,2026-09-25T00:00:00Z,SYNTH
BBLK,2026-09-13 06:00:00,4.49,0,synth_hospital seed 20260927,,2026-09-25T00:00:00Z,SYNTH
BBLK,2026-09-13 12:00:00,5.18,0,synth_hospital seed 20260927,,2026-09-25T00:00:00Z,SYNTH
BBLK,2026-09-13 18:00:00,5.14,0,synth_hospital seed 20260927,,2026-09-25T00:00:00Z,SYNTH
BBLK,2026-09-14 00:00:00,5.67,0,synth_hospital seed 20260927,,2026-09-25T00:00:00Z,SYNTH
BBLK,2026-09-14 06:00:00,5.12,0,synth_hospital seed 20260927,,2026-09-25T00:00:00Z,SYNTH
BBLK,2026-09-14 12:00:00,4.89,0,synth_hospital seed 20260927,,2026-09-25T00:00:00Z,SYNTH
BBLK,2026-09-14 18:00:00,5.53,0,synth_hospital seed 20260927,,2026-09-25T00:00:00Z,SYNTH
BBLK,2026-09-15 00:00:00,5.73,0,synth_hospital seed 20260927,,2026-09-25T00:00:00Z,SYNTH
BBLK,2026-09-15 06:00:00,4.94,0,synth_hospital seed 20260927,,2026-09-25T00:00:00Z,SYNTH
BBLK,2026-09-15 12:00:00,5.18,0,synth_hospital seed 20260927,,2026-09-25T00:00:00Z,SYNTH
BBLK,2026-09-15 18:00:00,5.04,0,synth_hospital seed 20260927,,2026-09-25T00:00:00Z,SYNTH
BBLK,2026-09-16 00:00:00,4.83,0,synth_hospital seed 20260927,,2026-09-25T00:00:00Z,SYNTH
BBLK,2026-09-16 06:00:00,3.92,0,synth_hospital seed 20260927,,2026-09-25T00:00:00Z,SYNTH
BBLK,2026-09-16 12:00:00,4.87,0,synth_hospital seed 20260927,,2026-09-25T00:00:00Z,SYNTH
BBLK,2026-09-16 18:00:00,5.66,0,synth_hospital seed 20260927,,2026-09-25T00:00:00Z,SYNTH
BBLK,2026-09-17 00:00:00,4.32,0,synth_hospital seed 20260927,,2026-09-25T00:00:00Z,SYNTH
BBLK,2026-09-17 06:00:00,4.37,0,synth_hospital seed 20260927,,2026-09-25T00:00:00Z,SYNTH
BBLK,2026-09-17 12:00:00,4.39,0,synth_hospital seed 20260927,,2026-09-25T00:00:00Z,SYNTH
BBLK,2026-09-17 18:00:00,5.7,0,synth_hospital seed 20260927,,2026-09-25T00:00:00Z,SYNTH
BBLK,2026-09-18 00:00:00,4.29,0,synth_hospital seed 20260927,,2026-09-25T00:00:00Z,SYNTH
BBLK,2026-09-18 06:00:00,4.12,0,synth_hospital seed 20260927,,2026-09-25T00:00:00Z,SYNTH
BBLK,2026-09-18 12:00:00,5.19,0,synth_hospital seed 20260927,,2026-09-25T00:00:00Z,SYNTH
BBLK,2026-09-18 18:00:00,5.09,0,synth_hospital seed 20260927,,2026-09-25T00:00:00Z,SYNTH
BBLK,2026-09-19 00:00:00,4.99,0,synth_hospital seed 20260927,,2026-09-25T00:00:00Z,SYNTH
BBLK,2026-09-19 06:00:00,5.16,0,synth_hospital seed 20260927,,2026-09-25T00:00:00Z,SYNTH
BBLK,2026-09-19 12:00:00,4.43,0,synth_hospital seed 20260927,,2026-09-25T00:00:00Z,SYNTH
BBLK,2026-09-19 18:00:00,4.45,0,synth_hospital seed 20260927,,2026-09-25T00:00:00Z,SYNTH
BBLK,2026-09-20 00:00:00,4.57,0,synth_hospital seed 20260927,,2026-09-25T00:00:00Z,SYNTH
BBLK,2026-09-20 06:00:00,4.23,0,synth_hospital seed 20260927,,2026-09-25T00:00:00Z,SYNTH
BBLK,2026-09-20 12:00:00,4.49,0,synth_hospital seed 20260927,,2026-09-25T00:00:00Z,SYNTH
BBLK,2026-09-20 18:00:00,4.9,0,synth_hospital seed 20260927,,2026-09-25T00:00:00Z,SYNTH
BBLK,2026-09-21 00:00:00,5.39,0,synth_hospital seed 20260927,,2026-09-25T00:00:00Z,SYNTH
BBLK,2026-09-21 06:00:00,4.15,0,synth_hospital seed 20260927,,2026-09-25T00:00:00Z,SYNTH
BBLK,2026-09-21 12:00:00,4.64,0,synth_hospital seed 20260927,,2026-09-25T00:00:00Z,SYNTH
BBLK,2026-09-21 18:00:00,6.08,0,synth_hospital seed 20260927,,2026-09-25T00:00:00Z,SYNTH
BBLK,2026-09-22 00:00:00,4.33,0,synth_hospital seed 20260927,,2026-09-25T00:00:00Z,SYNTH
BBLK,2026-09-22 06:00:00,5.24,0,synth_hospital seed 20260927,,2026-09-25T00:00:00Z,SYNTH
BBLK,2026-09-22 12:00:00,4.04,0,synth_hospital seed 20260927,,2026-09-25T00:00:00Z,SYNTH
BBLK,2026-09-22 18:00:00,5.69,0,synth_hospital seed 20260927,,2026-09-25T00:00:00Z,SYNTH
BBLK,2026-09-23 00:00:00,4.37,0,synth_hospital seed 20260927,,2026-09-25T00:00:00Z,SYNTH
BBLK,2026-09-23 06:00:00,5.48,0,synth_hospital seed 20260927,,2026-09-25T00:00:00Z,SYNTH
BBLK,2026-09-23 12:00:00,5.02,0,synth_hospital seed 20260927,,2026-09-25T00:00:00Z,SYNTH
BBLK,2026-09-23 18:00:00,5.05,0,synth_hospital seed 20260927,,2026-09-25T00:00:00Z,SYNTH
BBLK,2026-09-24 00:00:00,5.07,0,synth_hospital seed 20260927,,2026-09-25T00:00:00Z,SYNTH
BBLK,2026-09-24 06:00:00,4.21,0,synth_hospital seed 20260927,,2026-09-25T00:00:00Z,SYNTH
BBLK,2026-09-24 12:00:00,5.44,0,synth_hospital seed 20260927,,2026-09-25T00:00:00Z,SYNTH
BBLK,2026-09-24 18:00:00,4.23,0,synth_hospital seed 20260927,,2026-09-25T00:00:00Z,SYNTH
CBLK,2026-03-29 00:00:00,4.35,0,synth_hospital seed 20260927,,2026-09-25T00:00:00Z,SYNTH
CBLK,2026-03-29 06:00:00,5.09,0,synth_hospital seed 20260927,,2026-09-25T00:00:00Z,SYNTH
CBLK,2026-03-29 12:00:00,4.81,0,synth_hospital seed 20260927,,2026-09-25T00:00:00Z,SYNTH
CBLK,2026-03-29 18:00:00,5.12,0,synth_hospital seed 20260927,,2026-09-25T00:00:00Z,SYNTH
CBLK,2026-03-30 00:00:00,6.21,0,synth_hospital seed 20260927,,2026-09-25T00:00:00Z,SYNTH
CBLK,2026-03-30 06:00:00,5.35,0,synth_hospital seed 20260927,,2026-09-25T00:00:00Z,SYNTH
CBLK,2026-03-30 12:00:00,5.23,0,synth_hospital seed 20260927,,2026-09-25T00:00:00Z,SYNTH
CBLK,2026-03-30 18:00:00,3.78,0,synth_hospital seed 20260927,,2026-09-25T00:00:00Z,SYNTH
CBLK,2026-03-31 00:00:00,4.72,0,synth_hospital seed 20260927,,2026-09-25T00:00:00Z,SYNTH
CBLK,2026-03-31 06:00:00,6.05,0,synth_hospital seed 20260927,,2026-09-25T00:00:00Z,SYNTH
CBLK,2026-03-31 12:00:00,6.03,0,synth_hospital seed 20260927,,2026-09-25T00:00:00Z,SYNTH
CBLK,2026-03-31 18:00:00,5.44,0,synth_hospital seed 20260927,,2026-09-25T00:00:00Z,SYNTH
CBLK,2026-04-01 00:00:00,4.12,0,synth_hospital seed 20260927,,2026-09-25T00:00:00Z,SYNTH
CBLK,2026-04-01 06:00:00,3.55,0,synth_hospital seed 20260927,,2026-09-25T00:00:00Z,SYNTH
CBLK,2026-04-01 12:00:00,5.13,0,synth_hospital seed 20260927,,2026-09-25T00:00:00Z,SYNTH
CBLK,2026-04-01 18:00:00,5.02,0,synth_hospital seed 20260927,,2026-09-25T00:00:00Z,SYNTH
CBLK,2026-04-02 00:00:00,6.02,0,synth_hospital seed 20260927,,2026-09-25T00:00:00Z,SYNTH
CBLK,2026-04-02 06:00:00,4.18,0,synth_hospital seed 20260927,,2026-09-25T00:00:00Z,SYNTH
CBLK,2026-04-02 12:00:00,5.94,0,synth_hospital seed 20260927,,2026-09-25T00:00:00Z,SYNTH
CBLK,2026-04-02 18:00:00,5.4,0,synth_hospital seed 20260927,,2026-09-25T00:00:00Z,SYNTH
CBLK,2026-04-03 00:00:00,4.65,0,synth_hospital seed 20260927,,2026-09-25T00:00:00Z,SYNTH
CBLK,2026-04-03 06:00:00,4.28,0,synth_hospital seed 20260927,,2026-09-25T00:00:00Z,SYNTH
CBLK,2026-04-03 12:00:00,5.44,0,synth_hospital seed 20260927,,2026-09-25T00:00:00Z,SYNTH
CBLK,2026-04-03 18:00:00,4.28,0,synth_hospital seed 20260927,,2026-09-25T00:00:00Z,SYNTH
CBLK,2026-04-04 00:00:00,4.48,0,synth_hospital seed 20260927,,2026-09-25T00:00:00Z,SYNTH
CBLK,2026-04-04 06:00:00,4.75,0,synth_hospital seed 20260927,,2026-09-25T00:00:00Z,SYNTH
CBLK,2026-04-04 12:00:00,6.05,0,synth_hospital seed 20260927,,2026-09-25T00:00:00Z,SYNTH
CBLK,2026-04-04 18:00:00,5.61,0,synth_hospital seed 20260927,,2026-09-25T00:00:00Z,SYNTH
CBLK,2026-04-05 00:00:00,5.84,0,synth_hospital seed 20260927,,2026-09-25T00:00:00Z,SYNTH
CBLK,2026-04-05 06:00:00,4.91,0,synth_hospital seed 20260927,,2026-09-25T00:00:00Z,SYNTH
CBLK,2026-04-05 12:00:00,4.99,0,synth_hospital seed 20260927,,2026-09-25T00:00:00Z,SYNTH
CBLK,2026-04-05 18:00:00,4.56,0,synth_hospital seed 20260927,,2026-09-25T00:00:00Z,SYNTH
CBLK,2026-04-06 00:00:00,4.94,0,synth_hospital seed 20260927,,2026-09-25T00:00:00Z,SYNTH
CBLK,2026-04-06 06:00:00,5.65,0,synth_hospital seed 20260927,,2026-09-25T00:00:00Z,SYNTH
CBLK,2026-04-06 12:00:00,4.08,0,synth_hospital seed 20260927,,2026-09-25T00:00:00Z,SYNTH
CBLK,2026-04-06 18:00:00,5.9,0,synth_hospital seed 20260927,,2026-09-25T00:00:00Z,SYNTH
CBLK,2026-04-07 00:00:00,5.56,0,synth_hospital seed 20260927,,2026-09-25T00:00:00Z,SYNTH
CBLK,2026-04-07 06:00:00,6.26,0,synth_hospital seed 20260927,,2026-09-25T00:00:00Z,SYNTH
CBLK,2026-04-07 12:00:00,5.62,0,synth_hospital seed 20260927,,2026-09-25T00:00:00Z,SYNTH
CBLK,2026-04-07 18:00:00,4.97,0,synth_hospital seed 20260927,,2026-09-25T00:00:00Z,SYNTH
CBLK,2026-04-08 00:00:00,5.76,0,synth_hospital seed 20260927,,2026-09-25T00:00:00Z,SYNTH
CBLK,2026-04-08 06:00:00,5.41,0,synth_hospital seed 20260927,,2026-09-25T00:00:00Z,SYNTH
CBLK,2026-04-08 12:00:00,3.25,0,synth_hospital seed 20260927,,2026-09-25T00:00:00Z,SYNTH
CBLK,2026-04-08 18:00:00,4.71,0,synth_hospital seed 20260927,,2026-09-25T00:00:00Z,SYNTH
CBLK,2026-04-09 00:00:00,4.27,0,synth_hospital seed 20260927,,2026-09-25T00:00:00Z,SYNTH
CBLK,2026-04-09 06:00:00,5.51,0,synth_hospital seed 20260927,,2026-09-25T00:00:00Z,SYNTH
CBLK,2026-04-09 12:00:00,4.58,0,synth_hospital seed 20260927,,2026-09-25T00:00:00Z,SYNTH
CBLK,2026-04-09 18:00:00,5.97,0,synth_hospital seed 20260927,,2026-09-25T00:00:00Z,SYNTH
CBLK,2026-04-10 00:00:00,5.0,0,synth_hospital seed 20260927,,2026-09-25T00:00:00Z,SYNTH
CBLK,2026-04-10 06:00:00,5.43,0,synth_hospital seed 20260927,,2026-09-25T00:00:00Z,SYNTH
CBLK,2026-04-10 12:00:00,4.31,0,synth_hospital seed 20260927,,2026-09-25T00:00:00Z,SYNTH
CBLK,2026-04-10 18:00:00,4.82,0,synth_hospital seed 20260927,,2026-09-25T00:00:00Z,SYNTH
CBLK,2026-04-11 00:00:00,3.96,0,synth_hospital seed 20260927,,2026-09-25T00:00:00Z,SYNTH
CBLK,2026-04-11 06:00:00,5.6,0,synth_hospital seed 20260927,,2026-09-25T00:00:00Z,SYNTH
CBLK,2026-04-11 12:00:00,5.95,0,synth_hospital seed 20260927,,2026-09-25T00:00:00Z,SYNTH
CBLK,2026-04-11 18:00:00,2.93,0,synth_hospital seed 20260927,,2026-09-25T00:00:00Z,SYNTH
CBLK,2026-04-12 00:00:00,4.68,0,synth_hospital seed 20260927,,2026-09-25T00:00:00Z,SYNTH
CBLK,2026-04-12 06:00:00,6.04,0,synth_hospital seed 20260927,,2026-09-25T00:00:00Z,SYNTH
CBLK,2026-04-12 12:00:00,5.25,0,synth_hospital seed 20260927,,2026-09-25T00:00:00Z,SYNTH
CBLK,2026-04-12 18:00:00,5.82,0,synth_hospital seed 20260927,,2026-09-25T00:00:00Z,SYNTH
CBLK,2026-04-13 00:00:00,6.19,0,synth_hospital seed 20260927,,2026-09-25T00:00:00Z,SYNTH
CBLK,2026-04-13 06:00:00,4.73,0,synth_hospital seed 20260927,,2026-09-25T00:00:00Z,SYNTH
CBLK,2026-04-13 12:00:00,6.03,0,synth_hospital seed 20260927,,2026-09-25T00:00:00Z,SYNTH
CBLK,2026-04-13 18:00:00,4.45,0,synth_hospital seed 20260927,,2026-09-25T00:00:00Z,SYNTH
CBLK,2026-04-14 00:00:00,4.66,0,synth_hospital seed 20260927,,2026-09-25T00:00:00Z,SYNTH
CBLK,2026-04-14 06:00:00,3.93,0,synth_hospital seed 20260927,,2026-09-25T00:00:00Z,SYNTH
CBLK,2026-04-14 12:00:00,3.81,0,synth_hospital seed 20260927,,2026-09-25T00:00:00Z,SYNTH
CBLK,2026-04-14 18:00:00,4.4,0,synth_hospital seed 20260927,,2026-09-25T00:00:00Z,SYNTH
CBLK,2026-04-15 00:00:00,4.69,0,synth_hospital seed 20260927,,2026-09-25T00:00:00Z,SYNTH
CBLK,2026-04-15 06:00:00,5.35,0,synth_hospital seed 20260927,,2026-09-25T00:00:00Z,SYNTH
CBLK,2026-04-15 12:00:00,4.5,0,synth_hospital seed 20260927,,2026-09-25T00:00:00Z,SYNTH
CBLK,2026-04-15 18:00:00,5.61,0,synth_hospital seed 20260927,,2026-09-25T00:00:00Z,SYNTH
CBLK,2026-04-16 00:00:00,4.05,0,synth_hospital seed 20260927,,2026-09-25T00:00:00Z,SYNTH
CBLK,2026-04-16 06:00:00,5.61,0,synth_hospital seed 20260927,,2026-09-25T00:00:00Z,SYNTH
CBLK,2026-04-16 12:00:00,5.29,0,synth_hospital seed 20260927,,2026-09-25T00:00:00Z,SYNTH
CBLK,2026-04-16 18:00:00,4.49,0,synth_hospital seed 20260927,,2026-09-25T00:00:00Z,SYNTH
CBLK,2026-04-17 00:00:00,4.98,0,synth_hospital seed 20260927,,2026-09-25T00:00:00Z,SYNTH
CBLK,2026-04-17 06:00:00,4.51,0,synth_hospital seed 20260927,,2026-09-25T00:00:00Z,SYNTH
CBLK,2026-04-17 12:00:00,4.5,0,synth_hospital seed 20260927,,2026-09-25T00:00:00Z,SYNTH
CBLK,2026-04-17 18:00:00,5.88,0,synth_hospital seed 20260927,,2026-09-25T00:00:00Z,SYNTH
CBLK,2026-04-18 00:00:00,5.53,0,synth_hospital seed 20260927,,2026-09-25T00:00:00Z,SYNTH
CBLK,2026-04-18 06:00:00,3.77,0,synth_hospital seed 20260927,,2026-09-25T00:00:00Z,SYNTH
CBLK,2026-04-18 12:00:00,5.07,0,synth_hospital seed 20260927,,2026-09-25T00:00:00Z,SYNTH
CBLK,2026-04-18 18:00:00,4.84,0,synth_hospital seed 20260927,,2026-09-25T00:00:00Z,SYNTH
CBLK,2026-04-19 00:00:00,4.52,0,synth_hospital seed 20260927,,2026-09-25T00:00:00Z,SYNTH
CBLK,2026-04-19 06:00:00,4.9,0,synth_hospital seed 20260927,,2026-09-25T00:00:00Z,SYNTH
CBLK,2026-04-19 12:00:00,5.07,0,synth_hospital seed 20260927,,2026-09-25T00:00:00Z,SYNTH
CBLK,2026-04-19 18:00:00,4.68,0,synth_hospital seed 20260927,,2026-09-25T00:00:00Z,SYNTH
CBLK,2026-04-20 00:00:00,5.07,0,synth_hospital seed 20260927,,2026-09-25T00:00:00Z,SYNTH
CBLK,2026-04-20 06:00:00,5.15,0,synth_hospital seed 20260927,,2026-09-25T00:00:00Z,SYNTH
CBLK,2026-04-20 12:00:00,4.12,0,synth_hospital seed 20260927,,2026-09-25T00:00:00Z,SYNTH
CBLK,2026-04-20 18:00:00,6.3,0,synth_hospital seed 20260927,,2026-09-25T00:00:00Z,SYNTH
CBLK,2026-04-21 00:00:00,5.35,0,synth_hospital seed 20260927,,2026-09-25T00:00:00Z,SYNTH
CBLK,2026-04-21 06:00:00,4.47,0,synth_hospital seed 20260927,,2026-09-25T00:00:00Z,SYNTH
CBLK,2026-04-21 12:00:00,4.93,0,synth_hospital seed 20260927,,2026-09-25T00:00:00Z,SYNTH
CBLK,2026-04-21 18:00:00,4.22,0,synth_hospital seed 20260927,,2026-09-25T00:00:00Z,SYNTH
CBLK,2026-04-22 00:00:00,5.76,0,synth_hospital seed 20260927,,2026-09-25T00:00:00Z,SYNTH
CBLK,2026-04-22 06:00:00,5.1,0,synth_hospital seed 20260927,,2026-09-25T00:00:00Z,SYNTH
CBLK,2026-04-22 12:00:00,5.94,0,synth_hospital seed 20260927,,2026-09-25T00:00:00Z,SYNTH
CBLK,2026-04-22 18:00:00,5.73,0,synth_hospital seed 20260927,,2026-09-25T00:00:00Z,SYNTH
CBLK,2026-04-23 00:00:00,4.78,0,synth_hospital seed 20260927,,2026-09-25T00:00:00Z,SYNTH
CBLK,2026-04-23 06:00:00,5.32,0,synth_hospital seed 20260927,,2026-09-25T00:00:00Z,SYNTH
CBLK,2026-04-23 12:00:00,4.27,0,synth_hospital seed 20260927,,2026-09-25T00:00:00Z,SYNTH
CBLK,2026-04-23 18:00:00,4.04,0,synth_hospital seed 20260927,,2026-09-25T00:00:00Z,SYNTH
CBLK,2026-04-24 00:00:00,5.18,0,synth_hospital seed 20260927,,2026-09-25T00:00:00Z,SYNTH
CBLK,2026-04-24 06:00:00,5.35,0,synth_hospital seed 20260927,,2026-09-25T00:00:00Z,SYNTH
CBLK,2026-04-24 12:00:00,4.19,0,synth_hospital seed 20260927,,2026-09-25T00:00:00Z,SYNTH
CBLK,2026-04-24 18:00:00,5.37,0,synth_hospital seed 20260927,,2026-09-25T00:00:00Z,SYNTH
CBLK,2026-04-25 00:00:00,4.56,0,synth_hospital seed 20260927,,2026-09-25T00:00:00Z,SYNTH
CBLK,2026-04-25 06:00:00,5.59,0,synth_hospital seed 20260927,,2026-09-25T00:00:00Z,SYNTH
CBLK,2026-04-25 12:00:00,4.24,0,synth_hospital seed 20260927,,2026-09-25T00:00:00Z,SYNTH
CBLK,2026-04-25 18:00:00,5.71,0,synth_hospital seed 20260927,,2026-09-25T00:00:00Z,SYNTH
CBLK,2026-04-26 00:00:00,5.14,0,synth_hospital seed 20260927,,2026-09-25T00:00:00Z,SYNTH
CBLK,2026-04-26 06:00:00,4.86,0,synth_hospital seed 20260927,,2026-09-25T00:00:00Z,SYNTH
CBLK,2026-04-26 12:00:00,5.64,0,synth_hospital seed 20260927,,2026-09-25T00:00:00Z,SYNTH
CBLK,2026-04-26 18:00:00,4.37,0,synth_hospital seed 20260927,,2026-09-25T00:00:00Z,SYNTH
CBLK,2026-04-27 00:00:00,4.72,0,synth_hospital seed 20260927,,2026-09-25T00:00:00Z,SYNTH
CBLK,2026-04-27 06:00:00,5.1,0,synth_hospital seed 20260927,,2026-09-25T00:00:00Z,SYNTH
CBLK,2026-04-27 12:00:00,3.48,0,synth_hospital seed 20260927,,2026-09-25T00:00:00Z,SYNTH
CBLK,2026-04-27 18:00:00,4.82,0,synth_hospital seed 20260927,,2026-09-25T00:00:00Z,SYNTH
CBLK,2026-04-28 00:00:00,5.37,0,synth_hospital seed 20260927,,2026-09-25T00:00:00Z,SYNTH
CBLK,2026-04-28 06:00:00,5.2,0,synth_hospital seed 20260927,,2026-09-25T00:00:00Z,SYNTH
CBLK,2026-04-28 12:00:00,5.29,0,synth_hospital seed 20260927,,2026-09-25T00:00:00Z,SYNTH
CBLK,2026-04-28 18:00:00,5.96,0,synth_hospital seed 20260927,,2026-09-25T00:00:00Z,SYNTH
CBLK,2026-04-29 00:00:00,6.07,0,synth_hospital seed 20260927,,2026-09-25T00:00:00Z,SYNTH
CBLK,2026-04-29 06:00:00,4.56,0,synth_hospital seed 20260927,,2026-09-25T00:00:00Z,SYNTH
CBLK,2026-04-29 12:00:00,5.94,0,synth_hospital seed 20260927,,2026-09-25T00:00:00Z,SYNTH
CBLK,2026-04-29 18:00:00,4.99,0,synth_hospital seed 20260927,,2026-09-25T00:00:00Z,SYNTH
CBLK,2026-04-30 00:00:00,5.39,0,synth_hospital seed 20260927,,2026-09-25T00:00:00Z,SYNTH
CBLK,2026-04-30 06:00:00,4.87,0,synth_hospital seed 20260927,,2026-09-25T00:00:00Z,SYNTH
CBLK,2026-04-30 12:00:00,4.5,0,synth_hospital seed 20260927,,2026-09-25T00:00:00Z,SYNTH
CBLK,2026-04-30 18:00:00,3.75,0,synth_hospital seed 20260927,,2026-09-25T00:00:00Z,SYNTH
CBLK,2026-05-01 00:00:00,6.27,0,synth_hospital seed 20260927,,2026-09-25T00:00:00Z,SYNTH
CBLK,2026-05-01 06:00:00,5.72,0,synth_hospital seed 20260927,,2026-09-25T00:00:00Z,SYNTH
CBLK,2026-05-01 12:00:00,4.92,0,synth_hospital seed 20260927,,2026-09-25T00:00:00Z,SYNTH
CBLK,2026-05-01 18:00:00,4.49,0,synth_hospital seed 20260927,,2026-09-25T00:00:00Z,SYNTH
CBLK,2026-05-02 00:00:00,3.99,0,synth_hospital seed 20260927,,2026-09-25T00:00:00Z,SYNTH
CBLK,2026-05-02 06:00:00,5.23,0,synth_hospital seed 20260927,,2026-09-25T00:00:00Z,SYNTH
CBLK,2026-05-02 12:00:00,4.0,0,synth_hospital seed 20260927,,2026-09-25T00:00:00Z,SYNTH
CBLK,2026-05-02 18:00:00,5.19,0,synth_hospital seed 20260927,,2026-09-25T00:00:00Z,SYNTH
CBLK,2026-05-03 00:00:00,4.31,0,synth_hospital seed 20260927,,2026-09-25T00:00:00Z,SYNTH
CBLK,2026-05-03 06:00:00,5.39,0,synth_hospital seed 20260927,,2026-09-25T00:00:00Z,SYNTH
CBLK,2026-05-03 12:00:00,5.71,0,synth_hospital seed 20260927,,2026-09-25T00:00:00Z,SYNTH
CBLK,2026-05-03 18:00:00,5.62,0,synth_hospital seed 20260927,,2026-09-25T00:00:00Z,SYNTH
CBLK,2026-05-04 00:00:00,5.21,0,synth_hospital seed 20260927,,2026-09-25T00:00:00Z,SYNTH
CBLK,2026-05-04 06:00:00,4.41,0,synth_hospital seed 20260927,,2026-09-25T00:00:00Z,SYNTH
CBLK,2026-05-04 12:00:00,4.97,0,synth_hospital seed 20260927,,2026-09-25T00:00:00Z,SYNTH
CBLK,2026-05-04 18:00:00,3.9,0,synth_hospital seed 20260927,,2026-09-25T00:00:00Z,SYNTH
CBLK,2026-05-05 00:00:00,4.21,0,synth_hospital seed 20260927,,2026-09-25T00:00:00Z,SYNTH
CBLK,2026-05-05 06:00:00,4.2,0,synth_hospital seed 20260927,,2026-09-25T00:00:00Z,SYNTH
CBLK,2026-05-05 12:00:00,4.69,0,synth_hospital seed 20260927,,2026-09-25T00:00:00Z,SYNTH
CBLK,2026-05-05 18:00:00,4.65,0,synth_hospital seed 20260927,,2026-09-25T00:00:00Z,SYNTH
CBLK,2026-05-06 00:00:00,4.3,0,synth_hospital seed 20260927,,2026-09-25T00:00:00Z,SYNTH
CBLK,2026-05-06 06:00:00,6.76,0,synth_hospital seed 20260927,,2026-09-25T00:00:00Z,SYNTH
CBLK,2026-05-06 12:00:00,5.69,0,synth_hospital seed 20260927,,2026-09-25T00:00:00Z,SYNTH
CBLK,2026-05-06 18:00:00,4.41,0,synth_hospital seed 20260927,,2026-09-25T00:00:00Z,SYNTH
CBLK,2026-05-07 00:00:00,4.9,0,synth_hospital seed 20260927,,2026-09-25T00:00:00Z,SYNTH
CBLK,2026-05-07 06:00:00,6.09,0,synth_hospital seed 20260927,,2026-09-25T00:00:00Z,SYNTH
CBLK,2026-05-07 12:00:00,5.36,0,synth_hospital seed 20260927,,2026-09-25T00:00:00Z,SYNTH
CBLK,2026-05-07 18:00:00,5.32,0,synth_hospital seed 20260927,,2026-09-25T00:00:00Z,SYNTH
CBLK,2026-05-08 00:00:00,5.29,0,synth_hospital seed 20260927,,2026-09-25T00:00:00Z,SYNTH
CBLK,2026-05-08 06:00:00,5.7,0,synth_hospital seed 20260927,,2026-09-25T00:00:00Z,SYNTH
CBLK,2026-05-08 12:00:00,5.05,0,synth_hospital seed 20260927,,2026-09-25T00:00:00Z,SYNTH
CBLK,2026-05-08 18:00:00,4.85,0,synth_hospital seed 20260927,,2026-09-25T00:00:00Z,SYNTH
CBLK,2026-05-09 00:00:00,5.69,0,synth_hospital seed 20260927,,2026-09-25T00:00:00Z,SYNTH
CBLK,2026-05-09 06:00:00,5.16,0,synth_hospital seed 20260927,,2026-09-25T00:00:00Z,SYNTH
CBLK,2026-05-09 12:00:00,5.5,0,synth_hospital seed 20260927,,2026-09-25T00:00:00Z,SYNTH
CBLK,2026-05-09 18:00:00,4.13,0,synth_hospital seed 20260927,,2026-09-25T00:00:00Z,SYNTH
CBLK,2026-05-10 00:00:00,4.83,0,synth_hospital seed 20260927,,2026-09-25T00:00:00Z,SYNTH
CBLK,2026-05-10 06:00:00,4.36,0,synth_hospital seed 20260927,,2026-09-25T00:00:00Z,SYNTH
CBLK,2026-05-10 12:00:00,4.18,0,synth_hospital seed 20260927,,2026-09-25T00:00:00Z,SYNTH
CBLK,2026-05-10 18:00:00,5.44,0,synth_hospital seed 20260927,,2026-09-25T00:00:00Z,SYNTH
CBLK,2026-05-11 00:00:00,5.58,0,synth_hospital seed 20260927,,2026-09-25T00:00:00Z,SYNTH
CBLK,2026-05-11 06:00:00,4.76,0,synth_hospital seed 20260927,,2026-09-25T00:00:00Z,SYNTH
CBLK,2026-05-11 12:00:00,4.29,0,synth_hospital seed 20260927,,2026-09-25T00:00:00Z,SYNTH
CBLK,2026-05-11 18:00:00,4.64,0,synth_hospital seed 20260927,,2026-09-25T00:00:00Z,SYNTH
CBLK,2026-05-12 00:00:00,4.14,0,synth_hospital seed 20260927,,2026-09-25T00:00:00Z,SYNTH
CBLK,2026-05-12 06:00:00,5.44,0,synth_hospital seed 20260927,,2026-09-25T00:00:00Z,SYNTH
CBLK,2026-05-12 12:00:00,3.98,0,synth_hospital seed 20260927,,2026-09-25T00:00:00Z,SYNTH
CBLK,2026-05-12 18:00:00,4.89,0,synth_hospital seed 20260927,,2026-09-25T00:00:00Z,SYNTH
CBLK,2026-05-13 00:00:00,4.66,0,synth_hospital seed 20260927,,2026-09-25T00:00:00Z,SYNTH
CBLK,2026-05-13 06:00:00,5.16,0,synth_hospital seed 20260927,,2026-09-25T00:00:00Z,SYNTH
CBLK,2026-05-13 12:00:00,6.46,0,synth_hospital seed 20260927,,2026-09-25T00:00:00Z,SYNTH
CBLK,2026-05-13 18:00:00,4.36,0,synth_hospital seed 20260927,,2026-09-25T00:00:00Z,SYNTH
CBLK,2026-05-14 00:00:00,4.43,0,synth_hospital seed 20260927,,2026-09-25T00:00:00Z,SYNTH
CBLK,2026-05-14 06:00:00,4.23,0,synth_hospital seed 20260927,,2026-09-25T00:00:00Z,SYNTH
CBLK,2026-05-14 12:00:00,4.65,0,synth_hospital seed 20260927,,2026-09-25T00:00:00Z,SYNTH
CBLK,2026-05-14 18:00:00,4.81,0,synth_hospital seed 20260927,,2026-09-25T00:00:00Z,SYNTH
CBLK,2026-05-15 00:00:00,5.2,0,synth_hospital seed 20260927,,2026-09-25T00:00:00Z,SYNTH
CBLK,2026-05-15 06:00:00,5.51,0,synth_hospital seed 20260927,,2026-09-25T00:00:00Z,SYNTH
CBLK,2026-05-15 12:00:00,5.84,0,synth_hospital seed 20260927,,2026-09-25T00:00:00Z,SYNTH
CBLK,2026-05-15 18:00:00,3.36,0,synth_hospital seed 20260927,,2026-09-25T00:00:00Z,SYNTH
CBLK,2026-05-16 00:00:00,4.8,0,synth_hospital seed 20260927,,2026-09-25T00:00:00Z,SYNTH
CBLK,2026-05-16 06:00:00,5.77,0,synth_hospital seed 20260927,,2026-09-25T00:00:00Z,SYNTH
CBLK,2026-05-16 12:00:00,4.55,0,synth_hospital seed 20260927,,2026-09-25T00:00:00Z,SYNTH
CBLK,2026-05-16 18:00:00,4.9,0,synth_hospital seed 20260927,,2026-09-25T00:00:00Z,SYNTH
CBLK,2026-05-17 00:00:00,5.18,0,synth_hospital seed 20260927,,2026-09-25T00:00:00Z,SYNTH
CBLK,2026-05-17 06:00:00,7.0,0,synth_hospital seed 20260927,,2026-09-25T00:00:00Z,SYNTH
CBLK,2026-05-17 12:00:00,4.68,0,synth_hospital seed 20260927,,2026-09-25T00:00:00Z,SYNTH
CBLK,2026-05-17 18:00:00,4.73,0,synth_hospital seed 20260927,,2026-09-25T00:00:00Z,SYNTH
CBLK,2026-05-18 00:00:00,4.89,0,synth_hospital seed 20260927,,2026-09-25T00:00:00Z,SYNTH
CBLK,2026-05-18 06:00:00,5.51,0,synth_hospital seed 20260927,,2026-09-25T00:00:00Z,SYNTH
CBLK,2026-05-18 12:00:00,4.12,0,synth_hospital seed 20260927,,2026-09-25T00:00:00Z,SYNTH
CBLK,2026-05-18 18:00:00,6.11,0,synth_hospital seed 20260927,,2026-09-25T00:00:00Z,SYNTH
CBLK,2026-05-19 00:00:00,4.38,0,synth_hospital seed 20260927,,2026-09-25T00:00:00Z,SYNTH
CBLK,2026-05-19 06:00:00,4.48,0,synth_hospital seed 20260927,,2026-09-25T00:00:00Z,SYNTH
CBLK,2026-05-19 12:00:00,6.31,0,synth_hospital seed 20260927,,2026-09-25T00:00:00Z,SYNTH
CBLK,2026-05-19 18:00:00,4.95,0,synth_hospital seed 20260927,,2026-09-25T00:00:00Z,SYNTH
CBLK,2026-05-20 00:00:00,4.89,0,synth_hospital seed 20260927,,2026-09-25T00:00:00Z,SYNTH
CBLK,2026-05-20 06:00:00,6.06,0,synth_hospital seed 20260927,,2026-09-25T00:00:00Z,SYNTH
CBLK,2026-05-20 12:00:00,5.37,0,synth_hospital seed 20260927,,2026-09-25T00:00:00Z,SYNTH
CBLK,2026-05-20 18:00:00,4.58,0,synth_hospital seed 20260927,,2026-09-25T00:00:00Z,SYNTH
CBLK,2026-05-21 00:00:00,4.2,0,synth_hospital seed 20260927,,2026-09-25T00:00:00Z,SYNTH
CBLK,2026-05-21 06:00:00,5.58,0,synth_hospital seed 20260927,,2026-09-25T00:00:00Z,SYNTH
CBLK,2026-05-21 12:00:00,4.81,0,synth_hospital seed 20260927,,2026-09-25T00:00:00Z,SYNTH
CBLK,2026-05-21 18:00:00,5.54,0,synth_hospital seed 20260927,,2026-09-25T00:00:00Z,SYNTH
CBLK,2026-05-22 00:00:00,4.26,0,synth_hospital seed 20260927,,2026-09-25T00:00:00Z,SYNTH
CBLK,2026-05-22 06:00:00,5.52,0,synth_hospital seed 20260927,,2026-09-25T00:00:00Z,SYNTH
CBLK,2026-05-22 12:00:00,5.45,0,synth_hospital seed 20260927,,2026-09-25T00:00:00Z,SYNTH
CBLK,2026-05-22 18:00:00,4.73,0,synth_hospital seed 20260927,,2026-09-25T00:00:00Z,SYNTH
CBLK,2026-05-23 00:00:00,5.09,0,synth_hospital seed 20260927,,2026-09-25T00:00:00Z,SYNTH
CBLK,2026-05-23 06:00:00,5.37,0,synth_hospital seed 20260927,,2026-09-25T00:00:00Z,SYNTH
CBLK,2026-05-23 12:00:00,5.14,0,synth_hospital seed 20260927,,2026-09-25T00:00:00Z,SYNTH
CBLK,2026-05-23 18:00:00,3.91,0,synth_hospital seed 20260927,,2026-09-25T00:00:00Z,SYNTH
CBLK,2026-05-24 00:00:00,5.58,0,synth_hospital seed 20260927,,2026-09-25T00:00:00Z,SYNTH
CBLK,2026-05-24 06:00:00,4.59,0,synth_hospital seed 20260927,,2026-09-25T00:00:00Z,SYNTH
CBLK,2026-05-24 12:00:00,5.32,0,synth_hospital seed 20260927,,2026-09-25T00:00:00Z,SYNTH
CBLK,2026-05-24 18:00:00,5.66,0,synth_hospital seed 20260927,,2026-09-25T00:00:00Z,SYNTH
CBLK,2026-05-25 00:00:00,5.1,0,synth_hospital seed 20260927,,2026-09-25T00:00:00Z,SYNTH
CBLK,2026-05-25 06:00:00,6.43,0,synth_hospital seed 20260927,,2026-09-25T00:00:00Z,SYNTH
CBLK,2026-05-25 12:00:00,5.48,0,synth_hospital seed 20260927,,2026-09-25T00:00:00Z,SYNTH
CBLK,2026-05-25 18:00:00,5.53,0,synth_hospital seed 20260927,,2026-09-25T00:00:00Z,SYNTH
CBLK,2026-05-26 00:00:00,5.04,0,synth_hospital seed 20260927,,2026-09-25T00:00:00Z,SYNTH
CBLK,2026-05-26 06:00:00,6.06,0,synth_hospital seed 20260927,,2026-09-25T00:00:00Z,SYNTH
CBLK,2026-05-26 12:00:00,4.38,0,synth_hospital seed 20260927,,2026-09-25T00:00:00Z,SYNTH
CBLK,2026-05-26 18:00:00,5.87,0,synth_hospital seed 20260927,,2026-09-25T00:00:00Z,SYNTH
CBLK,2026-05-27 00:00:00,4.55,0,synth_hospital seed 20260927,,2026-09-25T00:00:00Z,SYNTH
CBLK,2026-05-27 06:00:00,5.6,0,synth_hospital seed 20260927,,2026-09-25T00:00:00Z,SYNTH
CBLK,2026-05-27 12:00:00,4.71,0,synth_hospital seed 20260927,,2026-09-25T00:00:00Z,SYNTH
CBLK,2026-05-27 18:00:00,5.7,0,synth_hospital seed 20260927,,2026-09-25T00:00:00Z,SYNTH
CBLK,2026-05-28 00:00:00,5.81,0,synth_hospital seed 20260927,,2026-09-25T00:00:00Z,SYNTH
CBLK,2026-05-28 06:00:00,6.38,0,synth_hospital seed 20260927,,2026-09-25T00:00:00Z,SYNTH
CBLK,2026-05-28 12:00:00,5.82,0,synth_hospital seed 20260927,,2026-09-25T00:00:00Z,SYNTH
CBLK,2026-05-28 18:00:00,4.18,0,synth_hospital seed 20260927,,2026-09-25T00:00:00Z,SYNTH
CBLK,2026-05-29 00:00:00,4.18,0,synth_hospital seed 20260927,,2026-09-25T00:00:00Z,SYNTH
CBLK,2026-05-29 06:00:00,4.56,0,synth_hospital seed 20260927,,2026-09-25T00:00:00Z,SYNTH
CBLK,2026-05-29 12:00:00,4.68,0,synth_hospital seed 20260927,,2026-09-25T00:00:00Z,SYNTH
CBLK,2026-05-29 18:00:00,4.63,0,synth_hospital seed 20260927,,2026-09-25T00:00:00Z,SYNTH
CBLK,2026-05-30 00:00:00,6.69,0,synth_hospital seed 20260927,,2026-09-25T00:00:00Z,SYNTH
CBLK,2026-05-30 06:00:00,4.78,0,synth_hospital seed 20260927,,2026-09-25T00:00:00Z,SYNTH
CBLK,2026-05-30 12:00:00,4.81,0,synth_hospital seed 20260927,,2026-09-25T00:00:00Z,SYNTH
CBLK,2026-05-30 18:00:00,5.7,0,synth_hospital seed 20260927,,2026-09-25T00:00:00Z,SYNTH
CBLK,2026-05-31 00:00:00,5.29,0,synth_hospital seed 20260927,,2026-09-25T00:00:00Z,SYNTH
CBLK,2026-05-31 06:00:00,4.92,0,synth_hospital seed 20260927,,2026-09-25T00:00:00Z,SYNTH
CBLK,2026-05-31 12:00:00,4.37,0,synth_hospital seed 20260927,,2026-09-25T00:00:00Z,SYNTH
CBLK,2026-05-31 18:00:00,5.4,0,synth_hospital seed 20260927,,2026-09-25T00:00:00Z,SYNTH
CBLK,2026-06-01 00:00:00,3.49,0,synth_hospital seed 20260927,,2026-09-25T00:00:00Z,SYNTH
CBLK,2026-06-01 06:00:00,4.06,0,synth_hospital seed 20260927,,2026-09-25T00:00:00Z,SYNTH
CBLK,2026-06-01 12:00:00,4.87,0,synth_hospital seed 20260927,,2026-09-25T00:00:00Z,SYNTH
CBLK,2026-06-01 18:00:00,5.12,0,synth_hospital seed 20260927,,2026-09-25T00:00:00Z,SYNTH
CBLK,2026-06-02 00:00:00,4.72,0,synth_hospital seed 20260927,,2026-09-25T00:00:00Z,SYNTH
CBLK,2026-06-02 06:00:00,4.58,0,synth_hospital seed 20260927,,2026-09-25T00:00:00Z,SYNTH
CBLK,2026-06-02 12:00:00,5.05,0,synth_hospital seed 20260927,,2026-09-25T00:00:00Z,SYNTH
CBLK,2026-06-02 18:00:00,5.48,0,synth_hospital seed 20260927,,2026-09-25T00:00:00Z,SYNTH
CBLK,2026-06-03 00:00:00,3.77,0,synth_hospital seed 20260927,,2026-09-25T00:00:00Z,SYNTH
CBLK,2026-06-03 06:00:00,5.27,0,synth_hospital seed 20260927,,2026-09-25T00:00:00Z,SYNTH
CBLK,2026-06-03 12:00:00,5.47,0,synth_hospital seed 20260927,,2026-09-25T00:00:00Z,SYNTH
CBLK,2026-06-03 18:00:00,5.05,0,synth_hospital seed 20260927,,2026-09-25T00:00:00Z,SYNTH
CBLK,2026-06-04 00:00:00,3.62,0,synth_hospital seed 20260927,,2026-09-25T00:00:00Z,SYNTH
CBLK,2026-06-04 06:00:00,6.22,0,synth_hospital seed 20260927,,2026-09-25T00:00:00Z,SYNTH
CBLK,2026-06-04 12:00:00,4.89,0,synth_hospital seed 20260927,,2026-09-25T00:00:00Z,SYNTH
CBLK,2026-06-04 18:00:00,6.45,0,synth_hospital seed 20260927,,2026-09-25T00:00:00Z,SYNTH
CBLK,2026-06-05 00:00:00,5.82,0,synth_hospital seed 20260927,,2026-09-25T00:00:00Z,SYNTH
CBLK,2026-06-05 06:00:00,5.04,0,synth_hospital seed 20260927,,2026-09-25T00:00:00Z,SYNTH
CBLK,2026-06-05 12:00:00,4.26,0,synth_hospital seed 20260927,,2026-09-25T00:00:00Z,SYNTH
CBLK,2026-06-05 18:00:00,4.32,0,synth_hospital seed 20260927,,2026-09-25T00:00:00Z,SYNTH
CBLK,2026-06-06 00:00:00,4.86,0,synth_hospital seed 20260927,,2026-09-25T00:00:00Z,SYNTH
CBLK,2026-06-06 06:00:00,5.3,0,synth_hospital seed 20260927,,2026-09-25T00:00:00Z,SYNTH
CBLK,2026-06-06 12:00:00,5.25,0,synth_hospital seed 20260927,,2026-09-25T00:00:00Z,SYNTH
CBLK,2026-06-06 18:00:00,5.03,0,synth_hospital seed 20260927,,2026-09-25T00:00:00Z,SYNTH
CBLK,2026-06-07 00:00:00,4.23,0,synth_hospital seed 20260927,,2026-09-25T00:00:00Z,SYNTH
CBLK,2026-06-07 06:00:00,5.34,0,synth_hospital seed 20260927,,2026-09-25T00:00:00Z,SYNTH
CBLK,2026-06-07 12:00:00,6.95,0,synth_hospital seed 20260927,,2026-09-25T00:00:00Z,SYNTH
CBLK,2026-06-07 18:00:00,5.28,0,synth_hospital seed 20260927,,2026-09-25T00:00:00Z,SYNTH
CBLK,2026-06-08 00:00:00,6.02,0,synth_hospital seed 20260927,,2026-09-25T00:00:00Z,SYNTH
CBLK,2026-06-08 06:00:00,4.78,0,synth_hospital seed 20260927,,2026-09-25T00:00:00Z,SYNTH
CBLK,2026-06-08 12:00:00,4.76,0,synth_hospital seed 20260927,,2026-09-25T00:00:00Z,SYNTH
CBLK,2026-06-08 18:00:00,5.62,0,synth_hospital seed 20260927,,2026-09-25T00:00:00Z,SYNTH
CBLK,2026-06-09 00:00:00,3.98,0,synth_hospital seed 20260927,,2026-09-25T00:00:00Z,SYNTH
CBLK,2026-06-09 06:00:00,4.99,0,synth_hospital seed 20260927,,2026-09-25T00:00:00Z,SYNTH
CBLK,2026-06-09 12:00:00,5.22,0,synth_hospital seed 20260927,,2026-09-25T00:00:00Z,SYNTH
CBLK,2026-06-09 18:00:00,7.24,0,synth_hospital seed 20260927,,2026-09-25T00:00:00Z,SYNTH
CBLK,2026-06-10 00:00:00,3.96,0,synth_hospital seed 20260927,,2026-09-25T00:00:00Z,SYNTH
CBLK,2026-06-10 06:00:00,4.3,0,synth_hospital seed 20260927,,2026-09-25T00:00:00Z,SYNTH
CBLK,2026-06-10 12:00:00,3.87,0,synth_hospital seed 20260927,,2026-09-25T00:00:00Z,SYNTH
CBLK,2026-06-10 18:00:00,5.89,0,synth_hospital seed 20260927,,2026-09-25T00:00:00Z,SYNTH
CBLK,2026-06-11 00:00:00,6.06,0,synth_hospital seed 20260927,,2026-09-25T00:00:00Z,SYNTH
CBLK,2026-06-11 06:00:00,4.97,0,synth_hospital seed 20260927,,2026-09-25T00:00:00Z,SYNTH
CBLK,2026-06-11 12:00:00,5.14,0,synth_hospital seed 20260927,,2026-09-25T00:00:00Z,SYNTH
CBLK,2026-06-11 18:00:00,4.53,0,synth_hospital seed 20260927,,2026-09-25T00:00:00Z,SYNTH
CBLK,2026-06-12 00:00:00,6.06,0,synth_hospital seed 20260927,,2026-09-25T00:00:00Z,SYNTH
CBLK,2026-06-12 06:00:00,3.95,0,synth_hospital seed 20260927,,2026-09-25T00:00:00Z,SYNTH
CBLK,2026-06-12 12:00:00,5.65,0,synth_hospital seed 20260927,,2026-09-25T00:00:00Z,SYNTH
CBLK,2026-06-12 18:00:00,4.8,0,synth_hospital seed 20260927,,2026-09-25T00:00:00Z,SYNTH
CBLK,2026-06-13 00:00:00,4.64,0,synth_hospital seed 20260927,,2026-09-25T00:00:00Z,SYNTH
CBLK,2026-06-13 06:00:00,4.39,0,synth_hospital seed 20260927,,2026-09-25T00:00:00Z,SYNTH
CBLK,2026-06-13 12:00:00,4.56,0,synth_hospital seed 20260927,,2026-09-25T00:00:00Z,SYNTH
CBLK,2026-06-13 18:00:00,4.24,0,synth_hospital seed 20260927,,2026-09-25T00:00:00Z,SYNTH
CBLK,2026-06-14 00:00:00,4.82,0,synth_hospital seed 20260927,,2026-09-25T00:00:00Z,SYNTH
CBLK,2026-06-14 06:00:00,4.09,0,synth_hospital seed 20260927,,2026-09-25T00:00:00Z,SYNTH
CBLK,2026-06-14 12:00:00,5.5,0,synth_hospital seed 20260927,,2026-09-25T00:00:00Z,SYNTH
CBLK,2026-06-14 18:00:00,5.51,0,synth_hospital seed 20260927,,2026-09-25T00:00:00Z,SYNTH
CBLK,2026-06-15 00:00:00,4.68,0,synth_hospital seed 20260927,,2026-09-25T00:00:00Z,SYNTH
CBLK,2026-06-15 06:00:00,5.12,0,synth_hospital seed 20260927,,2026-09-25T00:00:00Z,SYNTH
CBLK,2026-06-15 12:00:00,4.82,0,synth_hospital seed 20260927,,2026-09-25T00:00:00Z,SYNTH
CBLK,2026-06-15 18:00:00,4.21,0,synth_hospital seed 20260927,,2026-09-25T00:00:00Z,SYNTH
CBLK,2026-06-16 00:00:00,5.11,0,synth_hospital seed 20260927,,2026-09-25T00:00:00Z,SYNTH
CBLK,2026-06-16 06:00:00,4.92,0,synth_hospital seed 20260927,,2026-09-25T00:00:00Z,SYNTH
CBLK,2026-06-16 12:00:00,5.86,0,synth_hospital seed 20260927,,2026-09-25T00:00:00Z,SYNTH
CBLK,2026-06-16 18:00:00,5.01,0,synth_hospital seed 20260927,,2026-09-25T00:00:00Z,SYNTH
CBLK,2026-06-17 00:00:00,4.08,0,synth_hospital seed 20260927,,2026-09-25T00:00:00Z,SYNTH
CBLK,2026-06-17 06:00:00,4.98,0,synth_hospital seed 20260927,,2026-09-25T00:00:00Z,SYNTH
CBLK,2026-06-17 12:00:00,5.23,0,synth_hospital seed 20260927,,2026-09-25T00:00:00Z,SYNTH
CBLK,2026-06-17 18:00:00,4.19,0,synth_hospital seed 20260927,,2026-09-25T00:00:00Z,SYNTH
CBLK,2026-06-18 00:00:00,5.6,0,synth_hospital seed 20260927,,2026-09-25T00:00:00Z,SYNTH
CBLK,2026-06-18 06:00:00,4.32,0,synth_hospital seed 20260927,,2026-09-25T00:00:00Z,SYNTH
CBLK,2026-06-18 12:00:00,5.58,0,synth_hospital seed 20260927,,2026-09-25T00:00:00Z,SYNTH
CBLK,2026-06-18 18:00:00,5.26,0,synth_hospital seed 20260927,,2026-09-25T00:00:00Z,SYNTH
CBLK,2026-06-19 00:00:00,4.52,0,synth_hospital seed 20260927,,2026-09-25T00:00:00Z,SYNTH
CBLK,2026-06-19 06:00:00,5.58,0,synth_hospital seed 20260927,,2026-09-25T00:00:00Z,SYNTH
CBLK,2026-06-19 12:00:00,4.48,0,synth_hospital seed 20260927,,2026-09-25T00:00:00Z,SYNTH
CBLK,2026-06-19 18:00:00,5.29,0,synth_hospital seed 20260927,,2026-09-25T00:00:00Z,SYNTH
CBLK,2026-06-20 00:00:00,4.78,0,synth_hospital seed 20260927,,2026-09-25T00:00:00Z,SYNTH
CBLK,2026-06-20 06:00:00,4.83,0,synth_hospital seed 20260927,,2026-09-25T00:00:00Z,SYNTH
CBLK,2026-06-20 12:00:00,3.75,0,synth_hospital seed 20260927,,2026-09-25T00:00:00Z,SYNTH
CBLK,2026-06-20 18:00:00,5.27,0,synth_hospital seed 20260927,,2026-09-25T00:00:00Z,SYNTH
CBLK,2026-06-21 00:00:00,4.9,0,synth_hospital seed 20260927,,2026-09-25T00:00:00Z,SYNTH
CBLK,2026-06-21 06:00:00,5.5,0,synth_hospital seed 20260927,,2026-09-25T00:00:00Z,SYNTH
CBLK,2026-06-21 12:00:00,5.92,0,synth_hospital seed 20260927,,2026-09-25T00:00:00Z,SYNTH
CBLK,2026-06-21 18:00:00,4.3,0,synth_hospital seed 20260927,,2026-09-25T00:00:00Z,SYNTH
CBLK,2026-06-22 00:00:00,4.45,0,synth_hospital seed 20260927,,2026-09-25T00:00:00Z,SYNTH
CBLK,2026-06-22 06:00:00,5.35,0,synth_hospital seed 20260927,,2026-09-25T00:00:00Z,SYNTH
CBLK,2026-06-22 12:00:00,4.68,0,synth_hospital seed 20260927,,2026-09-25T00:00:00Z,SYNTH
CBLK,2026-06-22 18:00:00,5.85,0,synth_hospital seed 20260927,,2026-09-25T00:00:00Z,SYNTH
CBLK,2026-06-23 00:00:00,4.09,0,synth_hospital seed 20260927,,2026-09-25T00:00:00Z,SYNTH
CBLK,2026-06-23 06:00:00,5.69,0,synth_hospital seed 20260927,,2026-09-25T00:00:00Z,SYNTH
CBLK,2026-06-23 12:00:00,4.86,0,synth_hospital seed 20260927,,2026-09-25T00:00:00Z,SYNTH
CBLK,2026-06-23 18:00:00,4.3,0,synth_hospital seed 20260927,,2026-09-25T00:00:00Z,SYNTH
CBLK,2026-06-24 00:00:00,5.05,0,synth_hospital seed 20260927,,2026-09-25T00:00:00Z,SYNTH
CBLK,2026-06-24 06:00:00,5.46,0,synth_hospital seed 20260927,,2026-09-25T00:00:00Z,SYNTH
CBLK,2026-06-24 12:00:00,4.4,0,synth_hospital seed 20260927,,2026-09-25T00:00:00Z,SYNTH
CBLK,2026-06-24 18:00:00,4.64,0,synth_hospital seed 20260927,,2026-09-25T00:00:00Z,SYNTH
CBLK,2026-06-25 00:00:00,4.59,0,synth_hospital seed 20260927,,2026-09-25T00:00:00Z,SYNTH
CBLK,2026-06-25 06:00:00,4.16,0,synth_hospital seed 20260927,,2026-09-25T00:00:00Z,SYNTH
CBLK,2026-06-25 12:00:00,4.71,0,synth_hospital seed 20260927,,2026-09-25T00:00:00Z,SYNTH
CBLK,2026-06-25 18:00:00,4.21,0,synth_hospital seed 20260927,,2026-09-25T00:00:00Z,SYNTH
CBLK,2026-06-26 00:00:00,4.59,0,synth_hospital seed 20260927,,2026-09-25T00:00:00Z,SYNTH
CBLK,2026-06-26 06:00:00,5.73,0,synth_hospital seed 20260927,,2026-09-25T00:00:00Z,SYNTH
CBLK,2026-06-26 12:00:00,4.92,0,synth_hospital seed 20260927,,2026-09-25T00:00:00Z,SYNTH
CBLK,2026-06-26 18:00:00,5.24,0,synth_hospital seed 20260927,,2026-09-25T00:00:00Z,SYNTH
CBLK,2026-06-27 00:00:00,4.66,0,synth_hospital seed 20260927,,2026-09-25T00:00:00Z,SYNTH
CBLK,2026-06-27 06:00:00,5.34,0,synth_hospital seed 20260927,,2026-09-25T00:00:00Z,SYNTH
CBLK,2026-06-27 12:00:00,4.88,0,synth_hospital seed 20260927,,2026-09-25T00:00:00Z,SYNTH
CBLK,2026-06-27 18:00:00,5.25,0,synth_hospital seed 20260927,,2026-09-25T00:00:00Z,SYNTH
CBLK,2026-06-28 00:00:00,4.05,0,synth_hospital seed 20260927,,2026-09-25T00:00:00Z,SYNTH
CBLK,2026-06-28 06:00:00,5.43,0,synth_hospital seed 20260927,,2026-09-25T00:00:00Z,SYNTH
CBLK,2026-06-28 12:00:00,5.09,0,synth_hospital seed 20260927,,2026-09-25T00:00:00Z,SYNTH
CBLK,2026-06-28 18:00:00,4.72,0,synth_hospital seed 20260927,,2026-09-25T00:00:00Z,SYNTH
CBLK,2026-06-29 00:00:00,4.07,0,synth_hospital seed 20260927,,2026-09-25T00:00:00Z,SYNTH
CBLK,2026-06-29 06:00:00,5.49,0,synth_hospital seed 20260927,,2026-09-25T00:00:00Z,SYNTH
CBLK,2026-06-29 12:00:00,5.11,0,synth_hospital seed 20260927,,2026-09-25T00:00:00Z,SYNTH
CBLK,2026-06-29 18:00:00,4.93,0,synth_hospital seed 20260927,,2026-09-25T00:00:00Z,SYNTH
CBLK,2026-06-30 00:00:00,6.49,0,synth_hospital seed 20260927,,2026-09-25T00:00:00Z,SYNTH
CBLK,2026-06-30 06:00:00,4.72,0,synth_hospital seed 20260927,,2026-09-25T00:00:00Z,SYNTH
CBLK,2026-06-30 12:00:00,4.23,0,synth_hospital seed 20260927,,2026-09-25T00:00:00Z,SYNTH
CBLK,2026-06-30 18:00:00,4.37,0,synth_hospital seed 20260927,,2026-09-25T00:00:00Z,SYNTH
CBLK,2026-07-01 00:00:00,6.74,0,synth_hospital seed 20260927,,2026-09-25T00:00:00Z,SYNTH
CBLK,2026-07-01 06:00:00,5.75,0,synth_hospital seed 20260927,,2026-09-25T00:00:00Z,SYNTH
CBLK,2026-07-01 12:00:00,5.06,0,synth_hospital seed 20260927,,2026-09-25T00:00:00Z,SYNTH
CBLK,2026-07-01 18:00:00,5.44,0,synth_hospital seed 20260927,,2026-09-25T00:00:00Z,SYNTH
CBLK,2026-07-02 00:00:00,4.68,0,synth_hospital seed 20260927,,2026-09-25T00:00:00Z,SYNTH
CBLK,2026-07-02 06:00:00,5.07,0,synth_hospital seed 20260927,,2026-09-25T00:00:00Z,SYNTH
CBLK,2026-07-02 12:00:00,5.47,0,synth_hospital seed 20260927,,2026-09-25T00:00:00Z,SYNTH
CBLK,2026-07-02 18:00:00,5.33,0,synth_hospital seed 20260927,,2026-09-25T00:00:00Z,SYNTH
CBLK,2026-07-03 00:00:00,6.13,0,synth_hospital seed 20260927,,2026-09-25T00:00:00Z,SYNTH
CBLK,2026-07-03 06:00:00,4.52,0,synth_hospital seed 20260927,,2026-09-25T00:00:00Z,SYNTH
CBLK,2026-07-03 12:00:00,4.86,0,synth_hospital seed 20260927,,2026-09-25T00:00:00Z,SYNTH
CBLK,2026-07-03 18:00:00,4.8,0,synth_hospital seed 20260927,,2026-09-25T00:00:00Z,SYNTH
CBLK,2026-07-04 00:00:00,5.51,0,synth_hospital seed 20260927,,2026-09-25T00:00:00Z,SYNTH
CBLK,2026-07-04 06:00:00,4.73,0,synth_hospital seed 20260927,,2026-09-25T00:00:00Z,SYNTH
CBLK,2026-07-04 12:00:00,4.39,0,synth_hospital seed 20260927,,2026-09-25T00:00:00Z,SYNTH
CBLK,2026-07-04 18:00:00,6.62,0,synth_hospital seed 20260927,,2026-09-25T00:00:00Z,SYNTH
CBLK,2026-07-05 00:00:00,4.66,0,synth_hospital seed 20260927,,2026-09-25T00:00:00Z,SYNTH
CBLK,2026-07-05 06:00:00,4.55,0,synth_hospital seed 20260927,,2026-09-25T00:00:00Z,SYNTH
CBLK,2026-07-05 12:00:00,6.4,0,synth_hospital seed 20260927,,2026-09-25T00:00:00Z,SYNTH
CBLK,2026-07-05 18:00:00,5.4,0,synth_hospital seed 20260927,,2026-09-25T00:00:00Z,SYNTH
CBLK,2026-07-06 00:00:00,5.25,0,synth_hospital seed 20260927,,2026-09-25T00:00:00Z,SYNTH
CBLK,2026-07-06 06:00:00,5.48,0,synth_hospital seed 20260927,,2026-09-25T00:00:00Z,SYNTH
CBLK,2026-07-06 12:00:00,5.57,0,synth_hospital seed 20260927,,2026-09-25T00:00:00Z,SYNTH
CBLK,2026-07-06 18:00:00,5.08,0,synth_hospital seed 20260927,,2026-09-25T00:00:00Z,SYNTH
CBLK,2026-07-07 00:00:00,4.44,0,synth_hospital seed 20260927,,2026-09-25T00:00:00Z,SYNTH
CBLK,2026-07-07 06:00:00,4.41,0,synth_hospital seed 20260927,,2026-09-25T00:00:00Z,SYNTH
CBLK,2026-07-07 12:00:00,4.77,0,synth_hospital seed 20260927,,2026-09-25T00:00:00Z,SYNTH
CBLK,2026-07-07 18:00:00,5.19,0,synth_hospital seed 20260927,,2026-09-25T00:00:00Z,SYNTH
CBLK,2026-07-08 00:00:00,3.51,0,synth_hospital seed 20260927,,2026-09-25T00:00:00Z,SYNTH
CBLK,2026-07-08 06:00:00,4.76,0,synth_hospital seed 20260927,,2026-09-25T00:00:00Z,SYNTH
CBLK,2026-07-08 12:00:00,4.94,0,synth_hospital seed 20260927,,2026-09-25T00:00:00Z,SYNTH
CBLK,2026-07-08 18:00:00,6.01,0,synth_hospital seed 20260927,,2026-09-25T00:00:00Z,SYNTH
CBLK,2026-07-09 00:00:00,5.54,0,synth_hospital seed 20260927,,2026-09-25T00:00:00Z,SYNTH
CBLK,2026-07-09 06:00:00,3.87,0,synth_hospital seed 20260927,,2026-09-25T00:00:00Z,SYNTH
CBLK,2026-07-09 12:00:00,5.59,0,synth_hospital seed 20260927,,2026-09-25T00:00:00Z,SYNTH
CBLK,2026-07-09 18:00:00,5.19,0,synth_hospital seed 20260927,,2026-09-25T00:00:00Z,SYNTH
CBLK,2026-07-10 00:00:00,5.13,0,synth_hospital seed 20260927,,2026-09-25T00:00:00Z,SYNTH
CBLK,2026-07-10 06:00:00,6.08,0,synth_hospital seed 20260927,,2026-09-25T00:00:00Z,SYNTH
CBLK,2026-07-10 12:00:00,5.97,0,synth_hospital seed 20260927,,2026-09-25T00:00:00Z,SYNTH
CBLK,2026-07-10 18:00:00,6.15,0,synth_hospital seed 20260927,,2026-09-25T00:00:00Z,SYNTH
CBLK,2026-07-11 00:00:00,4.24,0,synth_hospital seed 20260927,,2026-09-25T00:00:00Z,SYNTH
CBLK,2026-07-11 06:00:00,5.03,0,synth_hospital seed 20260927,,2026-09-25T00:00:00Z,SYNTH
CBLK,2026-07-11 12:00:00,7.03,0,synth_hospital seed 20260927,,2026-09-25T00:00:00Z,SYNTH
CBLK,2026-07-11 18:00:00,4.81,0,synth_hospital seed 20260927,,2026-09-25T00:00:00Z,SYNTH
CBLK,2026-07-12 00:00:00,5.67,0,synth_hospital seed 20260927,,2026-09-25T00:00:00Z,SYNTH
CBLK,2026-07-12 06:00:00,6.35,0,synth_hospital seed 20260927,,2026-09-25T00:00:00Z,SYNTH
CBLK,2026-07-12 12:00:00,5.36,0,synth_hospital seed 20260927,,2026-09-25T00:00:00Z,SYNTH
CBLK,2026-07-12 18:00:00,4.31,0,synth_hospital seed 20260927,,2026-09-25T00:00:00Z,SYNTH
CBLK,2026-07-13 00:00:00,4.88,0,synth_hospital seed 20260927,,2026-09-25T00:00:00Z,SYNTH
CBLK,2026-07-13 06:00:00,5.69,0,synth_hospital seed 20260927,,2026-09-25T00:00:00Z,SYNTH
CBLK,2026-07-13 12:00:00,5.32,0,synth_hospital seed 20260927,,2026-09-25T00:00:00Z,SYNTH
CBLK,2026-07-13 18:00:00,5.42,0,synth_hospital seed 20260927,,2026-09-25T00:00:00Z,SYNTH
CBLK,2026-07-14 00:00:00,4.95,0,synth_hospital seed 20260927,,2026-09-25T00:00:00Z,SYNTH
CBLK,2026-07-14 06:00:00,5.54,0,synth_hospital seed 20260927,,2026-09-25T00:00:00Z,SYNTH
CBLK,2026-07-14 12:00:00,4.54,0,synth_hospital seed 20260927,,2026-09-25T00:00:00Z,SYNTH
CBLK,2026-07-14 18:00:00,5.21,0,synth_hospital seed 20260927,,2026-09-25T00:00:00Z,SYNTH
CBLK,2026-07-15 00:00:00,5.94,0,synth_hospital seed 20260927,,2026-09-25T00:00:00Z,SYNTH
CBLK,2026-07-15 06:00:00,4.37,0,synth_hospital seed 20260927,,2026-09-25T00:00:00Z,SYNTH
CBLK,2026-07-15 12:00:00,4.42,0,synth_hospital seed 20260927,,2026-09-25T00:00:00Z,SYNTH
CBLK,2026-07-15 18:00:00,4.84,0,synth_hospital seed 20260927,,2026-09-25T00:00:00Z,SYNTH
CBLK,2026-07-16 00:00:00,6.3,0,synth_hospital seed 20260927,,2026-09-25T00:00:00Z,SYNTH
CBLK,2026-07-16 06:00:00,5.25,0,synth_hospital seed 20260927,,2026-09-25T00:00:00Z,SYNTH
CBLK,2026-07-16 12:00:00,4.48,0,synth_hospital seed 20260927,,2026-09-25T00:00:00Z,SYNTH
CBLK,2026-07-16 18:00:00,3.11,0,synth_hospital seed 20260927,,2026-09-25T00:00:00Z,SYNTH
CBLK,2026-07-17 00:00:00,6.01,0,synth_hospital seed 20260927,,2026-09-25T00:00:00Z,SYNTH
CBLK,2026-07-17 06:00:00,4.03,0,synth_hospital seed 20260927,,2026-09-25T00:00:00Z,SYNTH
CBLK,2026-07-17 12:00:00,5.49,0,synth_hospital seed 20260927,,2026-09-25T00:00:00Z,SYNTH
CBLK,2026-07-17 18:00:00,4.94,0,synth_hospital seed 20260927,,2026-09-25T00:00:00Z,SYNTH
CBLK,2026-07-18 00:00:00,4.34,0,synth_hospital seed 20260927,,2026-09-25T00:00:00Z,SYNTH
CBLK,2026-07-18 06:00:00,4.82,0,synth_hospital seed 20260927,,2026-09-25T00:00:00Z,SYNTH
CBLK,2026-07-18 12:00:00,5.52,0,synth_hospital seed 20260927,,2026-09-25T00:00:00Z,SYNTH
CBLK,2026-07-18 18:00:00,4.99,0,synth_hospital seed 20260927,,2026-09-25T00:00:00Z,SYNTH
CBLK,2026-07-19 00:00:00,4.59,0,synth_hospital seed 20260927,,2026-09-25T00:00:00Z,SYNTH
CBLK,2026-07-19 06:00:00,5.37,0,synth_hospital seed 20260927,,2026-09-25T00:00:00Z,SYNTH
CBLK,2026-07-19 12:00:00,4.79,0,synth_hospital seed 20260927,,2026-09-25T00:00:00Z,SYNTH
CBLK,2026-07-19 18:00:00,5.98,0,synth_hospital seed 20260927,,2026-09-25T00:00:00Z,SYNTH
CBLK,2026-07-20 00:00:00,4.89,0,synth_hospital seed 20260927,,2026-09-25T00:00:00Z,SYNTH
CBLK,2026-07-20 06:00:00,3.8,0,synth_hospital seed 20260927,,2026-09-25T00:00:00Z,SYNTH
CBLK,2026-07-20 12:00:00,5.49,0,synth_hospital seed 20260927,,2026-09-25T00:00:00Z,SYNTH
CBLK,2026-07-20 18:00:00,5.82,0,synth_hospital seed 20260927,,2026-09-25T00:00:00Z,SYNTH
CBLK,2026-07-21 00:00:00,5.34,0,synth_hospital seed 20260927,,2026-09-25T00:00:00Z,SYNTH
CBLK,2026-07-21 06:00:00,6.39,0,synth_hospital seed 20260927,,2026-09-25T00:00:00Z,SYNTH
CBLK,2026-07-21 12:00:00,4.71,0,synth_hospital seed 20260927,,2026-09-25T00:00:00Z,SYNTH
CBLK,2026-07-21 18:00:00,5.9,0,synth_hospital seed 20260927,,2026-09-25T00:00:00Z,SYNTH
CBLK,2026-07-22 00:00:00,5.25,0,synth_hospital seed 20260927,,2026-09-25T00:00:00Z,SYNTH
CBLK,2026-07-22 06:00:00,4.65,0,synth_hospital seed 20260927,,2026-09-25T00:00:00Z,SYNTH
CBLK,2026-07-22 12:00:00,4.58,0,synth_hospital seed 20260927,,2026-09-25T00:00:00Z,SYNTH
CBLK,2026-07-22 18:00:00,4.04,0,synth_hospital seed 20260927,,2026-09-25T00:00:00Z,SYNTH
CBLK,2026-07-23 00:00:00,5.26,0,synth_hospital seed 20260927,,2026-09-25T00:00:00Z,SYNTH
CBLK,2026-07-23 06:00:00,3.39,0,synth_hospital seed 20260927,,2026-09-25T00:00:00Z,SYNTH
CBLK,2026-07-23 12:00:00,4.17,0,synth_hospital seed 20260927,,2026-09-25T00:00:00Z,SYNTH
CBLK,2026-07-23 18:00:00,4.69,0,synth_hospital seed 20260927,,2026-09-25T00:00:00Z,SYNTH
CBLK,2026-07-24 00:00:00,5.28,0,synth_hospital seed 20260927,,2026-09-25T00:00:00Z,SYNTH
CBLK,2026-07-24 06:00:00,5.59,0,synth_hospital seed 20260927,,2026-09-25T00:00:00Z,SYNTH
CBLK,2026-07-24 12:00:00,5.65,0,synth_hospital seed 20260927,,2026-09-25T00:00:00Z,SYNTH
CBLK,2026-07-24 18:00:00,5.68,0,synth_hospital seed 20260927,,2026-09-25T00:00:00Z,SYNTH
CBLK,2026-07-25 00:00:00,6.69,0,synth_hospital seed 20260927,,2026-09-25T00:00:00Z,SYNTH
CBLK,2026-07-25 06:00:00,5.98,0,synth_hospital seed 20260927,,2026-09-25T00:00:00Z,SYNTH
CBLK,2026-07-25 12:00:00,5.11,0,synth_hospital seed 20260927,,2026-09-25T00:00:00Z,SYNTH
CBLK,2026-07-25 18:00:00,6.48,0,synth_hospital seed 20260927,,2026-09-25T00:00:00Z,SYNTH
CBLK,2026-07-26 00:00:00,5.31,0,synth_hospital seed 20260927,,2026-09-25T00:00:00Z,SYNTH
CBLK,2026-07-26 06:00:00,3.51,0,synth_hospital seed 20260927,,2026-09-25T00:00:00Z,SYNTH
CBLK,2026-07-26 12:00:00,5.39,0,synth_hospital seed 20260927,,2026-09-25T00:00:00Z,SYNTH
CBLK,2026-07-26 18:00:00,5.12,0,synth_hospital seed 20260927,,2026-09-25T00:00:00Z,SYNTH
CBLK,2026-07-27 00:00:00,5.15,0,synth_hospital seed 20260927,,2026-09-25T00:00:00Z,SYNTH
CBLK,2026-07-27 06:00:00,5.94,0,synth_hospital seed 20260927,,2026-09-25T00:00:00Z,SYNTH
CBLK,2026-07-27 12:00:00,5.67,0,synth_hospital seed 20260927,,2026-09-25T00:00:00Z,SYNTH
CBLK,2026-07-27 18:00:00,4.09,0,synth_hospital seed 20260927,,2026-09-25T00:00:00Z,SYNTH
CBLK,2026-07-28 00:00:00,4.75,0,synth_hospital seed 20260927,,2026-09-25T00:00:00Z,SYNTH
CBLK,2026-07-28 06:00:00,5.24,0,synth_hospital seed 20260927,,2026-09-25T00:00:00Z,SYNTH
CBLK,2026-07-28 12:00:00,4.95,0,synth_hospital seed 20260927,,2026-09-25T00:00:00Z,SYNTH
CBLK,2026-07-28 18:00:00,4.98,0,synth_hospital seed 20260927,,2026-09-25T00:00:00Z,SYNTH
CBLK,2026-07-29 00:00:00,4.26,0,synth_hospital seed 20260927,,2026-09-25T00:00:00Z,SYNTH
CBLK,2026-07-29 06:00:00,5.25,0,synth_hospital seed 20260927,,2026-09-25T00:00:00Z,SYNTH
CBLK,2026-07-29 12:00:00,4.83,0,synth_hospital seed 20260927,,2026-09-25T00:00:00Z,SYNTH
CBLK,2026-07-29 18:00:00,5.34,0,synth_hospital seed 20260927,,2026-09-25T00:00:00Z,SYNTH
CBLK,2026-07-30 00:00:00,5.18,0,synth_hospital seed 20260927,,2026-09-25T00:00:00Z,SYNTH
CBLK,2026-07-30 06:00:00,3.87,0,synth_hospital seed 20260927,,2026-09-25T00:00:00Z,SYNTH
CBLK,2026-07-30 12:00:00,5.65,0,synth_hospital seed 20260927,,2026-09-25T00:00:00Z,SYNTH
CBLK,2026-07-30 18:00:00,4.49,0,synth_hospital seed 20260927,,2026-09-25T00:00:00Z,SYNTH
CBLK,2026-07-31 00:00:00,5.94,0,synth_hospital seed 20260927,,2026-09-25T00:00:00Z,SYNTH
CBLK,2026-07-31 06:00:00,4.69,0,synth_hospital seed 20260927,,2026-09-25T00:00:00Z,SYNTH
CBLK,2026-07-31 12:00:00,6.06,0,synth_hospital seed 20260927,,2026-09-25T00:00:00Z,SYNTH
CBLK,2026-07-31 18:00:00,4.21,0,synth_hospital seed 20260927,,2026-09-25T00:00:00Z,SYNTH
CBLK,2026-08-01 00:00:00,4.04,0,synth_hospital seed 20260927,,2026-09-25T00:00:00Z,SYNTH
CBLK,2026-08-01 06:00:00,5.47,0,synth_hospital seed 20260927,,2026-09-25T00:00:00Z,SYNTH
CBLK,2026-08-01 12:00:00,4.71,0,synth_hospital seed 20260927,,2026-09-25T00:00:00Z,SYNTH
CBLK,2026-08-01 18:00:00,5.07,0,synth_hospital seed 20260927,,2026-09-25T00:00:00Z,SYNTH
CBLK,2026-08-02 00:00:00,6.27,0,synth_hospital seed 20260927,,2026-09-25T00:00:00Z,SYNTH
CBLK,2026-08-02 06:00:00,5.23,0,synth_hospital seed 20260927,,2026-09-25T00:00:00Z,SYNTH
CBLK,2026-08-02 12:00:00,4.5,0,synth_hospital seed 20260927,,2026-09-25T00:00:00Z,SYNTH
CBLK,2026-08-02 18:00:00,5.61,0,synth_hospital seed 20260927,,2026-09-25T00:00:00Z,SYNTH
CBLK,2026-08-03 00:00:00,6.16,0,synth_hospital seed 20260927,,2026-09-25T00:00:00Z,SYNTH
CBLK,2026-08-03 06:00:00,5.24,0,synth_hospital seed 20260927,,2026-09-25T00:00:00Z,SYNTH
CBLK,2026-08-03 12:00:00,4.79,0,synth_hospital seed 20260927,,2026-09-25T00:00:00Z,SYNTH
CBLK,2026-08-03 18:00:00,6.14,0,synth_hospital seed 20260927,,2026-09-25T00:00:00Z,SYNTH
CBLK,2026-08-04 00:00:00,5.22,0,synth_hospital seed 20260927,,2026-09-25T00:00:00Z,SYNTH
CBLK,2026-08-04 06:00:00,4.95,0,synth_hospital seed 20260927,,2026-09-25T00:00:00Z,SYNTH
CBLK,2026-08-04 12:00:00,3.95,0,synth_hospital seed 20260927,,2026-09-25T00:00:00Z,SYNTH
CBLK,2026-08-04 18:00:00,4.39,0,synth_hospital seed 20260927,,2026-09-25T00:00:00Z,SYNTH
CBLK,2026-08-05 00:00:00,4.99,0,synth_hospital seed 20260927,,2026-09-25T00:00:00Z,SYNTH
CBLK,2026-08-05 06:00:00,4.73,0,synth_hospital seed 20260927,,2026-09-25T00:00:00Z,SYNTH
CBLK,2026-08-05 12:00:00,4.28,0,synth_hospital seed 20260927,,2026-09-25T00:00:00Z,SYNTH
CBLK,2026-08-05 18:00:00,5.62,0,synth_hospital seed 20260927,,2026-09-25T00:00:00Z,SYNTH
CBLK,2026-08-06 00:00:00,4.5,0,synth_hospital seed 20260927,,2026-09-25T00:00:00Z,SYNTH
CBLK,2026-08-06 06:00:00,5.32,0,synth_hospital seed 20260927,,2026-09-25T00:00:00Z,SYNTH
CBLK,2026-08-06 12:00:00,3.23,0,synth_hospital seed 20260927,,2026-09-25T00:00:00Z,SYNTH
CBLK,2026-08-06 18:00:00,5.21,0,synth_hospital seed 20260927,,2026-09-25T00:00:00Z,SYNTH
CBLK,2026-08-07 00:00:00,5.42,0,synth_hospital seed 20260927,,2026-09-25T00:00:00Z,SYNTH
CBLK,2026-08-07 06:00:00,7.07,0,synth_hospital seed 20260927,,2026-09-25T00:00:00Z,SYNTH
CBLK,2026-08-07 12:00:00,3.93,0,synth_hospital seed 20260927,,2026-09-25T00:00:00Z,SYNTH
CBLK,2026-08-07 18:00:00,4.46,0,synth_hospital seed 20260927,,2026-09-25T00:00:00Z,SYNTH
CBLK,2026-08-08 00:00:00,5.57,0,synth_hospital seed 20260927,,2026-09-25T00:00:00Z,SYNTH
CBLK,2026-08-08 06:00:00,5.9,0,synth_hospital seed 20260927,,2026-09-25T00:00:00Z,SYNTH
CBLK,2026-08-08 12:00:00,6.3,0,synth_hospital seed 20260927,,2026-09-25T00:00:00Z,SYNTH
CBLK,2026-08-08 18:00:00,6.03,0,synth_hospital seed 20260927,,2026-09-25T00:00:00Z,SYNTH
CBLK,2026-08-09 00:00:00,4.98,0,synth_hospital seed 20260927,,2026-09-25T00:00:00Z,SYNTH
CBLK,2026-08-09 06:00:00,4.48,0,synth_hospital seed 20260927,,2026-09-25T00:00:00Z,SYNTH
CBLK,2026-08-09 12:00:00,5.8,0,synth_hospital seed 20260927,,2026-09-25T00:00:00Z,SYNTH
CBLK,2026-08-09 18:00:00,4.24,0,synth_hospital seed 20260927,,2026-09-25T00:00:00Z,SYNTH
CBLK,2026-08-10 00:00:00,5.38,0,synth_hospital seed 20260927,,2026-09-25T00:00:00Z,SYNTH
CBLK,2026-08-10 06:00:00,6.14,0,synth_hospital seed 20260927,,2026-09-25T00:00:00Z,SYNTH
CBLK,2026-08-10 12:00:00,5.54,0,synth_hospital seed 20260927,,2026-09-25T00:00:00Z,SYNTH
CBLK,2026-08-10 18:00:00,4.4,0,synth_hospital seed 20260927,,2026-09-25T00:00:00Z,SYNTH
CBLK,2026-08-11 00:00:00,5.03,0,synth_hospital seed 20260927,,2026-09-25T00:00:00Z,SYNTH
CBLK,2026-08-11 06:00:00,5.55,0,synth_hospital seed 20260927,,2026-09-25T00:00:00Z,SYNTH
CBLK,2026-08-11 12:00:00,4.7,0,synth_hospital seed 20260927,,2026-09-25T00:00:00Z,SYNTH
CBLK,2026-08-11 18:00:00,5.27,0,synth_hospital seed 20260927,,2026-09-25T00:00:00Z,SYNTH
CBLK,2026-08-12 00:00:00,4.54,0,synth_hospital seed 20260927,,2026-09-25T00:00:00Z,SYNTH
CBLK,2026-08-12 06:00:00,4.78,0,synth_hospital seed 20260927,,2026-09-25T00:00:00Z,SYNTH
CBLK,2026-08-12 12:00:00,5.87,0,synth_hospital seed 20260927,,2026-09-25T00:00:00Z,SYNTH
CBLK,2026-08-12 18:00:00,5.22,0,synth_hospital seed 20260927,,2026-09-25T00:00:00Z,SYNTH
CBLK,2026-08-13 00:00:00,4.36,0,synth_hospital seed 20260927,,2026-09-25T00:00:00Z,SYNTH
CBLK,2026-08-13 06:00:00,4.88,0,synth_hospital seed 20260927,,2026-09-25T00:00:00Z,SYNTH
CBLK,2026-08-13 12:00:00,4.99,0,synth_hospital seed 20260927,,2026-09-25T00:00:00Z,SYNTH
CBLK,2026-08-13 18:00:00,6.17,0,synth_hospital seed 20260927,,2026-09-25T00:00:00Z,SYNTH
CBLK,2026-08-14 00:00:00,5.87,0,synth_hospital seed 20260927,,2026-09-25T00:00:00Z,SYNTH
CBLK,2026-08-14 06:00:00,3.86,0,synth_hospital seed 20260927,,2026-09-25T00:00:00Z,SYNTH
CBLK,2026-08-14 12:00:00,4.24,0,synth_hospital seed 20260927,,2026-09-25T00:00:00Z,SYNTH
CBLK,2026-08-14 18:00:00,4.49,0,synth_hospital seed 20260927,,2026-09-25T00:00:00Z,SYNTH
CBLK,2026-08-15 00:00:00,4.57,0,synth_hospital seed 20260927,,2026-09-25T00:00:00Z,SYNTH
CBLK,2026-08-15 06:00:00,5.09,0,synth_hospital seed 20260927,,2026-09-25T00:00:00Z,SYNTH
CBLK,2026-08-15 12:00:00,5.74,0,synth_hospital seed 20260927,,2026-09-25T00:00:00Z,SYNTH
CBLK,2026-08-15 18:00:00,4.99,0,synth_hospital seed 20260927,,2026-09-25T00:00:00Z,SYNTH
CBLK,2026-08-16 00:00:00,4.89,0,synth_hospital seed 20260927,,2026-09-25T00:00:00Z,SYNTH
CBLK,2026-08-16 06:00:00,4.81,0,synth_hospital seed 20260927,,2026-09-25T00:00:00Z,SYNTH
CBLK,2026-08-16 12:00:00,4.9,0,synth_hospital seed 20260927,,2026-09-25T00:00:00Z,SYNTH
CBLK,2026-08-16 18:00:00,2.94,0,synth_hospital seed 20260927,,2026-09-25T00:00:00Z,SYNTH
CBLK,2026-08-17 00:00:00,6.09,0,synth_hospital seed 20260927,,2026-09-25T00:00:00Z,SYNTH
CBLK,2026-08-17 06:00:00,4.38,0,synth_hospital seed 20260927,,2026-09-25T00:00:00Z,SYNTH
CBLK,2026-08-17 12:00:00,5.23,0,synth_hospital seed 20260927,,2026-09-25T00:00:00Z,SYNTH
CBLK,2026-08-17 18:00:00,5.7,0,synth_hospital seed 20260927,,2026-09-25T00:00:00Z,SYNTH
CBLK,2026-08-18 00:00:00,3.48,0,synth_hospital seed 20260927,,2026-09-25T00:00:00Z,SYNTH
CBLK,2026-08-18 06:00:00,4.91,0,synth_hospital seed 20260927,,2026-09-25T00:00:00Z,SYNTH
CBLK,2026-08-18 12:00:00,4.9,0,synth_hospital seed 20260927,,2026-09-25T00:00:00Z,SYNTH
CBLK,2026-08-18 18:00:00,4.76,0,synth_hospital seed 20260927,,2026-09-25T00:00:00Z,SYNTH
CBLK,2026-08-19 00:00:00,6.23,0,synth_hospital seed 20260927,,2026-09-25T00:00:00Z,SYNTH
CBLK,2026-08-19 06:00:00,5.24,0,synth_hospital seed 20260927,,2026-09-25T00:00:00Z,SYNTH
CBLK,2026-08-19 12:00:00,4.13,0,synth_hospital seed 20260927,,2026-09-25T00:00:00Z,SYNTH
CBLK,2026-08-19 18:00:00,5.81,0,synth_hospital seed 20260927,,2026-09-25T00:00:00Z,SYNTH
CBLK,2026-08-20 00:00:00,5.56,0,synth_hospital seed 20260927,,2026-09-25T00:00:00Z,SYNTH
CBLK,2026-08-20 06:00:00,4.36,0,synth_hospital seed 20260927,,2026-09-25T00:00:00Z,SYNTH
CBLK,2026-08-20 12:00:00,4.99,0,synth_hospital seed 20260927,,2026-09-25T00:00:00Z,SYNTH
CBLK,2026-08-20 18:00:00,5.21,0,synth_hospital seed 20260927,,2026-09-25T00:00:00Z,SYNTH
CBLK,2026-08-21 00:00:00,6.23,0,synth_hospital seed 20260927,,2026-09-25T00:00:00Z,SYNTH
CBLK,2026-08-21 06:00:00,5.47,0,synth_hospital seed 20260927,,2026-09-25T00:00:00Z,SYNTH
CBLK,2026-08-21 12:00:00,4.08,0,synth_hospital seed 20260927,,2026-09-25T00:00:00Z,SYNTH
CBLK,2026-08-21 18:00:00,5.69,0,synth_hospital seed 20260927,,2026-09-25T00:00:00Z,SYNTH
CBLK,2026-08-22 00:00:00,6.18,0,synth_hospital seed 20260927,,2026-09-25T00:00:00Z,SYNTH
CBLK,2026-08-22 06:00:00,4.87,0,synth_hospital seed 20260927,,2026-09-25T00:00:00Z,SYNTH
CBLK,2026-08-22 12:00:00,4.95,0,synth_hospital seed 20260927,,2026-09-25T00:00:00Z,SYNTH
CBLK,2026-08-22 18:00:00,5.16,0,synth_hospital seed 20260927,,2026-09-25T00:00:00Z,SYNTH
CBLK,2026-08-23 00:00:00,5.81,0,synth_hospital seed 20260927,,2026-09-25T00:00:00Z,SYNTH
CBLK,2026-08-23 06:00:00,5.8,0,synth_hospital seed 20260927,,2026-09-25T00:00:00Z,SYNTH
CBLK,2026-08-23 12:00:00,5.27,0,synth_hospital seed 20260927,,2026-09-25T00:00:00Z,SYNTH
CBLK,2026-08-23 18:00:00,4.81,0,synth_hospital seed 20260927,,2026-09-25T00:00:00Z,SYNTH
CBLK,2026-08-24 00:00:00,5.38,0,synth_hospital seed 20260927,,2026-09-25T00:00:00Z,SYNTH
CBLK,2026-08-24 06:00:00,5.12,0,synth_hospital seed 20260927,,2026-09-25T00:00:00Z,SYNTH
CBLK,2026-08-24 12:00:00,5.34,0,synth_hospital seed 20260927,,2026-09-25T00:00:00Z,SYNTH
CBLK,2026-08-24 18:00:00,5.0,0,synth_hospital seed 20260927,,2026-09-25T00:00:00Z,SYNTH
CBLK,2026-08-25 00:00:00,4.46,0,synth_hospital seed 20260927,,2026-09-25T00:00:00Z,SYNTH
CBLK,2026-08-25 06:00:00,5.51,0,synth_hospital seed 20260927,,2026-09-25T00:00:00Z,SYNTH
CBLK,2026-08-25 12:00:00,4.06,0,synth_hospital seed 20260927,,2026-09-25T00:00:00Z,SYNTH
CBLK,2026-08-25 18:00:00,5.36,0,synth_hospital seed 20260927,,2026-09-25T00:00:00Z,SYNTH
CBLK,2026-08-26 00:00:00,4.31,0,synth_hospital seed 20260927,,2026-09-25T00:00:00Z,SYNTH
CBLK,2026-08-26 06:00:00,5.34,0,synth_hospital seed 20260927,,2026-09-25T00:00:00Z,SYNTH
CBLK,2026-08-26 12:00:00,4.65,0,synth_hospital seed 20260927,,2026-09-25T00:00:00Z,SYNTH
CBLK,2026-08-26 18:00:00,5.1,0,synth_hospital seed 20260927,,2026-09-25T00:00:00Z,SYNTH
CBLK,2026-08-27 00:00:00,4.31,0,synth_hospital seed 20260927,,2026-09-25T00:00:00Z,SYNTH
CBLK,2026-08-27 06:00:00,4.35,0,synth_hospital seed 20260927,,2026-09-25T00:00:00Z,SYNTH
CBLK,2026-08-27 12:00:00,4.83,0,synth_hospital seed 20260927,,2026-09-25T00:00:00Z,SYNTH
CBLK,2026-08-27 18:00:00,4.71,0,synth_hospital seed 20260927,,2026-09-25T00:00:00Z,SYNTH
CBLK,2026-08-28 00:00:00,5.02,0,synth_hospital seed 20260927,,2026-09-25T00:00:00Z,SYNTH
CBLK,2026-08-28 06:00:00,4.46,0,synth_hospital seed 20260927,,2026-09-25T00:00:00Z,SYNTH
CBLK,2026-08-28 12:00:00,4.54,0,synth_hospital seed 20260927,,2026-09-25T00:00:00Z,SYNTH
CBLK,2026-08-28 18:00:00,4.22,0,synth_hospital seed 20260927,,2026-09-25T00:00:00Z,SYNTH
CBLK,2026-08-29 00:00:00,4.07,0,synth_hospital seed 20260927,,2026-09-25T00:00:00Z,SYNTH
CBLK,2026-08-29 06:00:00,5.93,0,synth_hospital seed 20260927,,2026-09-25T00:00:00Z,SYNTH
CBLK,2026-08-29 12:00:00,5.25,0,synth_hospital seed 20260927,,2026-09-25T00:00:00Z,SYNTH
CBLK,2026-08-29 18:00:00,5.22,0,synth_hospital seed 20260927,,2026-09-25T00:00:00Z,SYNTH
CBLK,2026-08-30 00:00:00,5.03,0,synth_hospital seed 20260927,,2026-09-25T00:00:00Z,SYNTH
CBLK,2026-08-30 06:00:00,4.6,0,synth_hospital seed 20260927,,2026-09-25T00:00:00Z,SYNTH
CBLK,2026-08-30 12:00:00,4.27,0,synth_hospital seed 20260927,,2026-09-25T00:00:00Z,SYNTH
CBLK,2026-08-30 18:00:00,5.42,0,synth_hospital seed 20260927,,2026-09-25T00:00:00Z,SYNTH
CBLK,2026-08-31 00:00:00,4.67,0,synth_hospital seed 20260927,,2026-09-25T00:00:00Z,SYNTH
CBLK,2026-08-31 06:00:00,3.8,0,synth_hospital seed 20260927,,2026-09-25T00:00:00Z,SYNTH
CBLK,2026-08-31 12:00:00,5.54,0,synth_hospital seed 20260927,,2026-09-25T00:00:00Z,SYNTH
CBLK,2026-08-31 18:00:00,4.8,0,synth_hospital seed 20260927,,2026-09-25T00:00:00Z,SYNTH
CBLK,2026-09-01 00:00:00,5.94,0,synth_hospital seed 20260927,,2026-09-25T00:00:00Z,SYNTH
CBLK,2026-09-01 06:00:00,4.75,0,synth_hospital seed 20260927,,2026-09-25T00:00:00Z,SYNTH
CBLK,2026-09-01 12:00:00,5.31,0,synth_hospital seed 20260927,,2026-09-25T00:00:00Z,SYNTH
CBLK,2026-09-01 18:00:00,5.32,0,synth_hospital seed 20260927,,2026-09-25T00:00:00Z,SYNTH
CBLK,2026-09-02 00:00:00,5.29,0,synth_hospital seed 20260927,,2026-09-25T00:00:00Z,SYNTH
CBLK,2026-09-02 06:00:00,5.13,0,synth_hospital seed 20260927,,2026-09-25T00:00:00Z,SYNTH
CBLK,2026-09-02 12:00:00,4.52,0,synth_hospital seed 20260927,,2026-09-25T00:00:00Z,SYNTH
CBLK,2026-09-02 18:00:00,5.25,0,synth_hospital seed 20260927,,2026-09-25T00:00:00Z,SYNTH
CBLK,2026-09-03 00:00:00,5.58,0,synth_hospital seed 20260927,,2026-09-25T00:00:00Z,SYNTH
CBLK,2026-09-03 06:00:00,4.95,0,synth_hospital seed 20260927,,2026-09-25T00:00:00Z,SYNTH
CBLK,2026-09-03 12:00:00,5.29,0,synth_hospital seed 20260927,,2026-09-25T00:00:00Z,SYNTH
CBLK,2026-09-03 18:00:00,4.86,0,synth_hospital seed 20260927,,2026-09-25T00:00:00Z,SYNTH
CBLK,2026-09-04 00:00:00,6.04,0,synth_hospital seed 20260927,,2026-09-25T00:00:00Z,SYNTH
CBLK,2026-09-04 06:00:00,4.88,0,synth_hospital seed 20260927,,2026-09-25T00:00:00Z,SYNTH
CBLK,2026-09-04 12:00:00,4.37,0,synth_hospital seed 20260927,,2026-09-25T00:00:00Z,SYNTH
CBLK,2026-09-04 18:00:00,5.79,0,synth_hospital seed 20260927,,2026-09-25T00:00:00Z,SYNTH
CBLK,2026-09-05 00:00:00,5.45,0,synth_hospital seed 20260927,,2026-09-25T00:00:00Z,SYNTH
CBLK,2026-09-05 06:00:00,5.23,0,synth_hospital seed 20260927,,2026-09-25T00:00:00Z,SYNTH
CBLK,2026-09-05 12:00:00,5.79,0,synth_hospital seed 20260927,,2026-09-25T00:00:00Z,SYNTH
CBLK,2026-09-05 18:00:00,4.36,0,synth_hospital seed 20260927,,2026-09-25T00:00:00Z,SYNTH
CBLK,2026-09-06 00:00:00,5.72,0,synth_hospital seed 20260927,,2026-09-25T00:00:00Z,SYNTH
CBLK,2026-09-06 06:00:00,5.05,0,synth_hospital seed 20260927,,2026-09-25T00:00:00Z,SYNTH
CBLK,2026-09-06 12:00:00,4.74,0,synth_hospital seed 20260927,,2026-09-25T00:00:00Z,SYNTH
CBLK,2026-09-06 18:00:00,5.73,0,synth_hospital seed 20260927,,2026-09-25T00:00:00Z,SYNTH
CBLK,2026-09-07 00:00:00,6.15,0,synth_hospital seed 20260927,,2026-09-25T00:00:00Z,SYNTH
CBLK,2026-09-07 06:00:00,4.05,0,synth_hospital seed 20260927,,2026-09-25T00:00:00Z,SYNTH
CBLK,2026-09-07 12:00:00,5.24,0,synth_hospital seed 20260927,,2026-09-25T00:00:00Z,SYNTH
CBLK,2026-09-07 18:00:00,4.82,0,synth_hospital seed 20260927,,2026-09-25T00:00:00Z,SYNTH
CBLK,2026-09-08 00:00:00,5.55,0,synth_hospital seed 20260927,,2026-09-25T00:00:00Z,SYNTH
CBLK,2026-09-08 06:00:00,4.84,0,synth_hospital seed 20260927,,2026-09-25T00:00:00Z,SYNTH
CBLK,2026-09-08 12:00:00,4.63,0,synth_hospital seed 20260927,,2026-09-25T00:00:00Z,SYNTH
CBLK,2026-09-08 18:00:00,4.21,0,synth_hospital seed 20260927,,2026-09-25T00:00:00Z,SYNTH
CBLK,2026-09-09 00:00:00,4.22,0,synth_hospital seed 20260927,,2026-09-25T00:00:00Z,SYNTH
CBLK,2026-09-09 06:00:00,6.09,0,synth_hospital seed 20260927,,2026-09-25T00:00:00Z,SYNTH
CBLK,2026-09-09 12:00:00,5.4,0,synth_hospital seed 20260927,,2026-09-25T00:00:00Z,SYNTH
CBLK,2026-09-09 18:00:00,5.31,0,synth_hospital seed 20260927,,2026-09-25T00:00:00Z,SYNTH
CBLK,2026-09-10 00:00:00,5.18,0,synth_hospital seed 20260927,,2026-09-25T00:00:00Z,SYNTH
CBLK,2026-09-10 06:00:00,4.82,0,synth_hospital seed 20260927,,2026-09-25T00:00:00Z,SYNTH
CBLK,2026-09-10 12:00:00,4.16,0,synth_hospital seed 20260927,,2026-09-25T00:00:00Z,SYNTH
CBLK,2026-09-10 18:00:00,4.31,0,synth_hospital seed 20260927,,2026-09-25T00:00:00Z,SYNTH
CBLK,2026-09-11 00:00:00,5.46,0,synth_hospital seed 20260927,,2026-09-25T00:00:00Z,SYNTH
CBLK,2026-09-11 06:00:00,4.63,0,synth_hospital seed 20260927,,2026-09-25T00:00:00Z,SYNTH
CBLK,2026-09-11 12:00:00,4.2,0,synth_hospital seed 20260927,,2026-09-25T00:00:00Z,SYNTH
CBLK,2026-09-11 18:00:00,5.01,0,synth_hospital seed 20260927,,2026-09-25T00:00:00Z,SYNTH
CBLK,2026-09-12 00:00:00,5.2,0,synth_hospital seed 20260927,,2026-09-25T00:00:00Z,SYNTH
CBLK,2026-09-12 06:00:00,5.45,0,synth_hospital seed 20260927,,2026-09-25T00:00:00Z,SYNTH
CBLK,2026-09-12 12:00:00,3.75,0,synth_hospital seed 20260927,,2026-09-25T00:00:00Z,SYNTH
CBLK,2026-09-12 18:00:00,4.36,0,synth_hospital seed 20260927,,2026-09-25T00:00:00Z,SYNTH
CBLK,2026-09-13 00:00:00,4.79,0,synth_hospital seed 20260927,,2026-09-25T00:00:00Z,SYNTH
CBLK,2026-09-13 06:00:00,5.19,0,synth_hospital seed 20260927,,2026-09-25T00:00:00Z,SYNTH
CBLK,2026-09-13 12:00:00,4.25,0,synth_hospital seed 20260927,,2026-09-25T00:00:00Z,SYNTH
CBLK,2026-09-13 18:00:00,5.26,0,synth_hospital seed 20260927,,2026-09-25T00:00:00Z,SYNTH
CBLK,2026-09-14 00:00:00,5.64,0,synth_hospital seed 20260927,,2026-09-25T00:00:00Z,SYNTH
CBLK,2026-09-14 06:00:00,5.5,0,synth_hospital seed 20260927,,2026-09-25T00:00:00Z,SYNTH
CBLK,2026-09-14 12:00:00,4.44,0,synth_hospital seed 20260927,,2026-09-25T00:00:00Z,SYNTH
CBLK,2026-09-14 18:00:00,5.07,0,synth_hospital seed 20260927,,2026-09-25T00:00:00Z,SYNTH
CBLK,2026-09-15 00:00:00,5.32,0,synth_hospital seed 20260927,,2026-09-25T00:00:00Z,SYNTH
CBLK,2026-09-15 06:00:00,5.35,0,synth_hospital seed 20260927,,2026-09-25T00:00:00Z,SYNTH
CBLK,2026-09-15 12:00:00,5.96,0,synth_hospital seed 20260927,,2026-09-25T00:00:00Z,SYNTH
CBLK,2026-09-15 18:00:00,5.55,0,synth_hospital seed 20260927,,2026-09-25T00:00:00Z,SYNTH
CBLK,2026-09-16 00:00:00,5.54,0,synth_hospital seed 20260927,,2026-09-25T00:00:00Z,SYNTH
CBLK,2026-09-16 06:00:00,4.25,0,synth_hospital seed 20260927,,2026-09-25T00:00:00Z,SYNTH
CBLK,2026-09-16 12:00:00,4.34,0,synth_hospital seed 20260927,,2026-09-25T00:00:00Z,SYNTH
CBLK,2026-09-16 18:00:00,5.11,0,synth_hospital seed 20260927,,2026-09-25T00:00:00Z,SYNTH
CBLK,2026-09-17 00:00:00,4.73,0,synth_hospital seed 20260927,,2026-09-25T00:00:00Z,SYNTH
CBLK,2026-09-17 06:00:00,4.59,0,synth_hospital seed 20260927,,2026-09-25T00:00:00Z,SYNTH
CBLK,2026-09-17 12:00:00,6.23,0,synth_hospital seed 20260927,,2026-09-25T00:00:00Z,SYNTH
CBLK,2026-09-17 18:00:00,5.26,0,synth_hospital seed 20260927,,2026-09-25T00:00:00Z,SYNTH
CBLK,2026-09-18 00:00:00,4.4,0,synth_hospital seed 20260927,,2026-09-25T00:00:00Z,SYNTH
CBLK,2026-09-18 06:00:00,4.64,0,synth_hospital seed 20260927,,2026-09-25T00:00:00Z,SYNTH
CBLK,2026-09-18 12:00:00,3.26,0,synth_hospital seed 20260927,,2026-09-25T00:00:00Z,SYNTH
CBLK,2026-09-18 18:00:00,3.89,0,synth_hospital seed 20260927,,2026-09-25T00:00:00Z,SYNTH
CBLK,2026-09-19 00:00:00,6.15,0,synth_hospital seed 20260927,,2026-09-25T00:00:00Z,SYNTH
CBLK,2026-09-19 06:00:00,4.25,0,synth_hospital seed 20260927,,2026-09-25T00:00:00Z,SYNTH
CBLK,2026-09-19 12:00:00,4.75,0,synth_hospital seed 20260927,,2026-09-25T00:00:00Z,SYNTH
CBLK,2026-09-19 18:00:00,5.21,0,synth_hospital seed 20260927,,2026-09-25T00:00:00Z,SYNTH
CBLK,2026-09-20 00:00:00,5.82,0,synth_hospital seed 20260927,,2026-09-25T00:00:00Z,SYNTH
CBLK,2026-09-20 06:00:00,4.08,0,synth_hospital seed 20260927,,2026-09-25T00:00:00Z,SYNTH
CBLK,2026-09-20 12:00:00,5.98,0,synth_hospital seed 20260927,,2026-09-25T00:00:00Z,SYNTH
CBLK,2026-09-20 18:00:00,5.33,0,synth_hospital seed 20260927,,2026-09-25T00:00:00Z,SYNTH
CBLK,2026-09-21 00:00:00,4.03,0,synth_hospital seed 20260927,,2026-09-25T00:00:00Z,SYNTH
CBLK,2026-09-21 06:00:00,4.26,0,synth_hospital seed 20260927,,2026-09-25T00:00:00Z,SYNTH
CBLK,2026-09-21 12:00:00,4.44,0,synth_hospital seed 20260927,,2026-09-25T00:00:00Z,SYNTH
CBLK,2026-09-21 18:00:00,6.81,0,synth_hospital seed 20260927,,2026-09-25T00:00:00Z,SYNTH
CBLK,2026-09-22 00:00:00,5.21,0,synth_hospital seed 20260927,,2026-09-25T00:00:00Z,SYNTH
CBLK,2026-09-22 06:00:00,5.16,0,synth_hospital seed 20260927,,2026-09-25T00:00:00Z,SYNTH
CBLK,2026-09-22 12:00:00,4.74,0,synth_hospital seed 20260927,,2026-09-25T00:00:00Z,SYNTH
CBLK,2026-09-22 18:00:00,5.75,0,synth_hospital seed 20260927,,2026-09-25T00:00:00Z,SYNTH
CBLK,2026-09-23 00:00:00,4.56,0,synth_hospital seed 20260927,,2026-09-25T00:00:00Z,SYNTH
CBLK,2026-09-23 06:00:00,4.13,0,synth_hospital seed 20260927,,2026-09-25T00:00:00Z,SYNTH
CBLK,2026-09-23 12:00:00,4.47,0,synth_hospital seed 20260927,,2026-09-25T00:00:00Z,SYNTH
CBLK,2026-09-23 18:00:00,4.54,0,synth_hospital seed 20260927,,2026-09-25T00:00:00Z,SYNTH
CBLK,2026-09-24 00:00:00,4.93,0,synth_hospital seed 20260927,,2026-09-25T00:00:00Z,SYNTH
CBLK,2026-09-24 06:00:00,5.02,0,synth_hospital seed 20260927,,2026-09-25T00:00:00Z,SYNTH
CBLK,2026-09-24 12:00:00,4.64,0,synth_hospital seed 20260927,,2026-09-25T00:00:00Z,SYNTH
CBLK,2026-09-24 18:00:00,5.33,0,synth_hospital seed 20260927,,2026-09-25T00:00:00Z,SYNTH
ONCO,2026-03-29 00:00:00,6.78,0,synth_hospital seed 20260927,,2026-09-25T00:00:00Z,SYNTH
ONCO,2026-03-29 06:00:00,4.03,0,synth_hospital seed 20260927,,2026-09-25T00:00:00Z,SYNTH
ONCO,2026-03-29 12:00:00,5.5,0,synth_hospital seed 20260927,,2026-09-25T00:00:00Z,SYNTH
ONCO,2026-03-29 18:00:00,4.9,0,synth_hospital seed 20260927,,2026-09-25T00:00:00Z,SYNTH
ONCO,2026-03-30 00:00:00,4.94,0,synth_hospital seed 20260927,,2026-09-25T00:00:00Z,SYNTH
ONCO,2026-03-30 06:00:00,3.93,0,synth_hospital seed 20260927,,2026-09-25T00:00:00Z,SYNTH
ONCO,2026-03-30 12:00:00,4.14,0,synth_hospital seed 20260927,,2026-09-25T00:00:00Z,SYNTH
ONCO,2026-03-30 18:00:00,4.09,0,synth_hospital seed 20260927,,2026-09-25T00:00:00Z,SYNTH
ONCO,2026-03-31 00:00:00,4.73,0,synth_hospital seed 20260927,,2026-09-25T00:00:00Z,SYNTH
ONCO,2026-03-31 06:00:00,5.09,0,synth_hospital seed 20260927,,2026-09-25T00:00:00Z,SYNTH
ONCO,2026-03-31 12:00:00,4.38,0,synth_hospital seed 20260927,,2026-09-25T00:00:00Z,SYNTH
ONCO,2026-03-31 18:00:00,5.0,0,synth_hospital seed 20260927,,2026-09-25T00:00:00Z,SYNTH
ONCO,2026-04-01 00:00:00,5.99,0,synth_hospital seed 20260927,,2026-09-25T00:00:00Z,SYNTH
ONCO,2026-04-01 06:00:00,5.74,0,synth_hospital seed 20260927,,2026-09-25T00:00:00Z,SYNTH
ONCO,2026-04-01 12:00:00,4.96,0,synth_hospital seed 20260927,,2026-09-25T00:00:00Z,SYNTH
ONCO,2026-04-01 18:00:00,5.39,0,synth_hospital seed 20260927,,2026-09-25T00:00:00Z,SYNTH
ONCO,2026-04-02 00:00:00,5.4,0,synth_hospital seed 20260927,,2026-09-25T00:00:00Z,SYNTH
ONCO,2026-04-02 06:00:00,5.11,0,synth_hospital seed 20260927,,2026-09-25T00:00:00Z,SYNTH
ONCO,2026-04-02 12:00:00,4.86,0,synth_hospital seed 20260927,,2026-09-25T00:00:00Z,SYNTH
ONCO,2026-04-02 18:00:00,4.02,0,synth_hospital seed 20260927,,2026-09-25T00:00:00Z,SYNTH
ONCO,2026-04-03 00:00:00,5.97,0,synth_hospital seed 20260927,,2026-09-25T00:00:00Z,SYNTH
ONCO,2026-04-03 06:00:00,4.85,0,synth_hospital seed 20260927,,2026-09-25T00:00:00Z,SYNTH
ONCO,2026-04-03 12:00:00,4.88,0,synth_hospital seed 20260927,,2026-09-25T00:00:00Z,SYNTH
ONCO,2026-04-03 18:00:00,5.99,0,synth_hospital seed 20260927,,2026-09-25T00:00:00Z,SYNTH
ONCO,2026-04-04 00:00:00,4.88,0,synth_hospital seed 20260927,,2026-09-25T00:00:00Z,SYNTH
ONCO,2026-04-04 06:00:00,5.72,0,synth_hospital seed 20260927,,2026-09-25T00:00:00Z,SYNTH
ONCO,2026-04-04 12:00:00,4.68,0,synth_hospital seed 20260927,,2026-09-25T00:00:00Z,SYNTH
ONCO,2026-04-04 18:00:00,5.73,0,synth_hospital seed 20260927,,2026-09-25T00:00:00Z,SYNTH
ONCO,2026-04-05 00:00:00,4.82,0,synth_hospital seed 20260927,,2026-09-25T00:00:00Z,SYNTH
ONCO,2026-04-05 06:00:00,5.89,0,synth_hospital seed 20260927,,2026-09-25T00:00:00Z,SYNTH
ONCO,2026-04-05 12:00:00,4.47,0,synth_hospital seed 20260927,,2026-09-25T00:00:00Z,SYNTH
ONCO,2026-04-05 18:00:00,5.99,0,synth_hospital seed 20260927,,2026-09-25T00:00:00Z,SYNTH
ONCO,2026-04-06 00:00:00,6.53,0,synth_hospital seed 20260927,,2026-09-25T00:00:00Z,SYNTH
ONCO,2026-04-06 06:00:00,6.44,0,synth_hospital seed 20260927,,2026-09-25T00:00:00Z,SYNTH
ONCO,2026-04-06 12:00:00,6.25,0,synth_hospital seed 20260927,,2026-09-25T00:00:00Z,SYNTH
ONCO,2026-04-06 18:00:00,4.83,0,synth_hospital seed 20260927,,2026-09-25T00:00:00Z,SYNTH
ONCO,2026-04-07 00:00:00,5.86,0,synth_hospital seed 20260927,,2026-09-25T00:00:00Z,SYNTH
ONCO,2026-04-07 06:00:00,5.51,0,synth_hospital seed 20260927,,2026-09-25T00:00:00Z,SYNTH
ONCO,2026-04-07 12:00:00,4.65,0,synth_hospital seed 20260927,,2026-09-25T00:00:00Z,SYNTH
ONCO,2026-04-07 18:00:00,5.3,0,synth_hospital seed 20260927,,2026-09-25T00:00:00Z,SYNTH
ONCO,2026-04-08 00:00:00,4.68,0,synth_hospital seed 20260927,,2026-09-25T00:00:00Z,SYNTH
ONCO,2026-04-08 06:00:00,5.73,0,synth_hospital seed 20260927,,2026-09-25T00:00:00Z,SYNTH
ONCO,2026-04-08 12:00:00,5.93,0,synth_hospital seed 20260927,,2026-09-25T00:00:00Z,SYNTH
ONCO,2026-04-08 18:00:00,5.29,0,synth_hospital seed 20260927,,2026-09-25T00:00:00Z,SYNTH
ONCO,2026-04-09 00:00:00,5.2,0,synth_hospital seed 20260927,,2026-09-25T00:00:00Z,SYNTH
ONCO,2026-04-09 06:00:00,3.84,0,synth_hospital seed 20260927,,2026-09-25T00:00:00Z,SYNTH
ONCO,2026-04-09 12:00:00,4.02,0,synth_hospital seed 20260927,,2026-09-25T00:00:00Z,SYNTH
ONCO,2026-04-09 18:00:00,4.57,0,synth_hospital seed 20260927,,2026-09-25T00:00:00Z,SYNTH
ONCO,2026-04-10 00:00:00,5.79,0,synth_hospital seed 20260927,,2026-09-25T00:00:00Z,SYNTH
ONCO,2026-04-10 06:00:00,5.25,0,synth_hospital seed 20260927,,2026-09-25T00:00:00Z,SYNTH
ONCO,2026-04-10 12:00:00,4.52,0,synth_hospital seed 20260927,,2026-09-25T00:00:00Z,SYNTH
ONCO,2026-04-10 18:00:00,4.25,0,synth_hospital seed 20260927,,2026-09-25T00:00:00Z,SYNTH
ONCO,2026-04-11 00:00:00,5.54,0,synth_hospital seed 20260927,,2026-09-25T00:00:00Z,SYNTH
ONCO,2026-04-11 06:00:00,5.24,0,synth_hospital seed 20260927,,2026-09-25T00:00:00Z,SYNTH
ONCO,2026-04-11 12:00:00,4.97,0,synth_hospital seed 20260927,,2026-09-25T00:00:00Z,SYNTH
ONCO,2026-04-11 18:00:00,5.33,0,synth_hospital seed 20260927,,2026-09-25T00:00:00Z,SYNTH
ONCO,2026-04-12 00:00:00,4.58,0,synth_hospital seed 20260927,,2026-09-25T00:00:00Z,SYNTH
ONCO,2026-04-12 06:00:00,4.34,0,synth_hospital seed 20260927,,2026-09-25T00:00:00Z,SYNTH
ONCO,2026-04-12 12:00:00,3.82,0,synth_hospital seed 20260927,,2026-09-25T00:00:00Z,SYNTH
ONCO,2026-04-12 18:00:00,5.11,0,synth_hospital seed 20260927,,2026-09-25T00:00:00Z,SYNTH
ONCO,2026-04-13 00:00:00,5.48,0,synth_hospital seed 20260927,,2026-09-25T00:00:00Z,SYNTH
ONCO,2026-04-13 06:00:00,4.96,0,synth_hospital seed 20260927,,2026-09-25T00:00:00Z,SYNTH
ONCO,2026-04-13 12:00:00,4.1,0,synth_hospital seed 20260927,,2026-09-25T00:00:00Z,SYNTH
ONCO,2026-04-13 18:00:00,4.93,0,synth_hospital seed 20260927,,2026-09-25T00:00:00Z,SYNTH
ONCO,2026-04-14 00:00:00,4.72,0,synth_hospital seed 20260927,,2026-09-25T00:00:00Z,SYNTH
ONCO,2026-04-14 06:00:00,5.21,0,synth_hospital seed 20260927,,2026-09-25T00:00:00Z,SYNTH
ONCO,2026-04-14 12:00:00,5.47,0,synth_hospital seed 20260927,,2026-09-25T00:00:00Z,SYNTH
ONCO,2026-04-14 18:00:00,4.72,0,synth_hospital seed 20260927,,2026-09-25T00:00:00Z,SYNTH
ONCO,2026-04-15 00:00:00,5.12,0,synth_hospital seed 20260927,,2026-09-25T00:00:00Z,SYNTH
ONCO,2026-04-15 06:00:00,5.33,0,synth_hospital seed 20260927,,2026-09-25T00:00:00Z,SYNTH
ONCO,2026-04-15 12:00:00,5.63,0,synth_hospital seed 20260927,,2026-09-25T00:00:00Z,SYNTH
ONCO,2026-04-15 18:00:00,4.25,0,synth_hospital seed 20260927,,2026-09-25T00:00:00Z,SYNTH
ONCO,2026-04-16 00:00:00,5.45,0,synth_hospital seed 20260927,,2026-09-25T00:00:00Z,SYNTH
ONCO,2026-04-16 06:00:00,5.37,0,synth_hospital seed 20260927,,2026-09-25T00:00:00Z,SYNTH
ONCO,2026-04-16 12:00:00,4.08,0,synth_hospital seed 20260927,,2026-09-25T00:00:00Z,SYNTH
ONCO,2026-04-16 18:00:00,4.79,0,synth_hospital seed 20260927,,2026-09-25T00:00:00Z,SYNTH
ONCO,2026-04-17 00:00:00,6.5,0,synth_hospital seed 20260927,,2026-09-25T00:00:00Z,SYNTH
ONCO,2026-04-17 06:00:00,3.87,0,synth_hospital seed 20260927,,2026-09-25T00:00:00Z,SYNTH
ONCO,2026-04-17 12:00:00,5.22,0,synth_hospital seed 20260927,,2026-09-25T00:00:00Z,SYNTH
ONCO,2026-04-17 18:00:00,4.1,0,synth_hospital seed 20260927,,2026-09-25T00:00:00Z,SYNTH
ONCO,2026-04-18 00:00:00,5.62,0,synth_hospital seed 20260927,,2026-09-25T00:00:00Z,SYNTH
ONCO,2026-04-18 06:00:00,4.15,0,synth_hospital seed 20260927,,2026-09-25T00:00:00Z,SYNTH
ONCO,2026-04-18 12:00:00,3.71,0,synth_hospital seed 20260927,,2026-09-25T00:00:00Z,SYNTH
ONCO,2026-04-18 18:00:00,5.04,0,synth_hospital seed 20260927,,2026-09-25T00:00:00Z,SYNTH
ONCO,2026-04-19 00:00:00,4.48,0,synth_hospital seed 20260927,,2026-09-25T00:00:00Z,SYNTH
ONCO,2026-04-19 06:00:00,4.61,0,synth_hospital seed 20260927,,2026-09-25T00:00:00Z,SYNTH
ONCO,2026-04-19 12:00:00,5.46,0,synth_hospital seed 20260927,,2026-09-25T00:00:00Z,SYNTH
ONCO,2026-04-19 18:00:00,4.62,0,synth_hospital seed 20260927,,2026-09-25T00:00:00Z,SYNTH
ONCO,2026-04-20 00:00:00,5.51,0,synth_hospital seed 20260927,,2026-09-25T00:00:00Z,SYNTH
ONCO,2026-04-20 06:00:00,4.43,0,synth_hospital seed 20260927,,2026-09-25T00:00:00Z,SYNTH
ONCO,2026-04-20 12:00:00,4.41,0,synth_hospital seed 20260927,,2026-09-25T00:00:00Z,SYNTH
ONCO,2026-04-20 18:00:00,5.83,0,synth_hospital seed 20260927,,2026-09-25T00:00:00Z,SYNTH
ONCO,2026-04-21 00:00:00,5.59,0,synth_hospital seed 20260927,,2026-09-25T00:00:00Z,SYNTH
ONCO,2026-04-21 06:00:00,3.96,0,synth_hospital seed 20260927,,2026-09-25T00:00:00Z,SYNTH
ONCO,2026-04-21 12:00:00,5.36,0,synth_hospital seed 20260927,,2026-09-25T00:00:00Z,SYNTH
ONCO,2026-04-21 18:00:00,5.0,0,synth_hospital seed 20260927,,2026-09-25T00:00:00Z,SYNTH
ONCO,2026-04-22 00:00:00,4.64,0,synth_hospital seed 20260927,,2026-09-25T00:00:00Z,SYNTH
ONCO,2026-04-22 06:00:00,4.31,0,synth_hospital seed 20260927,,2026-09-25T00:00:00Z,SYNTH
ONCO,2026-04-22 12:00:00,4.97,0,synth_hospital seed 20260927,,2026-09-25T00:00:00Z,SYNTH
ONCO,2026-04-22 18:00:00,5.52,0,synth_hospital seed 20260927,,2026-09-25T00:00:00Z,SYNTH
ONCO,2026-04-23 00:00:00,5.2,0,synth_hospital seed 20260927,,2026-09-25T00:00:00Z,SYNTH
ONCO,2026-04-23 06:00:00,4.5,0,synth_hospital seed 20260927,,2026-09-25T00:00:00Z,SYNTH
ONCO,2026-04-23 12:00:00,5.04,0,synth_hospital seed 20260927,,2026-09-25T00:00:00Z,SYNTH
ONCO,2026-04-23 18:00:00,5.03,0,synth_hospital seed 20260927,,2026-09-25T00:00:00Z,SYNTH
ONCO,2026-04-24 00:00:00,6.07,0,synth_hospital seed 20260927,,2026-09-25T00:00:00Z,SYNTH
ONCO,2026-04-24 06:00:00,4.51,0,synth_hospital seed 20260927,,2026-09-25T00:00:00Z,SYNTH
ONCO,2026-04-24 12:00:00,4.54,0,synth_hospital seed 20260927,,2026-09-25T00:00:00Z,SYNTH
ONCO,2026-04-24 18:00:00,6.08,0,synth_hospital seed 20260927,,2026-09-25T00:00:00Z,SYNTH
ONCO,2026-04-25 00:00:00,5.0,0,synth_hospital seed 20260927,,2026-09-25T00:00:00Z,SYNTH
ONCO,2026-04-25 06:00:00,5.55,0,synth_hospital seed 20260927,,2026-09-25T00:00:00Z,SYNTH
ONCO,2026-04-25 12:00:00,5.41,0,synth_hospital seed 20260927,,2026-09-25T00:00:00Z,SYNTH
ONCO,2026-04-25 18:00:00,4.12,0,synth_hospital seed 20260927,,2026-09-25T00:00:00Z,SYNTH
ONCO,2026-04-26 00:00:00,3.34,0,synth_hospital seed 20260927,,2026-09-25T00:00:00Z,SYNTH
ONCO,2026-04-26 06:00:00,4.69,0,synth_hospital seed 20260927,,2026-09-25T00:00:00Z,SYNTH
ONCO,2026-04-26 12:00:00,3.88,0,synth_hospital seed 20260927,,2026-09-25T00:00:00Z,SYNTH
ONCO,2026-04-26 18:00:00,5.05,0,synth_hospital seed 20260927,,2026-09-25T00:00:00Z,SYNTH
ONCO,2026-04-27 00:00:00,4.74,0,synth_hospital seed 20260927,,2026-09-25T00:00:00Z,SYNTH
ONCO,2026-04-27 06:00:00,5.74,0,synth_hospital seed 20260927,,2026-09-25T00:00:00Z,SYNTH
ONCO,2026-04-27 12:00:00,5.41,0,synth_hospital seed 20260927,,2026-09-25T00:00:00Z,SYNTH
ONCO,2026-04-27 18:00:00,4.62,0,synth_hospital seed 20260927,,2026-09-25T00:00:00Z,SYNTH
ONCO,2026-04-28 00:00:00,5.23,0,synth_hospital seed 20260927,,2026-09-25T00:00:00Z,SYNTH
ONCO,2026-04-28 06:00:00,3.9,0,synth_hospital seed 20260927,,2026-09-25T00:00:00Z,SYNTH
ONCO,2026-04-28 12:00:00,4.58,0,synth_hospital seed 20260927,,2026-09-25T00:00:00Z,SYNTH
ONCO,2026-04-28 18:00:00,5.29,0,synth_hospital seed 20260927,,2026-09-25T00:00:00Z,SYNTH
ONCO,2026-04-29 00:00:00,4.48,0,synth_hospital seed 20260927,,2026-09-25T00:00:00Z,SYNTH
ONCO,2026-04-29 06:00:00,4.13,0,synth_hospital seed 20260927,,2026-09-25T00:00:00Z,SYNTH
ONCO,2026-04-29 12:00:00,4.8,0,synth_hospital seed 20260927,,2026-09-25T00:00:00Z,SYNTH
ONCO,2026-04-29 18:00:00,5.99,0,synth_hospital seed 20260927,,2026-09-25T00:00:00Z,SYNTH
ONCO,2026-04-30 00:00:00,5.28,0,synth_hospital seed 20260927,,2026-09-25T00:00:00Z,SYNTH
ONCO,2026-04-30 06:00:00,4.65,0,synth_hospital seed 20260927,,2026-09-25T00:00:00Z,SYNTH
ONCO,2026-04-30 12:00:00,5.26,0,synth_hospital seed 20260927,,2026-09-25T00:00:00Z,SYNTH
ONCO,2026-04-30 18:00:00,4.01,0,synth_hospital seed 20260927,,2026-09-25T00:00:00Z,SYNTH
ONCO,2026-05-01 00:00:00,4.8,0,synth_hospital seed 20260927,,2026-09-25T00:00:00Z,SYNTH
ONCO,2026-05-01 06:00:00,3.31,0,synth_hospital seed 20260927,,2026-09-25T00:00:00Z,SYNTH
ONCO,2026-05-01 12:00:00,5.16,0,synth_hospital seed 20260927,,2026-09-25T00:00:00Z,SYNTH
ONCO,2026-05-01 18:00:00,5.31,0,synth_hospital seed 20260927,,2026-09-25T00:00:00Z,SYNTH
ONCO,2026-05-02 00:00:00,5.51,0,synth_hospital seed 20260927,,2026-09-25T00:00:00Z,SYNTH
ONCO,2026-05-02 06:00:00,4.35,0,synth_hospital seed 20260927,,2026-09-25T00:00:00Z,SYNTH
ONCO,2026-05-02 12:00:00,4.68,0,synth_hospital seed 20260927,,2026-09-25T00:00:00Z,SYNTH
ONCO,2026-05-02 18:00:00,5.35,0,synth_hospital seed 20260927,,2026-09-25T00:00:00Z,SYNTH
ONCO,2026-05-03 00:00:00,4.8,0,synth_hospital seed 20260927,,2026-09-25T00:00:00Z,SYNTH
ONCO,2026-05-03 06:00:00,4.88,0,synth_hospital seed 20260927,,2026-09-25T00:00:00Z,SYNTH
ONCO,2026-05-03 12:00:00,3.67,0,synth_hospital seed 20260927,,2026-09-25T00:00:00Z,SYNTH
ONCO,2026-05-03 18:00:00,4.46,0,synth_hospital seed 20260927,,2026-09-25T00:00:00Z,SYNTH
ONCO,2026-05-04 00:00:00,4.33,0,synth_hospital seed 20260927,,2026-09-25T00:00:00Z,SYNTH
ONCO,2026-05-04 06:00:00,5.89,0,synth_hospital seed 20260927,,2026-09-25T00:00:00Z,SYNTH
ONCO,2026-05-04 12:00:00,5.19,0,synth_hospital seed 20260927,,2026-09-25T00:00:00Z,SYNTH
ONCO,2026-05-04 18:00:00,5.25,0,synth_hospital seed 20260927,,2026-09-25T00:00:00Z,SYNTH
ONCO,2026-05-05 00:00:00,4.57,0,synth_hospital seed 20260927,,2026-09-25T00:00:00Z,SYNTH
ONCO,2026-05-05 06:00:00,4.08,0,synth_hospital seed 20260927,,2026-09-25T00:00:00Z,SYNTH
ONCO,2026-05-05 12:00:00,5.3,0,synth_hospital seed 20260927,,2026-09-25T00:00:00Z,SYNTH
ONCO,2026-05-05 18:00:00,4.92,0,synth_hospital seed 20260927,,2026-09-25T00:00:00Z,SYNTH
ONCO,2026-05-06 00:00:00,4.83,0,synth_hospital seed 20260927,,2026-09-25T00:00:00Z,SYNTH
ONCO,2026-05-06 06:00:00,4.5,0,synth_hospital seed 20260927,,2026-09-25T00:00:00Z,SYNTH
ONCO,2026-05-06 12:00:00,3.82,0,synth_hospital seed 20260927,,2026-09-25T00:00:00Z,SYNTH
ONCO,2026-05-06 18:00:00,4.82,0,synth_hospital seed 20260927,,2026-09-25T00:00:00Z,SYNTH
ONCO,2026-05-07 00:00:00,6.65,0,synth_hospital seed 20260927,,2026-09-25T00:00:00Z,SYNTH
ONCO,2026-05-07 06:00:00,4.71,0,synth_hospital seed 20260927,,2026-09-25T00:00:00Z,SYNTH
ONCO,2026-05-07 12:00:00,5.73,0,synth_hospital seed 20260927,,2026-09-25T00:00:00Z,SYNTH
ONCO,2026-05-07 18:00:00,5.61,0,synth_hospital seed 20260927,,2026-09-25T00:00:00Z,SYNTH
ONCO,2026-05-08 00:00:00,5.54,0,synth_hospital seed 20260927,,2026-09-25T00:00:00Z,SYNTH
ONCO,2026-05-08 06:00:00,5.05,0,synth_hospital seed 20260927,,2026-09-25T00:00:00Z,SYNTH
ONCO,2026-05-08 12:00:00,4.82,0,synth_hospital seed 20260927,,2026-09-25T00:00:00Z,SYNTH
ONCO,2026-05-08 18:00:00,6.11,0,synth_hospital seed 20260927,,2026-09-25T00:00:00Z,SYNTH
ONCO,2026-05-09 00:00:00,5.38,0,synth_hospital seed 20260927,,2026-09-25T00:00:00Z,SYNTH
ONCO,2026-05-09 06:00:00,4.78,0,synth_hospital seed 20260927,,2026-09-25T00:00:00Z,SYNTH
ONCO,2026-05-09 12:00:00,5.11,0,synth_hospital seed 20260927,,2026-09-25T00:00:00Z,SYNTH
ONCO,2026-05-09 18:00:00,4.01,0,synth_hospital seed 20260927,,2026-09-25T00:00:00Z,SYNTH
ONCO,2026-05-10 00:00:00,5.74,0,synth_hospital seed 20260927,,2026-09-25T00:00:00Z,SYNTH
ONCO,2026-05-10 06:00:00,5.16,0,synth_hospital seed 20260927,,2026-09-25T00:00:00Z,SYNTH
ONCO,2026-05-10 12:00:00,6.1,0,synth_hospital seed 20260927,,2026-09-25T00:00:00Z,SYNTH
ONCO,2026-05-10 18:00:00,6.54,0,synth_hospital seed 20260927,,2026-09-25T00:00:00Z,SYNTH
ONCO,2026-05-11 00:00:00,5.83,0,synth_hospital seed 20260927,,2026-09-25T00:00:00Z,SYNTH
ONCO,2026-05-11 06:00:00,5.68,0,synth_hospital seed 20260927,,2026-09-25T00:00:00Z,SYNTH
ONCO,2026-05-11 12:00:00,4.65,0,synth_hospital seed 20260927,,2026-09-25T00:00:00Z,SYNTH
ONCO,2026-05-11 18:00:00,5.82,0,synth_hospital seed 20260927,,2026-09-25T00:00:00Z,SYNTH
ONCO,2026-05-12 00:00:00,5.74,0,synth_hospital seed 20260927,,2026-09-25T00:00:00Z,SYNTH
ONCO,2026-05-12 06:00:00,3.73,0,synth_hospital seed 20260927,,2026-09-25T00:00:00Z,SYNTH
ONCO,2026-05-12 12:00:00,5.15,0,synth_hospital seed 20260927,,2026-09-25T00:00:00Z,SYNTH
ONCO,2026-05-12 18:00:00,6.4,0,synth_hospital seed 20260927,,2026-09-25T00:00:00Z,SYNTH
ONCO,2026-05-13 00:00:00,5.31,0,synth_hospital seed 20260927,,2026-09-25T00:00:00Z,SYNTH
ONCO,2026-05-13 06:00:00,4.22,0,synth_hospital seed 20260927,,2026-09-25T00:00:00Z,SYNTH
ONCO,2026-05-13 12:00:00,4.63,0,synth_hospital seed 20260927,,2026-09-25T00:00:00Z,SYNTH
ONCO,2026-05-13 18:00:00,4.92,0,synth_hospital seed 20260927,,2026-09-25T00:00:00Z,SYNTH
ONCO,2026-05-14 00:00:00,5.26,0,synth_hospital seed 20260927,,2026-09-25T00:00:00Z,SYNTH
ONCO,2026-05-14 06:00:00,4.76,0,synth_hospital seed 20260927,,2026-09-25T00:00:00Z,SYNTH
ONCO,2026-05-14 12:00:00,4.43,0,synth_hospital seed 20260927,,2026-09-25T00:00:00Z,SYNTH
ONCO,2026-05-14 18:00:00,5.72,0,synth_hospital seed 20260927,,2026-09-25T00:00:00Z,SYNTH
ONCO,2026-05-15 00:00:00,4.95,0,synth_hospital seed 20260927,,2026-09-25T00:00:00Z,SYNTH
ONCO,2026-05-15 06:00:00,3.45,0,synth_hospital seed 20260927,,2026-09-25T00:00:00Z,SYNTH
ONCO,2026-05-15 12:00:00,5.21,0,synth_hospital seed 20260927,,2026-09-25T00:00:00Z,SYNTH
ONCO,2026-05-15 18:00:00,5.35,0,synth_hospital seed 20260927,,2026-09-25T00:00:00Z,SYNTH
ONCO,2026-05-16 00:00:00,4.59,0,synth_hospital seed 20260927,,2026-09-25T00:00:00Z,SYNTH
ONCO,2026-05-16 06:00:00,4.41,0,synth_hospital seed 20260927,,2026-09-25T00:00:00Z,SYNTH
ONCO,2026-05-16 12:00:00,5.38,0,synth_hospital seed 20260927,,2026-09-25T00:00:00Z,SYNTH
ONCO,2026-05-16 18:00:00,5.08,0,synth_hospital seed 20260927,,2026-09-25T00:00:00Z,SYNTH
ONCO,2026-05-17 00:00:00,4.52,0,synth_hospital seed 20260927,,2026-09-25T00:00:00Z,SYNTH
ONCO,2026-05-17 06:00:00,5.08,0,synth_hospital seed 20260927,,2026-09-25T00:00:00Z,SYNTH
ONCO,2026-05-17 12:00:00,4.8,0,synth_hospital seed 20260927,,2026-09-25T00:00:00Z,SYNTH
ONCO,2026-05-17 18:00:00,4.16,0,synth_hospital seed 20260927,,2026-09-25T00:00:00Z,SYNTH
ONCO,2026-05-18 00:00:00,5.08,0,synth_hospital seed 20260927,,2026-09-25T00:00:00Z,SYNTH
ONCO,2026-05-18 06:00:00,5.39,0,synth_hospital seed 20260927,,2026-09-25T00:00:00Z,SYNTH
ONCO,2026-05-18 12:00:00,4.33,0,synth_hospital seed 20260927,,2026-09-25T00:00:00Z,SYNTH
ONCO,2026-05-18 18:00:00,5.17,0,synth_hospital seed 20260927,,2026-09-25T00:00:00Z,SYNTH
ONCO,2026-05-19 00:00:00,4.6,0,synth_hospital seed 20260927,,2026-09-25T00:00:00Z,SYNTH
ONCO,2026-05-19 06:00:00,4.61,0,synth_hospital seed 20260927,,2026-09-25T00:00:00Z,SYNTH
ONCO,2026-05-19 12:00:00,3.64,0,synth_hospital seed 20260927,,2026-09-25T00:00:00Z,SYNTH
ONCO,2026-05-19 18:00:00,6.08,0,synth_hospital seed 20260927,,2026-09-25T00:00:00Z,SYNTH
ONCO,2026-05-20 00:00:00,4.8,0,synth_hospital seed 20260927,,2026-09-25T00:00:00Z,SYNTH
ONCO,2026-05-20 06:00:00,4.8,0,synth_hospital seed 20260927,,2026-09-25T00:00:00Z,SYNTH
ONCO,2026-05-20 12:00:00,6.21,0,synth_hospital seed 20260927,,2026-09-25T00:00:00Z,SYNTH
ONCO,2026-05-20 18:00:00,3.19,0,synth_hospital seed 20260927,,2026-09-25T00:00:00Z,SYNTH
ONCO,2026-05-21 00:00:00,4.18,0,synth_hospital seed 20260927,,2026-09-25T00:00:00Z,SYNTH
ONCO,2026-05-21 06:00:00,5.64,0,synth_hospital seed 20260927,,2026-09-25T00:00:00Z,SYNTH
ONCO,2026-05-21 12:00:00,4.87,0,synth_hospital seed 20260927,,2026-09-25T00:00:00Z,SYNTH
ONCO,2026-05-21 18:00:00,4.37,0,synth_hospital seed 20260927,,2026-09-25T00:00:00Z,SYNTH
ONCO,2026-05-22 00:00:00,5.61,0,synth_hospital seed 20260927,,2026-09-25T00:00:00Z,SYNTH
ONCO,2026-05-22 06:00:00,5.01,0,synth_hospital seed 20260927,,2026-09-25T00:00:00Z,SYNTH
ONCO,2026-05-22 12:00:00,5.5,0,synth_hospital seed 20260927,,2026-09-25T00:00:00Z,SYNTH
ONCO,2026-05-22 18:00:00,5.36,0,synth_hospital seed 20260927,,2026-09-25T00:00:00Z,SYNTH
ONCO,2026-05-23 00:00:00,4.76,0,synth_hospital seed 20260927,,2026-09-25T00:00:00Z,SYNTH
ONCO,2026-05-23 06:00:00,4.72,0,synth_hospital seed 20260927,,2026-09-25T00:00:00Z,SYNTH
ONCO,2026-05-23 12:00:00,5.75,0,synth_hospital seed 20260927,,2026-09-25T00:00:00Z,SYNTH
ONCO,2026-05-23 18:00:00,4.76,0,synth_hospital seed 20260927,,2026-09-25T00:00:00Z,SYNTH
ONCO,2026-05-24 00:00:00,4.62,0,synth_hospital seed 20260927,,2026-09-25T00:00:00Z,SYNTH
ONCO,2026-05-24 06:00:00,5.64,0,synth_hospital seed 20260927,,2026-09-25T00:00:00Z,SYNTH
ONCO,2026-05-24 12:00:00,4.95,0,synth_hospital seed 20260927,,2026-09-25T00:00:00Z,SYNTH
ONCO,2026-05-24 18:00:00,5.72,0,synth_hospital seed 20260927,,2026-09-25T00:00:00Z,SYNTH
ONCO,2026-05-25 00:00:00,5.04,0,synth_hospital seed 20260927,,2026-09-25T00:00:00Z,SYNTH
ONCO,2026-05-25 06:00:00,4.08,0,synth_hospital seed 20260927,,2026-09-25T00:00:00Z,SYNTH
ONCO,2026-05-25 12:00:00,6.2,0,synth_hospital seed 20260927,,2026-09-25T00:00:00Z,SYNTH
ONCO,2026-05-25 18:00:00,4.71,0,synth_hospital seed 20260927,,2026-09-25T00:00:00Z,SYNTH
ONCO,2026-05-26 00:00:00,4.72,0,synth_hospital seed 20260927,,2026-09-25T00:00:00Z,SYNTH
ONCO,2026-05-26 06:00:00,5.05,0,synth_hospital seed 20260927,,2026-09-25T00:00:00Z,SYNTH
ONCO,2026-05-26 12:00:00,7.16,0,synth_hospital seed 20260927,,2026-09-25T00:00:00Z,SYNTH
ONCO,2026-05-26 18:00:00,5.43,0,synth_hospital seed 20260927,,2026-09-25T00:00:00Z,SYNTH
ONCO,2026-05-27 00:00:00,4.17,0,synth_hospital seed 20260927,,2026-09-25T00:00:00Z,SYNTH
ONCO,2026-05-27 06:00:00,4.63,0,synth_hospital seed 20260927,,2026-09-25T00:00:00Z,SYNTH
ONCO,2026-05-27 12:00:00,4.84,0,synth_hospital seed 20260927,,2026-09-25T00:00:00Z,SYNTH
ONCO,2026-05-27 18:00:00,5.26,0,synth_hospital seed 20260927,,2026-09-25T00:00:00Z,SYNTH
ONCO,2026-05-28 00:00:00,4.62,0,synth_hospital seed 20260927,,2026-09-25T00:00:00Z,SYNTH
ONCO,2026-05-28 06:00:00,5.42,0,synth_hospital seed 20260927,,2026-09-25T00:00:00Z,SYNTH
ONCO,2026-05-28 12:00:00,6.26,0,synth_hospital seed 20260927,,2026-09-25T00:00:00Z,SYNTH
ONCO,2026-05-28 18:00:00,5.27,0,synth_hospital seed 20260927,,2026-09-25T00:00:00Z,SYNTH
ONCO,2026-05-29 00:00:00,4.21,0,synth_hospital seed 20260927,,2026-09-25T00:00:00Z,SYNTH
ONCO,2026-05-29 06:00:00,5.84,0,synth_hospital seed 20260927,,2026-09-25T00:00:00Z,SYNTH
ONCO,2026-05-29 12:00:00,5.3,0,synth_hospital seed 20260927,,2026-09-25T00:00:00Z,SYNTH
ONCO,2026-05-29 18:00:00,6.0,0,synth_hospital seed 20260927,,2026-09-25T00:00:00Z,SYNTH
ONCO,2026-05-30 00:00:00,5.08,0,synth_hospital seed 20260927,,2026-09-25T00:00:00Z,SYNTH
ONCO,2026-05-30 06:00:00,3.7,0,synth_hospital seed 20260927,,2026-09-25T00:00:00Z,SYNTH
ONCO,2026-05-30 12:00:00,4.92,0,synth_hospital seed 20260927,,2026-09-25T00:00:00Z,SYNTH
ONCO,2026-05-30 18:00:00,4.02,0,synth_hospital seed 20260927,,2026-09-25T00:00:00Z,SYNTH
ONCO,2026-05-31 00:00:00,3.96,0,synth_hospital seed 20260927,,2026-09-25T00:00:00Z,SYNTH
ONCO,2026-05-31 06:00:00,5.19,0,synth_hospital seed 20260927,,2026-09-25T00:00:00Z,SYNTH
ONCO,2026-05-31 12:00:00,5.49,0,synth_hospital seed 20260927,,2026-09-25T00:00:00Z,SYNTH
ONCO,2026-05-31 18:00:00,5.85,0,synth_hospital seed 20260927,,2026-09-25T00:00:00Z,SYNTH
ONCO,2026-06-01 00:00:00,5.08,0,synth_hospital seed 20260927,,2026-09-25T00:00:00Z,SYNTH
ONCO,2026-06-01 06:00:00,4.13,0,synth_hospital seed 20260927,,2026-09-25T00:00:00Z,SYNTH
ONCO,2026-06-01 12:00:00,4.7,0,synth_hospital seed 20260927,,2026-09-25T00:00:00Z,SYNTH
ONCO,2026-06-01 18:00:00,5.23,0,synth_hospital seed 20260927,,2026-09-25T00:00:00Z,SYNTH
ONCO,2026-06-02 00:00:00,4.3,0,synth_hospital seed 20260927,,2026-09-25T00:00:00Z,SYNTH
ONCO,2026-06-02 06:00:00,4.65,0,synth_hospital seed 20260927,,2026-09-25T00:00:00Z,SYNTH
ONCO,2026-06-02 12:00:00,5.29,0,synth_hospital seed 20260927,,2026-09-25T00:00:00Z,SYNTH
ONCO,2026-06-02 18:00:00,5.67,0,synth_hospital seed 20260927,,2026-09-25T00:00:00Z,SYNTH
ONCO,2026-06-03 00:00:00,5.67,0,synth_hospital seed 20260927,,2026-09-25T00:00:00Z,SYNTH
ONCO,2026-06-03 06:00:00,5.06,0,synth_hospital seed 20260927,,2026-09-25T00:00:00Z,SYNTH
ONCO,2026-06-03 12:00:00,5.88,0,synth_hospital seed 20260927,,2026-09-25T00:00:00Z,SYNTH
ONCO,2026-06-03 18:00:00,3.81,0,synth_hospital seed 20260927,,2026-09-25T00:00:00Z,SYNTH
ONCO,2026-06-04 00:00:00,4.97,0,synth_hospital seed 20260927,,2026-09-25T00:00:00Z,SYNTH
ONCO,2026-06-04 06:00:00,4.45,0,synth_hospital seed 20260927,,2026-09-25T00:00:00Z,SYNTH
ONCO,2026-06-04 12:00:00,3.72,0,synth_hospital seed 20260927,,2026-09-25T00:00:00Z,SYNTH
ONCO,2026-06-04 18:00:00,4.87,0,synth_hospital seed 20260927,,2026-09-25T00:00:00Z,SYNTH
ONCO,2026-06-05 00:00:00,4.02,0,synth_hospital seed 20260927,,2026-09-25T00:00:00Z,SYNTH
ONCO,2026-06-05 06:00:00,5.7,0,synth_hospital seed 20260927,,2026-09-25T00:00:00Z,SYNTH
ONCO,2026-06-05 12:00:00,4.23,0,synth_hospital seed 20260927,,2026-09-25T00:00:00Z,SYNTH
ONCO,2026-06-05 18:00:00,5.47,0,synth_hospital seed 20260927,,2026-09-25T00:00:00Z,SYNTH
ONCO,2026-06-06 00:00:00,5.48,0,synth_hospital seed 20260927,,2026-09-25T00:00:00Z,SYNTH
ONCO,2026-06-06 06:00:00,4.77,0,synth_hospital seed 20260927,,2026-09-25T00:00:00Z,SYNTH
ONCO,2026-06-06 12:00:00,3.97,0,synth_hospital seed 20260927,,2026-09-25T00:00:00Z,SYNTH
ONCO,2026-06-06 18:00:00,4.59,0,synth_hospital seed 20260927,,2026-09-25T00:00:00Z,SYNTH
ONCO,2026-06-07 00:00:00,5.68,0,synth_hospital seed 20260927,,2026-09-25T00:00:00Z,SYNTH
ONCO,2026-06-07 06:00:00,5.39,0,synth_hospital seed 20260927,,2026-09-25T00:00:00Z,SYNTH
ONCO,2026-06-07 12:00:00,5.69,0,synth_hospital seed 20260927,,2026-09-25T00:00:00Z,SYNTH
ONCO,2026-06-07 18:00:00,5.91,0,synth_hospital seed 20260927,,2026-09-25T00:00:00Z,SYNTH
ONCO,2026-06-08 00:00:00,6.28,0,synth_hospital seed 20260927,,2026-09-25T00:00:00Z,SYNTH
ONCO,2026-06-08 06:00:00,5.66,0,synth_hospital seed 20260927,,2026-09-25T00:00:00Z,SYNTH
ONCO,2026-06-08 12:00:00,5.5,0,synth_hospital seed 20260927,,2026-09-25T00:00:00Z,SYNTH
ONCO,2026-06-08 18:00:00,4.83,0,synth_hospital seed 20260927,,2026-09-25T00:00:00Z,SYNTH
ONCO,2026-06-09 00:00:00,4.42,0,synth_hospital seed 20260927,,2026-09-25T00:00:00Z,SYNTH
ONCO,2026-06-09 06:00:00,4.99,0,synth_hospital seed 20260927,,2026-09-25T00:00:00Z,SYNTH
ONCO,2026-06-09 12:00:00,4.45,0,synth_hospital seed 20260927,,2026-09-25T00:00:00Z,SYNTH
ONCO,2026-06-09 18:00:00,4.48,0,synth_hospital seed 20260927,,2026-09-25T00:00:00Z,SYNTH
ONCO,2026-06-10 00:00:00,4.81,0,synth_hospital seed 20260927,,2026-09-25T00:00:00Z,SYNTH
ONCO,2026-06-10 06:00:00,6.41,0,synth_hospital seed 20260927,,2026-09-25T00:00:00Z,SYNTH
ONCO,2026-06-10 12:00:00,6.06,0,synth_hospital seed 20260927,,2026-09-25T00:00:00Z,SYNTH
ONCO,2026-06-10 18:00:00,5.12,0,synth_hospital seed 20260927,,2026-09-25T00:00:00Z,SYNTH
ONCO,2026-06-11 00:00:00,5.72,0,synth_hospital seed 20260927,,2026-09-25T00:00:00Z,SYNTH
ONCO,2026-06-11 06:00:00,5.25,0,synth_hospital seed 20260927,,2026-09-25T00:00:00Z,SYNTH
ONCO,2026-06-11 12:00:00,5.04,0,synth_hospital seed 20260927,,2026-09-25T00:00:00Z,SYNTH
ONCO,2026-06-11 18:00:00,6.17,0,synth_hospital seed 20260927,,2026-09-25T00:00:00Z,SYNTH
ONCO,2026-06-12 00:00:00,5.34,0,synth_hospital seed 20260927,,2026-09-25T00:00:00Z,SYNTH
ONCO,2026-06-12 06:00:00,5.09,0,synth_hospital seed 20260927,,2026-09-25T00:00:00Z,SYNTH
ONCO,2026-06-12 12:00:00,4.03,0,synth_hospital seed 20260927,,2026-09-25T00:00:00Z,SYNTH
ONCO,2026-06-12 18:00:00,4.67,0,synth_hospital seed 20260927,,2026-09-25T00:00:00Z,SYNTH
ONCO,2026-06-13 00:00:00,5.15,0,synth_hospital seed 20260927,,2026-09-25T00:00:00Z,SYNTH
ONCO,2026-06-13 06:00:00,4.63,0,synth_hospital seed 20260927,,2026-09-25T00:00:00Z,SYNTH
ONCO,2026-06-13 12:00:00,4.76,0,synth_hospital seed 20260927,,2026-09-25T00:00:00Z,SYNTH
ONCO,2026-06-13 18:00:00,5.26,0,synth_hospital seed 20260927,,2026-09-25T00:00:00Z,SYNTH
ONCO,2026-06-14 00:00:00,5.06,0,synth_hospital seed 20260927,,2026-09-25T00:00:00Z,SYNTH
ONCO,2026-06-14 06:00:00,5.35,0,synth_hospital seed 20260927,,2026-09-25T00:00:00Z,SYNTH
ONCO,2026-06-14 12:00:00,5.21,0,synth_hospital seed 20260927,,2026-09-25T00:00:00Z,SYNTH
ONCO,2026-06-14 18:00:00,4.47,0,synth_hospital seed 20260927,,2026-09-25T00:00:00Z,SYNTH
ONCO,2026-06-15 00:00:00,4.54,0,synth_hospital seed 20260927,,2026-09-25T00:00:00Z,SYNTH
ONCO,2026-06-15 06:00:00,4.8,0,synth_hospital seed 20260927,,2026-09-25T00:00:00Z,SYNTH
ONCO,2026-06-15 12:00:00,5.31,0,synth_hospital seed 20260927,,2026-09-25T00:00:00Z,SYNTH
ONCO,2026-06-15 18:00:00,5.95,0,synth_hospital seed 20260927,,2026-09-25T00:00:00Z,SYNTH
ONCO,2026-06-16 00:00:00,4.4,0,synth_hospital seed 20260927,,2026-09-25T00:00:00Z,SYNTH
ONCO,2026-06-16 06:00:00,5.1,0,synth_hospital seed 20260927,,2026-09-25T00:00:00Z,SYNTH
ONCO,2026-06-16 12:00:00,5.26,0,synth_hospital seed 20260927,,2026-09-25T00:00:00Z,SYNTH
ONCO,2026-06-16 18:00:00,3.94,0,synth_hospital seed 20260927,,2026-09-25T00:00:00Z,SYNTH
ONCO,2026-06-17 00:00:00,3.67,0,synth_hospital seed 20260927,,2026-09-25T00:00:00Z,SYNTH
ONCO,2026-06-17 06:00:00,6.13,0,synth_hospital seed 20260927,,2026-09-25T00:00:00Z,SYNTH
ONCO,2026-06-17 12:00:00,4.58,0,synth_hospital seed 20260927,,2026-09-25T00:00:00Z,SYNTH
ONCO,2026-06-17 18:00:00,5.38,0,synth_hospital seed 20260927,,2026-09-25T00:00:00Z,SYNTH
ONCO,2026-06-18 00:00:00,4.55,0,synth_hospital seed 20260927,,2026-09-25T00:00:00Z,SYNTH
ONCO,2026-06-18 06:00:00,4.32,0,synth_hospital seed 20260927,,2026-09-25T00:00:00Z,SYNTH
ONCO,2026-06-18 12:00:00,5.79,0,synth_hospital seed 20260927,,2026-09-25T00:00:00Z,SYNTH
ONCO,2026-06-18 18:00:00,5.61,0,synth_hospital seed 20260927,,2026-09-25T00:00:00Z,SYNTH
ONCO,2026-06-19 00:00:00,4.33,0,synth_hospital seed 20260927,,2026-09-25T00:00:00Z,SYNTH
ONCO,2026-06-19 06:00:00,6.3,0,synth_hospital seed 20260927,,2026-09-25T00:00:00Z,SYNTH
ONCO,2026-06-19 12:00:00,4.49,0,synth_hospital seed 20260927,,2026-09-25T00:00:00Z,SYNTH
ONCO,2026-06-19 18:00:00,4.99,0,synth_hospital seed 20260927,,2026-09-25T00:00:00Z,SYNTH
ONCO,2026-06-20 00:00:00,6.06,0,synth_hospital seed 20260927,,2026-09-25T00:00:00Z,SYNTH
ONCO,2026-06-20 06:00:00,5.69,0,synth_hospital seed 20260927,,2026-09-25T00:00:00Z,SYNTH
ONCO,2026-06-20 12:00:00,4.1,0,synth_hospital seed 20260927,,2026-09-25T00:00:00Z,SYNTH
ONCO,2026-06-20 18:00:00,4.07,0,synth_hospital seed 20260927,,2026-09-25T00:00:00Z,SYNTH
ONCO,2026-06-21 00:00:00,6.07,0,synth_hospital seed 20260927,,2026-09-25T00:00:00Z,SYNTH
ONCO,2026-06-21 06:00:00,5.17,0,synth_hospital seed 20260927,,2026-09-25T00:00:00Z,SYNTH
ONCO,2026-06-21 12:00:00,5.01,0,synth_hospital seed 20260927,,2026-09-25T00:00:00Z,SYNTH
ONCO,2026-06-21 18:00:00,3.87,0,synth_hospital seed 20260927,,2026-09-25T00:00:00Z,SYNTH
ONCO,2026-06-22 00:00:00,5.57,0,synth_hospital seed 20260927,,2026-09-25T00:00:00Z,SYNTH
ONCO,2026-06-22 06:00:00,4.66,0,synth_hospital seed 20260927,,2026-09-25T00:00:00Z,SYNTH
ONCO,2026-06-22 12:00:00,5.09,0,synth_hospital seed 20260927,,2026-09-25T00:00:00Z,SYNTH
ONCO,2026-06-22 18:00:00,3.99,0,synth_hospital seed 20260927,,2026-09-25T00:00:00Z,SYNTH
ONCO,2026-06-23 00:00:00,4.74,0,synth_hospital seed 20260927,,2026-09-25T00:00:00Z,SYNTH
ONCO,2026-06-23 06:00:00,5.73,0,synth_hospital seed 20260927,,2026-09-25T00:00:00Z,SYNTH
ONCO,2026-06-23 12:00:00,4.63,0,synth_hospital seed 20260927,,2026-09-25T00:00:00Z,SYNTH
ONCO,2026-06-23 18:00:00,4.83,0,synth_hospital seed 20260927,,2026-09-25T00:00:00Z,SYNTH
ONCO,2026-06-24 00:00:00,5.22,0,synth_hospital seed 20260927,,2026-09-25T00:00:00Z,SYNTH
ONCO,2026-06-24 06:00:00,4.5,0,synth_hospital seed 20260927,,2026-09-25T00:00:00Z,SYNTH
ONCO,2026-06-24 12:00:00,5.22,0,synth_hospital seed 20260927,,2026-09-25T00:00:00Z,SYNTH
ONCO,2026-06-24 18:00:00,4.75,0,synth_hospital seed 20260927,,2026-09-25T00:00:00Z,SYNTH
ONCO,2026-06-25 00:00:00,4.71,0,synth_hospital seed 20260927,,2026-09-25T00:00:00Z,SYNTH
ONCO,2026-06-25 06:00:00,5.65,0,synth_hospital seed 20260927,,2026-09-25T00:00:00Z,SYNTH
ONCO,2026-06-25 12:00:00,6.53,0,synth_hospital seed 20260927,,2026-09-25T00:00:00Z,SYNTH
ONCO,2026-06-25 18:00:00,4.73,0,synth_hospital seed 20260927,,2026-09-25T00:00:00Z,SYNTH
ONCO,2026-06-26 00:00:00,4.91,0,synth_hospital seed 20260927,,2026-09-25T00:00:00Z,SYNTH
ONCO,2026-06-26 06:00:00,4.55,0,synth_hospital seed 20260927,,2026-09-25T00:00:00Z,SYNTH
ONCO,2026-06-26 12:00:00,3.8,0,synth_hospital seed 20260927,,2026-09-25T00:00:00Z,SYNTH
ONCO,2026-06-26 18:00:00,6.63,0,synth_hospital seed 20260927,,2026-09-25T00:00:00Z,SYNTH
ONCO,2026-06-27 00:00:00,4.88,0,synth_hospital seed 20260927,,2026-09-25T00:00:00Z,SYNTH
ONCO,2026-06-27 06:00:00,5.15,0,synth_hospital seed 20260927,,2026-09-25T00:00:00Z,SYNTH
ONCO,2026-06-27 12:00:00,5.91,0,synth_hospital seed 20260927,,2026-09-25T00:00:00Z,SYNTH
ONCO,2026-06-27 18:00:00,5.6,0,synth_hospital seed 20260927,,2026-09-25T00:00:00Z,SYNTH
ONCO,2026-06-28 00:00:00,4.88,0,synth_hospital seed 20260927,,2026-09-25T00:00:00Z,SYNTH
ONCO,2026-06-28 06:00:00,3.77,0,synth_hospital seed 20260927,,2026-09-25T00:00:00Z,SYNTH
ONCO,2026-06-28 12:00:00,5.21,0,synth_hospital seed 20260927,,2026-09-25T00:00:00Z,SYNTH
ONCO,2026-06-28 18:00:00,4.93,0,synth_hospital seed 20260927,,2026-09-25T00:00:00Z,SYNTH
ONCO,2026-06-29 00:00:00,4.8,0,synth_hospital seed 20260927,,2026-09-25T00:00:00Z,SYNTH
ONCO,2026-06-29 06:00:00,5.48,0,synth_hospital seed 20260927,,2026-09-25T00:00:00Z,SYNTH
ONCO,2026-06-29 12:00:00,6.0,0,synth_hospital seed 20260927,,2026-09-25T00:00:00Z,SYNTH
ONCO,2026-06-29 18:00:00,4.84,0,synth_hospital seed 20260927,,2026-09-25T00:00:00Z,SYNTH
ONCO,2026-06-30 00:00:00,5.32,0,synth_hospital seed 20260927,,2026-09-25T00:00:00Z,SYNTH
ONCO,2026-06-30 06:00:00,5.86,0,synth_hospital seed 20260927,,2026-09-25T00:00:00Z,SYNTH
ONCO,2026-06-30 12:00:00,5.59,0,synth_hospital seed 20260927,,2026-09-25T00:00:00Z,SYNTH
ONCO,2026-06-30 18:00:00,4.96,0,synth_hospital seed 20260927,,2026-09-25T00:00:00Z,SYNTH
ONCO,2026-07-01 00:00:00,5.18,0,synth_hospital seed 20260927,,2026-09-25T00:00:00Z,SYNTH
ONCO,2026-07-01 06:00:00,4.06,0,synth_hospital seed 20260927,,2026-09-25T00:00:00Z,SYNTH
ONCO,2026-07-01 12:00:00,4.72,0,synth_hospital seed 20260927,,2026-09-25T00:00:00Z,SYNTH
ONCO,2026-07-01 18:00:00,5.64,0,synth_hospital seed 20260927,,2026-09-25T00:00:00Z,SYNTH
ONCO,2026-07-02 00:00:00,5.37,0,synth_hospital seed 20260927,,2026-09-25T00:00:00Z,SYNTH
ONCO,2026-07-02 06:00:00,4.65,0,synth_hospital seed 20260927,,2026-09-25T00:00:00Z,SYNTH
ONCO,2026-07-02 12:00:00,5.88,0,synth_hospital seed 20260927,,2026-09-25T00:00:00Z,SYNTH
ONCO,2026-07-02 18:00:00,4.52,0,synth_hospital seed 20260927,,2026-09-25T00:00:00Z,SYNTH
ONCO,2026-07-03 00:00:00,3.68,0,synth_hospital seed 20260927,,2026-09-25T00:00:00Z,SYNTH
ONCO,2026-07-03 06:00:00,4.91,0,synth_hospital seed 20260927,,2026-09-25T00:00:00Z,SYNTH
ONCO,2026-07-03 12:00:00,5.04,0,synth_hospital seed 20260927,,2026-09-25T00:00:00Z,SYNTH
ONCO,2026-07-03 18:00:00,5.45,0,synth_hospital seed 20260927,,2026-09-25T00:00:00Z,SYNTH
ONCO,2026-07-04 00:00:00,4.83,0,synth_hospital seed 20260927,,2026-09-25T00:00:00Z,SYNTH
ONCO,2026-07-04 06:00:00,4.74,0,synth_hospital seed 20260927,,2026-09-25T00:00:00Z,SYNTH
ONCO,2026-07-04 12:00:00,5.84,0,synth_hospital seed 20260927,,2026-09-25T00:00:00Z,SYNTH
ONCO,2026-07-04 18:00:00,4.69,0,synth_hospital seed 20260927,,2026-09-25T00:00:00Z,SYNTH
ONCO,2026-07-05 00:00:00,5.59,0,synth_hospital seed 20260927,,2026-09-25T00:00:00Z,SYNTH
ONCO,2026-07-05 06:00:00,5.41,0,synth_hospital seed 20260927,,2026-09-25T00:00:00Z,SYNTH
ONCO,2026-07-05 12:00:00,6.29,0,synth_hospital seed 20260927,,2026-09-25T00:00:00Z,SYNTH
ONCO,2026-07-05 18:00:00,4.37,0,synth_hospital seed 20260927,,2026-09-25T00:00:00Z,SYNTH
ONCO,2026-07-06 00:00:00,4.47,0,synth_hospital seed 20260927,,2026-09-25T00:00:00Z,SYNTH
ONCO,2026-07-06 06:00:00,4.53,0,synth_hospital seed 20260927,,2026-09-25T00:00:00Z,SYNTH
ONCO,2026-07-06 12:00:00,5.13,0,synth_hospital seed 20260927,,2026-09-25T00:00:00Z,SYNTH
ONCO,2026-07-06 18:00:00,4.27,0,synth_hospital seed 20260927,,2026-09-25T00:00:00Z,SYNTH
ONCO,2026-07-07 00:00:00,5.54,0,synth_hospital seed 20260927,,2026-09-25T00:00:00Z,SYNTH
ONCO,2026-07-07 06:00:00,6.08,0,synth_hospital seed 20260927,,2026-09-25T00:00:00Z,SYNTH
ONCO,2026-07-07 12:00:00,4.85,0,synth_hospital seed 20260927,,2026-09-25T00:00:00Z,SYNTH
ONCO,2026-07-07 18:00:00,4.49,0,synth_hospital seed 20260927,,2026-09-25T00:00:00Z,SYNTH
ONCO,2026-07-08 00:00:00,5.28,0,synth_hospital seed 20260927,,2026-09-25T00:00:00Z,SYNTH
ONCO,2026-07-08 06:00:00,5.09,0,synth_hospital seed 20260927,,2026-09-25T00:00:00Z,SYNTH
ONCO,2026-07-08 12:00:00,4.07,0,synth_hospital seed 20260927,,2026-09-25T00:00:00Z,SYNTH
ONCO,2026-07-08 18:00:00,4.11,0,synth_hospital seed 20260927,,2026-09-25T00:00:00Z,SYNTH
ONCO,2026-07-09 00:00:00,5.83,0,synth_hospital seed 20260927,,2026-09-25T00:00:00Z,SYNTH
ONCO,2026-07-09 06:00:00,4.96,0,synth_hospital seed 20260927,,2026-09-25T00:00:00Z,SYNTH
ONCO,2026-07-09 12:00:00,4.74,0,synth_hospital seed 20260927,,2026-09-25T00:00:00Z,SYNTH
ONCO,2026-07-09 18:00:00,5.34,0,synth_hospital seed 20260927,,2026-09-25T00:00:00Z,SYNTH
ONCO,2026-07-10 00:00:00,4.87,0,synth_hospital seed 20260927,,2026-09-25T00:00:00Z,SYNTH
ONCO,2026-07-10 06:00:00,4.4,0,synth_hospital seed 20260927,,2026-09-25T00:00:00Z,SYNTH
ONCO,2026-07-10 12:00:00,4.42,0,synth_hospital seed 20260927,,2026-09-25T00:00:00Z,SYNTH
ONCO,2026-07-10 18:00:00,6.3,0,synth_hospital seed 20260927,,2026-09-25T00:00:00Z,SYNTH
ONCO,2026-07-11 00:00:00,3.64,0,synth_hospital seed 20260927,,2026-09-25T00:00:00Z,SYNTH
ONCO,2026-07-11 06:00:00,4.43,0,synth_hospital seed 20260927,,2026-09-25T00:00:00Z,SYNTH
ONCO,2026-07-11 12:00:00,5.13,0,synth_hospital seed 20260927,,2026-09-25T00:00:00Z,SYNTH
ONCO,2026-07-11 18:00:00,5.4,0,synth_hospital seed 20260927,,2026-09-25T00:00:00Z,SYNTH
ONCO,2026-07-12 00:00:00,5.27,0,synth_hospital seed 20260927,,2026-09-25T00:00:00Z,SYNTH
ONCO,2026-07-12 06:00:00,4.25,0,synth_hospital seed 20260927,,2026-09-25T00:00:00Z,SYNTH
ONCO,2026-07-12 12:00:00,3.46,0,synth_hospital seed 20260927,,2026-09-25T00:00:00Z,SYNTH
ONCO,2026-07-12 18:00:00,5.18,0,synth_hospital seed 20260927,,2026-09-25T00:00:00Z,SYNTH
ONCO,2026-07-13 00:00:00,5.12,0,synth_hospital seed 20260927,,2026-09-25T00:00:00Z,SYNTH
ONCO,2026-07-13 06:00:00,4.82,0,synth_hospital seed 20260927,,2026-09-25T00:00:00Z,SYNTH
ONCO,2026-07-13 12:00:00,5.03,0,synth_hospital seed 20260927,,2026-09-25T00:00:00Z,SYNTH
ONCO,2026-07-13 18:00:00,4.49,0,synth_hospital seed 20260927,,2026-09-25T00:00:00Z,SYNTH
ONCO,2026-07-14 00:00:00,3.73,0,synth_hospital seed 20260927,,2026-09-25T00:00:00Z,SYNTH
ONCO,2026-07-14 06:00:00,5.12,0,synth_hospital seed 20260927,,2026-09-25T00:00:00Z,SYNTH
ONCO,2026-07-14 12:00:00,5.32,0,synth_hospital seed 20260927,,2026-09-25T00:00:00Z,SYNTH
ONCO,2026-07-14 18:00:00,6.07,0,synth_hospital seed 20260927,,2026-09-25T00:00:00Z,SYNTH
ONCO,2026-07-15 00:00:00,4.34,0,synth_hospital seed 20260927,,2026-09-25T00:00:00Z,SYNTH
ONCO,2026-07-15 06:00:00,4.67,0,synth_hospital seed 20260927,,2026-09-25T00:00:00Z,SYNTH
ONCO,2026-07-15 12:00:00,4.64,0,synth_hospital seed 20260927,,2026-09-25T00:00:00Z,SYNTH
ONCO,2026-07-15 18:00:00,4.17,0,synth_hospital seed 20260927,,2026-09-25T00:00:00Z,SYNTH
ONCO,2026-07-16 00:00:00,5.07,0,synth_hospital seed 20260927,,2026-09-25T00:00:00Z,SYNTH
ONCO,2026-07-16 06:00:00,5.12,0,synth_hospital seed 20260927,,2026-09-25T00:00:00Z,SYNTH
ONCO,2026-07-16 12:00:00,4.62,0,synth_hospital seed 20260927,,2026-09-25T00:00:00Z,SYNTH
ONCO,2026-07-16 18:00:00,4.73,0,synth_hospital seed 20260927,,2026-09-25T00:00:00Z,SYNTH
ONCO,2026-07-17 00:00:00,5.72,0,synth_hospital seed 20260927,,2026-09-25T00:00:00Z,SYNTH
ONCO,2026-07-17 06:00:00,3.84,0,synth_hospital seed 20260927,,2026-09-25T00:00:00Z,SYNTH
ONCO,2026-07-17 12:00:00,5.33,0,synth_hospital seed 20260927,,2026-09-25T00:00:00Z,SYNTH
ONCO,2026-07-17 18:00:00,5.15,0,synth_hospital seed 20260927,,2026-09-25T00:00:00Z,SYNTH
ONCO,2026-07-18 00:00:00,4.77,0,synth_hospital seed 20260927,,2026-09-25T00:00:00Z,SYNTH
ONCO,2026-07-18 06:00:00,4.96,0,synth_hospital seed 20260927,,2026-09-25T00:00:00Z,SYNTH
ONCO,2026-07-18 12:00:00,4.39,0,synth_hospital seed 20260927,,2026-09-25T00:00:00Z,SYNTH
ONCO,2026-07-18 18:00:00,4.21,0,synth_hospital seed 20260927,,2026-09-25T00:00:00Z,SYNTH
ONCO,2026-07-19 00:00:00,5.75,0,synth_hospital seed 20260927,,2026-09-25T00:00:00Z,SYNTH
ONCO,2026-07-19 06:00:00,4.57,0,synth_hospital seed 20260927,,2026-09-25T00:00:00Z,SYNTH
ONCO,2026-07-19 12:00:00,4.53,0,synth_hospital seed 20260927,,2026-09-25T00:00:00Z,SYNTH
ONCO,2026-07-19 18:00:00,5.5,0,synth_hospital seed 20260927,,2026-09-25T00:00:00Z,SYNTH
ONCO,2026-07-20 00:00:00,5.81,0,synth_hospital seed 20260927,,2026-09-25T00:00:00Z,SYNTH
ONCO,2026-07-20 06:00:00,5.19,0,synth_hospital seed 20260927,,2026-09-25T00:00:00Z,SYNTH
ONCO,2026-07-20 12:00:00,5.07,0,synth_hospital seed 20260927,,2026-09-25T00:00:00Z,SYNTH
ONCO,2026-07-20 18:00:00,4.44,0,synth_hospital seed 20260927,,2026-09-25T00:00:00Z,SYNTH
ONCO,2026-07-21 00:00:00,5.83,0,synth_hospital seed 20260927,,2026-09-25T00:00:00Z,SYNTH
ONCO,2026-07-21 06:00:00,4.52,0,synth_hospital seed 20260927,,2026-09-25T00:00:00Z,SYNTH
ONCO,2026-07-21 12:00:00,4.46,0,synth_hospital seed 20260927,,2026-09-25T00:00:00Z,SYNTH
ONCO,2026-07-21 18:00:00,5.49,0,synth_hospital seed 20260927,,2026-09-25T00:00:00Z,SYNTH
ONCO,2026-07-22 00:00:00,4.78,0,synth_hospital seed 20260927,,2026-09-25T00:00:00Z,SYNTH
ONCO,2026-07-22 06:00:00,3.77,0,synth_hospital seed 20260927,,2026-09-25T00:00:00Z,SYNTH
ONCO,2026-07-22 12:00:00,4.74,0,synth_hospital seed 20260927,,2026-09-25T00:00:00Z,SYNTH
ONCO,2026-07-22 18:00:00,5.18,0,synth_hospital seed 20260927,,2026-09-25T00:00:00Z,SYNTH
ONCO,2026-07-23 00:00:00,5.38,0,synth_hospital seed 20260927,,2026-09-25T00:00:00Z,SYNTH
ONCO,2026-07-23 06:00:00,5.18,0,synth_hospital seed 20260927,,2026-09-25T00:00:00Z,SYNTH
ONCO,2026-07-23 12:00:00,5.94,0,synth_hospital seed 20260927,,2026-09-25T00:00:00Z,SYNTH
ONCO,2026-07-23 18:00:00,6.34,0,synth_hospital seed 20260927,,2026-09-25T00:00:00Z,SYNTH
ONCO,2026-07-24 00:00:00,4.14,0,synth_hospital seed 20260927,,2026-09-25T00:00:00Z,SYNTH
ONCO,2026-07-24 06:00:00,5.15,0,synth_hospital seed 20260927,,2026-09-25T00:00:00Z,SYNTH
ONCO,2026-07-24 12:00:00,4.56,0,synth_hospital seed 20260927,,2026-09-25T00:00:00Z,SYNTH
ONCO,2026-07-24 18:00:00,6.18,0,synth_hospital seed 20260927,,2026-09-25T00:00:00Z,SYNTH
ONCO,2026-07-25 00:00:00,5.57,0,synth_hospital seed 20260927,,2026-09-25T00:00:00Z,SYNTH
ONCO,2026-07-25 06:00:00,5.19,0,synth_hospital seed 20260927,,2026-09-25T00:00:00Z,SYNTH
ONCO,2026-07-25 12:00:00,5.91,0,synth_hospital seed 20260927,,2026-09-25T00:00:00Z,SYNTH
ONCO,2026-07-25 18:00:00,3.95,0,synth_hospital seed 20260927,,2026-09-25T00:00:00Z,SYNTH
ONCO,2026-07-26 00:00:00,5.82,0,synth_hospital seed 20260927,,2026-09-25T00:00:00Z,SYNTH
ONCO,2026-07-26 06:00:00,4.29,0,synth_hospital seed 20260927,,2026-09-25T00:00:00Z,SYNTH
ONCO,2026-07-26 12:00:00,5.67,0,synth_hospital seed 20260927,,2026-09-25T00:00:00Z,SYNTH
ONCO,2026-07-26 18:00:00,5.67,0,synth_hospital seed 20260927,,2026-09-25T00:00:00Z,SYNTH
ONCO,2026-07-27 00:00:00,4.88,0,synth_hospital seed 20260927,,2026-09-25T00:00:00Z,SYNTH
ONCO,2026-07-27 06:00:00,4.9,0,synth_hospital seed 20260927,,2026-09-25T00:00:00Z,SYNTH
ONCO,2026-07-27 12:00:00,4.58,0,synth_hospital seed 20260927,,2026-09-25T00:00:00Z,SYNTH
ONCO,2026-07-27 18:00:00,4.68,0,synth_hospital seed 20260927,,2026-09-25T00:00:00Z,SYNTH
ONCO,2026-07-28 00:00:00,5.46,0,synth_hospital seed 20260927,,2026-09-25T00:00:00Z,SYNTH
ONCO,2026-07-28 06:00:00,5.71,0,synth_hospital seed 20260927,,2026-09-25T00:00:00Z,SYNTH
ONCO,2026-07-28 12:00:00,5.43,0,synth_hospital seed 20260927,,2026-09-25T00:00:00Z,SYNTH
ONCO,2026-07-28 18:00:00,4.52,0,synth_hospital seed 20260927,,2026-09-25T00:00:00Z,SYNTH
ONCO,2026-07-29 00:00:00,5.89,0,synth_hospital seed 20260927,,2026-09-25T00:00:00Z,SYNTH
ONCO,2026-07-29 06:00:00,6.84,0,synth_hospital seed 20260927,,2026-09-25T00:00:00Z,SYNTH
ONCO,2026-07-29 12:00:00,5.6,0,synth_hospital seed 20260927,,2026-09-25T00:00:00Z,SYNTH
ONCO,2026-07-29 18:00:00,5.36,0,synth_hospital seed 20260927,,2026-09-25T00:00:00Z,SYNTH
ONCO,2026-07-30 00:00:00,5.55,0,synth_hospital seed 20260927,,2026-09-25T00:00:00Z,SYNTH
ONCO,2026-07-30 06:00:00,4.67,0,synth_hospital seed 20260927,,2026-09-25T00:00:00Z,SYNTH
ONCO,2026-07-30 12:00:00,4.81,0,synth_hospital seed 20260927,,2026-09-25T00:00:00Z,SYNTH
ONCO,2026-07-30 18:00:00,4.82,0,synth_hospital seed 20260927,,2026-09-25T00:00:00Z,SYNTH
ONCO,2026-07-31 00:00:00,5.38,0,synth_hospital seed 20260927,,2026-09-25T00:00:00Z,SYNTH
ONCO,2026-07-31 06:00:00,6.04,0,synth_hospital seed 20260927,,2026-09-25T00:00:00Z,SYNTH
ONCO,2026-07-31 12:00:00,4.98,0,synth_hospital seed 20260927,,2026-09-25T00:00:00Z,SYNTH
ONCO,2026-07-31 18:00:00,4.34,0,synth_hospital seed 20260927,,2026-09-25T00:00:00Z,SYNTH
ONCO,2026-08-01 00:00:00,6.06,0,synth_hospital seed 20260927,,2026-09-25T00:00:00Z,SYNTH
ONCO,2026-08-01 06:00:00,5.39,0,synth_hospital seed 20260927,,2026-09-25T00:00:00Z,SYNTH
ONCO,2026-08-01 12:00:00,5.36,0,synth_hospital seed 20260927,,2026-09-25T00:00:00Z,SYNTH
ONCO,2026-08-01 18:00:00,4.14,0,synth_hospital seed 20260927,,2026-09-25T00:00:00Z,SYNTH
ONCO,2026-08-02 00:00:00,5.3,0,synth_hospital seed 20260927,,2026-09-25T00:00:00Z,SYNTH
ONCO,2026-08-02 06:00:00,4.97,0,synth_hospital seed 20260927,,2026-09-25T00:00:00Z,SYNTH
ONCO,2026-08-02 12:00:00,5.35,0,synth_hospital seed 20260927,,2026-09-25T00:00:00Z,SYNTH
ONCO,2026-08-02 18:00:00,3.96,0,synth_hospital seed 20260927,,2026-09-25T00:00:00Z,SYNTH
ONCO,2026-08-03 00:00:00,5.8,0,synth_hospital seed 20260927,,2026-09-25T00:00:00Z,SYNTH
ONCO,2026-08-03 06:00:00,5.65,0,synth_hospital seed 20260927,,2026-09-25T00:00:00Z,SYNTH
ONCO,2026-08-03 12:00:00,4.7,0,synth_hospital seed 20260927,,2026-09-25T00:00:00Z,SYNTH
ONCO,2026-08-03 18:00:00,5.17,0,synth_hospital seed 20260927,,2026-09-25T00:00:00Z,SYNTH
ONCO,2026-08-04 00:00:00,5.07,0,synth_hospital seed 20260927,,2026-09-25T00:00:00Z,SYNTH
ONCO,2026-08-04 06:00:00,5.53,0,synth_hospital seed 20260927,,2026-09-25T00:00:00Z,SYNTH
ONCO,2026-08-04 12:00:00,4.63,0,synth_hospital seed 20260927,,2026-09-25T00:00:00Z,SYNTH
ONCO,2026-08-04 18:00:00,5.31,0,synth_hospital seed 20260927,,2026-09-25T00:00:00Z,SYNTH
ONCO,2026-08-05 00:00:00,5.19,0,synth_hospital seed 20260927,,2026-09-25T00:00:00Z,SYNTH
ONCO,2026-08-05 06:00:00,5.45,0,synth_hospital seed 20260927,,2026-09-25T00:00:00Z,SYNTH
ONCO,2026-08-05 12:00:00,4.97,0,synth_hospital seed 20260927,,2026-09-25T00:00:00Z,SYNTH
ONCO,2026-08-05 18:00:00,5.44,0,synth_hospital seed 20260927,,2026-09-25T00:00:00Z,SYNTH
ONCO,2026-08-06 00:00:00,4.93,0,synth_hospital seed 20260927,,2026-09-25T00:00:00Z,SYNTH
ONCO,2026-08-06 06:00:00,5.67,0,synth_hospital seed 20260927,,2026-09-25T00:00:00Z,SYNTH
ONCO,2026-08-06 12:00:00,4.37,0,synth_hospital seed 20260927,,2026-09-25T00:00:00Z,SYNTH
ONCO,2026-08-06 18:00:00,5.09,0,synth_hospital seed 20260927,,2026-09-25T00:00:00Z,SYNTH
ONCO,2026-08-07 00:00:00,4.77,0,synth_hospital seed 20260927,,2026-09-25T00:00:00Z,SYNTH
ONCO,2026-08-07 06:00:00,4.83,0,synth_hospital seed 20260927,,2026-09-25T00:00:00Z,SYNTH
ONCO,2026-08-07 12:00:00,5.04,0,synth_hospital seed 20260927,,2026-09-25T00:00:00Z,SYNTH
ONCO,2026-08-07 18:00:00,5.43,0,synth_hospital seed 20260927,,2026-09-25T00:00:00Z,SYNTH
ONCO,2026-08-08 00:00:00,5.03,0,synth_hospital seed 20260927,,2026-09-25T00:00:00Z,SYNTH
ONCO,2026-08-08 06:00:00,4.52,0,synth_hospital seed 20260927,,2026-09-25T00:00:00Z,SYNTH
ONCO,2026-08-08 12:00:00,5.28,0,synth_hospital seed 20260927,,2026-09-25T00:00:00Z,SYNTH
ONCO,2026-08-08 18:00:00,3.95,0,synth_hospital seed 20260927,,2026-09-25T00:00:00Z,SYNTH
ONCO,2026-08-09 00:00:00,5.48,0,synth_hospital seed 20260927,,2026-09-25T00:00:00Z,SYNTH
ONCO,2026-08-09 06:00:00,4.21,0,synth_hospital seed 20260927,,2026-09-25T00:00:00Z,SYNTH
ONCO,2026-08-09 12:00:00,4.28,0,synth_hospital seed 20260927,,2026-09-25T00:00:00Z,SYNTH
ONCO,2026-08-09 18:00:00,5.84,0,synth_hospital seed 20260927,,2026-09-25T00:00:00Z,SYNTH
ONCO,2026-08-10 00:00:00,5.01,0,synth_hospital seed 20260927,,2026-09-25T00:00:00Z,SYNTH
ONCO,2026-08-10 06:00:00,6.14,0,synth_hospital seed 20260927,,2026-09-25T00:00:00Z,SYNTH
ONCO,2026-08-10 12:00:00,5.87,0,synth_hospital seed 20260927,,2026-09-25T00:00:00Z,SYNTH
ONCO,2026-08-10 18:00:00,4.46,0,synth_hospital seed 20260927,,2026-09-25T00:00:00Z,SYNTH
ONCO,2026-08-11 00:00:00,3.65,0,synth_hospital seed 20260927,,2026-09-25T00:00:00Z,SYNTH
ONCO,2026-08-11 06:00:00,5.06,0,synth_hospital seed 20260927,,2026-09-25T00:00:00Z,SYNTH
ONCO,2026-08-11 12:00:00,5.0,0,synth_hospital seed 20260927,,2026-09-25T00:00:00Z,SYNTH
ONCO,2026-08-11 18:00:00,5.06,0,synth_hospital seed 20260927,,2026-09-25T00:00:00Z,SYNTH
ONCO,2026-08-12 00:00:00,5.81,0,synth_hospital seed 20260927,,2026-09-25T00:00:00Z,SYNTH
ONCO,2026-08-12 06:00:00,4.62,0,synth_hospital seed 20260927,,2026-09-25T00:00:00Z,SYNTH
ONCO,2026-08-12 12:00:00,6.13,0,synth_hospital seed 20260927,,2026-09-25T00:00:00Z,SYNTH
ONCO,2026-08-12 18:00:00,4.92,0,synth_hospital seed 20260927,,2026-09-25T00:00:00Z,SYNTH
ONCO,2026-08-13 00:00:00,5.44,0,synth_hospital seed 20260927,,2026-09-25T00:00:00Z,SYNTH
ONCO,2026-08-13 06:00:00,5.5,0,synth_hospital seed 20260927,,2026-09-25T00:00:00Z,SYNTH
ONCO,2026-08-13 12:00:00,5.17,0,synth_hospital seed 20260927,,2026-09-25T00:00:00Z,SYNTH
ONCO,2026-08-13 18:00:00,6.53,0,synth_hospital seed 20260927,,2026-09-25T00:00:00Z,SYNTH
ONCO,2026-08-14 00:00:00,5.35,0,synth_hospital seed 20260927,,2026-09-25T00:00:00Z,SYNTH
ONCO,2026-08-14 06:00:00,4.59,0,synth_hospital seed 20260927,,2026-09-25T00:00:00Z,SYNTH
ONCO,2026-08-14 12:00:00,5.63,0,synth_hospital seed 20260927,,2026-09-25T00:00:00Z,SYNTH
ONCO,2026-08-14 18:00:00,5.2,0,synth_hospital seed 20260927,,2026-09-25T00:00:00Z,SYNTH
ONCO,2026-08-15 00:00:00,5.52,0,synth_hospital seed 20260927,,2026-09-25T00:00:00Z,SYNTH
ONCO,2026-08-15 06:00:00,4.9,0,synth_hospital seed 20260927,,2026-09-25T00:00:00Z,SYNTH
ONCO,2026-08-15 12:00:00,4.42,0,synth_hospital seed 20260927,,2026-09-25T00:00:00Z,SYNTH
ONCO,2026-08-15 18:00:00,4.96,0,synth_hospital seed 20260927,,2026-09-25T00:00:00Z,SYNTH
ONCO,2026-08-16 00:00:00,5.37,0,synth_hospital seed 20260927,,2026-09-25T00:00:00Z,SYNTH
ONCO,2026-08-16 06:00:00,4.68,0,synth_hospital seed 20260927,,2026-09-25T00:00:00Z,SYNTH
ONCO,2026-08-16 12:00:00,4.69,0,synth_hospital seed 20260927,,2026-09-25T00:00:00Z,SYNTH
ONCO,2026-08-16 18:00:00,5.04,0,synth_hospital seed 20260927,,2026-09-25T00:00:00Z,SYNTH
ONCO,2026-08-17 00:00:00,4.62,0,synth_hospital seed 20260927,,2026-09-25T00:00:00Z,SYNTH
ONCO,2026-08-17 06:00:00,5.04,0,synth_hospital seed 20260927,,2026-09-25T00:00:00Z,SYNTH
ONCO,2026-08-17 12:00:00,4.9,0,synth_hospital seed 20260927,,2026-09-25T00:00:00Z,SYNTH
ONCO,2026-08-17 18:00:00,4.58,0,synth_hospital seed 20260927,,2026-09-25T00:00:00Z,SYNTH
ONCO,2026-08-18 00:00:00,4.54,0,synth_hospital seed 20260927,,2026-09-25T00:00:00Z,SYNTH
ONCO,2026-08-18 06:00:00,4.92,0,synth_hospital seed 20260927,,2026-09-25T00:00:00Z,SYNTH
ONCO,2026-08-18 12:00:00,5.02,0,synth_hospital seed 20260927,,2026-09-25T00:00:00Z,SYNTH
ONCO,2026-08-18 18:00:00,6.42,0,synth_hospital seed 20260927,,2026-09-25T00:00:00Z,SYNTH
ONCO,2026-08-19 00:00:00,4.69,0,synth_hospital seed 20260927,,2026-09-25T00:00:00Z,SYNTH
ONCO,2026-08-19 06:00:00,4.6,0,synth_hospital seed 20260927,,2026-09-25T00:00:00Z,SYNTH
ONCO,2026-08-19 12:00:00,5.82,0,synth_hospital seed 20260927,,2026-09-25T00:00:00Z,SYNTH
ONCO,2026-08-19 18:00:00,4.68,0,synth_hospital seed 20260927,,2026-09-25T00:00:00Z,SYNTH
ONCO,2026-08-20 00:00:00,5.09,0,synth_hospital seed 20260927,,2026-09-25T00:00:00Z,SYNTH
ONCO,2026-08-20 06:00:00,4.52,0,synth_hospital seed 20260927,,2026-09-25T00:00:00Z,SYNTH
ONCO,2026-08-20 12:00:00,5.0,0,synth_hospital seed 20260927,,2026-09-25T00:00:00Z,SYNTH
ONCO,2026-08-20 18:00:00,5.62,0,synth_hospital seed 20260927,,2026-09-25T00:00:00Z,SYNTH
ONCO,2026-08-21 00:00:00,6.24,0,synth_hospital seed 20260927,,2026-09-25T00:00:00Z,SYNTH
ONCO,2026-08-21 06:00:00,4.72,0,synth_hospital seed 20260927,,2026-09-25T00:00:00Z,SYNTH
ONCO,2026-08-21 12:00:00,4.63,0,synth_hospital seed 20260927,,2026-09-25T00:00:00Z,SYNTH
ONCO,2026-08-21 18:00:00,3.95,0,synth_hospital seed 20260927,,2026-09-25T00:00:00Z,SYNTH
ONCO,2026-08-22 00:00:00,4.54,0,synth_hospital seed 20260927,,2026-09-25T00:00:00Z,SYNTH
ONCO,2026-08-22 06:00:00,4.61,0,synth_hospital seed 20260927,,2026-09-25T00:00:00Z,SYNTH
ONCO,2026-08-22 12:00:00,5.17,0,synth_hospital seed 20260927,,2026-09-25T00:00:00Z,SYNTH
ONCO,2026-08-22 18:00:00,4.18,0,synth_hospital seed 20260927,,2026-09-25T00:00:00Z,SYNTH
ONCO,2026-08-23 00:00:00,4.89,0,synth_hospital seed 20260927,,2026-09-25T00:00:00Z,SYNTH
ONCO,2026-08-23 06:00:00,6.03,0,synth_hospital seed 20260927,,2026-09-25T00:00:00Z,SYNTH
ONCO,2026-08-23 12:00:00,4.87,0,synth_hospital seed 20260927,,2026-09-25T00:00:00Z,SYNTH
ONCO,2026-08-23 18:00:00,4.6,0,synth_hospital seed 20260927,,2026-09-25T00:00:00Z,SYNTH
ONCO,2026-08-24 00:00:00,5.26,0,synth_hospital seed 20260927,,2026-09-25T00:00:00Z,SYNTH
ONCO,2026-08-24 06:00:00,5.88,0,synth_hospital seed 20260927,,2026-09-25T00:00:00Z,SYNTH
ONCO,2026-08-24 12:00:00,4.76,0,synth_hospital seed 20260927,,2026-09-25T00:00:00Z,SYNTH
ONCO,2026-08-24 18:00:00,5.79,0,synth_hospital seed 20260927,,2026-09-25T00:00:00Z,SYNTH
ONCO,2026-08-25 00:00:00,5.7,0,synth_hospital seed 20260927,,2026-09-25T00:00:00Z,SYNTH
ONCO,2026-08-25 06:00:00,4.65,0,synth_hospital seed 20260927,,2026-09-25T00:00:00Z,SYNTH
ONCO,2026-08-25 12:00:00,6.06,0,synth_hospital seed 20260927,,2026-09-25T00:00:00Z,SYNTH
ONCO,2026-08-25 18:00:00,6.39,0,synth_hospital seed 20260927,,2026-09-25T00:00:00Z,SYNTH
ONCO,2026-08-26 00:00:00,4.94,0,synth_hospital seed 20260927,,2026-09-25T00:00:00Z,SYNTH
ONCO,2026-08-26 06:00:00,5.06,0,synth_hospital seed 20260927,,2026-09-25T00:00:00Z,SYNTH
ONCO,2026-08-26 12:00:00,4.52,0,synth_hospital seed 20260927,,2026-09-25T00:00:00Z,SYNTH
ONCO,2026-08-26 18:00:00,5.06,0,synth_hospital seed 20260927,,2026-09-25T00:00:00Z,SYNTH
ONCO,2026-08-27 00:00:00,5.74,0,synth_hospital seed 20260927,,2026-09-25T00:00:00Z,SYNTH
ONCO,2026-08-27 06:00:00,4.52,0,synth_hospital seed 20260927,,2026-09-25T00:00:00Z,SYNTH
ONCO,2026-08-27 12:00:00,5.1,0,synth_hospital seed 20260927,,2026-09-25T00:00:00Z,SYNTH
ONCO,2026-08-27 18:00:00,5.01,0,synth_hospital seed 20260927,,2026-09-25T00:00:00Z,SYNTH
ONCO,2026-08-28 00:00:00,3.81,0,synth_hospital seed 20260927,,2026-09-25T00:00:00Z,SYNTH
ONCO,2026-08-28 06:00:00,5.79,0,synth_hospital seed 20260927,,2026-09-25T00:00:00Z,SYNTH
ONCO,2026-08-28 12:00:00,5.17,0,synth_hospital seed 20260927,,2026-09-25T00:00:00Z,SYNTH
ONCO,2026-08-28 18:00:00,5.63,0,synth_hospital seed 20260927,,2026-09-25T00:00:00Z,SYNTH
ONCO,2026-08-29 00:00:00,6.45,0,synth_hospital seed 20260927,,2026-09-25T00:00:00Z,SYNTH
ONCO,2026-08-29 06:00:00,4.55,0,synth_hospital seed 20260927,,2026-09-25T00:00:00Z,SYNTH
ONCO,2026-08-29 12:00:00,4.38,0,synth_hospital seed 20260927,,2026-09-25T00:00:00Z,SYNTH
ONCO,2026-08-29 18:00:00,5.62,0,synth_hospital seed 20260927,,2026-09-25T00:00:00Z,SYNTH
ONCO,2026-08-30 00:00:00,4.45,0,synth_hospital seed 20260927,,2026-09-25T00:00:00Z,SYNTH
ONCO,2026-08-30 06:00:00,5.31,0,synth_hospital seed 20260927,,2026-09-25T00:00:00Z,SYNTH
ONCO,2026-08-30 12:00:00,5.22,0,synth_hospital seed 20260927,,2026-09-25T00:00:00Z,SYNTH
ONCO,2026-08-30 18:00:00,4.56,0,synth_hospital seed 20260927,,2026-09-25T00:00:00Z,SYNTH
ONCO,2026-08-31 00:00:00,5.48,0,synth_hospital seed 20260927,,2026-09-25T00:00:00Z,SYNTH
ONCO,2026-08-31 06:00:00,5.87,0,synth_hospital seed 20260927,,2026-09-25T00:00:00Z,SYNTH
ONCO,2026-08-31 12:00:00,5.29,0,synth_hospital seed 20260927,,2026-09-25T00:00:00Z,SYNTH
ONCO,2026-08-31 18:00:00,4.94,0,synth_hospital seed 20260927,,2026-09-25T00:00:00Z,SYNTH
ONCO,2026-09-01 00:00:00,4.54,0,synth_hospital seed 20260927,,2026-09-25T00:00:00Z,SYNTH
ONCO,2026-09-01 06:00:00,4.29,0,synth_hospital seed 20260927,,2026-09-25T00:00:00Z,SYNTH
ONCO,2026-09-01 12:00:00,4.32,0,synth_hospital seed 20260927,,2026-09-25T00:00:00Z,SYNTH
ONCO,2026-09-01 18:00:00,5.42,0,synth_hospital seed 20260927,,2026-09-25T00:00:00Z,SYNTH
ONCO,2026-09-02 00:00:00,5.4,0,synth_hospital seed 20260927,,2026-09-25T00:00:00Z,SYNTH
ONCO,2026-09-02 06:00:00,6.35,0,synth_hospital seed 20260927,,2026-09-25T00:00:00Z,SYNTH
ONCO,2026-09-02 12:00:00,5.32,0,synth_hospital seed 20260927,,2026-09-25T00:00:00Z,SYNTH
ONCO,2026-09-02 18:00:00,3.8,0,synth_hospital seed 20260927,,2026-09-25T00:00:00Z,SYNTH
ONCO,2026-09-03 00:00:00,5.41,0,synth_hospital seed 20260927,,2026-09-25T00:00:00Z,SYNTH
ONCO,2026-09-03 06:00:00,5.11,0,synth_hospital seed 20260927,,2026-09-25T00:00:00Z,SYNTH
ONCO,2026-09-03 12:00:00,5.12,0,synth_hospital seed 20260927,,2026-09-25T00:00:00Z,SYNTH
ONCO,2026-09-03 18:00:00,4.95,0,synth_hospital seed 20260927,,2026-09-25T00:00:00Z,SYNTH
ONCO,2026-09-04 00:00:00,6.16,0,synth_hospital seed 20260927,,2026-09-25T00:00:00Z,SYNTH
ONCO,2026-09-04 06:00:00,4.94,0,synth_hospital seed 20260927,,2026-09-25T00:00:00Z,SYNTH
ONCO,2026-09-04 12:00:00,4.31,0,synth_hospital seed 20260927,,2026-09-25T00:00:00Z,SYNTH
ONCO,2026-09-04 18:00:00,5.42,0,synth_hospital seed 20260927,,2026-09-25T00:00:00Z,SYNTH
ONCO,2026-09-05 00:00:00,6.2,0,synth_hospital seed 20260927,,2026-09-25T00:00:00Z,SYNTH
ONCO,2026-09-05 06:00:00,4.6,0,synth_hospital seed 20260927,,2026-09-25T00:00:00Z,SYNTH
ONCO,2026-09-05 12:00:00,4.58,0,synth_hospital seed 20260927,,2026-09-25T00:00:00Z,SYNTH
ONCO,2026-09-05 18:00:00,4.8,0,synth_hospital seed 20260927,,2026-09-25T00:00:00Z,SYNTH
ONCO,2026-09-06 00:00:00,4.78,0,synth_hospital seed 20260927,,2026-09-25T00:00:00Z,SYNTH
ONCO,2026-09-06 06:00:00,5.15,0,synth_hospital seed 20260927,,2026-09-25T00:00:00Z,SYNTH
ONCO,2026-09-06 12:00:00,4.92,0,synth_hospital seed 20260927,,2026-09-25T00:00:00Z,SYNTH
ONCO,2026-09-06 18:00:00,4.62,0,synth_hospital seed 20260927,,2026-09-25T00:00:00Z,SYNTH
ONCO,2026-09-07 00:00:00,3.96,0,synth_hospital seed 20260927,,2026-09-25T00:00:00Z,SYNTH
ONCO,2026-09-07 06:00:00,4.69,0,synth_hospital seed 20260927,,2026-09-25T00:00:00Z,SYNTH
ONCO,2026-09-07 12:00:00,4.66,0,synth_hospital seed 20260927,,2026-09-25T00:00:00Z,SYNTH
ONCO,2026-09-07 18:00:00,5.2,0,synth_hospital seed 20260927,,2026-09-25T00:00:00Z,SYNTH
ONCO,2026-09-08 00:00:00,5.38,0,synth_hospital seed 20260927,,2026-09-25T00:00:00Z,SYNTH
ONCO,2026-09-08 06:00:00,4.97,0,synth_hospital seed 20260927,,2026-09-25T00:00:00Z,SYNTH
ONCO,2026-09-08 12:00:00,4.98,0,synth_hospital seed 20260927,,2026-09-25T00:00:00Z,SYNTH
ONCO,2026-09-08 18:00:00,5.22,0,synth_hospital seed 20260927,,2026-09-25T00:00:00Z,SYNTH
ONCO,2026-09-09 00:00:00,5.16,0,synth_hospital seed 20260927,,2026-09-25T00:00:00Z,SYNTH
ONCO,2026-09-09 06:00:00,4.42,0,synth_hospital seed 20260927,,2026-09-25T00:00:00Z,SYNTH
ONCO,2026-09-09 12:00:00,5.53,0,synth_hospital seed 20260927,,2026-09-25T00:00:00Z,SYNTH
ONCO,2026-09-09 18:00:00,5.25,0,synth_hospital seed 20260927,,2026-09-25T00:00:00Z,SYNTH
ONCO,2026-09-10 00:00:00,4.95,0,synth_hospital seed 20260927,,2026-09-25T00:00:00Z,SYNTH
ONCO,2026-09-10 06:00:00,5.11,0,synth_hospital seed 20260927,,2026-09-25T00:00:00Z,SYNTH
ONCO,2026-09-10 12:00:00,5.91,0,synth_hospital seed 20260927,,2026-09-25T00:00:00Z,SYNTH
ONCO,2026-09-10 18:00:00,4.26,0,synth_hospital seed 20260927,,2026-09-25T00:00:00Z,SYNTH
ONCO,2026-09-11 00:00:00,4.83,0,synth_hospital seed 20260927,,2026-09-25T00:00:00Z,SYNTH
ONCO,2026-09-11 06:00:00,4.94,0,synth_hospital seed 20260927,,2026-09-25T00:00:00Z,SYNTH
ONCO,2026-09-11 12:00:00,4.91,0,synth_hospital seed 20260927,,2026-09-25T00:00:00Z,SYNTH
ONCO,2026-09-11 18:00:00,4.25,0,synth_hospital seed 20260927,,2026-09-25T00:00:00Z,SYNTH
ONCO,2026-09-12 00:00:00,5.85,0,synth_hospital seed 20260927,,2026-09-25T00:00:00Z,SYNTH
ONCO,2026-09-12 06:00:00,5.17,0,synth_hospital seed 20260927,,2026-09-25T00:00:00Z,SYNTH
ONCO,2026-09-12 12:00:00,5.02,0,synth_hospital seed 20260927,,2026-09-25T00:00:00Z,SYNTH
ONCO,2026-09-12 18:00:00,3.54,0,synth_hospital seed 20260927,,2026-09-25T00:00:00Z,SYNTH
ONCO,2026-09-13 00:00:00,3.99,0,synth_hospital seed 20260927,,2026-09-25T00:00:00Z,SYNTH
ONCO,2026-09-13 06:00:00,6.35,0,synth_hospital seed 20260927,,2026-09-25T00:00:00Z,SYNTH
ONCO,2026-09-13 12:00:00,5.8,0,synth_hospital seed 20260927,,2026-09-25T00:00:00Z,SYNTH
ONCO,2026-09-13 18:00:00,4.95,0,synth_hospital seed 20260927,,2026-09-25T00:00:00Z,SYNTH
ONCO,2026-09-14 00:00:00,5.49,0,synth_hospital seed 20260927,,2026-09-25T00:00:00Z,SYNTH
ONCO,2026-09-14 06:00:00,4.19,0,synth_hospital seed 20260927,,2026-09-25T00:00:00Z,SYNTH
ONCO,2026-09-14 12:00:00,4.16,0,synth_hospital seed 20260927,,2026-09-25T00:00:00Z,SYNTH
ONCO,2026-09-14 18:00:00,4.53,0,synth_hospital seed 20260927,,2026-09-25T00:00:00Z,SYNTH
ONCO,2026-09-15 00:00:00,5.54,0,synth_hospital seed 20260927,,2026-09-25T00:00:00Z,SYNTH
ONCO,2026-09-15 06:00:00,6.27,0,synth_hospital seed 20260927,,2026-09-25T00:00:00Z,SYNTH
ONCO,2026-09-15 12:00:00,5.69,0,synth_hospital seed 20260927,,2026-09-25T00:00:00Z,SYNTH
ONCO,2026-09-15 18:00:00,5.07,0,synth_hospital seed 20260927,,2026-09-25T00:00:00Z,SYNTH
ONCO,2026-09-16 00:00:00,3.42,0,synth_hospital seed 20260927,,2026-09-25T00:00:00Z,SYNTH
ONCO,2026-09-16 06:00:00,4.9,0,synth_hospital seed 20260927,,2026-09-25T00:00:00Z,SYNTH
ONCO,2026-09-16 12:00:00,9.3,1,synth_hospital seed 20260927,,2026-09-25T00:00:00Z,SYNTH
ONCO,2026-09-16 18:00:00,3.61,0,synth_hospital seed 20260927,,2026-09-25T00:00:00Z,SYNTH
ONCO,2026-09-17 00:00:00,4.65,0,synth_hospital seed 20260927,,2026-09-25T00:00:00Z,SYNTH
ONCO,2026-09-17 06:00:00,5.42,0,synth_hospital seed 20260927,,2026-09-25T00:00:00Z,SYNTH
ONCO,2026-09-17 12:00:00,5.27,0,synth_hospital seed 20260927,,2026-09-25T00:00:00Z,SYNTH
ONCO,2026-09-17 18:00:00,5.12,0,synth_hospital seed 20260927,,2026-09-25T00:00:00Z,SYNTH
ONCO,2026-09-18 00:00:00,4.61,0,synth_hospital seed 20260927,,2026-09-25T00:00:00Z,SYNTH
ONCO,2026-09-18 06:00:00,4.95,0,synth_hospital seed 20260927,,2026-09-25T00:00:00Z,SYNTH
ONCO,2026-09-18 12:00:00,5.01,0,synth_hospital seed 20260927,,2026-09-25T00:00:00Z,SYNTH
ONCO,2026-09-18 18:00:00,4.37,0,synth_hospital seed 20260927,,2026-09-25T00:00:00Z,SYNTH
ONCO,2026-09-19 00:00:00,4.47,0,synth_hospital seed 20260927,,2026-09-25T00:00:00Z,SYNTH
ONCO,2026-09-19 06:00:00,4.58,0,synth_hospital seed 20260927,,2026-09-25T00:00:00Z,SYNTH
ONCO,2026-09-19 12:00:00,5.14,0,synth_hospital seed 20260927,,2026-09-25T00:00:00Z,SYNTH
ONCO,2026-09-19 18:00:00,5.02,0,synth_hospital seed 20260927,,2026-09-25T00:00:00Z,SYNTH
ONCO,2026-09-20 00:00:00,5.27,0,synth_hospital seed 20260927,,2026-09-25T00:00:00Z,SYNTH
ONCO,2026-09-20 06:00:00,4.35,0,synth_hospital seed 20260927,,2026-09-25T00:00:00Z,SYNTH
ONCO,2026-09-20 12:00:00,4.82,0,synth_hospital seed 20260927,,2026-09-25T00:00:00Z,SYNTH
ONCO,2026-09-20 18:00:00,4.26,0,synth_hospital seed 20260927,,2026-09-25T00:00:00Z,SYNTH
ONCO,2026-09-21 00:00:00,4.67,0,synth_hospital seed 20260927,,2026-09-25T00:00:00Z,SYNTH
ONCO,2026-09-21 06:00:00,5.14,0,synth_hospital seed 20260927,,2026-09-25T00:00:00Z,SYNTH
ONCO,2026-09-21 12:00:00,5.02,0,synth_hospital seed 20260927,,2026-09-25T00:00:00Z,SYNTH
ONCO,2026-09-21 18:00:00,6.67,0,synth_hospital seed 20260927,,2026-09-25T00:00:00Z,SYNTH
ONCO,2026-09-22 00:00:00,5.63,0,synth_hospital seed 20260927,,2026-09-25T00:00:00Z,SYNTH
ONCO,2026-09-22 06:00:00,4.78,0,synth_hospital seed 20260927,,2026-09-25T00:00:00Z,SYNTH
ONCO,2026-09-22 12:00:00,4.37,0,synth_hospital seed 20260927,,2026-09-25T00:00:00Z,SYNTH
ONCO,2026-09-22 18:00:00,5.23,0,synth_hospital seed 20260927,,2026-09-25T00:00:00Z,SYNTH
ONCO,2026-09-23 00:00:00,5.73,0,synth_hospital seed 20260927,,2026-09-25T00:00:00Z,SYNTH
ONCO,2026-09-23 06:00:00,4.79,0,synth_hospital seed 20260927,,2026-09-25T00:00:00Z,SYNTH
ONCO,2026-09-23 12:00:00,5.93,0,synth_hospital seed 20260927,,2026-09-25T00:00:00Z,SYNTH
ONCO,2026-09-23 18:00:00,5.13,0,synth_hospital seed 20260927,,2026-09-25T00:00:00Z,SYNTH
ONCO,2026-09-24 00:00:00,4.6,0,synth_hospital seed 20260927,,2026-09-25T00:00:00Z,SYNTH
ONCO,2026-09-24 06:00:00,5.06,0,synth_hospital seed 20260927,,2026-09-25T00:00:00Z,SYNTH
ONCO,2026-09-24 12:00:00,3.92,0,synth_hospital seed 20260927,,2026-09-25T00:00:00Z,SYNTH
ONCO,2026-09-24 18:00:00,4.23,0,synth_hospital seed 20260927,,2026-09-25T00:00:00Z,SYNTH
