API_ID,MONTH,COUNTRY,SHARE,SOURCE,SOURCE_URL,FETCHED_AT,IS_PROXY
API-ADRENALINE,2023-10-01,CN,0.879511,FlowForge synthetic (TradeStat not downloaded; see ingest/tradestat.py),,2026-09-27T00:00:00Z,SYNTH
API-ADRENALINE,2023-10-01,US,0.103804,FlowForge synthetic (TradeStat not downloaded; see ingest/tradestat.py),,2026-09-27T00:00:00Z,SYNTH
API-ADRENALINE,2023-10-01,DE,0.0,FlowForge synthetic (TradeStat not downloaded; see ingest/tradestat.py),,2026-09-27T00:00:00Z,SYNTH
API-ADRENALINE,2023-10-01,IT,0.016685,FlowForge synthetic (TradeStat not downloaded; see ingest/tradestat.py),,2026-09-27T00:00:00Z,SYNTH
API-ADRENALINE,2023-11-01,CN,0.876016,FlowForge synthetic (TradeStat not downloaded; see ingest/tradestat.py),,2026-09-27T00:00:00Z,SYNTH
API-ADRENALINE,2023-11-01,US,0.050989,FlowForge synthetic (TradeStat not downloaded; see ingest/tradestat.py),,2026-09-27T00:00:00Z,SYNTH
API-ADRENALINE,2023-11-01,DE,0.068522,FlowForge synthetic (TradeStat not downloaded; see ingest/tradestat.py),,2026-09-27T00:00:00Z,SYNTH
API-ADRENALINE,2023-11-01,IT,0.004474,FlowForge synthetic (TradeStat not downloaded; see ingest/tradestat.py),,2026-09-27T00:00:00Z,SYNTH
API-ADRENALINE,2023-12-01,CN,0.883548,FlowForge synthetic (TradeStat not downloaded; see ingest/tradestat.py),,2026-09-27T00:00:00Z,SYNTH
API-ADRENALINE,2023-12-01,US,0.116452,FlowForge synthetic (TradeStat not downloaded; see ingest/tradestat.py),,2026-09-27T00:00:00Z,SYNTH
API-ADRENALINE,2023-12-01,DE,0.0,FlowForge synthetic (TradeStat not downloaded; see ingest/tradestat.py),,2026-09-27T00:00:00Z,SYNTH
API-ADRENALINE,2023-12-01,IT,0.0,FlowForge synthetic (TradeStat not downloaded; see ingest/tradestat.py),,2026-09-27T00:00:00Z,SYNTH
API-ADRENALINE,2024-01-01,CN,0.838608,FlowForge synthetic (TradeStat not downloaded; see ingest/tradestat.py),,2026-09-27T00:00:00Z,SYNTH
API-ADRENALINE,2024-01-01,US,0.106201,FlowForge synthetic (TradeStat not downloaded; see ingest/tradestat.py),,2026-09-27T00:00:00Z,SYNTH
API-ADRENALINE,2024-01-01,DE,0.035648,FlowForge synthetic (TradeStat not downloaded; see ingest/tradestat.py),,2026-09-27T00:00:00Z,SYNTH
API-ADRENALINE,2024-01-01,IT,0.019543,FlowForge synthetic (TradeStat not downloaded; see ingest/tradestat.py),,2026-09-27T00:00:00Z,SYNTH
API-ADRENALINE,2024-02-01,CN,0.922164,FlowForge synthetic (TradeStat not downloaded; see ingest/tradestat.py),,2026-09-27T00:00:00Z,SYNTH
API-ADRENALINE,2024-02-01,US,0.062175,FlowForge synthetic (TradeStat not downloaded; see ingest/tradestat.py),,2026-09-27T00:00:00Z,SYNTH
API-ADRENALINE,2024-02-01,DE,0.015652,FlowForge synthetic (TradeStat not downloaded; see ingest/tradestat.py),,2026-09-27T00:00:00Z,SYNTH
API-ADRENALINE,2024-02-01,IT,1e-05,FlowForge synthetic (TradeStat not downloaded; see ingest/tradestat.py),,2026-09-27T00:00:00Z,SYNTH
API-ADRENALINE,2024-03-01,CN,0.953419,FlowForge synthetic (TradeStat not downloaded; see ingest/tradestat.py),,2026-09-27T00:00:00Z,SYNTH
API-ADRENALINE,2024-03-01,US,0.019079,FlowForge synthetic (TradeStat not downloaded; see ingest/tradestat.py),,2026-09-27T00:00:00Z,SYNTH
API-ADRENALINE,2024-03-01,DE,0.027502,FlowForge synthetic (TradeStat not downloaded; see ingest/tradestat.py),,2026-09-27T00:00:00Z,SYNTH
API-ADRENALINE,2024-03-01,IT,0.0,FlowForge synthetic (TradeStat not downloaded; see ingest/tradestat.py),,2026-09-27T00:00:00Z,SYNTH
API-ADRENALINE,2024-04-01,CN,0.984574,FlowForge synthetic (TradeStat not downloaded; see ingest/tradestat.py),,2026-09-27T00:00:00Z,SYNTH
API-ADRENALINE,2024-04-01,US,0.011328,FlowForge synthetic (TradeStat not downloaded; see ingest/tradestat.py),,2026-09-27T00:00:00Z,SYNTH
API-ADRENALINE,2024-04-01,DE,0.0,FlowForge synthetic (TradeStat not downloaded; see ingest/tradestat.py),,2026-09-27T00:00:00Z,SYNTH
API-ADRENALINE,2024-04-01,IT,0.004097,FlowForge synthetic (TradeStat not downloaded; see ingest/tradestat.py),,2026-09-27T00:00:00Z,SYNTH
API-ADRENALINE,2024-05-01,CN,0.900994,FlowForge synthetic (TradeStat not downloaded; see ingest/tradestat.py),,2026-09-27T00:00:00Z,SYNTH
API-ADRENALINE,2024-05-01,US,0.061619,FlowForge synthetic (TradeStat not downloaded; see ingest/tradestat.py),,2026-09-27T00:00:00Z,SYNTH
API-ADRENALINE,2024-05-01,DE,0.035024,FlowForge synthetic (TradeStat not downloaded; see ingest/tradestat.py),,2026-09-27T00:00:00Z,SYNTH
API-ADRENALINE,2024-05-01,IT,0.002363,FlowForge synthetic (TradeStat not downloaded; see ingest/tradestat.py),,2026-09-27T00:00:00Z,SYNTH
API-ADRENALINE,2024-06-01,CN,0.939629,FlowForge synthetic (TradeStat not downloaded; see ingest/tradestat.py),,2026-09-27T00:00:00Z,SYNTH
API-ADRENALINE,2024-06-01,US,0.037003,FlowForge synthetic (TradeStat not downloaded; see ingest/tradestat.py),,2026-09-27T00:00:00Z,SYNTH
API-ADRENALINE,2024-06-01,DE,0.002845,FlowForge synthetic (TradeStat not downloaded; see ingest/tradestat.py),,2026-09-27T00:00:00Z,SYNTH
API-ADRENALINE,2024-06-01,IT,0.020523,FlowForge synthetic (TradeStat not downloaded; see ingest/tradestat.py),,2026-09-27T00:00:00Z,SYNTH
API-ADRENALINE,2024-07-01,CN,0.949865,FlowForge synthetic (TradeStat not downloaded; see ingest/tradestat.py),,2026-09-27T00:00:00Z,SYNTH
API-ADRENALINE,2024-07-01,US,0.006622,FlowForge synthetic (TradeStat not downloaded; see ingest/tradestat.py),,2026-09-27T00:00:00Z,SYNTH
API-ADRENALINE,2024-07-01,DE,0.035222,FlowForge synthetic (TradeStat not downloaded; see ingest/tradestat.py),,2026-09-27T00:00:00Z,SYNTH
API-ADRENALINE,2024-07-01,IT,0.008291,FlowForge synthetic (TradeStat not downloaded; see ingest/tradestat.py),,2026-09-27T00:00:00Z,SYNTH
API-ADRENALINE,2024-08-01,CN,0.912884,FlowForge synthetic (TradeStat not downloaded; see ingest/tradestat.py),,2026-09-27T00:00:00Z,SYNTH
API-ADRENALINE,2024-08-01,US,0.053855,FlowForge synthetic (TradeStat not downloaded; see ingest/tradestat.py),,2026-09-27T00:00:00Z,SYNTH
API-ADRENALINE,2024-08-01,DE,0.030176,FlowForge synthetic (TradeStat not downloaded; see ingest/tradestat.py),,2026-09-27T00:00:00Z,SYNTH
API-ADRENALINE,2024-08-01,IT,0.003085,FlowForge synthetic (TradeStat not downloaded; see ingest/tradestat.py),,2026-09-27T00:00:00Z,SYNTH
API-ADRENALINE,2024-09-01,CN,0.833059,FlowForge synthetic (TradeStat not downloaded; see ingest/tradestat.py),,2026-09-27T00:00:00Z,SYNTH
API-ADRENALINE,2024-09-01,US,0.094583,FlowForge synthetic (TradeStat not downloaded; see ingest/tradestat.py),,2026-09-27T00:00:00Z,SYNTH
API-ADRENALINE,2024-09-01,DE,0.055158,FlowForge synthetic (TradeStat not downloaded; see ingest/tradestat.py),,2026-09-27T00:00:00Z,SYNTH
API-ADRENALINE,2024-09-01,IT,0.017201,FlowForge synthetic (TradeStat not downloaded; see ingest/tradestat.py),,2026-09-27T00:00:00Z,SYNTH
API-ADRENALINE,2024-10-01,CN,0.945956,FlowForge synthetic (TradeStat not downloaded; see ingest/tradestat.py),,2026-09-27T00:00:00Z,SYNTH
API-ADRENALINE,2024-10-01,US,0.0,FlowForge synthetic (TradeStat not downloaded; see ingest/tradestat.py),,2026-09-27T00:00:00Z,SYNTH
API-ADRENALINE,2024-10-01,DE,0.007453,FlowForge synthetic (TradeStat not downloaded; see ingest/tradestat.py),,2026-09-27T00:00:00Z,SYNTH
API-ADRENALINE,2024-10-01,IT,0.046591,FlowForge synthetic (TradeStat not downloaded; see ingest/tradestat.py),,2026-09-27T00:00:00Z,SYNTH
API-ADRENALINE,2024-11-01,CN,0.813643,FlowForge synthetic (TradeStat not downloaded; see ingest/tradestat.py),,2026-09-27T00:00:00Z,SYNTH
API-ADRENALINE,2024-11-01,US,0.128402,FlowForge synthetic (TradeStat not downloaded; see ingest/tradestat.py),,2026-09-27T00:00:00Z,SYNTH
API-ADRENALINE,2024-11-01,DE,0.041175,FlowForge synthetic (TradeStat not downloaded; see ingest/tradestat.py),,2026-09-27T00:00:00Z,SYNTH
API-ADRENALINE,2024-11-01,IT,0.01678,FlowForge synthetic (TradeStat not downloaded; see ingest/tradestat.py),,2026-09-27T00:00:00Z,SYNTH
API-ADRENALINE,2024-12-01,CN,0.834094,FlowForge synthetic (TradeStat not downloaded; see ingest/tradestat.py),,2026-09-27T00:00:00Z,SYNTH
API-ADRENALINE,2024-12-01,US,0.037215,FlowForge synthetic (TradeStat not downloaded; see ingest/tradestat.py),,2026-09-27T00:00:00Z,SYNTH
API-ADRENALINE,2024-12-01,DE,0.06315,FlowForge synthetic (TradeStat not downloaded; see ingest/tradestat.py),,2026-09-27T00:00:00Z,SYNTH
API-ADRENALINE,2024-12-01,IT,0.065541,FlowForge synthetic (TradeStat not downloaded; see ingest/tradestat.py),,2026-09-27T00:00:00Z,SYNTH
API-ADRENALINE,2025-01-01,CN,0.868699,FlowForge synthetic (TradeStat not downloaded; see ingest/tradestat.py),,2026-09-27T00:00:00Z,SYNTH
API-ADRENALINE,2025-01-01,US,0.051003,FlowForge synthetic (TradeStat not downloaded; see ingest/tradestat.py),,2026-09-27T00:00:00Z,SYNTH
API-ADRENALINE,2025-01-01,DE,0.044142,FlowForge synthetic (TradeStat not downloaded; see ingest/tradestat.py),,2026-09-27T00:00:00Z,SYNTH
API-ADRENALINE,2025-01-01,IT,0.036155,FlowForge synthetic (TradeStat not downloaded; see ingest/tradestat.py),,2026-09-27T00:00:00Z,SYNTH
API-ADRENALINE,2025-02-01,CN,0.889763,FlowForge synthetic (TradeStat not downloaded; see ingest/tradestat.py),,2026-09-27T00:00:00Z,SYNTH
API-ADRENALINE,2025-02-01,US,0.035592,FlowForge synthetic (TradeStat not downloaded; see ingest/tradestat.py),,2026-09-27T00:00:00Z,SYNTH
API-ADRENALINE,2025-02-01,DE,0.074645,FlowForge synthetic (TradeStat not downloaded; see ingest/tradestat.py),,2026-09-27T00:00:00Z,SYNTH
API-ADRENALINE,2025-02-01,IT,0.0,FlowForge synthetic (TradeStat not downloaded; see ingest/tradestat.py),,2026-09-27T00:00:00Z,SYNTH
API-ADRENALINE,2025-03-01,CN,0.952136,FlowForge synthetic (TradeStat not downloaded; see ingest/tradestat.py),,2026-09-27T00:00:00Z,SYNTH
API-ADRENALINE,2025-03-01,US,0.041619,FlowForge synthetic (TradeStat not downloaded; see ingest/tradestat.py),,2026-09-27T00:00:00Z,SYNTH
API-ADRENALINE,2025-03-01,DE,0.006246,FlowForge synthetic (TradeStat not downloaded; see ingest/tradestat.py),,2026-09-27T00:00:00Z,SYNTH
API-ADRENALINE,2025-03-01,IT,0.0,FlowForge synthetic (TradeStat not downloaded; see ingest/tradestat.py),,2026-09-27T00:00:00Z,SYNTH
API-ADRENALINE,2025-04-01,CN,0.894477,FlowForge synthetic (TradeStat not downloaded; see ingest/tradestat.py),,2026-09-27T00:00:00Z,SYNTH
API-ADRENALINE,2025-04-01,US,0.062123,FlowForge synthetic (TradeStat not downloaded; see ingest/tradestat.py),,2026-09-27T00:00:00Z,SYNTH
API-ADRENALINE,2025-04-01,DE,0.023968,FlowForge synthetic (TradeStat not downloaded; see ingest/tradestat.py),,2026-09-27T00:00:00Z,SYNTH
API-ADRENALINE,2025-04-01,IT,0.019432,FlowForge synthetic (TradeStat not downloaded; see ingest/tradestat.py),,2026-09-27T00:00:00Z,SYNTH
API-ADRENALINE,2025-05-01,CN,0.875533,FlowForge synthetic (TradeStat not downloaded; see ingest/tradestat.py),,2026-09-27T00:00:00Z,SYNTH
API-ADRENALINE,2025-05-01,US,0.079256,FlowForge synthetic (TradeStat not downloaded; see ingest/tradestat.py),,2026-09-27T00:00:00Z,SYNTH
API-ADRENALINE,2025-05-01,DE,0.045211,FlowForge synthetic (TradeStat not downloaded; see ingest/tradestat.py),,2026-09-27T00:00:00Z,SYNTH
API-ADRENALINE,2025-05-01,IT,0.0,FlowForge synthetic (TradeStat not downloaded; see ingest/tradestat.py),,2026-09-27T00:00:00Z,SYNTH
API-ADRENALINE,2025-06-01,CN,0.880892,FlowForge synthetic (TradeStat not downloaded; see ingest/tradestat.py),,2026-09-27T00:00:00Z,SYNTH
API-ADRENALINE,2025-06-01,US,0.063625,FlowForge synthetic (TradeStat not downloaded; see ingest/tradestat.py),,2026-09-27T00:00:00Z,SYNTH
API-ADRENALINE,2025-06-01,DE,0.007496,FlowForge synthetic (TradeStat not downloaded; see ingest/tradestat.py),,2026-09-27T00:00:00Z,SYNTH
API-ADRENALINE,2025-06-01,IT,0.047987,FlowForge synthetic (TradeStat not downloaded; see ingest/tradestat.py),,2026-09-27T00:00:00Z,SYNTH
API-ADRENALINE,2025-07-01,CN,0.883083,FlowForge synthetic (TradeStat not downloaded; see ingest/tradestat.py),,2026-09-27T00:00:00Z,SYNTH
API-ADRENALINE,2025-07-01,US,0.079581,FlowForge synthetic (TradeStat not downloaded; see ingest/tradestat.py),,2026-09-27T00:00:00Z,SYNTH
API-ADRENALINE,2025-07-01,DE,0.016888,FlowForge synthetic (TradeStat not downloaded; see ingest/tradestat.py),,2026-09-27T00:00:00Z,SYNTH
API-ADRENALINE,2025-07-01,IT,0.020448,FlowForge synthetic (TradeStat not downloaded; see ingest/tradestat.py),,2026-09-27T00:00:00Z,SYNTH
API-ADRENALINE,2025-08-01,CN,0.908051,FlowForge synthetic (TradeStat not downloaded; see ingest/tradestat.py),,2026-09-27T00:00:00Z,SYNTH
API-ADRENALINE,2025-08-01,US,0.0,FlowForge synthetic (TradeStat not downloaded; see ingest/tradestat.py),,2026-09-27T00:00:00Z,SYNTH
API-ADRENALINE,2025-08-01,DE,0.064192,FlowForge synthetic (TradeStat not downloaded; see ingest/tradestat.py),,2026-09-27T00:00:00Z,SYNTH
API-ADRENALINE,2025-08-01,IT,0.027757,FlowForge synthetic (TradeStat not downloaded; see ingest/tradestat.py),,2026-09-27T00:00:00Z,SYNTH
API-ADRENALINE,2025-09-01,CN,0.872178,FlowForge synthetic (TradeStat not downloaded; see ingest/tradestat.py),,2026-09-27T00:00:00Z,SYNTH
API-ADRENALINE,2025-09-01,US,0.124588,FlowForge synthetic (TradeStat not downloaded; see ingest/tradestat.py),,2026-09-27T00:00:00Z,SYNTH
API-ADRENALINE,2025-09-01,DE,0.003235,FlowForge synthetic (TradeStat not downloaded; see ingest/tradestat.py),,2026-09-27T00:00:00Z,SYNTH
API-ADRENALINE,2025-09-01,IT,0.0,FlowForge synthetic (TradeStat not downloaded; see ingest/tradestat.py),,2026-09-27T00:00:00Z,SYNTH
API-ADRENALINE,2025-10-01,CN,0.906681,FlowForge synthetic (TradeStat not downloaded; see ingest/tradestat.py),,2026-09-27T00:00:00Z,SYNTH
API-ADRENALINE,2025-10-01,US,0.065379,FlowForge synthetic (TradeStat not downloaded; see ingest/tradestat.py),,2026-09-27T00:00:00Z,SYNTH
API-ADRENALINE,2025-10-01,DE,0.018473,FlowForge synthetic (TradeStat not downloaded; see ingest/tradestat.py),,2026-09-27T00:00:00Z,SYNTH
API-ADRENALINE,2025-10-01,IT,0.009466,FlowForge synthetic (TradeStat not downloaded; see ingest/tradestat.py),,2026-09-27T00:00:00Z,SYNTH
API-ADRENALINE,2025-11-01,CN,0.866178,FlowForge synthetic (TradeStat not downloaded; see ingest/tradestat.py),,2026-09-27T00:00:00Z,SYNTH
API-ADRENALINE,2025-11-01,US,0.079224,FlowForge synthetic (TradeStat not downloaded; see ingest/tradestat.py),,2026-09-27T00:00:00Z,SYNTH
API-ADRENALINE,2025-11-01,DE,0.038125,FlowForge synthetic (TradeStat not downloaded; see ingest/tradestat.py),,2026-09-27T00:00:00Z,SYNTH
API-ADRENALINE,2025-11-01,IT,0.016473,FlowForge synthetic (TradeStat not downloaded; see ingest/tradestat.py),,2026-09-27T00:00:00Z,SYNTH
API-ADRENALINE,2025-12-01,CN,0.936143,FlowForge synthetic (TradeStat not downloaded; see ingest/tradestat.py),,2026-09-27T00:00:00Z,SYNTH
API-ADRENALINE,2025-12-01,US,0.063429,FlowForge synthetic (TradeStat not downloaded; see ingest/tradestat.py),,2026-09-27T00:00:00Z,SYNTH
API-ADRENALINE,2025-12-01,DE,0.000427,FlowForge synthetic (TradeStat not downloaded; see ingest/tradestat.py),,2026-09-27T00:00:00Z,SYNTH
API-ADRENALINE,2025-12-01,IT,0.0,FlowForge synthetic (TradeStat not downloaded; see ingest/tradestat.py),,2026-09-27T00:00:00Z,SYNTH
API-ADRENALINE,2026-01-01,CN,0.876856,FlowForge synthetic (TradeStat not downloaded; see ingest/tradestat.py),,2026-09-27T00:00:00Z,SYNTH
API-ADRENALINE,2026-01-01,US,0.078706,FlowForge synthetic (TradeStat not downloaded; see ingest/tradestat.py),,2026-09-27T00:00:00Z,SYNTH
API-ADRENALINE,2026-01-01,DE,0.044439,FlowForge synthetic (TradeStat not downloaded; see ingest/tradestat.py),,2026-09-27T00:00:00Z,SYNTH
API-ADRENALINE,2026-01-01,IT,0.0,FlowForge synthetic (TradeStat not downloaded; see ingest/tradestat.py),,2026-09-27T00:00:00Z,SYNTH
API-ADRENALINE,2026-02-01,CN,0.75178,FlowForge synthetic (TradeStat not downloaded; see ingest/tradestat.py),,2026-09-27T00:00:00Z,SYNTH
API-ADRENALINE,2026-02-01,US,0.08345,FlowForge synthetic (TradeStat not downloaded; see ingest/tradestat.py),,2026-09-27T00:00:00Z,SYNTH
API-ADRENALINE,2026-02-01,DE,0.100987,FlowForge synthetic (TradeStat not downloaded; see ingest/tradestat.py),,2026-09-27T00:00:00Z,SYNTH
API-ADRENALINE,2026-02-01,IT,0.063783,FlowForge synthetic (TradeStat not downloaded; see ingest/tradestat.py),,2026-09-27T00:00:00Z,SYNTH
API-ADRENALINE,2026-03-01,CN,0.916317,FlowForge synthetic (TradeStat not downloaded; see ingest/tradestat.py),,2026-09-27T00:00:00Z,SYNTH
API-ADRENALINE,2026-03-01,US,0.036636,FlowForge synthetic (TradeStat not downloaded; see ingest/tradestat.py),,2026-09-27T00:00:00Z,SYNTH
API-ADRENALINE,2026-03-01,DE,0.047046,FlowForge synthetic (TradeStat not downloaded; see ingest/tradestat.py),,2026-09-27T00:00:00Z,SYNTH
API-ADRENALINE,2026-03-01,IT,0.0,FlowForge synthetic (TradeStat not downloaded; see ingest/tradestat.py),,2026-09-27T00:00:00Z,SYNTH
API-ADRENALINE,2026-04-01,CN,0.902038,FlowForge synthetic (TradeStat not downloaded; see ingest/tradestat.py),,2026-09-27T00:00:00Z,SYNTH
API-ADRENALINE,2026-04-01,US,0.050607,FlowForge synthetic (TradeStat not downloaded; see ingest/tradestat.py),,2026-09-27T00:00:00Z,SYNTH
API-ADRENALINE,2026-04-01,DE,0.026136,FlowForge synthetic (TradeStat not downloaded; see ingest/tradestat.py),,2026-09-27T00:00:00Z,SYNTH
API-ADRENALINE,2026-04-01,IT,0.021219,FlowForge synthetic (TradeStat not downloaded; see ingest/tradestat.py),,2026-09-27T00:00:00Z,SYNTH
API-ADRENALINE,2026-05-01,CN,0.94804,FlowForge synthetic (TradeStat not downloaded; see ingest/tradestat.py),,2026-09-27T00:00:00Z,SYNTH
API-ADRENALINE,2026-05-01,US,0.030141,FlowForge synthetic (TradeStat not downloaded; see ingest/tradestat.py),,2026-09-27T00:00:00Z,SYNTH
API-ADRENALINE,2026-05-01,DE,0.012571,FlowForge synthetic (TradeStat not downloaded; see ingest/tradestat.py),,2026-09-27T00:00:00Z,SYNTH
API-ADRENALINE,2026-05-01,IT,0.009248,FlowForge synthetic (TradeStat not downloaded; see ingest/tradestat.py),,2026-09-27T00:00:00Z,SYNTH
API-ADRENALINE,2026-06-01,CN,0.902518,FlowForge synthetic (TradeStat not downloaded; see ingest/tradestat.py),,2026-09-27T00:00:00Z,SYNTH
API-ADRENALINE,2026-06-01,US,0.083985,FlowForge synthetic (TradeStat not downloaded; see ingest/tradestat.py),,2026-09-27T00:00:00Z,SYNTH
API-ADRENALINE,2026-06-01,DE,0.0,FlowForge synthetic (TradeStat not downloaded; see ingest/tradestat.py),,2026-09-27T00:00:00Z,SYNTH
API-ADRENALINE,2026-06-01,IT,0.013497,FlowForge synthetic (TradeStat not downloaded; see ingest/tradestat.py),,2026-09-27T00:00:00Z,SYNTH
API-ADRENALINE,2026-07-01,CN,0.919335,FlowForge synthetic (TradeStat not downloaded; see ingest/tradestat.py),,2026-09-27T00:00:00Z,SYNTH
API-ADRENALINE,2026-07-01,US,0.014148,FlowForge synthetic (TradeStat not downloaded; see ingest/tradestat.py),,2026-09-27T00:00:00Z,SYNTH
API-ADRENALINE,2026-07-01,DE,0.053058,FlowForge synthetic (TradeStat not downloaded; see ingest/tradestat.py),,2026-09-27T00:00:00Z,SYNTH
API-ADRENALINE,2026-07-01,IT,0.013459,FlowForge synthetic (TradeStat not downloaded; see ingest/tradestat.py),,2026-09-27T00:00:00Z,SYNTH
API-ADRENALINE,2026-08-01,CN,0.852041,FlowForge synthetic (TradeStat not downloaded; see ingest/tradestat.py),,2026-09-27T00:00:00Z,SYNTH
API-ADRENALINE,2026-08-01,US,0.076274,FlowForge synthetic (TradeStat not downloaded; see ingest/tradestat.py),,2026-09-27T00:00:00Z,SYNTH
API-ADRENALINE,2026-08-01,DE,0.033794,FlowForge synthetic (TradeStat not downloaded; see ingest/tradestat.py),,2026-09-27T00:00:00Z,SYNTH
API-ADRENALINE,2026-08-01,IT,0.037891,FlowForge synthetic (TradeStat not downloaded; see ingest/tradestat.py),,2026-09-27T00:00:00Z,SYNTH
API-ADRENALINE,2026-09-01,CN,0.974347,FlowForge synthetic (TradeStat not downloaded; see ingest/tradestat.py),,2026-09-27T00:00:00Z,SYNTH
API-ADRENALINE,2026-09-01,US,0.011271,FlowForge synthetic (TradeStat not downloaded; see ingest/tradestat.py),,2026-09-27T00:00:00Z,SYNTH
API-ADRENALINE,2026-09-01,DE,0.014382,FlowForge synthetic (TradeStat not downloaded; see ingest/tradestat.py),,2026-09-27T00:00:00Z,SYNTH
API-ADRENALINE,2026-09-01,IT,0.0,FlowForge synthetic (TradeStat not downloaded; see ingest/tradestat.py),,2026-09-27T00:00:00Z,SYNTH
API-AMLODIPINE,2023-10-01,CN,0.753369,FlowForge synthetic (TradeStat not downloaded; see ingest/tradestat.py),,2026-09-27T00:00:00Z,SYNTH
API-AMLODIPINE,2023-10-01,KR,0.246631,FlowForge synthetic (TradeStat not downloaded; see ingest/tradestat.py),,2026-09-27T00:00:00Z,SYNTH
API-AMLODIPINE,2023-11-01,CN,0.791073,FlowForge synthetic (TradeStat not downloaded; see ingest/tradestat.py),,2026-09-27T00:00:00Z,SYNTH
API-AMLODIPINE,2023-11-01,KR,0.208927,FlowForge synthetic (TradeStat not downloaded; see ingest/tradestat.py),,2026-09-27T00:00:00Z,SYNTH
API-AMLODIPINE,2023-12-01,CN,0.773985,FlowForge synthetic (TradeStat not downloaded; see ingest/tradestat.py),,2026-09-27T00:00:00Z,SYNTH
API-AMLODIPINE,2023-12-01,KR,0.226015,FlowForge synthetic (TradeStat not downloaded; see ingest/tradestat.py),,2026-09-27T00:00:00Z,SYNTH
API-AMLODIPINE,2024-01-01,CN,0.76189,FlowForge synthetic (TradeStat not downloaded; see ingest/tradestat.py),,2026-09-27T00:00:00Z,SYNTH
API-AMLODIPINE,2024-01-01,KR,0.23811,FlowForge synthetic (TradeStat not downloaded; see ingest/tradestat.py),,2026-09-27T00:00:00Z,SYNTH
API-AMLODIPINE,2024-02-01,CN,0.791366,FlowForge synthetic (TradeStat not downloaded; see ingest/tradestat.py),,2026-09-27T00:00:00Z,SYNTH
API-AMLODIPINE,2024-02-01,KR,0.208634,FlowForge synthetic (TradeStat not downloaded; see ingest/tradestat.py),,2026-09-27T00:00:00Z,SYNTH
API-AMLODIPINE,2024-03-01,CN,0.801683,FlowForge synthetic (TradeStat not downloaded; see ingest/tradestat.py),,2026-09-27T00:00:00Z,SYNTH
API-AMLODIPINE,2024-03-01,KR,0.198317,FlowForge synthetic (TradeStat not downloaded; see ingest/tradestat.py),,2026-09-27T00:00:00Z,SYNTH
API-AMLODIPINE,2024-04-01,CN,0.785095,FlowForge synthetic (TradeStat not downloaded; see ingest/tradestat.py),,2026-09-27T00:00:00Z,SYNTH
API-AMLODIPINE,2024-04-01,KR,0.214905,FlowForge synthetic (TradeStat not downloaded; see ingest/tradestat.py),,2026-09-27T00:00:00Z,SYNTH
API-AMLODIPINE,2024-05-01,CN,0.794052,FlowForge synthetic (TradeStat not downloaded; see ingest/tradestat.py),,2026-09-27T00:00:00Z,SYNTH
API-AMLODIPINE,2024-05-01,KR,0.205948,FlowForge synthetic (TradeStat not downloaded; see ingest/tradestat.py),,2026-09-27T00:00:00Z,SYNTH
API-AMLODIPINE,2024-06-01,CN,0.756549,FlowForge synthetic (TradeStat not downloaded; see ingest/tradestat.py),,2026-09-27T00:00:00Z,SYNTH
API-AMLODIPINE,2024-06-01,KR,0.243451,FlowForge synthetic (TradeStat not downloaded; see ingest/tradestat.py),,2026-09-27T00:00:00Z,SYNTH
API-AMLODIPINE,2024-07-01,CN,0.789426,FlowForge synthetic (TradeStat not downloaded; see ingest/tradestat.py),,2026-09-27T00:00:00Z,SYNTH
API-AMLODIPINE,2024-07-01,KR,0.210574,FlowForge synthetic (TradeStat not downloaded; see ingest/tradestat.py),,2026-09-27T00:00:00Z,SYNTH
API-AMLODIPINE,2024-08-01,CN,0.802604,FlowForge synthetic (TradeStat not downloaded; see ingest/tradestat.py),,2026-09-27T00:00:00Z,SYNTH
API-AMLODIPINE,2024-08-01,KR,0.197396,FlowForge synthetic (TradeStat not downloaded; see ingest/tradestat.py),,2026-09-27T00:00:00Z,SYNTH
API-AMLODIPINE,2024-09-01,CN,0.764987,FlowForge synthetic (TradeStat not downloaded; see ingest/tradestat.py),,2026-09-27T00:00:00Z,SYNTH
API-AMLODIPINE,2024-09-01,KR,0.235013,FlowForge synthetic (TradeStat not downloaded; see ingest/tradestat.py),,2026-09-27T00:00:00Z,SYNTH
API-AMLODIPINE,2024-10-01,CN,0.736311,FlowForge synthetic (TradeStat not downloaded; see ingest/tradestat.py),,2026-09-27T00:00:00Z,SYNTH
API-AMLODIPINE,2024-10-01,KR,0.263689,FlowForge synthetic (TradeStat not downloaded; see ingest/tradestat.py),,2026-09-27T00:00:00Z,SYNTH
API-AMLODIPINE,2024-11-01,CN,0.826036,FlowForge synthetic (TradeStat not downloaded; see ingest/tradestat.py),,2026-09-27T00:00:00Z,SYNTH
API-AMLODIPINE,2024-11-01,KR,0.173964,FlowForge synthetic (TradeStat not downloaded; see ingest/tradestat.py),,2026-09-27T00:00:00Z,SYNTH
API-AMLODIPINE,2024-12-01,CN,0.767932,FlowForge synthetic (TradeStat not downloaded; see ingest/tradestat.py),,2026-09-27T00:00:00Z,SYNTH
API-AMLODIPINE,2024-12-01,KR,0.232068,FlowForge synthetic (TradeStat not downloaded; see ingest/tradestat.py),,2026-09-27T00:00:00Z,SYNTH
API-AMLODIPINE,2025-01-01,CN,0.76448,FlowForge synthetic (TradeStat not downloaded; see ingest/tradestat.py),,2026-09-27T00:00:00Z,SYNTH
API-AMLODIPINE,2025-01-01,KR,0.23552,FlowForge synthetic (TradeStat not downloaded; see ingest/tradestat.py),,2026-09-27T00:00:00Z,SYNTH
API-AMLODIPINE,2025-02-01,CN,0.788793,FlowForge synthetic (TradeStat not downloaded; see ingest/tradestat.py),,2026-09-27T00:00:00Z,SYNTH
API-AMLODIPINE,2025-02-01,KR,0.211207,FlowForge synthetic (TradeStat not downloaded; see ingest/tradestat.py),,2026-09-27T00:00:00Z,SYNTH
API-AMLODIPINE,2025-03-01,CN,0.767842,FlowForge synthetic (TradeStat not downloaded; see ingest/tradestat.py),,2026-09-27T00:00:00Z,SYNTH
API-AMLODIPINE,2025-03-01,KR,0.232158,FlowForge synthetic (TradeStat not downloaded; see ingest/tradestat.py),,2026-09-27T00:00:00Z,SYNTH
API-AMLODIPINE,2025-04-01,CN,0.782749,FlowForge synthetic (TradeStat not downloaded; see ingest/tradestat.py),,2026-09-27T00:00:00Z,SYNTH
API-AMLODIPINE,2025-04-01,KR,0.217251,FlowForge synthetic (TradeStat not downloaded; see ingest/tradestat.py),,2026-09-27T00:00:00Z,SYNTH
API-AMLODIPINE,2025-05-01,CN,0.757241,FlowForge synthetic (TradeStat not downloaded; see ingest/tradestat.py),,2026-09-27T00:00:00Z,SYNTH
API-AMLODIPINE,2025-05-01,KR,0.242759,FlowForge synthetic (TradeStat not downloaded; see ingest/tradestat.py),,2026-09-27T00:00:00Z,SYNTH
API-AMLODIPINE,2025-06-01,CN,0.755387,FlowForge synthetic (TradeStat not downloaded; see ingest/tradestat.py),,2026-09-27T00:00:00Z,SYNTH
API-AMLODIPINE,2025-06-01,KR,0.244613,FlowForge synthetic (TradeStat not downloaded; see ingest/tradestat.py),,2026-09-27T00:00:00Z,SYNTH
API-AMLODIPINE,2025-07-01,CN,0.801009,FlowForge synthetic (TradeStat not downloaded; see ingest/tradestat.py),,2026-09-27T00:00:00Z,SYNTH
API-AMLODIPINE,2025-07-01,KR,0.198991,FlowForge synthetic (TradeStat not downloaded; see ingest/tradestat.py),,2026-09-27T00:00:00Z,SYNTH
API-AMLODIPINE,2025-08-01,CN,0.710633,FlowForge synthetic (TradeStat not downloaded; see ingest/tradestat.py),,2026-09-27T00:00:00Z,SYNTH
API-AMLODIPINE,2025-08-01,KR,0.289367,FlowForge synthetic (TradeStat not downloaded; see ingest/tradestat.py),,2026-09-27T00:00:00Z,SYNTH
API-AMLODIPINE,2025-09-01,CN,0.776584,FlowForge synthetic (TradeStat not downloaded; see ingest/tradestat.py),,2026-09-27T00:00:00Z,SYNTH
API-AMLODIPINE,2025-09-01,KR,0.223416,FlowForge synthetic (TradeStat not downloaded; see ingest/tradestat.py),,2026-09-27T00:00:00Z,SYNTH
API-AMLODIPINE,2025-10-01,CN,0.777755,FlowForge synthetic (TradeStat not downloaded; see ingest/tradestat.py),,2026-09-27T00:00:00Z,SYNTH
API-AMLODIPINE,2025-10-01,KR,0.222245,FlowForge synthetic (TradeStat not downloaded; see ingest/tradestat.py),,2026-09-27T00:00:00Z,SYNTH
API-AMLODIPINE,2025-11-01,CN,0.789589,FlowForge synthetic (TradeStat not downloaded; see ingest/tradestat.py),,2026-09-27T00:00:00Z,SYNTH
API-AMLODIPINE,2025-11-01,KR,0.210411,FlowForge synthetic (TradeStat not downloaded; see ingest/tradestat.py),,2026-09-27T00:00:00Z,SYNTH
API-AMLODIPINE,2025-12-01,CN,0.733769,FlowForge synthetic (TradeStat not downloaded; see ingest/tradestat.py),,2026-09-27T00:00:00Z,SYNTH
API-AMLODIPINE,2025-12-01,KR,0.266231,FlowForge synthetic (TradeStat not downloaded; see ingest/tradestat.py),,2026-09-27T00:00:00Z,SYNTH
API-AMLODIPINE,2026-01-01,CN,0.753533,FlowForge synthetic (TradeStat not downloaded; see ingest/tradestat.py),,2026-09-27T00:00:00Z,SYNTH
API-AMLODIPINE,2026-01-01,KR,0.246467,FlowForge synthetic (TradeStat not downloaded; see ingest/tradestat.py),,2026-09-27T00:00:00Z,SYNTH
API-AMLODIPINE,2026-02-01,CN,0.783886,FlowForge synthetic (TradeStat not downloaded; see ingest/tradestat.py),,2026-09-27T00:00:00Z,SYNTH
API-AMLODIPINE,2026-02-01,KR,0.216114,FlowForge synthetic (TradeStat not downloaded; see ingest/tradestat.py),,2026-09-27T00:00:00Z,SYNTH
API-AMLODIPINE,2026-03-01,CN,0.776243,FlowForge synthetic (TradeStat not downloaded; see ingest/tradestat.py),,2026-09-27T00:00:00Z,SYNTH
API-AMLODIPINE,2026-03-01,KR,0.223757,FlowForge synthetic (TradeStat not downloaded; see ingest/tradestat.py),,2026-09-27T00:00:00Z,SYNTH
API-AMLODIPINE,2026-04-01,CN,0.734349,FlowForge synthetic (TradeStat not downloaded; see ingest/tradestat.py),,2026-09-27T00:00:00Z,SYNTH
API-AMLODIPINE,2026-04-01,KR,0.265651,FlowForge synthetic (TradeStat not downloaded; see ingest/tradestat.py),,2026-09-27T00:00:00Z,SYNTH
API-AMLODIPINE,2026-05-01,CN,0.746133,FlowForge synthetic (TradeStat not downloaded; see ingest/tradestat.py),,2026-09-27T00:00:00Z,SYNTH
API-AMLODIPINE,2026-05-01,KR,0.253867,FlowForge synthetic (TradeStat not downloaded; see ingest/tradestat.py),,2026-09-27T00:00:00Z,SYNTH
API-AMLODIPINE,2026-06-01,CN,0.788203,FlowForge synthetic (TradeStat not downloaded; see ingest/tradestat.py),,2026-09-27T00:00:00Z,SYNTH
API-AMLODIPINE,2026-06-01,KR,0.211797,FlowForge synthetic (TradeStat not downloaded; see ingest/tradestat.py),,2026-09-27T00:00:00Z,SYNTH
API-AMLODIPINE,2026-07-01,CN,0.788792,FlowForge synthetic (TradeStat not downloaded; see ingest/tradestat.py),,2026-09-27T00:00:00Z,SYNTH
API-AMLODIPINE,2026-07-01,KR,0.211208,FlowForge synthetic (TradeStat not downloaded; see ingest/tradestat.py),,2026-09-27T00:00:00Z,SYNTH
API-AMLODIPINE,2026-08-01,CN,0.75992,FlowForge synthetic (TradeStat not downloaded; see ingest/tradestat.py),,2026-09-27T00:00:00Z,SYNTH
API-AMLODIPINE,2026-08-01,KR,0.24008,FlowForge synthetic (TradeStat not downloaded; see ingest/tradestat.py),,2026-09-27T00:00:00Z,SYNTH
API-AMLODIPINE,2026-09-01,CN,0.790515,FlowForge synthetic (TradeStat not downloaded; see ingest/tradestat.py),,2026-09-27T00:00:00Z,SYNTH
API-AMLODIPINE,2026-09-01,KR,0.209485,FlowForge synthetic (TradeStat not downloaded; see ingest/tradestat.py),,2026-09-27T00:00:00Z,SYNTH
API-AMOXICILLIN,2023-10-01,CN,0.730374,FlowForge synthetic (TradeStat not downloaded; see ingest/tradestat.py),,2026-09-27T00:00:00Z,SYNTH
API-AMOXICILLIN,2023-10-01,IT,0.269626,FlowForge synthetic (TradeStat not downloaded; see ingest/tradestat.py),,2026-09-27T00:00:00Z,SYNTH
API-AMOXICILLIN,2023-11-01,CN,0.727823,FlowForge synthetic (TradeStat not downloaded; see ingest/tradestat.py),,2026-09-27T00:00:00Z,SYNTH
API-AMOXICILLIN,2023-11-01,IT,0.272177,FlowForge synthetic (TradeStat not downloaded; see ingest/tradestat.py),,2026-09-27T00:00:00Z,SYNTH
API-AMOXICILLIN,2023-12-01,CN,0.7302,FlowForge synthetic (TradeStat not downloaded; see ingest/tradestat.py),,2026-09-27T00:00:00Z,SYNTH
API-AMOXICILLIN,2023-12-01,IT,0.2698,FlowForge synthetic (TradeStat not downloaded; see ingest/tradestat.py),,2026-09-27T00:00:00Z,SYNTH
API-AMOXICILLIN,2024-01-01,CN,0.669731,FlowForge synthetic (TradeStat not downloaded; see ingest/tradestat.py),,2026-09-27T00:00:00Z,SYNTH
API-AMOXICILLIN,2024-01-01,IT,0.330269,FlowForge synthetic (TradeStat not downloaded; see ingest/tradestat.py),,2026-09-27T00:00:00Z,SYNTH
API-AMOXICILLIN,2024-02-01,CN,0.76239,FlowForge synthetic (TradeStat not downloaded; see ingest/tradestat.py),,2026-09-27T00:00:00Z,SYNTH
API-AMOXICILLIN,2024-02-01,IT,0.23761,FlowForge synthetic (TradeStat not downloaded; see ingest/tradestat.py),,2026-09-27T00:00:00Z,SYNTH
API-AMOXICILLIN,2024-03-01,CN,0.768897,FlowForge synthetic (TradeStat not downloaded; see ingest/tradestat.py),,2026-09-27T00:00:00Z,SYNTH
API-AMOXICILLIN,2024-03-01,IT,0.231103,FlowForge synthetic (TradeStat not downloaded; see ingest/tradestat.py),,2026-09-27T00:00:00Z,SYNTH
API-AMOXICILLIN,2024-04-01,CN,0.693183,FlowForge synthetic (TradeStat not downloaded; see ingest/tradestat.py),,2026-09-27T00:00:00Z,SYNTH
API-AMOXICILLIN,2024-04-01,IT,0.306817,FlowForge synthetic (TradeStat not downloaded; see ingest/tradestat.py),,2026-09-27T00:00:00Z,SYNTH
API-AMOXICILLIN,2024-05-01,CN,0.704858,FlowForge synthetic (TradeStat not downloaded; see ingest/tradestat.py),,2026-09-27T00:00:00Z,SYNTH
API-AMOXICILLIN,2024-05-01,IT,0.295142,FlowForge synthetic (TradeStat not downloaded; see ingest/tradestat.py),,2026-09-27T00:00:00Z,SYNTH
API-AMOXICILLIN,2024-06-01,CN,0.707855,FlowForge synthetic (TradeStat not downloaded; see ingest/tradestat.py),,2026-09-27T00:00:00Z,SYNTH
API-AMOXICILLIN,2024-06-01,IT,0.292145,FlowForge synthetic (TradeStat not downloaded; see ingest/tradestat.py),,2026-09-27T00:00:00Z,SYNTH
API-AMOXICILLIN,2024-07-01,CN,0.725065,FlowForge synthetic (TradeStat not downloaded; see ingest/tradestat.py),,2026-09-27T00:00:00Z,SYNTH
API-AMOXICILLIN,2024-07-01,IT,0.274935,FlowForge synthetic (TradeStat not downloaded; see ingest/tradestat.py),,2026-09-27T00:00:00Z,SYNTH
API-AMOXICILLIN,2024-08-01,CN,0.734696,FlowForge synthetic (TradeStat not downloaded; see ingest/tradestat.py),,2026-09-27T00:00:00Z,SYNTH
API-AMOXICILLIN,2024-08-01,IT,0.265304,FlowForge synthetic (TradeStat not downloaded; see ingest/tradestat.py),,2026-09-27T00:00:00Z,SYNTH
API-AMOXICILLIN,2024-09-01,CN,0.710452,FlowForge synthetic (TradeStat not downloaded; see ingest/tradestat.py),,2026-09-27T00:00:00Z,SYNTH
API-AMOXICILLIN,2024-09-01,IT,0.289548,FlowForge synthetic (TradeStat not downloaded; see ingest/tradestat.py),,2026-09-27T00:00:00Z,SYNTH
API-AMOXICILLIN,2024-10-01,CN,0.716736,FlowForge synthetic (TradeStat not downloaded; see ingest/tradestat.py),,2026-09-27T00:00:00Z,SYNTH
API-AMOXICILLIN,2024-10-01,IT,0.283264,FlowForge synthetic (TradeStat not downloaded; see ingest/tradestat.py),,2026-09-27T00:00:00Z,SYNTH
API-AMOXICILLIN,2024-11-01,CN,0.719724,FlowForge synthetic (TradeStat not downloaded; see ingest/tradestat.py),,2026-09-27T00:00:00Z,SYNTH
API-AMOXICILLIN,2024-11-01,IT,0.280276,FlowForge synthetic (TradeStat not downloaded; see ingest/tradestat.py),,2026-09-27T00:00:00Z,SYNTH
API-AMOXICILLIN,2024-12-01,CN,0.692318,FlowForge synthetic (TradeStat not downloaded; see ingest/tradestat.py),,2026-09-27T00:00:00Z,SYNTH
API-AMOXICILLIN,2024-12-01,IT,0.307682,FlowForge synthetic (TradeStat not downloaded; see ingest/tradestat.py),,2026-09-27T00:00:00Z,SYNTH
API-AMOXICILLIN,2025-01-01,CN,0.758968,FlowForge synthetic (TradeStat not downloaded; see ingest/tradestat.py),,2026-09-27T00:00:00Z,SYNTH
API-AMOXICILLIN,2025-01-01,IT,0.241032,FlowForge synthetic (TradeStat not downloaded; see ingest/tradestat.py),,2026-09-27T00:00:00Z,SYNTH
API-AMOXICILLIN,2025-02-01,CN,0.712126,FlowForge synthetic (TradeStat not downloaded; see ingest/tradestat.py),,2026-09-27T00:00:00Z,SYNTH
API-AMOXICILLIN,2025-02-01,IT,0.287874,FlowForge synthetic (TradeStat not downloaded; see ingest/tradestat.py),,2026-09-27T00:00:00Z,SYNTH
API-AMOXICILLIN,2025-03-01,CN,0.707287,FlowForge synthetic (TradeStat not downloaded; see ingest/tradestat.py),,2026-09-27T00:00:00Z,SYNTH
API-AMOXICILLIN,2025-03-01,IT,0.292713,FlowForge synthetic (TradeStat not downloaded; see ingest/tradestat.py),,2026-09-27T00:00:00Z,SYNTH
API-AMOXICILLIN,2025-04-01,CN,0.703526,FlowForge synthetic (TradeStat not downloaded; see ingest/tradestat.py),,2026-09-27T00:00:00Z,SYNTH
API-AMOXICILLIN,2025-04-01,IT,0.296474,FlowForge synthetic (TradeStat not downloaded; see ingest/tradestat.py),,2026-09-27T00:00:00Z,SYNTH
API-AMOXICILLIN,2025-05-01,CN,0.731319,FlowForge synthetic (TradeStat not downloaded; see ingest/tradestat.py),,2026-09-27T00:00:00Z,SYNTH
API-AMOXICILLIN,2025-05-01,IT,0.268681,FlowForge synthetic (TradeStat not downloaded; see ingest/tradestat.py),,2026-09-27T00:00:00Z,SYNTH
API-AMOXICILLIN,2025-06-01,CN,0.741446,FlowForge synthetic (TradeStat not downloaded; see ingest/tradestat.py),,2026-09-27T00:00:00Z,SYNTH
API-AMOXICILLIN,2025-06-01,IT,0.258554,FlowForge synthetic (TradeStat not downloaded; see ingest/tradestat.py),,2026-09-27T00:00:00Z,SYNTH
API-AMOXICILLIN,2025-07-01,CN,0.742667,FlowForge synthetic (TradeStat not downloaded; see ingest/tradestat.py),,2026-09-27T00:00:00Z,SYNTH
API-AMOXICILLIN,2025-07-01,IT,0.257333,FlowForge synthetic (TradeStat not downloaded; see ingest/tradestat.py),,2026-09-27T00:00:00Z,SYNTH
API-AMOXICILLIN,2025-08-01,CN,0.713829,FlowForge synthetic (TradeStat not downloaded; see ingest/tradestat.py),,2026-09-27T00:00:00Z,SYNTH
API-AMOXICILLIN,2025-08-01,IT,0.286171,FlowForge synthetic (TradeStat not downloaded; see ingest/tradestat.py),,2026-09-27T00:00:00Z,SYNTH
API-AMOXICILLIN,2025-09-01,CN,0.682124,FlowForge synthetic (TradeStat not downloaded; see ingest/tradestat.py),,2026-09-27T00:00:00Z,SYNTH
API-AMOXICILLIN,2025-09-01,IT,0.317876,FlowForge synthetic (TradeStat not downloaded; see ingest/tradestat.py),,2026-09-27T00:00:00Z,SYNTH
API-AMOXICILLIN,2025-10-01,CN,0.71412,FlowForge synthetic (TradeStat not downloaded; see ingest/tradestat.py),,2026-09-27T00:00:00Z,SYNTH
API-AMOXICILLIN,2025-10-01,IT,0.28588,FlowForge synthetic (TradeStat not downloaded; see ingest/tradestat.py),,2026-09-27T00:00:00Z,SYNTH
API-AMOXICILLIN,2025-11-01,CN,0.696891,FlowForge synthetic (TradeStat not downloaded; see ingest/tradestat.py),,2026-09-27T00:00:00Z,SYNTH
API-AMOXICILLIN,2025-11-01,IT,0.303109,FlowForge synthetic (TradeStat not downloaded; see ingest/tradestat.py),,2026-09-27T00:00:00Z,SYNTH
API-AMOXICILLIN,2025-12-01,CN,0.722152,FlowForge synthetic (TradeStat not downloaded; see ingest/tradestat.py),,2026-09-27T00:00:00Z,SYNTH
API-AMOXICILLIN,2025-12-01,IT,0.277848,FlowForge synthetic (TradeStat not downloaded; see ingest/tradestat.py),,2026-09-27T00:00:00Z,SYNTH
API-AMOXICILLIN,2026-01-01,CN,0.759876,FlowForge synthetic (TradeStat not downloaded; see ingest/tradestat.py),,2026-09-27T00:00:00Z,SYNTH
API-AMOXICILLIN,2026-01-01,IT,0.240124,FlowForge synthetic (TradeStat not downloaded; see ingest/tradestat.py),,2026-09-27T00:00:00Z,SYNTH
API-AMOXICILLIN,2026-02-01,CN,0.745509,FlowForge synthetic (TradeStat not downloaded; see ingest/tradestat.py),,2026-09-27T00:00:00Z,SYNTH
API-AMOXICILLIN,2026-02-01,IT,0.254491,FlowForge synthetic (TradeStat not downloaded; see ingest/tradestat.py),,2026-09-27T00:00:00Z,SYNTH
API-AMOXICILLIN,2026-03-01,CN,0.725405,FlowForge synthetic (TradeStat not downloaded; see ingest/tradestat.py),,2026-09-27T00:00:00Z,SYNTH
API-AMOXICILLIN,2026-03-01,IT,0.274595,FlowForge synthetic (TradeStat not downloaded; see ingest/tradestat.py),,2026-09-27T00:00:00Z,SYNTH
API-AMOXICILLIN,2026-04-01,CN,0.725528,FlowForge synthetic (TradeStat not downloaded; see ingest/tradestat.py),,2026-09-27T00:00:00Z,SYNTH
API-AMOXICILLIN,2026-04-01,IT,0.274472,FlowForge synthetic (TradeStat not downloaded; see ingest/tradestat.py),,2026-09-27T00:00:00Z,SYNTH
API-AMOXICILLIN,2026-05-01,CN,0.737286,FlowForge synthetic (TradeStat not downloaded; see ingest/tradestat.py),,2026-09-27T00:00:00Z,SYNTH
API-AMOXICILLIN,2026-05-01,IT,0.262714,FlowForge synthetic (TradeStat not downloaded; see ingest/tradestat.py),,2026-09-27T00:00:00Z,SYNTH
API-AMOXICILLIN,2026-06-01,CN,0.726225,FlowForge synthetic (TradeStat not downloaded; see ingest/tradestat.py),,2026-09-27T00:00:00Z,SYNTH
API-AMOXICILLIN,2026-06-01,IT,0.273775,FlowForge synthetic (TradeStat not downloaded; see ingest/tradestat.py),,2026-09-27T00:00:00Z,SYNTH
API-AMOXICILLIN,2026-07-01,CN,0.705443,FlowForge synthetic (TradeStat not downloaded; see ingest/tradestat.py),,2026-09-27T00:00:00Z,SYNTH
API-AMOXICILLIN,2026-07-01,IT,0.294557,FlowForge synthetic (TradeStat not downloaded; see ingest/tradestat.py),,2026-09-27T00:00:00Z,SYNTH
API-AMOXICILLIN,2026-08-01,CN,0.749081,FlowForge synthetic (TradeStat not downloaded; see ingest/tradestat.py),,2026-09-27T00:00:00Z,SYNTH
API-AMOXICILLIN,2026-08-01,IT,0.250919,FlowForge synthetic (TradeStat not downloaded; see ingest/tradestat.py),,2026-09-27T00:00:00Z,SYNTH
API-AMOXICILLIN,2026-09-01,CN,0.69601,FlowForge synthetic (TradeStat not downloaded; see ingest/tradestat.py),,2026-09-27T00:00:00Z,SYNTH
API-AMOXICILLIN,2026-09-01,IT,0.30399,FlowForge synthetic (TradeStat not downloaded; see ingest/tradestat.py),,2026-09-27T00:00:00Z,SYNTH
API-AMPICILLIN,2023-10-01,CH,0.798158,FlowForge synthetic (TradeStat not downloaded; see ingest/tradestat.py),,2026-09-27T00:00:00Z,SYNTH
API-AMPICILLIN,2023-10-01,JP,0.201842,FlowForge synthetic (TradeStat not downloaded; see ingest/tradestat.py),,2026-09-27T00:00:00Z,SYNTH
API-AMPICILLIN,2023-11-01,CH,0.795834,FlowForge synthetic (TradeStat not downloaded; see ingest/tradestat.py),,2026-09-27T00:00:00Z,SYNTH
API-AMPICILLIN,2023-11-01,JP,0.204166,FlowForge synthetic (TradeStat not downloaded; see ingest/tradestat.py),,2026-09-27T00:00:00Z,SYNTH
API-AMPICILLIN,2023-12-01,CH,0.823454,FlowForge synthetic (TradeStat not downloaded; see ingest/tradestat.py),,2026-09-27T00:00:00Z,SYNTH
API-AMPICILLIN,2023-12-01,JP,0.176546,FlowForge synthetic (TradeStat not downloaded; see ingest/tradestat.py),,2026-09-27T00:00:00Z,SYNTH
API-AMPICILLIN,2024-01-01,CH,0.845614,FlowForge synthetic (TradeStat not downloaded; see ingest/tradestat.py),,2026-09-27T00:00:00Z,SYNTH
API-AMPICILLIN,2024-01-01,JP,0.154386,FlowForge synthetic (TradeStat not downloaded; see ingest/tradestat.py),,2026-09-27T00:00:00Z,SYNTH
API-AMPICILLIN,2024-02-01,CH,0.831751,FlowForge synthetic (TradeStat not downloaded; see ingest/tradestat.py),,2026-09-27T00:00:00Z,SYNTH
API-AMPICILLIN,2024-02-01,JP,0.168249,FlowForge synthetic (TradeStat not downloaded; see ingest/tradestat.py),,2026-09-27T00:00:00Z,SYNTH
API-AMPICILLIN,2024-03-01,CH,0.843951,FlowForge synthetic (TradeStat not downloaded; see ingest/tradestat.py),,2026-09-27T00:00:00Z,SYNTH
API-AMPICILLIN,2024-03-01,JP,0.156049,FlowForge synthetic (TradeStat not downloaded; see ingest/tradestat.py),,2026-09-27T00:00:00Z,SYNTH
API-AMPICILLIN,2024-04-01,CH,0.829205,FlowForge synthetic (TradeStat not downloaded; see ingest/tradestat.py),,2026-09-27T00:00:00Z,SYNTH
API-AMPICILLIN,2024-04-01,JP,0.170795,FlowForge synthetic (TradeStat not downloaded; see ingest/tradestat.py),,2026-09-27T00:00:00Z,SYNTH
API-AMPICILLIN,2024-05-01,CH,0.810229,FlowForge synthetic (TradeStat not downloaded; see ingest/tradestat.py),,2026-09-27T00:00:00Z,SYNTH
API-AMPICILLIN,2024-05-01,JP,0.189771,FlowForge synthetic (TradeStat not downloaded; see ingest/tradestat.py),,2026-09-27T00:00:00Z,SYNTH
API-AMPICILLIN,2024-06-01,CH,0.829685,FlowForge synthetic (TradeStat not downloaded; see ingest/tradestat.py),,2026-09-27T00:00:00Z,SYNTH
API-AMPICILLIN,2024-06-01,JP,0.170315,FlowForge synthetic (TradeStat not downloaded; see ingest/tradestat.py),,2026-09-27T00:00:00Z,SYNTH
API-AMPICILLIN,2024-07-01,CH,0.792375,FlowForge synthetic (TradeStat not downloaded; see ingest/tradestat.py),,2026-09-27T00:00:00Z,SYNTH
API-AMPICILLIN,2024-07-01,JP,0.207625,FlowForge synthetic (TradeStat not downloaded; see ingest/tradestat.py),,2026-09-27T00:00:00Z,SYNTH
API-AMPICILLIN,2024-08-01,CH,0.799902,FlowForge synthetic (TradeStat not downloaded; see ingest/tradestat.py),,2026-09-27T00:00:00Z,SYNTH
API-AMPICILLIN,2024-08-01,JP,0.200098,FlowForge synthetic (TradeStat not downloaded; see ingest/tradestat.py),,2026-09-27T00:00:00Z,SYNTH
API-AMPICILLIN,2024-09-01,CH,0.831934,FlowForge synthetic (TradeStat not downloaded; see ingest/tradestat.py),,2026-09-27T00:00:00Z,SYNTH
API-AMPICILLIN,2024-09-01,JP,0.168066,FlowForge synthetic (TradeStat not downloaded; see ingest/tradestat.py),,2026-09-27T00:00:00Z,SYNTH
API-AMPICILLIN,2024-10-01,CH,0.841017,FlowForge synthetic (TradeStat not downloaded; see ingest/tradestat.py),,2026-09-27T00:00:00Z,SYNTH
API-AMPICILLIN,2024-10-01,JP,0.158983,FlowForge synthetic (TradeStat not downloaded; see ingest/tradestat.py),,2026-09-27T00:00:00Z,SYNTH
API-AMPICILLIN,2024-11-01,CH,0.842027,FlowForge synthetic (TradeStat not downloaded; see ingest/tradestat.py),,2026-09-27T00:00:00Z,SYNTH
API-AMPICILLIN,2024-11-01,JP,0.157973,FlowForge synthetic (TradeStat not downloaded; see ingest/tradestat.py),,2026-09-27T00:00:00Z,SYNTH
API-AMPICILLIN,2024-12-01,CH,0.833261,FlowForge synthetic (TradeStat not downloaded; see ingest/tradestat.py),,2026-09-27T00:00:00Z,SYNTH
API-AMPICILLIN,2024-12-01,JP,0.166739,FlowForge synthetic (TradeStat not downloaded; see ingest/tradestat.py),,2026-09-27T00:00:00Z,SYNTH
API-AMPICILLIN,2025-01-01,CH,0.866205,FlowForge synthetic (TradeStat not downloaded; see ingest/tradestat.py),,2026-09-27T00:00:00Z,SYNTH
API-AMPICILLIN,2025-01-01,JP,0.133795,FlowForge synthetic (TradeStat not downloaded; see ingest/tradestat.py),,2026-09-27T00:00:00Z,SYNTH
API-AMPICILLIN,2025-02-01,CH,0.784063,FlowForge synthetic (TradeStat not downloaded; see ingest/tradestat.py),,2026-09-27T00:00:00Z,SYNTH
API-AMPICILLIN,2025-02-01,JP,0.215937,FlowForge synthetic (TradeStat not downloaded; see ingest/tradestat.py),,2026-09-27T00:00:00Z,SYNTH
API-AMPICILLIN,2025-03-01,CH,0.767931,FlowForge synthetic (TradeStat not downloaded; see ingest/tradestat.py),,2026-09-27T00:00:00Z,SYNTH
API-AMPICILLIN,2025-03-01,JP,0.232069,FlowForge synthetic (TradeStat not downloaded; see ingest/tradestat.py),,2026-09-27T00:00:00Z,SYNTH
API-AMPICILLIN,2025-04-01,CH,0.862964,FlowForge synthetic (TradeStat not downloaded; see ingest/tradestat.py),,2026-09-27T00:00:00Z,SYNTH
API-AMPICILLIN,2025-04-01,JP,0.137036,FlowForge synthetic (TradeStat not downloaded; see ingest/tradestat.py),,2026-09-27T00:00:00Z,SYNTH
API-AMPICILLIN,2025-05-01,CH,0.826789,FlowForge synthetic (TradeStat not downloaded; see ingest/tradestat.py),,2026-09-27T00:00:00Z,SYNTH
API-AMPICILLIN,2025-05-01,JP,0.173211,FlowForge synthetic (TradeStat not downloaded; see ingest/tradestat.py),,2026-09-27T00:00:00Z,SYNTH
API-AMPICILLIN,2025-06-01,CH,0.808523,FlowForge synthetic (TradeStat not downloaded; see ingest/tradestat.py),,2026-09-27T00:00:00Z,SYNTH
API-AMPICILLIN,2025-06-01,JP,0.191477,FlowForge synthetic (TradeStat not downloaded; see ingest/tradestat.py),,2026-09-27T00:00:00Z,SYNTH
API-AMPICILLIN,2025-07-01,CH,0.829778,FlowForge synthetic (TradeStat not downloaded; see ingest/tradestat.py),,2026-09-27T00:00:00Z,SYNTH
API-AMPICILLIN,2025-07-01,JP,0.170222,FlowForge synthetic (TradeStat not downloaded; see ingest/tradestat.py),,2026-09-27T00:00:00Z,SYNTH
API-AMPICILLIN,2025-08-01,CH,0.838312,FlowForge synthetic (TradeStat not downloaded; see ingest/tradestat.py),,2026-09-27T00:00:00Z,SYNTH
API-AMPICILLIN,2025-08-01,JP,0.161688,FlowForge synthetic (TradeStat not downloaded; see ingest/tradestat.py),,2026-09-27T00:00:00Z,SYNTH
API-AMPICILLIN,2025-09-01,CH,0.786884,FlowForge synthetic (TradeStat not downloaded; see ingest/tradestat.py),,2026-09-27T00:00:00Z,SYNTH
API-AMPICILLIN,2025-09-01,JP,0.213116,FlowForge synthetic (TradeStat not downloaded; see ingest/tradestat.py),,2026-09-27T00:00:00Z,SYNTH
API-AMPICILLIN,2025-10-01,CH,0.785097,FlowForge synthetic (TradeStat not downloaded; see ingest/tradestat.py),,2026-09-27T00:00:00Z,SYNTH
API-AMPICILLIN,2025-10-01,JP,0.214903,FlowForge synthetic (TradeStat not downloaded; see ingest/tradestat.py),,2026-09-27T00:00:00Z,SYNTH
API-AMPICILLIN,2025-11-01,CH,0.82952,FlowForge synthetic (TradeStat not downloaded; see ingest/tradestat.py),,2026-09-27T00:00:00Z,SYNTH
API-AMPICILLIN,2025-11-01,JP,0.17048,FlowForge synthetic (TradeStat not downloaded; see ingest/tradestat.py),,2026-09-27T00:00:00Z,SYNTH
API-AMPICILLIN,2025-12-01,CH,0.782691,FlowForge synthetic (TradeStat not downloaded; see ingest/tradestat.py),,2026-09-27T00:00:00Z,SYNTH
API-AMPICILLIN,2025-12-01,JP,0.217309,FlowForge synthetic (TradeStat not downloaded; see ingest/tradestat.py),,2026-09-27T00:00:00Z,SYNTH
API-AMPICILLIN,2026-01-01,CH,0.810669,FlowForge synthetic (TradeStat not downloaded; see ingest/tradestat.py),,2026-09-27T00:00:00Z,SYNTH
API-AMPICILLIN,2026-01-01,JP,0.189331,FlowForge synthetic (TradeStat not downloaded; see ingest/tradestat.py),,2026-09-27T00:00:00Z,SYNTH
API-AMPICILLIN,2026-02-01,CH,0.828154,FlowForge synthetic (TradeStat not downloaded; see ingest/tradestat.py),,2026-09-27T00:00:00Z,SYNTH
API-AMPICILLIN,2026-02-01,JP,0.171846,FlowForge synthetic (TradeStat not downloaded; see ingest/tradestat.py),,2026-09-27T00:00:00Z,SYNTH
API-AMPICILLIN,2026-03-01,CH,0.80928,FlowForge synthetic (TradeStat not downloaded; see ingest/tradestat.py),,2026-09-27T00:00:00Z,SYNTH
API-AMPICILLIN,2026-03-01,JP,0.19072,FlowForge synthetic (TradeStat not downloaded; see ingest/tradestat.py),,2026-09-27T00:00:00Z,SYNTH
API-AMPICILLIN,2026-04-01,CH,0.826871,FlowForge synthetic (TradeStat not downloaded; see ingest/tradestat.py),,2026-09-27T00:00:00Z,SYNTH
API-AMPICILLIN,2026-04-01,JP,0.173129,FlowForge synthetic (TradeStat not downloaded; see ingest/tradestat.py),,2026-09-27T00:00:00Z,SYNTH
API-AMPICILLIN,2026-05-01,CH,0.792513,FlowForge synthetic (TradeStat not downloaded; see ingest/tradestat.py),,2026-09-27T00:00:00Z,SYNTH
API-AMPICILLIN,2026-05-01,JP,0.207487,FlowForge synthetic (TradeStat not downloaded; see ingest/tradestat.py),,2026-09-27T00:00:00Z,SYNTH
API-AMPICILLIN,2026-06-01,CH,0.806421,FlowForge synthetic (TradeStat not downloaded; see ingest/tradestat.py),,2026-09-27T00:00:00Z,SYNTH
API-AMPICILLIN,2026-06-01,JP,0.193579,FlowForge synthetic (TradeStat not downloaded; see ingest/tradestat.py),,2026-09-27T00:00:00Z,SYNTH
API-AMPICILLIN,2026-07-01,CH,0.775402,FlowForge synthetic (TradeStat not downloaded; see ingest/tradestat.py),,2026-09-27T00:00:00Z,SYNTH
API-AMPICILLIN,2026-07-01,JP,0.224598,FlowForge synthetic (TradeStat not downloaded; see ingest/tradestat.py),,2026-09-27T00:00:00Z,SYNTH
API-AMPICILLIN,2026-08-01,CH,0.770078,FlowForge synthetic (TradeStat not downloaded; see ingest/tradestat.py),,2026-09-27T00:00:00Z,SYNTH
API-AMPICILLIN,2026-08-01,JP,0.229922,FlowForge synthetic (TradeStat not downloaded; see ingest/tradestat.py),,2026-09-27T00:00:00Z,SYNTH
API-AMPICILLIN,2026-09-01,CH,0.779726,FlowForge synthetic (TradeStat not downloaded; see ingest/tradestat.py),,2026-09-27T00:00:00Z,SYNTH
API-AMPICILLIN,2026-09-01,JP,0.220274,FlowForge synthetic (TradeStat not downloaded; see ingest/tradestat.py),,2026-09-27T00:00:00Z,SYNTH
API-ASCORBIC-ACID,2023-10-01,CN,0.553457,FlowForge synthetic (TradeStat not downloaded; see ingest/tradestat.py),,2026-09-27T00:00:00Z,SYNTH
API-ASCORBIC-ACID,2023-10-01,CH,0.0,FlowForge synthetic (TradeStat not downloaded; see ingest/tradestat.py),,2026-09-27T00:00:00Z,SYNTH
API-ASCORBIC-ACID,2023-10-01,JP,0.446543,FlowForge synthetic (TradeStat not downloaded; see ingest/tradestat.py),,2026-09-27T00:00:00Z,SYNTH
API-ASCORBIC-ACID,2023-11-01,CN,0.459112,FlowForge synthetic (TradeStat not downloaded; see ingest/tradestat.py),,2026-09-27T00:00:00Z,SYNTH
API-ASCORBIC-ACID,2023-11-01,CH,0.039637,FlowForge synthetic (TradeStat not downloaded; see ingest/tradestat.py),,2026-09-27T00:00:00Z,SYNTH
API-ASCORBIC-ACID,2023-11-01,JP,0.501251,FlowForge synthetic (TradeStat not downloaded; see ingest/tradestat.py),,2026-09-27T00:00:00Z,SYNTH
API-ASCORBIC-ACID,2023-12-01,CN,0.522797,FlowForge synthetic (TradeStat not downloaded; see ingest/tradestat.py),,2026-09-27T00:00:00Z,SYNTH
API-ASCORBIC-ACID,2023-12-01,CH,0.031513,FlowForge synthetic (TradeStat not downloaded; see ingest/tradestat.py),,2026-09-27T00:00:00Z,SYNTH
API-ASCORBIC-ACID,2023-12-01,JP,0.44569,FlowForge synthetic (TradeStat not downloaded; see ingest/tradestat.py),,2026-09-27T00:00:00Z,SYNTH
API-ASCORBIC-ACID,2024-01-01,CN,0.522327,FlowForge synthetic (TradeStat not downloaded; see ingest/tradestat.py),,2026-09-27T00:00:00Z,SYNTH
API-ASCORBIC-ACID,2024-01-01,CH,0.061645,FlowForge synthetic (TradeStat not downloaded; see ingest/tradestat.py),,2026-09-27T00:00:00Z,SYNTH
API-ASCORBIC-ACID,2024-01-01,JP,0.416027,FlowForge synthetic (TradeStat not downloaded; see ingest/tradestat.py),,2026-09-27T00:00:00Z,SYNTH
API-ASCORBIC-ACID,2024-02-01,CN,0.46087,FlowForge synthetic (TradeStat not downloaded; see ingest/tradestat.py),,2026-09-27T00:00:00Z,SYNTH
API-ASCORBIC-ACID,2024-02-01,CH,0.007638,FlowForge synthetic (TradeStat not downloaded; see ingest/tradestat.py),,2026-09-27T00:00:00Z,SYNTH
API-ASCORBIC-ACID,2024-02-01,JP,0.531492,FlowForge synthetic (TradeStat not downloaded; see ingest/tradestat.py),,2026-09-27T00:00:00Z,SYNTH
API-ASCORBIC-ACID,2024-03-01,CN,0.506042,FlowForge synthetic (TradeStat not downloaded; see ingest/tradestat.py),,2026-09-27T00:00:00Z,SYNTH
API-ASCORBIC-ACID,2024-03-01,CH,0.086836,FlowForge synthetic (TradeStat not downloaded; see ingest/tradestat.py),,2026-09-27T00:00:00Z,SYNTH
API-ASCORBIC-ACID,2024-03-01,JP,0.407122,FlowForge synthetic (TradeStat not downloaded; see ingest/tradestat.py),,2026-09-27T00:00:00Z,SYNTH
API-ASCORBIC-ACID,2024-04-01,CN,0.450902,FlowForge synthetic (TradeStat not downloaded; see ingest/tradestat.py),,2026-09-27T00:00:00Z,SYNTH
API-ASCORBIC-ACID,2024-04-01,CH,0.027835,FlowForge synthetic (TradeStat not downloaded; see ingest/tradestat.py),,2026-09-27T00:00:00Z,SYNTH
API-ASCORBIC-ACID,2024-04-01,JP,0.521263,FlowForge synthetic (TradeStat not downloaded; see ingest/tradestat.py),,2026-09-27T00:00:00Z,SYNTH
API-ASCORBIC-ACID,2024-05-01,CN,0.469538,FlowForge synthetic (TradeStat not downloaded; see ingest/tradestat.py),,2026-09-27T00:00:00Z,SYNTH
API-ASCORBIC-ACID,2024-05-01,CH,0.103073,FlowForge synthetic (TradeStat not downloaded; see ingest/tradestat.py),,2026-09-27T00:00:00Z,SYNTH
API-ASCORBIC-ACID,2024-05-01,JP,0.42739,FlowForge synthetic (TradeStat not downloaded; see ingest/tradestat.py),,2026-09-27T00:00:00Z,SYNTH
API-ASCORBIC-ACID,2024-06-01,CN,0.498158,FlowForge synthetic (TradeStat not downloaded; see ingest/tradestat.py),,2026-09-27T00:00:00Z,SYNTH
API-ASCORBIC-ACID,2024-06-01,CH,0.014731,FlowForge synthetic (TradeStat not downloaded; see ingest/tradestat.py),,2026-09-27T00:00:00Z,SYNTH
API-ASCORBIC-ACID,2024-06-01,JP,0.487111,FlowForge synthetic (TradeStat not downloaded; see ingest/tradestat.py),,2026-09-27T00:00:00Z,SYNTH
API-ASCORBIC-ACID,2024-07-01,CN,0.494954,FlowForge synthetic (TradeStat not downloaded; see ingest/tradestat.py),,2026-09-27T00:00:00Z,SYNTH
API-ASCORBIC-ACID,2024-07-01,CH,0.052474,FlowForge synthetic (TradeStat not downloaded; see ingest/tradestat.py),,2026-09-27T00:00:00Z,SYNTH
API-ASCORBIC-ACID,2024-07-01,JP,0.452572,FlowForge synthetic (TradeStat not downloaded; see ingest/tradestat.py),,2026-09-27T00:00:00Z,SYNTH
API-ASCORBIC-ACID,2024-08-01,CN,0.485485,FlowForge synthetic (TradeStat not downloaded; see ingest/tradestat.py),,2026-09-27T00:00:00Z,SYNTH
API-ASCORBIC-ACID,2024-08-01,CH,0.063351,FlowForge synthetic (TradeStat not downloaded; see ingest/tradestat.py),,2026-09-27T00:00:00Z,SYNTH
API-ASCORBIC-ACID,2024-08-01,JP,0.451164,FlowForge synthetic (TradeStat not downloaded; see ingest/tradestat.py),,2026-09-27T00:00:00Z,SYNTH
API-ASCORBIC-ACID,2024-09-01,CN,0.466569,FlowForge synthetic (TradeStat not downloaded; see ingest/tradestat.py),,2026-09-27T00:00:00Z,SYNTH
API-ASCORBIC-ACID,2024-09-01,CH,0.060732,FlowForge synthetic (TradeStat not downloaded; see ingest/tradestat.py),,2026-09-27T00:00:00Z,SYNTH
API-ASCORBIC-ACID,2024-09-01,JP,0.472699,FlowForge synthetic (TradeStat not downloaded; see ingest/tradestat.py),,2026-09-27T00:00:00Z,SYNTH
API-ASCORBIC-ACID,2024-10-01,CN,0.512112,FlowForge synthetic (TradeStat not downloaded; see ingest/tradestat.py),,2026-09-27T00:00:00Z,SYNTH
API-ASCORBIC-ACID,2024-10-01,CH,0.02049,FlowForge synthetic (TradeStat not downloaded; see ingest/tradestat.py),,2026-09-27T00:00:00Z,SYNTH
API-ASCORBIC-ACID,2024-10-01,JP,0.467398,FlowForge synthetic (TradeStat not downloaded; see ingest/tradestat.py),,2026-09-27T00:00:00Z,SYNTH
API-ASCORBIC-ACID,2024-11-01,CN,0.512354,FlowForge synthetic (TradeStat not downloaded; see ingest/tradestat.py),,2026-09-27T00:00:00Z,SYNTH
API-ASCORBIC-ACID,2024-11-01,CH,0.0,FlowForge synthetic (TradeStat not downloaded; see ingest/tradestat.py),,2026-09-27T00:00:00Z,SYNTH
API-ASCORBIC-ACID,2024-11-01,JP,0.487646,FlowForge synthetic (TradeStat not downloaded; see ingest/tradestat.py),,2026-09-27T00:00:00Z,SYNTH
API-ASCORBIC-ACID,2024-12-01,CN,0.52136,FlowForge synthetic (TradeStat not downloaded; see ingest/tradestat.py),,2026-09-27T00:00:00Z,SYNTH
API-ASCORBIC-ACID,2024-12-01,CH,0.043339,FlowForge synthetic (TradeStat not downloaded; see ingest/tradestat.py),,2026-09-27T00:00:00Z,SYNTH
API-ASCORBIC-ACID,2024-12-01,JP,0.435301,FlowForge synthetic (TradeStat not downloaded; see ingest/tradestat.py),,2026-09-27T00:00:00Z,SYNTH
API-ASCORBIC-ACID,2025-01-01,CN,0.548159,FlowForge synthetic (TradeStat not downloaded; see ingest/tradestat.py),,2026-09-27T00:00:00Z,SYNTH
API-ASCORBIC-ACID,2025-01-01,CH,0.0,FlowForge synthetic (TradeStat not downloaded; see ingest/tradestat.py),,2026-09-27T00:00:00Z,SYNTH
API-ASCORBIC-ACID,2025-01-01,JP,0.451841,FlowForge synthetic (TradeStat not downloaded; see ingest/tradestat.py),,2026-09-27T00:00:00Z,SYNTH
API-ASCORBIC-ACID,2025-02-01,CN,0.52215,FlowForge synthetic (TradeStat not downloaded; see ingest/tradestat.py),,2026-09-27T00:00:00Z,SYNTH
API-ASCORBIC-ACID,2025-02-01,CH,0.0,FlowForge synthetic (TradeStat not downloaded; see ingest/tradestat.py),,2026-09-27T00:00:00Z,SYNTH
API-ASCORBIC-ACID,2025-02-01,JP,0.47785,FlowForge synthetic (TradeStat not downloaded; see ingest/tradestat.py),,2026-09-27T00:00:00Z,SYNTH
API-ASCORBIC-ACID,2025-03-01,CN,0.511595,FlowForge synthetic (TradeStat not downloaded; see ingest/tradestat.py),,2026-09-27T00:00:00Z,SYNTH
API-ASCORBIC-ACID,2025-03-01,CH,0.023314,FlowForge synthetic (TradeStat not downloaded; see ingest/tradestat.py),,2026-09-27T00:00:00Z,SYNTH
API-ASCORBIC-ACID,2025-03-01,JP,0.465091,FlowForge synthetic (TradeStat not downloaded; see ingest/tradestat.py),,2026-09-27T00:00:00Z,SYNTH
API-ASCORBIC-ACID,2025-04-01,CN,0.528367,FlowForge synthetic (TradeStat not downloaded; see ingest/tradestat.py),,2026-09-27T00:00:00Z,SYNTH
API-ASCORBIC-ACID,2025-04-01,CH,0.0,FlowForge synthetic (TradeStat not downloaded; see ingest/tradestat.py),,2026-09-27T00:00:00Z,SYNTH
API-ASCORBIC-ACID,2025-04-01,JP,0.471633,FlowForge synthetic (TradeStat not downloaded; see ingest/tradestat.py),,2026-09-27T00:00:00Z,SYNTH
API-ASCORBIC-ACID,2025-05-01,CN,0.48887,FlowForge synthetic (TradeStat not downloaded; see ingest/tradestat.py),,2026-09-27T00:00:00Z,SYNTH
API-ASCORBIC-ACID,2025-05-01,CH,0.004979,FlowForge synthetic (TradeStat not downloaded; see ingest/tradestat.py),,2026-09-27T00:00:00Z,SYNTH
API-ASCORBIC-ACID,2025-05-01,JP,0.506151,FlowForge synthetic (TradeStat not downloaded; see ingest/tradestat.py),,2026-09-27T00:00:00Z,SYNTH
API-ASCORBIC-ACID,2025-06-01,CN,0.484514,FlowForge synthetic (TradeStat not downloaded; see ingest/tradestat.py),,2026-09-27T00:00:00Z,SYNTH
API-ASCORBIC-ACID,2025-06-01,CH,0.039256,FlowForge synthetic (TradeStat not downloaded; see ingest/tradestat.py),,2026-09-27T00:00:00Z,SYNTH
API-ASCORBIC-ACID,2025-06-01,JP,0.47623,FlowForge synthetic (TradeStat not downloaded; see ingest/tradestat.py),,2026-09-27T00:00:00Z,SYNTH
API-ASCORBIC-ACID,2025-07-01,CN,0.531462,FlowForge synthetic (TradeStat not downloaded; see ingest/tradestat.py),,2026-09-27T00:00:00Z,SYNTH
API-ASCORBIC-ACID,2025-07-01,CH,0.003171,FlowForge synthetic (TradeStat not downloaded; see ingest/tradestat.py),,2026-09-27T00:00:00Z,SYNTH
API-ASCORBIC-ACID,2025-07-01,JP,0.465367,FlowForge synthetic (TradeStat not downloaded; see ingest/tradestat.py),,2026-09-27T00:00:00Z,SYNTH
API-ASCORBIC-ACID,2025-08-01,CN,0.501699,FlowForge synthetic (TradeStat not downloaded; see ingest/tradestat.py),,2026-09-27T00:00:00Z,SYNTH
API-ASCORBIC-ACID,2025-08-01,CH,0.019397,FlowForge synthetic (TradeStat not downloaded; see ingest/tradestat.py),,2026-09-27T00:00:00Z,SYNTH
API-ASCORBIC-ACID,2025-08-01,JP,0.478904,FlowForge synthetic (TradeStat not downloaded; see ingest/tradestat.py),,2026-09-27T00:00:00Z,SYNTH
API-ASCORBIC-ACID,2025-09-01,CN,0.523842,FlowForge synthetic (TradeStat not downloaded; see ingest/tradestat.py),,2026-09-27T00:00:00Z,SYNTH
API-ASCORBIC-ACID,2025-09-01,CH,0.018628,FlowForge synthetic (TradeStat not downloaded; see ingest/tradestat.py),,2026-09-27T00:00:00Z,SYNTH
API-ASCORBIC-ACID,2025-09-01,JP,0.45753,FlowForge synthetic (TradeStat not downloaded; see ingest/tradestat.py),,2026-09-27T00:00:00Z,SYNTH
API-ASCORBIC-ACID,2025-10-01,CN,0.506582,FlowForge synthetic (TradeStat not downloaded; see ingest/tradestat.py),,2026-09-27T00:00:00Z,SYNTH
API-ASCORBIC-ACID,2025-10-01,CH,0.051524,FlowForge synthetic (TradeStat not downloaded; see ingest/tradestat.py),,2026-09-27T00:00:00Z,SYNTH
API-ASCORBIC-ACID,2025-10-01,JP,0.441894,FlowForge synthetic (TradeStat not downloaded; see ingest/tradestat.py),,2026-09-27T00:00:00Z,SYNTH
API-ASCORBIC-ACID,2025-11-01,CN,0.521285,FlowForge synthetic (TradeStat not downloaded; see ingest/tradestat.py),,2026-09-27T00:00:00Z,SYNTH
API-ASCORBIC-ACID,2025-11-01,CH,0.055057,FlowForge synthetic (TradeStat not downloaded; see ingest/tradestat.py),,2026-09-27T00:00:00Z,SYNTH
API-ASCORBIC-ACID,2025-11-01,JP,0.423657,FlowForge synthetic (TradeStat not downloaded; see ingest/tradestat.py),,2026-09-27T00:00:00Z,SYNTH
API-ASCORBIC-ACID,2025-12-01,CN,0.489501,FlowForge synthetic (TradeStat not downloaded; see ingest/tradestat.py),,2026-09-27T00:00:00Z,SYNTH
API-ASCORBIC-ACID,2025-12-01,CH,0.040397,FlowForge synthetic (TradeStat not downloaded; see ingest/tradestat.py),,2026-09-27T00:00:00Z,SYNTH
API-ASCORBIC-ACID,2025-12-01,JP,0.470103,FlowForge synthetic (TradeStat not downloaded; see ingest/tradestat.py),,2026-09-27T00:00:00Z,SYNTH
API-ASCORBIC-ACID,2026-01-01,CN,0.498187,FlowForge synthetic (TradeStat not downloaded; see ingest/tradestat.py),,2026-09-27T00:00:00Z,SYNTH
API-ASCORBIC-ACID,2026-01-01,CH,0.040133,FlowForge synthetic (TradeStat not downloaded; see ingest/tradestat.py),,2026-09-27T00:00:00Z,SYNTH
API-ASCORBIC-ACID,2026-01-01,JP,0.461681,FlowForge synthetic (TradeStat not downloaded; see ingest/tradestat.py),,2026-09-27T00:00:00Z,SYNTH
API-ASCORBIC-ACID,2026-02-01,CN,0.474608,FlowForge synthetic (TradeStat not downloaded; see ingest/tradestat.py),,2026-09-27T00:00:00Z,SYNTH
API-ASCORBIC-ACID,2026-02-01,CH,0.026367,FlowForge synthetic (TradeStat not downloaded; see ingest/tradestat.py),,2026-09-27T00:00:00Z,SYNTH
API-ASCORBIC-ACID,2026-02-01,JP,0.499026,FlowForge synthetic (TradeStat not downloaded; see ingest/tradestat.py),,2026-09-27T00:00:00Z,SYNTH
API-ASCORBIC-ACID,2026-03-01,CN,0.522887,FlowForge synthetic (TradeStat not downloaded; see ingest/tradestat.py),,2026-09-27T00:00:00Z,SYNTH
API-ASCORBIC-ACID,2026-03-01,CH,0.036102,FlowForge synthetic (TradeStat not downloaded; see ingest/tradestat.py),,2026-09-27T00:00:00Z,SYNTH
API-ASCORBIC-ACID,2026-03-01,JP,0.441011,FlowForge synthetic (TradeStat not downloaded; see ingest/tradestat.py),,2026-09-27T00:00:00Z,SYNTH
API-ASCORBIC-ACID,2026-04-01,CN,0.468518,FlowForge synthetic (TradeStat not downloaded; see ingest/tradestat.py),,2026-09-27T00:00:00Z,SYNTH
API-ASCORBIC-ACID,2026-04-01,CH,0.047055,FlowForge synthetic (TradeStat not downloaded; see ingest/tradestat.py),,2026-09-27T00:00:00Z,SYNTH
API-ASCORBIC-ACID,2026-04-01,JP,0.484427,FlowForge synthetic (TradeStat not downloaded; see ingest/tradestat.py),,2026-09-27T00:00:00Z,SYNTH
API-ASCORBIC-ACID,2026-05-01,CN,0.515832,FlowForge synthetic (TradeStat not downloaded; see ingest/tradestat.py),,2026-09-27T00:00:00Z,SYNTH
API-ASCORBIC-ACID,2026-05-01,CH,0.037219,FlowForge synthetic (TradeStat not downloaded; see ingest/tradestat.py),,2026-09-27T00:00:00Z,SYNTH
API-ASCORBIC-ACID,2026-05-01,JP,0.446949,FlowForge synthetic (TradeStat not downloaded; see ingest/tradestat.py),,2026-09-27T00:00:00Z,SYNTH
API-ASCORBIC-ACID,2026-06-01,CN,0.541231,FlowForge synthetic (TradeStat not downloaded; see ingest/tradestat.py),,2026-09-27T00:00:00Z,SYNTH
API-ASCORBIC-ACID,2026-06-01,CH,0.022869,FlowForge synthetic (TradeStat not downloaded; see ingest/tradestat.py),,2026-09-27T00:00:00Z,SYNTH
API-ASCORBIC-ACID,2026-06-01,JP,0.4359,FlowForge synthetic (TradeStat not downloaded; see ingest/tradestat.py),,2026-09-27T00:00:00Z,SYNTH
API-ASCORBIC-ACID,2026-07-01,CN,0.493592,FlowForge synthetic (TradeStat not downloaded; see ingest/tradestat.py),,2026-09-27T00:00:00Z,SYNTH
API-ASCORBIC-ACID,2026-07-01,CH,0.061966,FlowForge synthetic (TradeStat not downloaded; see ingest/tradestat.py),,2026-09-27T00:00:00Z,SYNTH
API-ASCORBIC-ACID,2026-07-01,JP,0.444441,FlowForge synthetic (TradeStat not downloaded; see ingest/tradestat.py),,2026-09-27T00:00:00Z,SYNTH
API-ASCORBIC-ACID,2026-08-01,CN,0.505073,FlowForge synthetic (TradeStat not downloaded; see ingest/tradestat.py),,2026-09-27T00:00:00Z,SYNTH
API-ASCORBIC-ACID,2026-08-01,CH,0.045256,FlowForge synthetic (TradeStat not downloaded; see ingest/tradestat.py),,2026-09-27T00:00:00Z,SYNTH
API-ASCORBIC-ACID,2026-08-01,JP,0.449671,FlowForge synthetic (TradeStat not downloaded; see ingest/tradestat.py),,2026-09-27T00:00:00Z,SYNTH
API-ASCORBIC-ACID,2026-09-01,CN,0.532374,FlowForge synthetic (TradeStat not downloaded; see ingest/tradestat.py),,2026-09-27T00:00:00Z,SYNTH
API-ASCORBIC-ACID,2026-09-01,CH,0.006163,FlowForge synthetic (TradeStat not downloaded; see ingest/tradestat.py),,2026-09-27T00:00:00Z,SYNTH
API-ASCORBIC-ACID,2026-09-01,JP,0.461463,FlowForge synthetic (TradeStat not downloaded; see ingest/tradestat.py),,2026-09-27T00:00:00Z,SYNTH
API-ATROPINE,2023-10-01,IT,0.895599,FlowForge synthetic (TradeStat not downloaded; see ingest/tradestat.py),,2026-09-27T00:00:00Z,SYNTH
API-ATROPINE,2023-10-01,JP,0.104401,FlowForge synthetic (TradeStat not downloaded; see ingest/tradestat.py),,2026-09-27T00:00:00Z,SYNTH
API-ATROPINE,2023-11-01,IT,0.893888,FlowForge synthetic (TradeStat not downloaded; see ingest/tradestat.py),,2026-09-27T00:00:00Z,SYNTH
API-ATROPINE,2023-11-01,JP,0.106112,FlowForge synthetic (TradeStat not downloaded; see ingest/tradestat.py),,2026-09-27T00:00:00Z,SYNTH
API-ATROPINE,2023-12-01,IT,0.890348,FlowForge synthetic (TradeStat not downloaded; see ingest/tradestat.py),,2026-09-27T00:00:00Z,SYNTH
API-ATROPINE,2023-12-01,JP,0.109652,FlowForge synthetic (TradeStat not downloaded; see ingest/tradestat.py),,2026-09-27T00:00:00Z,SYNTH
API-ATROPINE,2024-01-01,IT,0.90759,FlowForge synthetic (TradeStat not downloaded; see ingest/tradestat.py),,2026-09-27T00:00:00Z,SYNTH
API-ATROPINE,2024-01-01,JP,0.09241,FlowForge synthetic (TradeStat not downloaded; see ingest/tradestat.py),,2026-09-27T00:00:00Z,SYNTH
API-ATROPINE,2024-02-01,IT,0.91768,FlowForge synthetic (TradeStat not downloaded; see ingest/tradestat.py),,2026-09-27T00:00:00Z,SYNTH
API-ATROPINE,2024-02-01,JP,0.08232,FlowForge synthetic (TradeStat not downloaded; see ingest/tradestat.py),,2026-09-27T00:00:00Z,SYNTH
API-ATROPINE,2024-03-01,IT,0.895334,FlowForge synthetic (TradeStat not downloaded; see ingest/tradestat.py),,2026-09-27T00:00:00Z,SYNTH
API-ATROPINE,2024-03-01,JP,0.104666,FlowForge synthetic (TradeStat not downloaded; see ingest/tradestat.py),,2026-09-27T00:00:00Z,SYNTH
API-ATROPINE,2024-04-01,IT,0.891937,FlowForge synthetic (TradeStat not downloaded; see ingest/tradestat.py),,2026-09-27T00:00:00Z,SYNTH
API-ATROPINE,2024-04-01,JP,0.108063,FlowForge synthetic (TradeStat not downloaded; see ingest/tradestat.py),,2026-09-27T00:00:00Z,SYNTH
API-ATROPINE,2024-05-01,IT,0.933867,FlowForge synthetic (TradeStat not downloaded; see ingest/tradestat.py),,2026-09-27T00:00:00Z,SYNTH
API-ATROPINE,2024-05-01,JP,0.066133,FlowForge synthetic (TradeStat not downloaded; see ingest/tradestat.py),,2026-09-27T00:00:00Z,SYNTH
API-ATROPINE,2024-06-01,IT,0.883483,FlowForge synthetic (TradeStat not downloaded; see ingest/tradestat.py),,2026-09-27T00:00:00Z,SYNTH
API-ATROPINE,2024-06-01,JP,0.116517,FlowForge synthetic (TradeStat not downloaded; see ingest/tradestat.py),,2026-09-27T00:00:00Z,SYNTH
API-ATROPINE,2024-07-01,IT,0.914077,FlowForge synthetic (TradeStat not downloaded; see ingest/tradestat.py),,2026-09-27T00:00:00Z,SYNTH
API-ATROPINE,2024-07-01,JP,0.085923,FlowForge synthetic (TradeStat not downloaded; see ingest/tradestat.py),,2026-09-27T00:00:00Z,SYNTH
API-ATROPINE,2024-08-01,IT,0.867437,FlowForge synthetic (TradeStat not downloaded; see ingest/tradestat.py),,2026-09-27T00:00:00Z,SYNTH
API-ATROPINE,2024-08-01,JP,0.132563,FlowForge synthetic (TradeStat not downloaded; see ingest/tradestat.py),,2026-09-27T00:00:00Z,SYNTH
API-ATROPINE,2024-09-01,IT,0.860821,FlowForge synthetic (TradeStat not downloaded; see ingest/tradestat.py),,2026-09-27T00:00:00Z,SYNTH
API-ATROPINE,2024-09-01,JP,0.139179,FlowForge synthetic (TradeStat not downloaded; see ingest/tradestat.py),,2026-09-27T00:00:00Z,SYNTH
API-ATROPINE,2024-10-01,IT,0.886984,FlowForge synthetic (TradeStat not downloaded; see ingest/tradestat.py),,2026-09-27T00:00:00Z,SYNTH
API-ATROPINE,2024-10-01,JP,0.113016,FlowForge synthetic (TradeStat not downloaded; see ingest/tradestat.py),,2026-09-27T00:00:00Z,SYNTH
API-ATROPINE,2024-11-01,IT,0.92176,FlowForge synthetic (TradeStat not downloaded; see ingest/tradestat.py),,2026-09-27T00:00:00Z,SYNTH
API-ATROPINE,2024-11-01,JP,0.07824,FlowForge synthetic (TradeStat not downloaded; see ingest/tradestat.py),,2026-09-27T00:00:00Z,SYNTH
API-ATROPINE,2024-12-01,IT,0.907059,FlowForge synthetic (TradeStat not downloaded; see ingest/tradestat.py),,2026-09-27T00:00:00Z,SYNTH
API-ATROPINE,2024-12-01,JP,0.092941,FlowForge synthetic (TradeStat not downloaded; see ingest/tradestat.py),,2026-09-27T00:00:00Z,SYNTH
API-ATROPINE,2025-01-01,IT,0.935549,FlowForge synthetic (TradeStat not downloaded; see ingest/tradestat.py),,2026-09-27T00:00:00Z,SYNTH
API-ATROPINE,2025-01-01,JP,0.064451,FlowForge synthetic (TradeStat not downloaded; see ingest/tradestat.py),,2026-09-27T00:00:00Z,SYNTH
API-ATROPINE,2025-02-01,IT,0.938184,FlowForge synthetic (TradeStat not downloaded; see ingest/tradestat.py),,2026-09-27T00:00:00Z,SYNTH
API-ATROPINE,2025-02-01,JP,0.061816,FlowForge synthetic (TradeStat not downloaded; see ingest/tradestat.py),,2026-09-27T00:00:00Z,SYNTH
API-ATROPINE,2025-03-01,IT,0.904002,FlowForge synthetic (TradeStat not downloaded; see ingest/tradestat.py),,2026-09-27T00:00:00Z,SYNTH
API-ATROPINE,2025-03-01,JP,0.095998,FlowForge synthetic (TradeStat not downloaded; see ingest/tradestat.py),,2026-09-27T00:00:00Z,SYNTH
API-ATROPINE,2025-04-01,IT,0.91103,FlowForge synthetic (TradeStat not downloaded; see ingest/tradestat.py),,2026-09-27T00:00:00Z,SYNTH
API-ATROPINE,2025-04-01,JP,0.08897,FlowForge synthetic (TradeStat not downloaded; see ingest/tradestat.py),,2026-09-27T00:00:00Z,SYNTH
API-ATROPINE,2025-05-01,IT,0.905171,FlowForge synthetic (TradeStat not downloaded; see ingest/tradestat.py),,2026-09-27T00:00:00Z,SYNTH
API-ATROPINE,2025-05-01,JP,0.094829,FlowForge synthetic (TradeStat not downloaded; see ingest/tradestat.py),,2026-09-27T00:00:00Z,SYNTH
API-ATROPINE,2025-06-01,IT,0.953106,FlowForge synthetic (TradeStat not downloaded; see ingest/tradestat.py),,2026-09-27T00:00:00Z,SYNTH
API-ATROPINE,2025-06-01,JP,0.046894,FlowForge synthetic (TradeStat not downloaded; see ingest/tradestat.py),,2026-09-27T00:00:00Z,SYNTH
API-ATROPINE,2025-07-01,IT,0.885828,FlowForge synthetic (TradeStat not downloaded; see ingest/tradestat.py),,2026-09-27T00:00:00Z,SYNTH
API-ATROPINE,2025-07-01,JP,0.114172,FlowForge synthetic (TradeStat not downloaded; see ingest/tradestat.py),,2026-09-27T00:00:00Z,SYNTH
API-ATROPINE,2025-08-01,IT,0.945755,FlowForge synthetic (TradeStat not downloaded; see ingest/tradestat.py),,2026-09-27T00:00:00Z,SYNTH
API-ATROPINE,2025-08-01,JP,0.054245,FlowForge synthetic (TradeStat not downloaded; see ingest/tradestat.py),,2026-09-27T00:00:00Z,SYNTH
API-ATROPINE,2025-09-01,IT,0.94565,FlowForge synthetic (TradeStat not downloaded; see ingest/tradestat.py),,2026-09-27T00:00:00Z,SYNTH
API-ATROPINE,2025-09-01,JP,0.05435,FlowForge synthetic (TradeStat not downloaded; see ingest/tradestat.py),,2026-09-27T00:00:00Z,SYNTH
API-ATROPINE,2025-10-01,IT,0.907901,FlowForge synthetic (TradeStat not downloaded; see ingest/tradestat.py),,2026-09-27T00:00:00Z,SYNTH
API-ATROPINE,2025-10-01,JP,0.092099,FlowForge synthetic (TradeStat not downloaded; see ingest/tradestat.py),,2026-09-27T00:00:00Z,SYNTH
API-ATROPINE,2025-11-01,IT,0.920782,FlowForge synthetic (TradeStat not downloaded; see ingest/tradestat.py),,2026-09-27T00:00:00Z,SYNTH
API-ATROPINE,2025-11-01,JP,0.079218,FlowForge synthetic (TradeStat not downloaded; see ingest/tradestat.py),,2026-09-27T00:00:00Z,SYNTH
API-ATROPINE,2025-12-01,IT,0.926649,FlowForge synthetic (TradeStat not downloaded; see ingest/tradestat.py),,2026-09-27T00:00:00Z,SYNTH
API-ATROPINE,2025-12-01,JP,0.073351,FlowForge synthetic (TradeStat not downloaded; see ingest/tradestat.py),,2026-09-27T00:00:00Z,SYNTH
API-ATROPINE,2026-01-01,IT,0.862328,FlowForge synthetic (TradeStat not downloaded; see ingest/tradestat.py),,2026-09-27T00:00:00Z,SYNTH
API-ATROPINE,2026-01-01,JP,0.137672,FlowForge synthetic (TradeStat not downloaded; see ingest/tradestat.py),,2026-09-27T00:00:00Z,SYNTH
API-ATROPINE,2026-02-01,IT,0.913253,FlowForge synthetic (TradeStat not downloaded; see ingest/tradestat.py),,2026-09-27T00:00:00Z,SYNTH
API-ATROPINE,2026-02-01,JP,0.086747,FlowForge synthetic (TradeStat not downloaded; see ingest/tradestat.py),,2026-09-27T00:00:00Z,SYNTH
API-ATROPINE,2026-03-01,IT,0.915425,FlowForge synthetic (TradeStat not downloaded; see ingest/tradestat.py),,2026-09-27T00:00:00Z,SYNTH
API-ATROPINE,2026-03-01,JP,0.084575,FlowForge synthetic (TradeStat not downloaded; see ingest/tradestat.py),,2026-09-27T00:00:00Z,SYNTH
API-ATROPINE,2026-04-01,IT,0.856636,FlowForge synthetic (TradeStat not downloaded; see ingest/tradestat.py),,2026-09-27T00:00:00Z,SYNTH
API-ATROPINE,2026-04-01,JP,0.143364,FlowForge synthetic (TradeStat not downloaded; see ingest/tradestat.py),,2026-09-27T00:00:00Z,SYNTH
API-ATROPINE,2026-05-01,IT,0.949274,FlowForge synthetic (TradeStat not downloaded; see ingest/tradestat.py),,2026-09-27T00:00:00Z,SYNTH
API-ATROPINE,2026-05-01,JP,0.050726,FlowForge synthetic (TradeStat not downloaded; see ingest/tradestat.py),,2026-09-27T00:00:00Z,SYNTH
API-ATROPINE,2026-06-01,IT,0.924672,FlowForge synthetic (TradeStat not downloaded; see ingest/tradestat.py),,2026-09-27T00:00:00Z,SYNTH
API-ATROPINE,2026-06-01,JP,0.075328,FlowForge synthetic (TradeStat not downloaded; see ingest/tradestat.py),,2026-09-27T00:00:00Z,SYNTH
API-ATROPINE,2026-07-01,IT,0.869545,FlowForge synthetic (TradeStat not downloaded; see ingest/tradestat.py),,2026-09-27T00:00:00Z,SYNTH
API-ATROPINE,2026-07-01,JP,0.130455,FlowForge synthetic (TradeStat not downloaded; see ingest/tradestat.py),,2026-09-27T00:00:00Z,SYNTH
API-ATROPINE,2026-08-01,IT,0.880833,FlowForge synthetic (TradeStat not downloaded; see ingest/tradestat.py),,2026-09-27T00:00:00Z,SYNTH
API-ATROPINE,2026-08-01,JP,0.119167,FlowForge synthetic (TradeStat not downloaded; see ingest/tradestat.py),,2026-09-27T00:00:00Z,SYNTH
API-ATROPINE,2026-09-01,IT,0.859137,FlowForge synthetic (TradeStat not downloaded; see ingest/tradestat.py),,2026-09-27T00:00:00Z,SYNTH
API-ATROPINE,2026-09-01,JP,0.140863,FlowForge synthetic (TradeStat not downloaded; see ingest/tradestat.py),,2026-09-27T00:00:00Z,SYNTH
API-BENZYLPENICILLIN,2023-10-01,ES,0.510753,FlowForge synthetic (TradeStat not downloaded; see ingest/tradestat.py),,2026-09-27T00:00:00Z,SYNTH
API-BENZYLPENICILLIN,2023-10-01,IT,0.342593,FlowForge synthetic (TradeStat not downloaded; see ingest/tradestat.py),,2026-09-27T00:00:00Z,SYNTH
API-BENZYLPENICILLIN,2023-10-01,US,0.058089,FlowForge synthetic (TradeStat not downloaded; see ingest/tradestat.py),,2026-09-27T00:00:00Z,SYNTH
API-BENZYLPENICILLIN,2023-10-01,JP,0.088565,FlowForge synthetic (TradeStat not downloaded; see ingest/tradestat.py),,2026-09-27T00:00:00Z,SYNTH
API-BENZYLPENICILLIN,2023-11-01,ES,0.577028,FlowForge synthetic (TradeStat not downloaded; see ingest/tradestat.py),,2026-09-27T00:00:00Z,SYNTH
API-BENZYLPENICILLIN,2023-11-01,IT,0.30449,FlowForge synthetic (TradeStat not downloaded; see ingest/tradestat.py),,2026-09-27T00:00:00Z,SYNTH
API-BENZYLPENICILLIN,2023-11-01,US,0.042124,FlowForge synthetic (TradeStat not downloaded; see ingest/tradestat.py),,2026-09-27T00:00:00Z,SYNTH
API-BENZYLPENICILLIN,2023-11-01,JP,0.076358,FlowForge synthetic (TradeStat not downloaded; see ingest/tradestat.py),,2026-09-27T00:00:00Z,SYNTH
API-BENZYLPENICILLIN,2023-12-01,ES,0.547944,FlowForge synthetic (TradeStat not downloaded; see ingest/tradestat.py),,2026-09-27T00:00:00Z,SYNTH
API-BENZYLPENICILLIN,2023-12-01,IT,0.338376,FlowForge synthetic (TradeStat not downloaded; see ingest/tradestat.py),,2026-09-27T00:00:00Z,SYNTH
API-BENZYLPENICILLIN,2023-12-01,US,0.054489,FlowForge synthetic (TradeStat not downloaded; see ingest/tradestat.py),,2026-09-27T00:00:00Z,SYNTH
API-BENZYLPENICILLIN,2023-12-01,JP,0.05919,FlowForge synthetic (TradeStat not downloaded; see ingest/tradestat.py),,2026-09-27T00:00:00Z,SYNTH
API-BENZYLPENICILLIN,2024-01-01,ES,0.496027,FlowForge synthetic (TradeStat not downloaded; see ingest/tradestat.py),,2026-09-27T00:00:00Z,SYNTH
API-BENZYLPENICILLIN,2024-01-01,IT,0.331178,FlowForge synthetic (TradeStat not downloaded; see ingest/tradestat.py),,2026-09-27T00:00:00Z,SYNTH
API-BENZYLPENICILLIN,2024-01-01,US,0.06987,FlowForge synthetic (TradeStat not downloaded; see ingest/tradestat.py),,2026-09-27T00:00:00Z,SYNTH
API-BENZYLPENICILLIN,2024-01-01,JP,0.102925,FlowForge synthetic (TradeStat not downloaded; see ingest/tradestat.py),,2026-09-27T00:00:00Z,SYNTH
API-BENZYLPENICILLIN,2024-02-01,ES,0.546104,FlowForge synthetic (TradeStat not downloaded; see ingest/tradestat.py),,2026-09-27T00:00:00Z,SYNTH
API-BENZYLPENICILLIN,2024-02-01,IT,0.353034,FlowForge synthetic (TradeStat not downloaded; see ingest/tradestat.py),,2026-09-27T00:00:00Z,SYNTH
API-BENZYLPENICILLIN,2024-02-01,US,0.020958,FlowForge synthetic (TradeStat not downloaded; see ingest/tradestat.py),,2026-09-27T00:00:00Z,SYNTH
API-BENZYLPENICILLIN,2024-02-01,JP,0.079904,FlowForge synthetic (TradeStat not downloaded; see ingest/tradestat.py),,2026-09-27T00:00:00Z,SYNTH
API-BENZYLPENICILLIN,2024-03-01,ES,0.513521,FlowForge synthetic (TradeStat not downloaded; see ingest/tradestat.py),,2026-09-27T00:00:00Z,SYNTH
API-BENZYLPENICILLIN,2024-03-01,IT,0.365014,FlowForge synthetic (TradeStat not downloaded; see ingest/tradestat.py),,2026-09-27T00:00:00Z,SYNTH
API-BENZYLPENICILLIN,2024-03-01,US,0.041305,FlowForge synthetic (TradeStat not downloaded; see ingest/tradestat.py),,2026-09-27T00:00:00Z,SYNTH
API-BENZYLPENICILLIN,2024-03-01,JP,0.080161,FlowForge synthetic (TradeStat not downloaded; see ingest/tradestat.py),,2026-09-27T00:00:00Z,SYNTH
API-BENZYLPENICILLIN,2024-04-01,ES,0.503006,FlowForge synthetic (TradeStat not downloaded; see ingest/tradestat.py),,2026-09-27T00:00:00Z,SYNTH
API-BENZYLPENICILLIN,2024-04-01,IT,0.311224,FlowForge synthetic (TradeStat not downloaded; see ingest/tradestat.py),,2026-09-27T00:00:00Z,SYNTH
API-BENZYLPENICILLIN,2024-04-01,US,0.052532,FlowForge synthetic (TradeStat not downloaded; see ingest/tradestat.py),,2026-09-27T00:00:00Z,SYNTH
API-BENZYLPENICILLIN,2024-04-01,JP,0.133239,FlowForge synthetic (TradeStat not downloaded; see ingest/tradestat.py),,2026-09-27T00:00:00Z,SYNTH
API-BENZYLPENICILLIN,2024-05-01,ES,0.53133,FlowForge synthetic (TradeStat not downloaded; see ingest/tradestat.py),,2026-09-27T00:00:00Z,SYNTH
API-BENZYLPENICILLIN,2024-05-01,IT,0.313302,FlowForge synthetic (TradeStat not downloaded; see ingest/tradestat.py),,2026-09-27T00:00:00Z,SYNTH
API-BENZYLPENICILLIN,2024-05-01,US,0.042781,FlowForge synthetic (TradeStat not downloaded; see ingest/tradestat.py),,2026-09-27T00:00:00Z,SYNTH
API-BENZYLPENICILLIN,2024-05-01,JP,0.112587,FlowForge synthetic (TradeStat not downloaded; see ingest/tradestat.py),,2026-09-27T00:00:00Z,SYNTH
API-BENZYLPENICILLIN,2024-06-01,ES,0.550473,FlowForge synthetic (TradeStat not downloaded; see ingest/tradestat.py),,2026-09-27T00:00:00Z,SYNTH
API-BENZYLPENICILLIN,2024-06-01,IT,0.349808,FlowForge synthetic (TradeStat not downloaded; see ingest/tradestat.py),,2026-09-27T00:00:00Z,SYNTH
API-BENZYLPENICILLIN,2024-06-01,US,0.051983,FlowForge synthetic (TradeStat not downloaded; see ingest/tradestat.py),,2026-09-27T00:00:00Z,SYNTH
API-BENZYLPENICILLIN,2024-06-01,JP,0.047736,FlowForge synthetic (TradeStat not downloaded; see ingest/tradestat.py),,2026-09-27T00:00:00Z,SYNTH
API-BENZYLPENICILLIN,2024-07-01,ES,0.551316,FlowForge synthetic (TradeStat not downloaded; see ingest/tradestat.py),,2026-09-27T00:00:00Z,SYNTH
API-BENZYLPENICILLIN,2024-07-01,IT,0.318534,FlowForge synthetic (TradeStat not downloaded; see ingest/tradestat.py),,2026-09-27T00:00:00Z,SYNTH
API-BENZYLPENICILLIN,2024-07-01,US,0.0,FlowForge synthetic (TradeStat not downloaded; see ingest/tradestat.py),,2026-09-27T00:00:00Z,SYNTH
API-BENZYLPENICILLIN,2024-07-01,JP,0.13015,FlowForge synthetic (TradeStat not downloaded; see ingest/tradestat.py),,2026-09-27T00:00:00Z,SYNTH
API-BENZYLPENICILLIN,2024-08-01,ES,0.529733,FlowForge synthetic (TradeStat not downloaded; see ingest/tradestat.py),,2026-09-27T00:00:00Z,SYNTH
API-BENZYLPENICILLIN,2024-08-01,IT,0.301511,FlowForge synthetic (TradeStat not downloaded; see ingest/tradestat.py),,2026-09-27T00:00:00Z,SYNTH
API-BENZYLPENICILLIN,2024-08-01,US,0.106171,FlowForge synthetic (TradeStat not downloaded; see ingest/tradestat.py),,2026-09-27T00:00:00Z,SYNTH
API-BENZYLPENICILLIN,2024-08-01,JP,0.062585,FlowForge synthetic (TradeStat not downloaded; see ingest/tradestat.py),,2026-09-27T00:00:00Z,SYNTH
API-BENZYLPENICILLIN,2024-09-01,ES,0.504007,FlowForge synthetic (TradeStat not downloaded; see ingest/tradestat.py),,2026-09-27T00:00:00Z,SYNTH
API-BENZYLPENICILLIN,2024-09-01,IT,0.343802,FlowForge synthetic (TradeStat not downloaded; see ingest/tradestat.py),,2026-09-27T00:00:00Z,SYNTH
API-BENZYLPENICILLIN,2024-09-01,US,0.057674,FlowForge synthetic (TradeStat not downloaded; see ingest/tradestat.py),,2026-09-27T00:00:00Z,SYNTH
API-BENZYLPENICILLIN,2024-09-01,JP,0.094518,FlowForge synthetic (TradeStat not downloaded; see ingest/tradestat.py),,2026-09-27T00:00:00Z,SYNTH
API-BENZYLPENICILLIN,2024-10-01,ES,0.532189,FlowForge synthetic (TradeStat not downloaded; see ingest/tradestat.py),,2026-09-27T00:00:00Z,SYNTH
API-BENZYLPENICILLIN,2024-10-01,IT,0.326374,FlowForge synthetic (TradeStat not downloaded; see ingest/tradestat.py),,2026-09-27T00:00:00Z,SYNTH
API-BENZYLPENICILLIN,2024-10-01,US,0.031649,FlowForge synthetic (TradeStat not downloaded; see ingest/tradestat.py),,2026-09-27T00:00:00Z,SYNTH
API-BENZYLPENICILLIN,2024-10-01,JP,0.109788,FlowForge synthetic (TradeStat not downloaded; see ingest/tradestat.py),,2026-09-27T00:00:00Z,SYNTH
API-BENZYLPENICILLIN,2024-11-01,ES,0.503501,FlowForge synthetic (TradeStat not downloaded; see ingest/tradestat.py),,2026-09-27T00:00:00Z,SYNTH
API-BENZYLPENICILLIN,2024-11-01,IT,0.353736,FlowForge synthetic (TradeStat not downloaded; see ingest/tradestat.py),,2026-09-27T00:00:00Z,SYNTH
API-BENZYLPENICILLIN,2024-11-01,US,0.054559,FlowForge synthetic (TradeStat not downloaded; see ingest/tradestat.py),,2026-09-27T00:00:00Z,SYNTH
API-BENZYLPENICILLIN,2024-11-01,JP,0.088204,FlowForge synthetic (TradeStat not downloaded; see ingest/tradestat.py),,2026-09-27T00:00:00Z,SYNTH
API-BENZYLPENICILLIN,2024-12-01,ES,0.50718,FlowForge synthetic (TradeStat not downloaded; see ingest/tradestat.py),,2026-09-27T00:00:00Z,SYNTH
API-BENZYLPENICILLIN,2024-12-01,IT,0.347409,FlowForge synthetic (TradeStat not downloaded; see ingest/tradestat.py),,2026-09-27T00:00:00Z,SYNTH
API-BENZYLPENICILLIN,2024-12-01,US,0.059415,FlowForge synthetic (TradeStat not downloaded; see ingest/tradestat.py),,2026-09-27T00:00:00Z,SYNTH
API-BENZYLPENICILLIN,2024-12-01,JP,0.085996,FlowForge synthetic (TradeStat not downloaded; see ingest/tradestat.py),,2026-09-27T00:00:00Z,SYNTH
API-BENZYLPENICILLIN,2025-01-01,ES,0.53585,FlowForge synthetic (TradeStat not downloaded; see ingest/tradestat.py),,2026-09-27T00:00:00Z,SYNTH
API-BENZYLPENICILLIN,2025-01-01,IT,0.295157,FlowForge synthetic (TradeStat not downloaded; see ingest/tradestat.py),,2026-09-27T00:00:00Z,SYNTH
API-BENZYLPENICILLIN,2025-01-01,US,0.0179,FlowForge synthetic (TradeStat not downloaded; see ingest/tradestat.py),,2026-09-27T00:00:00Z,SYNTH
API-BENZYLPENICILLIN,2025-01-01,JP,0.151093,FlowForge synthetic (TradeStat not downloaded; see ingest/tradestat.py),,2026-09-27T00:00:00Z,SYNTH
API-BENZYLPENICILLIN,2025-02-01,ES,0.501115,FlowForge synthetic (TradeStat not downloaded; see ingest/tradestat.py),,2026-09-27T00:00:00Z,SYNTH
API-BENZYLPENICILLIN,2025-02-01,IT,0.325515,FlowForge synthetic (TradeStat not downloaded; see ingest/tradestat.py),,2026-09-27T00:00:00Z,SYNTH
API-BENZYLPENICILLIN,2025-02-01,US,0.074403,FlowForge synthetic (TradeStat not downloaded; see ingest/tradestat.py),,2026-09-27T00:00:00Z,SYNTH
API-BENZYLPENICILLIN,2025-02-01,JP,0.098967,FlowForge synthetic (TradeStat not downloaded; see ingest/tradestat.py),,2026-09-27T00:00:00Z,SYNTH
API-BENZYLPENICILLIN,2025-03-01,ES,0.537804,FlowForge synthetic (TradeStat not downloaded; see ingest/tradestat.py),,2026-09-27T00:00:00Z,SYNTH
API-BENZYLPENICILLIN,2025-03-01,IT,0.352859,FlowForge synthetic (TradeStat not downloaded; see ingest/tradestat.py),,2026-09-27T00:00:00Z,SYNTH
API-BENZYLPENICILLIN,2025-03-01,US,0.034199,FlowForge synthetic (TradeStat not downloaded; see ingest/tradestat.py),,2026-09-27T00:00:00Z,SYNTH
API-BENZYLPENICILLIN,2025-03-01,JP,0.075139,FlowForge synthetic (TradeStat not downloaded; see ingest/tradestat.py),,2026-09-27T00:00:00Z,SYNTH
API-BENZYLPENICILLIN,2025-04-01,ES,0.497951,FlowForge synthetic (TradeStat not downloaded; see ingest/tradestat.py),,2026-09-27T00:00:00Z,SYNTH
API-BENZYLPENICILLIN,2025-04-01,IT,0.391971,FlowForge synthetic (TradeStat not downloaded; see ingest/tradestat.py),,2026-09-27T00:00:00Z,SYNTH
API-BENZYLPENICILLIN,2025-04-01,US,0.030925,FlowForge synthetic (TradeStat not downloaded; see ingest/tradestat.py),,2026-09-27T00:00:00Z,SYNTH
API-BENZYLPENICILLIN,2025-04-01,JP,0.079153,FlowForge synthetic (TradeStat not downloaded; see ingest/tradestat.py),,2026-09-27T00:00:00Z,SYNTH
API-BENZYLPENICILLIN,2025-05-01,ES,0.506293,FlowForge synthetic (TradeStat not downloaded; see ingest/tradestat.py),,2026-09-27T00:00:00Z,SYNTH
API-BENZYLPENICILLIN,2025-05-01,IT,0.327253,FlowForge synthetic (TradeStat not downloaded; see ingest/tradestat.py),,2026-09-27T00:00:00Z,SYNTH
API-BENZYLPENICILLIN,2025-05-01,US,0.082601,FlowForge synthetic (TradeStat not downloaded; see ingest/tradestat.py),,2026-09-27T00:00:00Z,SYNTH
API-BENZYLPENICILLIN,2025-05-01,JP,0.083853,FlowForge synthetic (TradeStat not downloaded; see ingest/tradestat.py),,2026-09-27T00:00:00Z,SYNTH
API-BENZYLPENICILLIN,2025-06-01,ES,0.505573,FlowForge synthetic (TradeStat not downloaded; see ingest/tradestat.py),,2026-09-27T00:00:00Z,SYNTH
API-BENZYLPENICILLIN,2025-06-01,IT,0.332363,FlowForge synthetic (TradeStat not downloaded; see ingest/tradestat.py),,2026-09-27T00:00:00Z,SYNTH
API-BENZYLPENICILLIN,2025-06-01,US,0.042143,FlowForge synthetic (TradeStat not downloaded; see ingest/tradestat.py),,2026-09-27T00:00:00Z,SYNTH
API-BENZYLPENICILLIN,2025-06-01,JP,0.119922,FlowForge synthetic (TradeStat not downloaded; see ingest/tradestat.py),,2026-09-27T00:00:00Z,SYNTH
API-BENZYLPENICILLIN,2025-07-01,ES,0.568306,FlowForge synthetic (TradeStat not downloaded; see ingest/tradestat.py),,2026-09-27T00:00:00Z,SYNTH
API-BENZYLPENICILLIN,2025-07-01,IT,0.287841,FlowForge synthetic (TradeStat not downloaded; see ingest/tradestat.py),,2026-09-27T00:00:00Z,SYNTH
API-BENZYLPENICILLIN,2025-07-01,US,0.026793,FlowForge synthetic (TradeStat not downloaded; see ingest/tradestat.py),,2026-09-27T00:00:00Z,SYNTH
API-BENZYLPENICILLIN,2025-07-01,JP,0.117059,FlowForge synthetic (TradeStat not downloaded; see ingest/tradestat.py),,2026-09-27T00:00:00Z,SYNTH
API-BENZYLPENICILLIN,2025-08-01,ES,0.519241,FlowForge synthetic (TradeStat not downloaded; see ingest/tradestat.py),,2026-09-27T00:00:00Z,SYNTH
API-BENZYLPENICILLIN,2025-08-01,IT,0.306014,FlowForge synthetic (TradeStat not downloaded; see ingest/tradestat.py),,2026-09-27T00:00:00Z,SYNTH
API-BENZYLPENICILLIN,2025-08-01,US,0.061315,FlowForge synthetic (TradeStat not downloaded; see ingest/tradestat.py),,2026-09-27T00:00:00Z,SYNTH
API-BENZYLPENICILLIN,2025-08-01,JP,0.11343,FlowForge synthetic (TradeStat not downloaded; see ingest/tradestat.py),,2026-09-27T00:00:00Z,SYNTH
API-BENZYLPENICILLIN,2025-09-01,ES,0.533939,FlowForge synthetic (TradeStat not downloaded; see ingest/tradestat.py),,2026-09-27T00:00:00Z,SYNTH
API-BENZYLPENICILLIN,2025-09-01,IT,0.342532,FlowForge synthetic (TradeStat not downloaded; see ingest/tradestat.py),,2026-09-27T00:00:00Z,SYNTH
API-BENZYLPENICILLIN,2025-09-01,US,0.029003,FlowForge synthetic (TradeStat not downloaded; see ingest/tradestat.py),,2026-09-27T00:00:00Z,SYNTH
API-BENZYLPENICILLIN,2025-09-01,JP,0.094526,FlowForge synthetic (TradeStat not downloaded; see ingest/tradestat.py),,2026-09-27T00:00:00Z,SYNTH
API-BENZYLPENICILLIN,2025-10-01,ES,0.564103,FlowForge synthetic (TradeStat not downloaded; see ingest/tradestat.py),,2026-09-27T00:00:00Z,SYNTH
API-BENZYLPENICILLIN,2025-10-01,IT,0.395231,FlowForge synthetic (TradeStat not downloaded; see ingest/tradestat.py),,2026-09-27T00:00:00Z,SYNTH
API-BENZYLPENICILLIN,2025-10-01,US,0.040666,FlowForge synthetic (TradeStat not downloaded; see ingest/tradestat.py),,2026-09-27T00:00:00Z,SYNTH
API-BENZYLPENICILLIN,2025-10-01,JP,0.0,FlowForge synthetic (TradeStat not downloaded; see ingest/tradestat.py),,2026-09-27T00:00:00Z,SYNTH
API-BENZYLPENICILLIN,2025-11-01,ES,0.470634,FlowForge synthetic (TradeStat not downloaded; see ingest/tradestat.py),,2026-09-27T00:00:00Z,SYNTH
API-BENZYLPENICILLIN,2025-11-01,IT,0.332847,FlowForge synthetic (TradeStat not downloaded; see ingest/tradestat.py),,2026-09-27T00:00:00Z,SYNTH
API-BENZYLPENICILLIN,2025-11-01,US,0.103211,FlowForge synthetic (TradeStat not downloaded; see ingest/tradestat.py),,2026-09-27T00:00:00Z,SYNTH
API-BENZYLPENICILLIN,2025-11-01,JP,0.093308,FlowForge synthetic (TradeStat not downloaded; see ingest/tradestat.py),,2026-09-27T00:00:00Z,SYNTH
API-BENZYLPENICILLIN,2025-12-01,ES,0.475872,FlowForge synthetic (TradeStat not downloaded; see ingest/tradestat.py),,2026-09-27T00:00:00Z,SYNTH
API-BENZYLPENICILLIN,2025-12-01,IT,0.340319,FlowForge synthetic (TradeStat not downloaded; see ingest/tradestat.py),,2026-09-27T00:00:00Z,SYNTH
API-BENZYLPENICILLIN,2025-12-01,US,0.097371,FlowForge synthetic (TradeStat not downloaded; see ingest/tradestat.py),,2026-09-27T00:00:00Z,SYNTH
API-BENZYLPENICILLIN,2025-12-01,JP,0.086438,FlowForge synthetic (TradeStat not downloaded; see ingest/tradestat.py),,2026-09-27T00:00:00Z,SYNTH
API-BENZYLPENICILLIN,2026-01-01,ES,0.519964,FlowForge synthetic (TradeStat not downloaded; see ingest/tradestat.py),,2026-09-27T00:00:00Z,SYNTH
API-BENZYLPENICILLIN,2026-01-01,IT,0.327661,FlowForge synthetic (TradeStat not downloaded; see ingest/tradestat.py),,2026-09-27T00:00:00Z,SYNTH
API-BENZYLPENICILLIN,2026-01-01,US,0.040582,FlowForge synthetic (TradeStat not downloaded; see ingest/tradestat.py),,2026-09-27T00:00:00Z,SYNTH
API-BENZYLPENICILLIN,2026-01-01,JP,0.111792,FlowForge synthetic (TradeStat not downloaded; see ingest/tradestat.py),,2026-09-27T00:00:00Z,SYNTH
API-BENZYLPENICILLIN,2026-02-01,ES,0.536087,FlowForge synthetic (TradeStat not downloaded; see ingest/tradestat.py),,2026-09-27T00:00:00Z,SYNTH
API-BENZYLPENICILLIN,2026-02-01,IT,0.34449,FlowForge synthetic (TradeStat not downloaded; see ingest/tradestat.py),,2026-09-27T00:00:00Z,SYNTH
API-BENZYLPENICILLIN,2026-02-01,US,0.0,FlowForge synthetic (TradeStat not downloaded; see ingest/tradestat.py),,2026-09-27T00:00:00Z,SYNTH
API-BENZYLPENICILLIN,2026-02-01,JP,0.119422,FlowForge synthetic (TradeStat not downloaded; see ingest/tradestat.py),,2026-09-27T00:00:00Z,SYNTH
API-BENZYLPENICILLIN,2026-03-01,ES,0.508723,FlowForge synthetic (TradeStat not downloaded; see ingest/tradestat.py),,2026-09-27T00:00:00Z,SYNTH
API-BENZYLPENICILLIN,2026-03-01,IT,0.29769,FlowForge synthetic (TradeStat not downloaded; see ingest/tradestat.py),,2026-09-27T00:00:00Z,SYNTH
API-BENZYLPENICILLIN,2026-03-01,US,0.098314,FlowForge synthetic (TradeStat not downloaded; see ingest/tradestat.py),,2026-09-27T00:00:00Z,SYNTH
API-BENZYLPENICILLIN,2026-03-01,JP,0.095273,FlowForge synthetic (TradeStat not downloaded; see ingest/tradestat.py),,2026-09-27T00:00:00Z,SYNTH
API-BENZYLPENICILLIN,2026-04-01,ES,0.513897,FlowForge synthetic (TradeStat not downloaded; see ingest/tradestat.py),,2026-09-27T00:00:00Z,SYNTH
API-BENZYLPENICILLIN,2026-04-01,IT,0.345141,FlowForge synthetic (TradeStat not downloaded; see ingest/tradestat.py),,2026-09-27T00:00:00Z,SYNTH
API-BENZYLPENICILLIN,2026-04-01,US,0.031073,FlowForge synthetic (TradeStat not downloaded; see ingest/tradestat.py),,2026-09-27T00:00:00Z,SYNTH
API-BENZYLPENICILLIN,2026-04-01,JP,0.109889,FlowForge synthetic (TradeStat not downloaded; see ingest/tradestat.py),,2026-09-27T00:00:00Z,SYNTH
API-BENZYLPENICILLIN,2026-05-01,ES,0.581175,FlowForge synthetic (TradeStat not downloaded; see ingest/tradestat.py),,2026-09-27T00:00:00Z,SYNTH
API-BENZYLPENICILLIN,2026-05-01,IT,0.316213,FlowForge synthetic (TradeStat not downloaded; see ingest/tradestat.py),,2026-09-27T00:00:00Z,SYNTH
API-BENZYLPENICILLIN,2026-05-01,US,0.03338,FlowForge synthetic (TradeStat not downloaded; see ingest/tradestat.py),,2026-09-27T00:00:00Z,SYNTH
API-BENZYLPENICILLIN,2026-05-01,JP,0.069231,FlowForge synthetic (TradeStat not downloaded; see ingest/tradestat.py),,2026-09-27T00:00:00Z,SYNTH
API-BENZYLPENICILLIN,2026-06-01,ES,0.508526,FlowForge synthetic (TradeStat not downloaded; see ingest/tradestat.py),,2026-09-27T00:00:00Z,SYNTH
API-BENZYLPENICILLIN,2026-06-01,IT,0.316932,FlowForge synthetic (TradeStat not downloaded; see ingest/tradestat.py),,2026-09-27T00:00:00Z,SYNTH
API-BENZYLPENICILLIN,2026-06-01,US,0.062371,FlowForge synthetic (TradeStat not downloaded; see ingest/tradestat.py),,2026-09-27T00:00:00Z,SYNTH
API-BENZYLPENICILLIN,2026-06-01,JP,0.112171,FlowForge synthetic (TradeStat not downloaded; see ingest/tradestat.py),,2026-09-27T00:00:00Z,SYNTH
API-BENZYLPENICILLIN,2026-07-01,ES,0.563129,FlowForge synthetic (TradeStat not downloaded; see ingest/tradestat.py),,2026-09-27T00:00:00Z,SYNTH
API-BENZYLPENICILLIN,2026-07-01,IT,0.34358,FlowForge synthetic (TradeStat not downloaded; see ingest/tradestat.py),,2026-09-27T00:00:00Z,SYNTH
API-BENZYLPENICILLIN,2026-07-01,US,0.038961,FlowForge synthetic (TradeStat not downloaded; see ingest/tradestat.py),,2026-09-27T00:00:00Z,SYNTH
API-BENZYLPENICILLIN,2026-07-01,JP,0.054331,FlowForge synthetic (TradeStat not downloaded; see ingest/tradestat.py),,2026-09-27T00:00:00Z,SYNTH
API-BENZYLPENICILLIN,2026-08-01,ES,0.509296,FlowForge synthetic (TradeStat not downloaded; see ingest/tradestat.py),,2026-09-27T00:00:00Z,SYNTH
API-BENZYLPENICILLIN,2026-08-01,IT,0.327128,FlowForge synthetic (TradeStat not downloaded; see ingest/tradestat.py),,2026-09-27T00:00:00Z,SYNTH
API-BENZYLPENICILLIN,2026-08-01,US,0.017653,FlowForge synthetic (TradeStat not downloaded; see ingest/tradestat.py),,2026-09-27T00:00:00Z,SYNTH
API-BENZYLPENICILLIN,2026-08-01,JP,0.145923,FlowForge synthetic (TradeStat not downloaded; see ingest/tradestat.py),,2026-09-27T00:00:00Z,SYNTH
API-BENZYLPENICILLIN,2026-09-01,ES,0.547351,FlowForge synthetic (TradeStat not downloaded; see ingest/tradestat.py),,2026-09-27T00:00:00Z,SYNTH
API-BENZYLPENICILLIN,2026-09-01,IT,0.33506,FlowForge synthetic (TradeStat not downloaded; see ingest/tradestat.py),,2026-09-27T00:00:00Z,SYNTH
API-BENZYLPENICILLIN,2026-09-01,US,0.056459,FlowForge synthetic (TradeStat not downloaded; see ingest/tradestat.py),,2026-09-27T00:00:00Z,SYNTH
API-BENZYLPENICILLIN,2026-09-01,JP,0.06113,FlowForge synthetic (TradeStat not downloaded; see ingest/tradestat.py),,2026-09-27T00:00:00Z,SYNTH
API-BUDESONIDE,2023-10-01,CN,0.584389,FlowForge synthetic (TradeStat not downloaded; see ingest/tradestat.py),,2026-09-27T00:00:00Z,SYNTH
API-BUDESONIDE,2023-10-01,ES,0.312977,FlowForge synthetic (TradeStat not downloaded; see ingest/tradestat.py),,2026-09-27T00:00:00Z,SYNTH
API-BUDESONIDE,2023-10-01,DE,0.102634,FlowForge synthetic (TradeStat not downloaded; see ingest/tradestat.py),,2026-09-27T00:00:00Z,SYNTH
API-BUDESONIDE,2023-11-01,CN,0.575469,FlowForge synthetic (TradeStat not downloaded; see ingest/tradestat.py),,2026-09-27T00:00:00Z,SYNTH
API-BUDESONIDE,2023-11-01,ES,0.284945,FlowForge synthetic (TradeStat not downloaded; see ingest/tradestat.py),,2026-09-27T00:00:00Z,SYNTH
API-BUDESONIDE,2023-11-01,DE,0.139586,FlowForge synthetic (TradeStat not downloaded; see ingest/tradestat.py),,2026-09-27T00:00:00Z,SYNTH
API-BUDESONIDE,2023-12-01,CN,0.570409,FlowForge synthetic (TradeStat not downloaded; see ingest/tradestat.py),,2026-09-27T00:00:00Z,SYNTH
API-BUDESONIDE,2023-12-01,ES,0.269214,FlowForge synthetic (TradeStat not downloaded; see ingest/tradestat.py),,2026-09-27T00:00:00Z,SYNTH
API-BUDESONIDE,2023-12-01,DE,0.160377,FlowForge synthetic (TradeStat not downloaded; see ingest/tradestat.py),,2026-09-27T00:00:00Z,SYNTH
API-BUDESONIDE,2024-01-01,CN,0.557871,FlowForge synthetic (TradeStat not downloaded; see ingest/tradestat.py),,2026-09-27T00:00:00Z,SYNTH
API-BUDESONIDE,2024-01-01,ES,0.275881,FlowForge synthetic (TradeStat not downloaded; see ingest/tradestat.py),,2026-09-27T00:00:00Z,SYNTH
API-BUDESONIDE,2024-01-01,DE,0.166249,FlowForge synthetic (TradeStat not downloaded; see ingest/tradestat.py),,2026-09-27T00:00:00Z,SYNTH
API-BUDESONIDE,2024-02-01,CN,0.58679,FlowForge synthetic (TradeStat not downloaded; see ingest/tradestat.py),,2026-09-27T00:00:00Z,SYNTH
API-BUDESONIDE,2024-02-01,ES,0.257097,FlowForge synthetic (TradeStat not downloaded; see ingest/tradestat.py),,2026-09-27T00:00:00Z,SYNTH
API-BUDESONIDE,2024-02-01,DE,0.156112,FlowForge synthetic (TradeStat not downloaded; see ingest/tradestat.py),,2026-09-27T00:00:00Z,SYNTH
API-BUDESONIDE,2024-03-01,CN,0.595043,FlowForge synthetic (TradeStat not downloaded; see ingest/tradestat.py),,2026-09-27T00:00:00Z,SYNTH
API-BUDESONIDE,2024-03-01,ES,0.353109,FlowForge synthetic (TradeStat not downloaded; see ingest/tradestat.py),,2026-09-27T00:00:00Z,SYNTH
API-BUDESONIDE,2024-03-01,DE,0.051847,FlowForge synthetic (TradeStat not downloaded; see ingest/tradestat.py),,2026-09-27T00:00:00Z,SYNTH
API-BUDESONIDE,2024-04-01,CN,0.597955,FlowForge synthetic (TradeStat not downloaded; see ingest/tradestat.py),,2026-09-27T00:00:00Z,SYNTH
API-BUDESONIDE,2024-04-01,ES,0.283,FlowForge synthetic (TradeStat not downloaded; see ingest/tradestat.py),,2026-09-27T00:00:00Z,SYNTH
API-BUDESONIDE,2024-04-01,DE,0.119045,FlowForge synthetic (TradeStat not downloaded; see ingest/tradestat.py),,2026-09-27T00:00:00Z,SYNTH
API-BUDESONIDE,2024-05-01,CN,0.574574,FlowForge synthetic (TradeStat not downloaded; see ingest/tradestat.py),,2026-09-27T00:00:00Z,SYNTH
API-BUDESONIDE,2024-05-01,ES,0.261712,FlowForge synthetic (TradeStat not downloaded; see ingest/tradestat.py),,2026-09-27T00:00:00Z,SYNTH
API-BUDESONIDE,2024-05-01,DE,0.163714,FlowForge synthetic (TradeStat not downloaded; see ingest/tradestat.py),,2026-09-27T00:00:00Z,SYNTH
API-BUDESONIDE,2024-06-01,CN,0.590664,FlowForge synthetic (TradeStat not downloaded; see ingest/tradestat.py),,2026-09-27T00:00:00Z,SYNTH
API-BUDESONIDE,2024-06-01,ES,0.297937,FlowForge synthetic (TradeStat not downloaded; see ingest/tradestat.py),,2026-09-27T00:00:00Z,SYNTH
API-BUDESONIDE,2024-06-01,DE,0.111399,FlowForge synthetic (TradeStat not downloaded; see ingest/tradestat.py),,2026-09-27T00:00:00Z,SYNTH
API-BUDESONIDE,2024-07-01,CN,0.563678,FlowForge synthetic (TradeStat not downloaded; see ingest/tradestat.py),,2026-09-27T00:00:00Z,SYNTH
API-BUDESONIDE,2024-07-01,ES,0.301566,FlowForge synthetic (TradeStat not downloaded; see ingest/tradestat.py),,2026-09-27T00:00:00Z,SYNTH
API-BUDESONIDE,2024-07-01,DE,0.134756,FlowForge synthetic (TradeStat not downloaded; see ingest/tradestat.py),,2026-09-27T00:00:00Z,SYNTH
API-BUDESONIDE,2024-08-01,CN,0.530761,FlowForge synthetic (TradeStat not downloaded; see ingest/tradestat.py),,2026-09-27T00:00:00Z,SYNTH
API-BUDESONIDE,2024-08-01,ES,0.302375,FlowForge synthetic (TradeStat not downloaded; see ingest/tradestat.py),,2026-09-27T00:00:00Z,SYNTH
API-BUDESONIDE,2024-08-01,DE,0.166865,FlowForge synthetic (TradeStat not downloaded; see ingest/tradestat.py),,2026-09-27T00:00:00Z,SYNTH
API-BUDESONIDE,2024-09-01,CN,0.583428,FlowForge synthetic (TradeStat not downloaded; see ingest/tradestat.py),,2026-09-27T00:00:00Z,SYNTH
API-BUDESONIDE,2024-09-01,ES,0.292268,FlowForge synthetic (TradeStat not downloaded; see ingest/tradestat.py),,2026-09-27T00:00:00Z,SYNTH
API-BUDESONIDE,2024-09-01,DE,0.124304,FlowForge synthetic (TradeStat not downloaded; see ingest/tradestat.py),,2026-09-27T00:00:00Z,SYNTH
API-BUDESONIDE,2024-10-01,CN,0.578204,FlowForge synthetic (TradeStat not downloaded; see ingest/tradestat.py),,2026-09-27T00:00:00Z,SYNTH
API-BUDESONIDE,2024-10-01,ES,0.278431,FlowForge synthetic (TradeStat not downloaded; see ingest/tradestat.py),,2026-09-27T00:00:00Z,SYNTH
API-BUDESONIDE,2024-10-01,DE,0.143365,FlowForge synthetic (TradeStat not downloaded; see ingest/tradestat.py),,2026-09-27T00:00:00Z,SYNTH
API-BUDESONIDE,2024-11-01,CN,0.522079,FlowForge synthetic (TradeStat not downloaded; see ingest/tradestat.py),,2026-09-27T00:00:00Z,SYNTH
API-BUDESONIDE,2024-11-01,ES,0.359509,FlowForge synthetic (TradeStat not downloaded; see ingest/tradestat.py),,2026-09-27T00:00:00Z,SYNTH
API-BUDESONIDE,2024-11-01,DE,0.118412,FlowForge synthetic (TradeStat not downloaded; see ingest/tradestat.py),,2026-09-27T00:00:00Z,SYNTH
API-BUDESONIDE,2024-12-01,CN,0.572582,FlowForge synthetic (TradeStat not downloaded; see ingest/tradestat.py),,2026-09-27T00:00:00Z,SYNTH
API-BUDESONIDE,2024-12-01,ES,0.289333,FlowForge synthetic (TradeStat not downloaded; see ingest/tradestat.py),,2026-09-27T00:00:00Z,SYNTH
API-BUDESONIDE,2024-12-01,DE,0.138085,FlowForge synthetic (TradeStat not downloaded; see ingest/tradestat.py),,2026-09-27T00:00:00Z,SYNTH
API-BUDESONIDE,2025-01-01,CN,0.58878,FlowForge synthetic (TradeStat not downloaded; see ingest/tradestat.py),,2026-09-27T00:00:00Z,SYNTH
API-BUDESONIDE,2025-01-01,ES,0.271029,FlowForge synthetic (TradeStat not downloaded; see ingest/tradestat.py),,2026-09-27T00:00:00Z,SYNTH
API-BUDESONIDE,2025-01-01,DE,0.140191,FlowForge synthetic (TradeStat not downloaded; see ingest/tradestat.py),,2026-09-27T00:00:00Z,SYNTH
API-BUDESONIDE,2025-02-01,CN,0.566418,FlowForge synthetic (TradeStat not downloaded; see ingest/tradestat.py),,2026-09-27T00:00:00Z,SYNTH
API-BUDESONIDE,2025-02-01,ES,0.307194,FlowForge synthetic (TradeStat not downloaded; see ingest/tradestat.py),,2026-09-27T00:00:00Z,SYNTH
API-BUDESONIDE,2025-02-01,DE,0.126388,FlowForge synthetic (TradeStat not downloaded; see ingest/tradestat.py),,2026-09-27T00:00:00Z,SYNTH
API-BUDESONIDE,2025-03-01,CN,0.590105,FlowForge synthetic (TradeStat not downloaded; see ingest/tradestat.py),,2026-09-27T00:00:00Z,SYNTH
API-BUDESONIDE,2025-03-01,ES,0.277621,FlowForge synthetic (TradeStat not downloaded; see ingest/tradestat.py),,2026-09-27T00:00:00Z,SYNTH
API-BUDESONIDE,2025-03-01,DE,0.132274,FlowForge synthetic (TradeStat not downloaded; see ingest/tradestat.py),,2026-09-27T00:00:00Z,SYNTH
API-BUDESONIDE,2025-04-01,CN,0.600371,FlowForge synthetic (TradeStat not downloaded; see ingest/tradestat.py),,2026-09-27T00:00:00Z,SYNTH
API-BUDESONIDE,2025-04-01,ES,0.293146,FlowForge synthetic (TradeStat not downloaded; see ingest/tradestat.py),,2026-09-27T00:00:00Z,SYNTH
API-BUDESONIDE,2025-04-01,DE,0.106483,FlowForge synthetic (TradeStat not downloaded; see ingest/tradestat.py),,2026-09-27T00:00:00Z,SYNTH
API-BUDESONIDE,2025-05-01,CN,0.569983,FlowForge synthetic (TradeStat not downloaded; see ingest/tradestat.py),,2026-09-27T00:00:00Z,SYNTH
API-BUDESONIDE,2025-05-01,ES,0.289768,FlowForge synthetic (TradeStat not downloaded; see ingest/tradestat.py),,2026-09-27T00:00:00Z,SYNTH
API-BUDESONIDE,2025-05-01,DE,0.140248,FlowForge synthetic (TradeStat not downloaded; see ingest/tradestat.py),,2026-09-27T00:00:00Z,SYNTH
API-BUDESONIDE,2025-06-01,CN,0.584781,FlowForge synthetic (TradeStat not downloaded; see ingest/tradestat.py),,2026-09-27T00:00:00Z,SYNTH
API-BUDESONIDE,2025-06-01,ES,0.262571,FlowForge synthetic (TradeStat not downloaded; see ingest/tradestat.py),,2026-09-27T00:00:00Z,SYNTH
API-BUDESONIDE,2025-06-01,DE,0.152647,FlowForge synthetic (TradeStat not downloaded; see ingest/tradestat.py),,2026-09-27T00:00:00Z,SYNTH
API-BUDESONIDE,2025-07-01,CN,0.610139,FlowForge synthetic (TradeStat not downloaded; see ingest/tradestat.py),,2026-09-27T00:00:00Z,SYNTH
API-BUDESONIDE,2025-07-01,ES,0.269956,FlowForge synthetic (TradeStat not downloaded; see ingest/tradestat.py),,2026-09-27T00:00:00Z,SYNTH
API-BUDESONIDE,2025-07-01,DE,0.119906,FlowForge synthetic (TradeStat not downloaded; see ingest/tradestat.py),,2026-09-27T00:00:00Z,SYNTH
API-BUDESONIDE,2025-08-01,CN,0.582624,FlowForge synthetic (TradeStat not downloaded; see ingest/tradestat.py),,2026-09-27T00:00:00Z,SYNTH
API-BUDESONIDE,2025-08-01,ES,0.269804,FlowForge synthetic (TradeStat not downloaded; see ingest/tradestat.py),,2026-09-27T00:00:00Z,SYNTH
API-BUDESONIDE,2025-08-01,DE,0.147571,FlowForge synthetic (TradeStat not downloaded; see ingest/tradestat.py),,2026-09-27T00:00:00Z,SYNTH
API-BUDESONIDE,2025-09-01,CN,0.545527,FlowForge synthetic (TradeStat not downloaded; see ingest/tradestat.py),,2026-09-27T00:00:00Z,SYNTH
API-BUDESONIDE,2025-09-01,ES,0.31567,FlowForge synthetic (TradeStat not downloaded; see ingest/tradestat.py),,2026-09-27T00:00:00Z,SYNTH
API-BUDESONIDE,2025-09-01,DE,0.138803,FlowForge synthetic (TradeStat not downloaded; see ingest/tradestat.py),,2026-09-27T00:00:00Z,SYNTH
API-BUDESONIDE,2025-10-01,CN,0.600108,FlowForge synthetic (TradeStat not downloaded; see ingest/tradestat.py),,2026-09-27T00:00:00Z,SYNTH
API-BUDESONIDE,2025-10-01,ES,0.29595,FlowForge synthetic (TradeStat not downloaded; see ingest/tradestat.py),,2026-09-27T00:00:00Z,SYNTH
API-BUDESONIDE,2025-10-01,DE,0.103942,FlowForge synthetic (TradeStat not downloaded; see ingest/tradestat.py),,2026-09-27T00:00:00Z,SYNTH
API-BUDESONIDE,2025-11-01,CN,0.588949,FlowForge synthetic (TradeStat not downloaded; see ingest/tradestat.py),,2026-09-27T00:00:00Z,SYNTH
API-BUDESONIDE,2025-11-01,ES,0.291647,FlowForge synthetic (TradeStat not downloaded; see ingest/tradestat.py),,2026-09-27T00:00:00Z,SYNTH
API-BUDESONIDE,2025-11-01,DE,0.119403,FlowForge synthetic (TradeStat not downloaded; see ingest/tradestat.py),,2026-09-27T00:00:00Z,SYNTH
API-BUDESONIDE,2025-12-01,CN,0.61236,FlowForge synthetic (TradeStat not downloaded; see ingest/tradestat.py),,2026-09-27T00:00:00Z,SYNTH
API-BUDESONIDE,2025-12-01,ES,0.244862,FlowForge synthetic (TradeStat not downloaded; see ingest/tradestat.py),,2026-09-27T00:00:00Z,SYNTH
API-BUDESONIDE,2025-12-01,DE,0.142778,FlowForge synthetic (TradeStat not downloaded; see ingest/tradestat.py),,2026-09-27T00:00:00Z,SYNTH
API-BUDESONIDE,2026-01-01,CN,0.592455,FlowForge synthetic (TradeStat not downloaded; see ingest/tradestat.py),,2026-09-27T00:00:00Z,SYNTH
API-BUDESONIDE,2026-01-01,ES,0.263884,FlowForge synthetic (TradeStat not downloaded; see ingest/tradestat.py),,2026-09-27T00:00:00Z,SYNTH
API-BUDESONIDE,2026-01-01,DE,0.143662,FlowForge synthetic (TradeStat not downloaded; see ingest/tradestat.py),,2026-09-27T00:00:00Z,SYNTH
API-BUDESONIDE,2026-02-01,CN,0.57714,FlowForge synthetic (TradeStat not downloaded; see ingest/tradestat.py),,2026-09-27T00:00:00Z,SYNTH
API-BUDESONIDE,2026-02-01,ES,0.259982,FlowForge synthetic (TradeStat not downloaded; see ingest/tradestat.py),,2026-09-27T00:00:00Z,SYNTH
API-BUDESONIDE,2026-02-01,DE,0.162878,FlowForge synthetic (TradeStat not downloaded; see ingest/tradestat.py),,2026-09-27T00:00:00Z,SYNTH
API-BUDESONIDE,2026-03-01,CN,0.577509,FlowForge synthetic (TradeStat not downloaded; see ingest/tradestat.py),,2026-09-27T00:00:00Z,SYNTH
API-BUDESONIDE,2026-03-01,ES,0.291698,FlowForge synthetic (TradeStat not downloaded; see ingest/tradestat.py),,2026-09-27T00:00:00Z,SYNTH
API-BUDESONIDE,2026-03-01,DE,0.130793,FlowForge synthetic (TradeStat not downloaded; see ingest/tradestat.py),,2026-09-27T00:00:00Z,SYNTH
API-BUDESONIDE,2026-04-01,CN,0.57292,FlowForge synthetic (TradeStat not downloaded; see ingest/tradestat.py),,2026-09-27T00:00:00Z,SYNTH
API-BUDESONIDE,2026-04-01,ES,0.269187,FlowForge synthetic (TradeStat not downloaded; see ingest/tradestat.py),,2026-09-27T00:00:00Z,SYNTH
API-BUDESONIDE,2026-04-01,DE,0.157893,FlowForge synthetic (TradeStat not downloaded; see ingest/tradestat.py),,2026-09-27T00:00:00Z,SYNTH
API-BUDESONIDE,2026-05-01,CN,0.597271,FlowForge synthetic (TradeStat not downloaded; see ingest/tradestat.py),,2026-09-27T00:00:00Z,SYNTH
API-BUDESONIDE,2026-05-01,ES,0.274304,FlowForge synthetic (TradeStat not downloaded; see ingest/tradestat.py),,2026-09-27T00:00:00Z,SYNTH
API-BUDESONIDE,2026-05-01,DE,0.128425,FlowForge synthetic (TradeStat not downloaded; see ingest/tradestat.py),,2026-09-27T00:00:00Z,SYNTH
API-BUDESONIDE,2026-06-01,CN,0.559106,FlowForge synthetic (TradeStat not downloaded; see ingest/tradestat.py),,2026-09-27T00:00:00Z,SYNTH
API-BUDESONIDE,2026-06-01,ES,0.278024,FlowForge synthetic (TradeStat not downloaded; see ingest/tradestat.py),,2026-09-27T00:00:00Z,SYNTH
API-BUDESONIDE,2026-06-01,DE,0.16287,FlowForge synthetic (TradeStat not downloaded; see ingest/tradestat.py),,2026-09-27T00:00:00Z,SYNTH
API-BUDESONIDE,2026-07-01,CN,0.633993,FlowForge synthetic (TradeStat not downloaded; see ingest/tradestat.py),,2026-09-27T00:00:00Z,SYNTH
API-BUDESONIDE,2026-07-01,ES,0.268986,FlowForge synthetic (TradeStat not downloaded; see ingest/tradestat.py),,2026-09-27T00:00:00Z,SYNTH
API-BUDESONIDE,2026-07-01,DE,0.09702,FlowForge synthetic (TradeStat not downloaded; see ingest/tradestat.py),,2026-09-27T00:00:00Z,SYNTH
API-BUDESONIDE,2026-08-01,CN,0.61965,FlowForge synthetic (TradeStat not downloaded; see ingest/tradestat.py),,2026-09-27T00:00:00Z,SYNTH
API-BUDESONIDE,2026-08-01,ES,0.25954,FlowForge synthetic (TradeStat not downloaded; see ingest/tradestat.py),,2026-09-27T00:00:00Z,SYNTH
API-BUDESONIDE,2026-08-01,DE,0.12081,FlowForge synthetic (TradeStat not downloaded; see ingest/tradestat.py),,2026-09-27T00:00:00Z,SYNTH
API-BUDESONIDE,2026-09-01,CN,0.606193,FlowForge synthetic (TradeStat not downloaded; see ingest/tradestat.py),,2026-09-27T00:00:00Z,SYNTH
API-BUDESONIDE,2026-09-01,ES,0.294532,FlowForge synthetic (TradeStat not downloaded; see ingest/tradestat.py),,2026-09-27T00:00:00Z,SYNTH
API-BUDESONIDE,2026-09-01,DE,0.099275,FlowForge synthetic (TradeStat not downloaded; see ingest/tradestat.py),,2026-09-27T00:00:00Z,SYNTH
API-CARBOPLATIN,2023-10-01,CN,0.526683,FlowForge synthetic (TradeStat not downloaded; see ingest/tradestat.py),,2026-09-27T00:00:00Z,SYNTH
API-CARBOPLATIN,2023-10-01,JP,0.08881,FlowForge synthetic (TradeStat not downloaded; see ingest/tradestat.py),,2026-09-27T00:00:00Z,SYNTH
API-CARBOPLATIN,2023-10-01,US,0.207221,FlowForge synthetic (TradeStat not downloaded; see ingest/tradestat.py),,2026-09-27T00:00:00Z,SYNTH
API-CARBOPLATIN,2023-10-01,DE,0.177286,FlowForge synthetic (TradeStat not downloaded; see ingest/tradestat.py),,2026-09-27T00:00:00Z,SYNTH
API-CARBOPLATIN,2023-11-01,CN,0.504159,FlowForge synthetic (TradeStat not downloaded; see ingest/tradestat.py),,2026-09-27T00:00:00Z,SYNTH
API-CARBOPLATIN,2023-11-01,JP,0.097126,FlowForge synthetic (TradeStat not downloaded; see ingest/tradestat.py),,2026-09-27T00:00:00Z,SYNTH
API-CARBOPLATIN,2023-11-01,US,0.184728,FlowForge synthetic (TradeStat not downloaded; see ingest/tradestat.py),,2026-09-27T00:00:00Z,SYNTH
API-CARBOPLATIN,2023-11-01,DE,0.213986,FlowForge synthetic (TradeStat not downloaded; see ingest/tradestat.py),,2026-09-27T00:00:00Z,SYNTH
API-CARBOPLATIN,2023-12-01,CN,0.554446,FlowForge synthetic (TradeStat not downloaded; see ingest/tradestat.py),,2026-09-27T00:00:00Z,SYNTH
API-CARBOPLATIN,2023-12-01,JP,0.09239,FlowForge synthetic (TradeStat not downloaded; see ingest/tradestat.py),,2026-09-27T00:00:00Z,SYNTH
API-CARBOPLATIN,2023-12-01,US,0.229536,FlowForge synthetic (TradeStat not downloaded; see ingest/tradestat.py),,2026-09-27T00:00:00Z,SYNTH
API-CARBOPLATIN,2023-12-01,DE,0.123628,FlowForge synthetic (TradeStat not downloaded; see ingest/tradestat.py),,2026-09-27T00:00:00Z,SYNTH
API-CARBOPLATIN,2024-01-01,CN,0.536887,FlowForge synthetic (TradeStat not downloaded; see ingest/tradestat.py),,2026-09-27T00:00:00Z,SYNTH
API-CARBOPLATIN,2024-01-01,JP,0.068382,FlowForge synthetic (TradeStat not downloaded; see ingest/tradestat.py),,2026-09-27T00:00:00Z,SYNTH
API-CARBOPLATIN,2024-01-01,US,0.25473,FlowForge synthetic (TradeStat not downloaded; see ingest/tradestat.py),,2026-09-27T00:00:00Z,SYNTH
API-CARBOPLATIN,2024-01-01,DE,0.140001,FlowForge synthetic (TradeStat not downloaded; see ingest/tradestat.py),,2026-09-27T00:00:00Z,SYNTH
API-CARBOPLATIN,2024-02-01,CN,0.587016,FlowForge synthetic (TradeStat not downloaded; see ingest/tradestat.py),,2026-09-27T00:00:00Z,SYNTH
API-CARBOPLATIN,2024-02-01,JP,0.101767,FlowForge synthetic (TradeStat not downloaded; see ingest/tradestat.py),,2026-09-27T00:00:00Z,SYNTH
API-CARBOPLATIN,2024-02-01,US,0.204012,FlowForge synthetic (TradeStat not downloaded; see ingest/tradestat.py),,2026-09-27T00:00:00Z,SYNTH
API-CARBOPLATIN,2024-02-01,DE,0.107205,FlowForge synthetic (TradeStat not downloaded; see ingest/tradestat.py),,2026-09-27T00:00:00Z,SYNTH
API-CARBOPLATIN,2024-03-01,CN,0.519227,FlowForge synthetic (TradeStat not downloaded; see ingest/tradestat.py),,2026-09-27T00:00:00Z,SYNTH
API-CARBOPLATIN,2024-03-01,JP,0.083618,FlowForge synthetic (TradeStat not downloaded; see ingest/tradestat.py),,2026-09-27T00:00:00Z,SYNTH
API-CARBOPLATIN,2024-03-01,US,0.249559,FlowForge synthetic (TradeStat not downloaded; see ingest/tradestat.py),,2026-09-27T00:00:00Z,SYNTH
API-CARBOPLATIN,2024-03-01,DE,0.147596,FlowForge synthetic (TradeStat not downloaded; see ingest/tradestat.py),,2026-09-27T00:00:00Z,SYNTH
API-CARBOPLATIN,2024-04-01,CN,0.587663,FlowForge synthetic (TradeStat not downloaded; see ingest/tradestat.py),,2026-09-27T00:00:00Z,SYNTH
API-CARBOPLATIN,2024-04-01,JP,0.050609,FlowForge synthetic (TradeStat not downloaded; see ingest/tradestat.py),,2026-09-27T00:00:00Z,SYNTH
API-CARBOPLATIN,2024-04-01,US,0.210749,FlowForge synthetic (TradeStat not downloaded; see ingest/tradestat.py),,2026-09-27T00:00:00Z,SYNTH
API-CARBOPLATIN,2024-04-01,DE,0.150979,FlowForge synthetic (TradeStat not downloaded; see ingest/tradestat.py),,2026-09-27T00:00:00Z,SYNTH
API-CARBOPLATIN,2024-05-01,CN,0.603945,FlowForge synthetic (TradeStat not downloaded; see ingest/tradestat.py),,2026-09-27T00:00:00Z,SYNTH
API-CARBOPLATIN,2024-05-01,JP,0.017029,FlowForge synthetic (TradeStat not downloaded; see ingest/tradestat.py),,2026-09-27T00:00:00Z,SYNTH
API-CARBOPLATIN,2024-05-01,US,0.213468,FlowForge synthetic (TradeStat not downloaded; see ingest/tradestat.py),,2026-09-27T00:00:00Z,SYNTH
API-CARBOPLATIN,2024-05-01,DE,0.165558,FlowForge synthetic (TradeStat not downloaded; see ingest/tradestat.py),,2026-09-27T00:00:00Z,SYNTH
API-CARBOPLATIN,2024-06-01,CN,0.538601,FlowForge synthetic (TradeStat not downloaded; see ingest/tradestat.py),,2026-09-27T00:00:00Z,SYNTH
API-CARBOPLATIN,2024-06-01,JP,0.066182,FlowForge synthetic (TradeStat not downloaded; see ingest/tradestat.py),,2026-09-27T00:00:00Z,SYNTH
API-CARBOPLATIN,2024-06-01,US,0.242968,FlowForge synthetic (TradeStat not downloaded; see ingest/tradestat.py),,2026-09-27T00:00:00Z,SYNTH
API-CARBOPLATIN,2024-06-01,DE,0.152248,FlowForge synthetic (TradeStat not downloaded; see ingest/tradestat.py),,2026-09-27T00:00:00Z,SYNTH
API-CARBOPLATIN,2024-07-01,CN,0.593271,FlowForge synthetic (TradeStat not downloaded; see ingest/tradestat.py),,2026-09-27T00:00:00Z,SYNTH
API-CARBOPLATIN,2024-07-01,JP,0.041544,FlowForge synthetic (TradeStat not downloaded; see ingest/tradestat.py),,2026-09-27T00:00:00Z,SYNTH
API-CARBOPLATIN,2024-07-01,US,0.229973,FlowForge synthetic (TradeStat not downloaded; see ingest/tradestat.py),,2026-09-27T00:00:00Z,SYNTH
API-CARBOPLATIN,2024-07-01,DE,0.135212,FlowForge synthetic (TradeStat not downloaded; see ingest/tradestat.py),,2026-09-27T00:00:00Z,SYNTH
API-CARBOPLATIN,2024-08-01,CN,0.574042,FlowForge synthetic (TradeStat not downloaded; see ingest/tradestat.py),,2026-09-27T00:00:00Z,SYNTH
API-CARBOPLATIN,2024-08-01,JP,0.037154,FlowForge synthetic (TradeStat not downloaded; see ingest/tradestat.py),,2026-09-27T00:00:00Z,SYNTH
API-CARBOPLATIN,2024-08-01,US,0.274814,FlowForge synthetic (TradeStat not downloaded; see ingest/tradestat.py),,2026-09-27T00:00:00Z,SYNTH
API-CARBOPLATIN,2024-08-01,DE,0.11399,FlowForge synthetic (TradeStat not downloaded; see ingest/tradestat.py),,2026-09-27T00:00:00Z,SYNTH
API-CARBOPLATIN,2024-09-01,CN,0.510767,FlowForge synthetic (TradeStat not downloaded; see ingest/tradestat.py),,2026-09-27T00:00:00Z,SYNTH
API-CARBOPLATIN,2024-09-01,JP,0.072875,FlowForge synthetic (TradeStat not downloaded; see ingest/tradestat.py),,2026-09-27T00:00:00Z,SYNTH
API-CARBOPLATIN,2024-09-01,US,0.26946,FlowForge synthetic (TradeStat not downloaded; see ingest/tradestat.py),,2026-09-27T00:00:00Z,SYNTH
API-CARBOPLATIN,2024-09-01,DE,0.146897,FlowForge synthetic (TradeStat not downloaded; see ingest/tradestat.py),,2026-09-27T00:00:00Z,SYNTH
API-CARBOPLATIN,2024-10-01,CN,0.594039,FlowForge synthetic (TradeStat not downloaded; see ingest/tradestat.py),,2026-09-27T00:00:00Z,SYNTH
API-CARBOPLATIN,2024-10-01,JP,0.014677,FlowForge synthetic (TradeStat not downloaded; see ingest/tradestat.py),,2026-09-27T00:00:00Z,SYNTH
API-CARBOPLATIN,2024-10-01,US,0.249611,FlowForge synthetic (TradeStat not downloaded; see ingest/tradestat.py),,2026-09-27T00:00:00Z,SYNTH
API-CARBOPLATIN,2024-10-01,DE,0.141674,FlowForge synthetic (TradeStat not downloaded; see ingest/tradestat.py),,2026-09-27T00:00:00Z,SYNTH
API-CARBOPLATIN,2024-11-01,CN,0.562664,FlowForge synthetic (TradeStat not downloaded; see ingest/tradestat.py),,2026-09-27T00:00:00Z,SYNTH
API-CARBOPLATIN,2024-11-01,JP,0.053903,FlowForge synthetic (TradeStat not downloaded; see ingest/tradestat.py),,2026-09-27T00:00:00Z,SYNTH
API-CARBOPLATIN,2024-11-01,US,0.215039,FlowForge synthetic (TradeStat not downloaded; see ingest/tradestat.py),,2026-09-27T00:00:00Z,SYNTH
API-CARBOPLATIN,2024-11-01,DE,0.168395,FlowForge synthetic (TradeStat not downloaded; see ingest/tradestat.py),,2026-09-27T00:00:00Z,SYNTH
API-CARBOPLATIN,2024-12-01,CN,0.527661,FlowForge synthetic (TradeStat not downloaded; see ingest/tradestat.py),,2026-09-27T00:00:00Z,SYNTH
API-CARBOPLATIN,2024-12-01,JP,0.06553,FlowForge synthetic (TradeStat not downloaded; see ingest/tradestat.py),,2026-09-27T00:00:00Z,SYNTH
API-CARBOPLATIN,2024-12-01,US,0.253528,FlowForge synthetic (TradeStat not downloaded; see ingest/tradestat.py),,2026-09-27T00:00:00Z,SYNTH
API-CARBOPLATIN,2024-12-01,DE,0.153282,FlowForge synthetic (TradeStat not downloaded; see ingest/tradestat.py),,2026-09-27T00:00:00Z,SYNTH
API-CARBOPLATIN,2025-01-01,CN,0.572399,FlowForge synthetic (TradeStat not downloaded; see ingest/tradestat.py),,2026-09-27T00:00:00Z,SYNTH
API-CARBOPLATIN,2025-01-01,JP,0.063715,FlowForge synthetic (TradeStat not downloaded; see ingest/tradestat.py),,2026-09-27T00:00:00Z,SYNTH
API-CARBOPLATIN,2025-01-01,US,0.219794,FlowForge synthetic (TradeStat not downloaded; see ingest/tradestat.py),,2026-09-27T00:00:00Z,SYNTH
API-CARBOPLATIN,2025-01-01,DE,0.144091,FlowForge synthetic (TradeStat not downloaded; see ingest/tradestat.py),,2026-09-27T00:00:00Z,SYNTH
API-CARBOPLATIN,2025-02-01,CN,0.53553,FlowForge synthetic (TradeStat not downloaded; see ingest/tradestat.py),,2026-09-27T00:00:00Z,SYNTH
API-CARBOPLATIN,2025-02-01,JP,0.058708,FlowForge synthetic (TradeStat not downloaded; see ingest/tradestat.py),,2026-09-27T00:00:00Z,SYNTH
API-CARBOPLATIN,2025-02-01,US,0.230927,FlowForge synthetic (TradeStat not downloaded; see ingest/tradestat.py),,2026-09-27T00:00:00Z,SYNTH
API-CARBOPLATIN,2025-02-01,DE,0.174835,FlowForge synthetic (TradeStat not downloaded; see ingest/tradestat.py),,2026-09-27T00:00:00Z,SYNTH
API-CARBOPLATIN,2025-03-01,CN,0.555581,FlowForge synthetic (TradeStat not downloaded; see ingest/tradestat.py),,2026-09-27T00:00:00Z,SYNTH
API-CARBOPLATIN,2025-03-01,JP,0.047002,FlowForge synthetic (TradeStat not downloaded; see ingest/tradestat.py),,2026-09-27T00:00:00Z,SYNTH
API-CARBOPLATIN,2025-03-01,US,0.215631,FlowForge synthetic (TradeStat not downloaded; see ingest/tradestat.py),,2026-09-27T00:00:00Z,SYNTH
API-CARBOPLATIN,2025-03-01,DE,0.181787,FlowForge synthetic (TradeStat not downloaded; see ingest/tradestat.py),,2026-09-27T00:00:00Z,SYNTH
API-CARBOPLATIN,2025-04-01,CN,0.582825,FlowForge synthetic (TradeStat not downloaded; see ingest/tradestat.py),,2026-09-27T00:00:00Z,SYNTH
API-CARBOPLATIN,2025-04-01,JP,0.025792,FlowForge synthetic (TradeStat not downloaded; see ingest/tradestat.py),,2026-09-27T00:00:00Z,SYNTH
API-CARBOPLATIN,2025-04-01,US,0.27872,FlowForge synthetic (TradeStat not downloaded; see ingest/tradestat.py),,2026-09-27T00:00:00Z,SYNTH
API-CARBOPLATIN,2025-04-01,DE,0.112663,FlowForge synthetic (TradeStat not downloaded; see ingest/tradestat.py),,2026-09-27T00:00:00Z,SYNTH
API-CARBOPLATIN,2025-05-01,CN,0.489023,FlowForge synthetic (TradeStat not downloaded; see ingest/tradestat.py),,2026-09-27T00:00:00Z,SYNTH
API-CARBOPLATIN,2025-05-01,JP,0.090832,FlowForge synthetic (TradeStat not downloaded; see ingest/tradestat.py),,2026-09-27T00:00:00Z,SYNTH
API-CARBOPLATIN,2025-05-01,US,0.26916,FlowForge synthetic (TradeStat not downloaded; see ingest/tradestat.py),,2026-09-27T00:00:00Z,SYNTH
API-CARBOPLATIN,2025-05-01,DE,0.150985,FlowForge synthetic (TradeStat not downloaded; see ingest/tradestat.py),,2026-09-27T00:00:00Z,SYNTH
API-CARBOPLATIN,2025-06-01,CN,0.595761,FlowForge synthetic (TradeStat not downloaded; see ingest/tradestat.py),,2026-09-27T00:00:00Z,SYNTH
API-CARBOPLATIN,2025-06-01,JP,0.07427,FlowForge synthetic (TradeStat not downloaded; see ingest/tradestat.py),,2026-09-27T00:00:00Z,SYNTH
API-CARBOPLATIN,2025-06-01,US,0.162704,FlowForge synthetic (TradeStat not downloaded; see ingest/tradestat.py),,2026-09-27T00:00:00Z,SYNTH
API-CARBOPLATIN,2025-06-01,DE,0.167265,FlowForge synthetic (TradeStat not downloaded; see ingest/tradestat.py),,2026-09-27T00:00:00Z,SYNTH
API-CARBOPLATIN,2025-07-01,CN,0.57318,FlowForge synthetic (TradeStat not downloaded; see ingest/tradestat.py),,2026-09-27T00:00:00Z,SYNTH
API-CARBOPLATIN,2025-07-01,JP,0.071936,FlowForge synthetic (TradeStat not downloaded; see ingest/tradestat.py),,2026-09-27T00:00:00Z,SYNTH
API-CARBOPLATIN,2025-07-01,US,0.236552,FlowForge synthetic (TradeStat not downloaded; see ingest/tradestat.py),,2026-09-27T00:00:00Z,SYNTH
API-CARBOPLATIN,2025-07-01,DE,0.118332,FlowForge synthetic (TradeStat not downloaded; see ingest/tradestat.py),,2026-09-27T00:00:00Z,SYNTH
API-CARBOPLATIN,2025-08-01,CN,0.592386,FlowForge synthetic (TradeStat not downloaded; see ingest/tradestat.py),,2026-09-27T00:00:00Z,SYNTH
API-CARBOPLATIN,2025-08-01,JP,0.102062,FlowForge synthetic (TradeStat not downloaded; see ingest/tradestat.py),,2026-09-27T00:00:00Z,SYNTH
API-CARBOPLATIN,2025-08-01,US,0.194043,FlowForge synthetic (TradeStat not downloaded; see ingest/tradestat.py),,2026-09-27T00:00:00Z,SYNTH
API-CARBOPLATIN,2025-08-01,DE,0.111509,FlowForge synthetic (TradeStat not downloaded; see ingest/tradestat.py),,2026-09-27T00:00:00Z,SYNTH
API-CARBOPLATIN,2025-09-01,CN,0.562877,FlowForge synthetic (TradeStat not downloaded; see ingest/tradestat.py),,2026-09-27T00:00:00Z,SYNTH
API-CARBOPLATIN,2025-09-01,JP,0.106987,FlowForge synthetic (TradeStat not downloaded; see ingest/tradestat.py),,2026-09-27T00:00:00Z,SYNTH
API-CARBOPLATIN,2025-09-01,US,0.227409,FlowForge synthetic (TradeStat not downloaded; see ingest/tradestat.py),,2026-09-27T00:00:00Z,SYNTH
API-CARBOPLATIN,2025-09-01,DE,0.102727,FlowForge synthetic (TradeStat not downloaded; see ingest/tradestat.py),,2026-09-27T00:00:00Z,SYNTH
API-CARBOPLATIN,2025-10-01,CN,0.565665,FlowForge synthetic (TradeStat not downloaded; see ingest/tradestat.py),,2026-09-27T00:00:00Z,SYNTH
API-CARBOPLATIN,2025-10-01,JP,0.093965,FlowForge synthetic (TradeStat not downloaded; see ingest/tradestat.py),,2026-09-27T00:00:00Z,SYNTH
API-CARBOPLATIN,2025-10-01,US,0.21123,FlowForge synthetic (TradeStat not downloaded; see ingest/tradestat.py),,2026-09-27T00:00:00Z,SYNTH
API-CARBOPLATIN,2025-10-01,DE,0.12914,FlowForge synthetic (TradeStat not downloaded; see ingest/tradestat.py),,2026-09-27T00:00:00Z,SYNTH
API-CARBOPLATIN,2025-11-01,CN,0.585527,FlowForge synthetic (TradeStat not downloaded; see ingest/tradestat.py),,2026-09-27T00:00:00Z,SYNTH
API-CARBOPLATIN,2025-11-01,JP,0.063405,FlowForge synthetic (TradeStat not downloaded; see ingest/tradestat.py),,2026-09-27T00:00:00Z,SYNTH
API-CARBOPLATIN,2025-11-01,US,0.26064,FlowForge synthetic (TradeStat not downloaded; see ingest/tradestat.py),,2026-09-27T00:00:00Z,SYNTH
API-CARBOPLATIN,2025-11-01,DE,0.090428,FlowForge synthetic (TradeStat not downloaded; see ingest/tradestat.py),,2026-09-27T00:00:00Z,SYNTH
API-CARBOPLATIN,2025-12-01,CN,0.619539,FlowForge synthetic (TradeStat not downloaded; see ingest/tradestat.py),,2026-09-27T00:00:00Z,SYNTH
API-CARBOPLATIN,2025-12-01,JP,0.053856,FlowForge synthetic (TradeStat not downloaded; see ingest/tradestat.py),,2026-09-27T00:00:00Z,SYNTH
API-CARBOPLATIN,2025-12-01,US,0.184214,FlowForge synthetic (TradeStat not downloaded; see ingest/tradestat.py),,2026-09-27T00:00:00Z,SYNTH
API-CARBOPLATIN,2025-12-01,DE,0.142391,FlowForge synthetic (TradeStat not downloaded; see ingest/tradestat.py),,2026-09-27T00:00:00Z,SYNTH
API-CARBOPLATIN,2026-01-01,CN,0.542982,FlowForge synthetic (TradeStat not downloaded; see ingest/tradestat.py),,2026-09-27T00:00:00Z,SYNTH
API-CARBOPLATIN,2026-01-01,JP,0.083524,FlowForge synthetic (TradeStat not downloaded; see ingest/tradestat.py),,2026-09-27T00:00:00Z,SYNTH
API-CARBOPLATIN,2026-01-01,US,0.240164,FlowForge synthetic (TradeStat not downloaded; see ingest/tradestat.py),,2026-09-27T00:00:00Z,SYNTH
API-CARBOPLATIN,2026-01-01,DE,0.13333,FlowForge synthetic (TradeStat not downloaded; see ingest/tradestat.py),,2026-09-27T00:00:00Z,SYNTH
API-CARBOPLATIN,2026-02-01,CN,0.593473,FlowForge synthetic (TradeStat not downloaded; see ingest/tradestat.py),,2026-09-27T00:00:00Z,SYNTH
API-CARBOPLATIN,2026-02-01,JP,0.033438,FlowForge synthetic (TradeStat not downloaded; see ingest/tradestat.py),,2026-09-27T00:00:00Z,SYNTH
API-CARBOPLATIN,2026-02-01,US,0.210973,FlowForge synthetic (TradeStat not downloaded; see ingest/tradestat.py),,2026-09-27T00:00:00Z,SYNTH
API-CARBOPLATIN,2026-02-01,DE,0.162116,FlowForge synthetic (TradeStat not downloaded; see ingest/tradestat.py),,2026-09-27T00:00:00Z,SYNTH
API-CARBOPLATIN,2026-03-01,CN,0.513348,FlowForge synthetic (TradeStat not downloaded; see ingest/tradestat.py),,2026-09-27T00:00:00Z,SYNTH
API-CARBOPLATIN,2026-03-01,JP,0.060911,FlowForge synthetic (TradeStat not downloaded; see ingest/tradestat.py),,2026-09-27T00:00:00Z,SYNTH
API-CARBOPLATIN,2026-03-01,US,0.246233,FlowForge synthetic (TradeStat not downloaded; see ingest/tradestat.py),,2026-09-27T00:00:00Z,SYNTH
API-CARBOPLATIN,2026-03-01,DE,0.179509,FlowForge synthetic (TradeStat not downloaded; see ingest/tradestat.py),,2026-09-27T00:00:00Z,SYNTH
API-CARBOPLATIN,2026-04-01,CN,0.528484,FlowForge synthetic (TradeStat not downloaded; see ingest/tradestat.py),,2026-09-27T00:00:00Z,SYNTH
API-CARBOPLATIN,2026-04-01,JP,0.0781,FlowForge synthetic (TradeStat not downloaded; see ingest/tradestat.py),,2026-09-27T00:00:00Z,SYNTH
API-CARBOPLATIN,2026-04-01,US,0.229318,FlowForge synthetic (TradeStat not downloaded; see ingest/tradestat.py),,2026-09-27T00:00:00Z,SYNTH
API-CARBOPLATIN,2026-04-01,DE,0.164097,FlowForge synthetic (TradeStat not downloaded; see ingest/tradestat.py),,2026-09-27T00:00:00Z,SYNTH
API-CARBOPLATIN,2026-05-01,CN,0.518216,FlowForge synthetic (TradeStat not downloaded; see ingest/tradestat.py),,2026-09-27T00:00:00Z,SYNTH
API-CARBOPLATIN,2026-05-01,JP,0.108891,FlowForge synthetic (TradeStat not downloaded; see ingest/tradestat.py),,2026-09-27T00:00:00Z,SYNTH
API-CARBOPLATIN,2026-05-01,US,0.241283,FlowForge synthetic (TradeStat not downloaded; see ingest/tradestat.py),,2026-09-27T00:00:00Z,SYNTH
API-CARBOPLATIN,2026-05-01,DE,0.13161,FlowForge synthetic (TradeStat not downloaded; see ingest/tradestat.py),,2026-09-27T00:00:00Z,SYNTH
API-CARBOPLATIN,2026-06-01,CN,0.558283,FlowForge synthetic (TradeStat not downloaded; see ingest/tradestat.py),,2026-09-27T00:00:00Z,SYNTH
API-CARBOPLATIN,2026-06-01,JP,0.013086,FlowForge synthetic (TradeStat not downloaded; see ingest/tradestat.py),,2026-09-27T00:00:00Z,SYNTH
API-CARBOPLATIN,2026-06-01,US,0.218594,FlowForge synthetic (TradeStat not downloaded; see ingest/tradestat.py),,2026-09-27T00:00:00Z,SYNTH
API-CARBOPLATIN,2026-06-01,DE,0.210036,FlowForge synthetic (TradeStat not downloaded; see ingest/tradestat.py),,2026-09-27T00:00:00Z,SYNTH
API-CARBOPLATIN,2026-07-01,CN,0.539282,FlowForge synthetic (TradeStat not downloaded; see ingest/tradestat.py),,2026-09-27T00:00:00Z,SYNTH
API-CARBOPLATIN,2026-07-01,JP,0.02706,FlowForge synthetic (TradeStat not downloaded; see ingest/tradestat.py),,2026-09-27T00:00:00Z,SYNTH
API-CARBOPLATIN,2026-07-01,US,0.240269,FlowForge synthetic (TradeStat not downloaded; see ingest/tradestat.py),,2026-09-27T00:00:00Z,SYNTH
API-CARBOPLATIN,2026-07-01,DE,0.19339,FlowForge synthetic (TradeStat not downloaded; see ingest/tradestat.py),,2026-09-27T00:00:00Z,SYNTH
API-CARBOPLATIN,2026-08-01,CN,0.559659,FlowForge synthetic (TradeStat not downloaded; see ingest/tradestat.py),,2026-09-27T00:00:00Z,SYNTH
API-CARBOPLATIN,2026-08-01,JP,0.048247,FlowForge synthetic (TradeStat not downloaded; see ingest/tradestat.py),,2026-09-27T00:00:00Z,SYNTH
API-CARBOPLATIN,2026-08-01,US,0.244448,FlowForge synthetic (TradeStat not downloaded; see ingest/tradestat.py),,2026-09-27T00:00:00Z,SYNTH
API-CARBOPLATIN,2026-08-01,DE,0.147647,FlowForge synthetic (TradeStat not downloaded; see ingest/tradestat.py),,2026-09-27T00:00:00Z,SYNTH
API-CARBOPLATIN,2026-09-01,CN,0.529094,FlowForge synthetic (TradeStat not downloaded; see ingest/tradestat.py),,2026-09-27T00:00:00Z,SYNTH
API-CARBOPLATIN,2026-09-01,JP,0.031558,FlowForge synthetic (TradeStat not downloaded; see ingest/tradestat.py),,2026-09-27T00:00:00Z,SYNTH
API-CARBOPLATIN,2026-09-01,US,0.266658,FlowForge synthetic (TradeStat not downloaded; see ingest/tradestat.py),,2026-09-27T00:00:00Z,SYNTH
API-CARBOPLATIN,2026-09-01,DE,0.17269,FlowForge synthetic (TradeStat not downloaded; see ingest/tradestat.py),,2026-09-27T00:00:00Z,SYNTH
API-CEFADROXIL,2023-10-01,ES,0.686176,FlowForge synthetic (TradeStat not downloaded; see ingest/tradestat.py),,2026-09-27T00:00:00Z,SYNTH
API-CEFADROXIL,2023-10-01,JP,0.313824,FlowForge synthetic (TradeStat not downloaded; see ingest/tradestat.py),,2026-09-27T00:00:00Z,SYNTH
API-CEFADROXIL,2023-11-01,ES,0.661226,FlowForge synthetic (TradeStat not downloaded; see ingest/tradestat.py),,2026-09-27T00:00:00Z,SYNTH
API-CEFADROXIL,2023-11-01,JP,0.338774,FlowForge synthetic (TradeStat not downloaded; see ingest/tradestat.py),,2026-09-27T00:00:00Z,SYNTH
API-CEFADROXIL,2023-12-01,ES,0.655339,FlowForge synthetic (TradeStat not downloaded; see ingest/tradestat.py),,2026-09-27T00:00:00Z,SYNTH
API-CEFADROXIL,2023-12-01,JP,0.344661,FlowForge synthetic (TradeStat not downloaded; see ingest/tradestat.py),,2026-09-27T00:00:00Z,SYNTH
API-CEFADROXIL,2024-01-01,ES,0.653091,FlowForge synthetic (TradeStat not downloaded; see ingest/tradestat.py),,2026-09-27T00:00:00Z,SYNTH
API-CEFADROXIL,2024-01-01,JP,0.346909,FlowForge synthetic (TradeStat not downloaded; see ingest/tradestat.py),,2026-09-27T00:00:00Z,SYNTH
API-CEFADROXIL,2024-02-01,ES,0.677691,FlowForge synthetic (TradeStat not downloaded; see ingest/tradestat.py),,2026-09-27T00:00:00Z,SYNTH
API-CEFADROXIL,2024-02-01,JP,0.322309,FlowForge synthetic (TradeStat not downloaded; see ingest/tradestat.py),,2026-09-27T00:00:00Z,SYNTH
API-CEFADROXIL,2024-03-01,ES,0.622058,FlowForge synthetic (TradeStat not downloaded; see ingest/tradestat.py),,2026-09-27T00:00:00Z,SYNTH
API-CEFADROXIL,2024-03-01,JP,0.377942,FlowForge synthetic (TradeStat not downloaded; see ingest/tradestat.py),,2026-09-27T00:00:00Z,SYNTH
API-CEFADROXIL,2024-04-01,ES,0.644882,FlowForge synthetic (TradeStat not downloaded; see ingest/tradestat.py),,2026-09-27T00:00:00Z,SYNTH
API-CEFADROXIL,2024-04-01,JP,0.355118,FlowForge synthetic (TradeStat not downloaded; see ingest/tradestat.py),,2026-09-27T00:00:00Z,SYNTH
API-CEFADROXIL,2024-05-01,ES,0.615439,FlowForge synthetic (TradeStat not downloaded; see ingest/tradestat.py),,2026-09-27T00:00:00Z,SYNTH
API-CEFADROXIL,2024-05-01,JP,0.384561,FlowForge synthetic (TradeStat not downloaded; see ingest/tradestat.py),,2026-09-27T00:00:00Z,SYNTH
API-CEFADROXIL,2024-06-01,ES,0.61604,FlowForge synthetic (TradeStat not downloaded; see ingest/tradestat.py),,2026-09-27T00:00:00Z,SYNTH
API-CEFADROXIL,2024-06-01,JP,0.38396,FlowForge synthetic (TradeStat not downloaded; see ingest/tradestat.py),,2026-09-27T00:00:00Z,SYNTH
API-CEFADROXIL,2024-07-01,ES,0.642909,FlowForge synthetic (TradeStat not downloaded; see ingest/tradestat.py),,2026-09-27T00:00:00Z,SYNTH
API-CEFADROXIL,2024-07-01,JP,0.357091,FlowForge synthetic (TradeStat not downloaded; see ingest/tradestat.py),,2026-09-27T00:00:00Z,SYNTH
API-CEFADROXIL,2024-08-01,ES,0.617358,FlowForge synthetic (TradeStat not downloaded; see ingest/tradestat.py),,2026-09-27T00:00:00Z,SYNTH
API-CEFADROXIL,2024-08-01,JP,0.382642,FlowForge synthetic (TradeStat not downloaded; see ingest/tradestat.py),,2026-09-27T00:00:00Z,SYNTH
API-CEFADROXIL,2024-09-01,ES,0.633847,FlowForge synthetic (TradeStat not downloaded; see ingest/tradestat.py),,2026-09-27T00:00:00Z,SYNTH
API-CEFADROXIL,2024-09-01,JP,0.366153,FlowForge synthetic (TradeStat not downloaded; see ingest/tradestat.py),,2026-09-27T00:00:00Z,SYNTH
API-CEFADROXIL,2024-10-01,ES,0.660366,FlowForge synthetic (TradeStat not downloaded; see ingest/tradestat.py),,2026-09-27T00:00:00Z,SYNTH
API-CEFADROXIL,2024-10-01,JP,0.339634,FlowForge synthetic (TradeStat not downloaded; see ingest/tradestat.py),,2026-09-27T00:00:00Z,SYNTH
API-CEFADROXIL,2024-11-01,ES,0.667219,FlowForge synthetic (TradeStat not downloaded; see ingest/tradestat.py),,2026-09-27T00:00:00Z,SYNTH
API-CEFADROXIL,2024-11-01,JP,0.332781,FlowForge synthetic (TradeStat not downloaded; see ingest/tradestat.py),,2026-09-27T00:00:00Z,SYNTH
API-CEFADROXIL,2024-12-01,ES,0.668555,FlowForge synthetic (TradeStat not downloaded; see ingest/tradestat.py),,2026-09-27T00:00:00Z,SYNTH
API-CEFADROXIL,2024-12-01,JP,0.331445,FlowForge synthetic (TradeStat not downloaded; see ingest/tradestat.py),,2026-09-27T00:00:00Z,SYNTH
API-CEFADROXIL,2025-01-01,ES,0.679369,FlowForge synthetic (TradeStat not downloaded; see ingest/tradestat.py),,2026-09-27T00:00:00Z,SYNTH
API-CEFADROXIL,2025-01-01,JP,0.320631,FlowForge synthetic (TradeStat not downloaded; see ingest/tradestat.py),,2026-09-27T00:00:00Z,SYNTH
API-CEFADROXIL,2025-02-01,ES,0.654226,FlowForge synthetic (TradeStat not downloaded; see ingest/tradestat.py),,2026-09-27T00:00:00Z,SYNTH
API-CEFADROXIL,2025-02-01,JP,0.345774,FlowForge synthetic (TradeStat not downloaded; see ingest/tradestat.py),,2026-09-27T00:00:00Z,SYNTH
API-CEFADROXIL,2025-03-01,ES,0.682688,FlowForge synthetic (TradeStat not downloaded; see ingest/tradestat.py),,2026-09-27T00:00:00Z,SYNTH
API-CEFADROXIL,2025-03-01,JP,0.317312,FlowForge synthetic (TradeStat not downloaded; see ingest/tradestat.py),,2026-09-27T00:00:00Z,SYNTH
API-CEFADROXIL,2025-04-01,ES,0.649938,FlowForge synthetic (TradeStat not downloaded; see ingest/tradestat.py),,2026-09-27T00:00:00Z,SYNTH
API-CEFADROXIL,2025-04-01,JP,0.350062,FlowForge synthetic (TradeStat not downloaded; see ingest/tradestat.py),,2026-09-27T00:00:00Z,SYNTH
API-CEFADROXIL,2025-05-01,ES,0.686684,FlowForge synthetic (TradeStat not downloaded; see ingest/tradestat.py),,2026-09-27T00:00:00Z,SYNTH
API-CEFADROXIL,2025-05-01,JP,0.313316,FlowForge synthetic (TradeStat not downloaded; see ingest/tradestat.py),,2026-09-27T00:00:00Z,SYNTH
API-CEFADROXIL,2025-06-01,ES,0.645089,FlowForge synthetic (TradeStat not downloaded; see ingest/tradestat.py),,2026-09-27T00:00:00Z,SYNTH
API-CEFADROXIL,2025-06-01,JP,0.354911,FlowForge synthetic (TradeStat not downloaded; see ingest/tradestat.py),,2026-09-27T00:00:00Z,SYNTH
API-CEFADROXIL,2025-07-01,ES,0.699018,FlowForge synthetic (TradeStat not downloaded; see ingest/tradestat.py),,2026-09-27T00:00:00Z,SYNTH
API-CEFADROXIL,2025-07-01,JP,0.300982,FlowForge synthetic (TradeStat not downloaded; see ingest/tradestat.py),,2026-09-27T00:00:00Z,SYNTH
API-CEFADROXIL,2025-08-01,ES,0.642773,FlowForge synthetic (TradeStat not downloaded; see ingest/tradestat.py),,2026-09-27T00:00:00Z,SYNTH
API-CEFADROXIL,2025-08-01,JP,0.357227,FlowForge synthetic (TradeStat not downloaded; see ingest/tradestat.py),,2026-09-27T00:00:00Z,SYNTH
API-CEFADROXIL,2025-09-01,ES,0.616663,FlowForge synthetic (TradeStat not downloaded; see ingest/tradestat.py),,2026-09-27T00:00:00Z,SYNTH
API-CEFADROXIL,2025-09-01,JP,0.383337,FlowForge synthetic (TradeStat not downloaded; see ingest/tradestat.py),,2026-09-27T00:00:00Z,SYNTH
API-CEFADROXIL,2025-10-01,ES,0.665697,FlowForge synthetic (TradeStat not downloaded; see ingest/tradestat.py),,2026-09-27T00:00:00Z,SYNTH
API-CEFADROXIL,2025-10-01,JP,0.334303,FlowForge synthetic (TradeStat not downloaded; see ingest/tradestat.py),,2026-09-27T00:00:00Z,SYNTH
API-CEFADROXIL,2025-11-01,ES,0.653225,FlowForge synthetic (TradeStat not downloaded; see ingest/tradestat.py),,2026-09-27T00:00:00Z,SYNTH
API-CEFADROXIL,2025-11-01,JP,0.346775,FlowForge synthetic (TradeStat not downloaded; see ingest/tradestat.py),,2026-09-27T00:00:00Z,SYNTH
API-CEFADROXIL,2025-12-01,ES,0.671531,FlowForge synthetic (TradeStat not downloaded; see ingest/tradestat.py),,2026-09-27T00:00:00Z,SYNTH
API-CEFADROXIL,2025-12-01,JP,0.328469,FlowForge synthetic (TradeStat not downloaded; see ingest/tradestat.py),,2026-09-27T00:00:00Z,SYNTH
API-CEFADROXIL,2026-01-01,ES,0.639884,FlowForge synthetic (TradeStat not downloaded; see ingest/tradestat.py),,2026-09-27T00:00:00Z,SYNTH
API-CEFADROXIL,2026-01-01,JP,0.360116,FlowForge synthetic (TradeStat not downloaded; see ingest/tradestat.py),,2026-09-27T00:00:00Z,SYNTH
API-CEFADROXIL,2026-02-01,ES,0.66449,FlowForge synthetic (TradeStat not downloaded; see ingest/tradestat.py),,2026-09-27T00:00:00Z,SYNTH
API-CEFADROXIL,2026-02-01,JP,0.33551,FlowForge synthetic (TradeStat not downloaded; see ingest/tradestat.py),,2026-09-27T00:00:00Z,SYNTH
API-CEFADROXIL,2026-03-01,ES,0.634667,FlowForge synthetic (TradeStat not downloaded; see ingest/tradestat.py),,2026-09-27T00:00:00Z,SYNTH
API-CEFADROXIL,2026-03-01,JP,0.365333,FlowForge synthetic (TradeStat not downloaded; see ingest/tradestat.py),,2026-09-27T00:00:00Z,SYNTH
API-CEFADROXIL,2026-04-01,ES,0.640588,FlowForge synthetic (TradeStat not downloaded; see ingest/tradestat.py),,2026-09-27T00:00:00Z,SYNTH
API-CEFADROXIL,2026-04-01,JP,0.359412,FlowForge synthetic (TradeStat not downloaded; see ingest/tradestat.py),,2026-09-27T00:00:00Z,SYNTH
API-CEFADROXIL,2026-05-01,ES,0.680884,FlowForge synthetic (TradeStat not downloaded; see ingest/tradestat.py),,2026-09-27T00:00:00Z,SYNTH
API-CEFADROXIL,2026-05-01,JP,0.319116,FlowForge synthetic (TradeStat not downloaded; see ingest/tradestat.py),,2026-09-27T00:00:00Z,SYNTH
API-CEFADROXIL,2026-06-01,ES,0.631264,FlowForge synthetic (TradeStat not downloaded; see ingest/tradestat.py),,2026-09-27T00:00:00Z,SYNTH
API-CEFADROXIL,2026-06-01,JP,0.368736,FlowForge synthetic (TradeStat not downloaded; see ingest/tradestat.py),,2026-09-27T00:00:00Z,SYNTH
API-CEFADROXIL,2026-07-01,ES,0.626404,FlowForge synthetic (TradeStat not downloaded; see ingest/tradestat.py),,2026-09-27T00:00:00Z,SYNTH
API-CEFADROXIL,2026-07-01,JP,0.373596,FlowForge synthetic (TradeStat not downloaded; see ingest/tradestat.py),,2026-09-27T00:00:00Z,SYNTH
API-CEFADROXIL,2026-08-01,ES,0.640938,FlowForge synthetic (TradeStat not downloaded; see ingest/tradestat.py),,2026-09-27T00:00:00Z,SYNTH
API-CEFADROXIL,2026-08-01,JP,0.359062,FlowForge synthetic (TradeStat not downloaded; see ingest/tradestat.py),,2026-09-27T00:00:00Z,SYNTH
API-CEFADROXIL,2026-09-01,ES,0.626465,FlowForge synthetic (TradeStat not downloaded; see ingest/tradestat.py),,2026-09-27T00:00:00Z,SYNTH
API-CEFADROXIL,2026-09-01,JP,0.373535,FlowForge synthetic (TradeStat not downloaded; see ingest/tradestat.py),,2026-09-27T00:00:00Z,SYNTH
API-CHLOROQUINE,2023-10-01,CN,0.857784,FlowForge synthetic (TradeStat not downloaded; see ingest/tradestat.py),,2026-09-27T00:00:00Z,SYNTH
API-CHLOROQUINE,2023-10-01,US,0.142216,FlowForge synthetic (TradeStat not downloaded; see ingest/tradestat.py),,2026-09-27T00:00:00Z,SYNTH
API-CHLOROQUINE,2023-11-01,CN,0.841129,FlowForge synthetic (TradeStat not downloaded; see ingest/tradestat.py),,2026-09-27T00:00:00Z,SYNTH
API-CHLOROQUINE,2023-11-01,US,0.158871,FlowForge synthetic (TradeStat not downloaded; see ingest/tradestat.py),,2026-09-27T00:00:00Z,SYNTH
API-CHLOROQUINE,2023-12-01,CN,0.89508,FlowForge synthetic (TradeStat not downloaded; see ingest/tradestat.py),,2026-09-27T00:00:00Z,SYNTH
API-CHLOROQUINE,2023-12-01,US,0.10492,FlowForge synthetic (TradeStat not downloaded; see ingest/tradestat.py),,2026-09-27T00:00:00Z,SYNTH
API-CHLOROQUINE,2024-01-01,CN,0.814322,FlowForge synthetic (TradeStat not downloaded; see ingest/tradestat.py),,2026-09-27T00:00:00Z,SYNTH
API-CHLOROQUINE,2024-01-01,US,0.185678,FlowForge synthetic (TradeStat not downloaded; see ingest/tradestat.py),,2026-09-27T00:00:00Z,SYNTH
API-CHLOROQUINE,2024-02-01,CN,0.860368,FlowForge synthetic (TradeStat not downloaded; see ingest/tradestat.py),,2026-09-27T00:00:00Z,SYNTH
API-CHLOROQUINE,2024-02-01,US,0.139632,FlowForge synthetic (TradeStat not downloaded; see ingest/tradestat.py),,2026-09-27T00:00:00Z,SYNTH
API-CHLOROQUINE,2024-03-01,CN,0.862243,FlowForge synthetic (TradeStat not downloaded; see ingest/tradestat.py),,2026-09-27T00:00:00Z,SYNTH
API-CHLOROQUINE,2024-03-01,US,0.137757,FlowForge synthetic (TradeStat not downloaded; see ingest/tradestat.py),,2026-09-27T00:00:00Z,SYNTH
API-CHLOROQUINE,2024-04-01,CN,0.813055,FlowForge synthetic (TradeStat not downloaded; see ingest/tradestat.py),,2026-09-27T00:00:00Z,SYNTH
API-CHLOROQUINE,2024-04-01,US,0.186945,FlowForge synthetic (TradeStat not downloaded; see ingest/tradestat.py),,2026-09-27T00:00:00Z,SYNTH
API-CHLOROQUINE,2024-05-01,CN,0.87672,FlowForge synthetic (TradeStat not downloaded; see ingest/tradestat.py),,2026-09-27T00:00:00Z,SYNTH
API-CHLOROQUINE,2024-05-01,US,0.12328,FlowForge synthetic (TradeStat not downloaded; see ingest/tradestat.py),,2026-09-27T00:00:00Z,SYNTH
API-CHLOROQUINE,2024-06-01,CN,0.84974,FlowForge synthetic (TradeStat not downloaded; see ingest/tradestat.py),,2026-09-27T00:00:00Z,SYNTH
API-CHLOROQUINE,2024-06-01,US,0.15026,FlowForge synthetic (TradeStat not downloaded; see ingest/tradestat.py),,2026-09-27T00:00:00Z,SYNTH
API-CHLOROQUINE,2024-07-01,CN,0.86138,FlowForge synthetic (TradeStat not downloaded; see ingest/tradestat.py),,2026-09-27T00:00:00Z,SYNTH
API-CHLOROQUINE,2024-07-01,US,0.13862,FlowForge synthetic (TradeStat not downloaded; see ingest/tradestat.py),,2026-09-27T00:00:00Z,SYNTH
API-CHLOROQUINE,2024-08-01,CN,0.807949,FlowForge synthetic (TradeStat not downloaded; see ingest/tradestat.py),,2026-09-27T00:00:00Z,SYNTH
API-CHLOROQUINE,2024-08-01,US,0.192051,FlowForge synthetic (TradeStat not downloaded; see ingest/tradestat.py),,2026-09-27T00:00:00Z,SYNTH
API-CHLOROQUINE,2024-09-01,CN,0.856628,FlowForge synthetic (TradeStat not downloaded; see ingest/tradestat.py),,2026-09-27T00:00:00Z,SYNTH
API-CHLOROQUINE,2024-09-01,US,0.143372,FlowForge synthetic (TradeStat not downloaded; see ingest/tradestat.py),,2026-09-27T00:00:00Z,SYNTH
API-CHLOROQUINE,2024-10-01,CN,0.837602,FlowForge synthetic (TradeStat not downloaded; see ingest/tradestat.py),,2026-09-27T00:00:00Z,SYNTH
API-CHLOROQUINE,2024-10-01,US,0.162398,FlowForge synthetic (TradeStat not downloaded; see ingest/tradestat.py),,2026-09-27T00:00:00Z,SYNTH
API-CHLOROQUINE,2024-11-01,CN,0.816537,FlowForge synthetic (TradeStat not downloaded; see ingest/tradestat.py),,2026-09-27T00:00:00Z,SYNTH
API-CHLOROQUINE,2024-11-01,US,0.183463,FlowForge synthetic (TradeStat not downloaded; see ingest/tradestat.py),,2026-09-27T00:00:00Z,SYNTH
API-CHLOROQUINE,2024-12-01,CN,0.860583,FlowForge synthetic (TradeStat not downloaded; see ingest/tradestat.py),,2026-09-27T00:00:00Z,SYNTH
API-CHLOROQUINE,2024-12-01,US,0.139417,FlowForge synthetic (TradeStat not downloaded; see ingest/tradestat.py),,2026-09-27T00:00:00Z,SYNTH
API-CHLOROQUINE,2025-01-01,CN,0.817337,FlowForge synthetic (TradeStat not downloaded; see ingest/tradestat.py),,2026-09-27T00:00:00Z,SYNTH
API-CHLOROQUINE,2025-01-01,US,0.182663,FlowForge synthetic (TradeStat not downloaded; see ingest/tradestat.py),,2026-09-27T00:00:00Z,SYNTH
API-CHLOROQUINE,2025-02-01,CN,0.813823,FlowForge synthetic (TradeStat not downloaded; see ingest/tradestat.py),,2026-09-27T00:00:00Z,SYNTH
API-CHLOROQUINE,2025-02-01,US,0.186177,FlowForge synthetic (TradeStat not downloaded; see ingest/tradestat.py),,2026-09-27T00:00:00Z,SYNTH
API-CHLOROQUINE,2025-03-01,CN,0.82285,FlowForge synthetic (TradeStat not downloaded; see ingest/tradestat.py),,2026-09-27T00:00:00Z,SYNTH
API-CHLOROQUINE,2025-03-01,US,0.17715,FlowForge synthetic (TradeStat not downloaded; see ingest/tradestat.py),,2026-09-27T00:00:00Z,SYNTH
API-CHLOROQUINE,2025-04-01,CN,0.803493,FlowForge synthetic (TradeStat not downloaded; see ingest/tradestat.py),,2026-09-27T00:00:00Z,SYNTH
API-CHLOROQUINE,2025-04-01,US,0.196507,FlowForge synthetic (TradeStat not downloaded; see ingest/tradestat.py),,2026-09-27T00:00:00Z,SYNTH
API-CHLOROQUINE,2025-05-01,CN,0.841776,FlowForge synthetic (TradeStat not downloaded; see ingest/tradestat.py),,2026-09-27T00:00:00Z,SYNTH
API-CHLOROQUINE,2025-05-01,US,0.158224,FlowForge synthetic (TradeStat not downloaded; see ingest/tradestat.py),,2026-09-27T00:00:00Z,SYNTH
API-CHLOROQUINE,2025-06-01,CN,0.807144,FlowForge synthetic (TradeStat not downloaded; see ingest/tradestat.py),,2026-09-27T00:00:00Z,SYNTH
API-CHLOROQUINE,2025-06-01,US,0.192856,FlowForge synthetic (TradeStat not downloaded; see ingest/tradestat.py),,2026-09-27T00:00:00Z,SYNTH
API-CHLOROQUINE,2025-07-01,CN,0.818461,FlowForge synthetic (TradeStat not downloaded; see ingest/tradestat.py),,2026-09-27T00:00:00Z,SYNTH
API-CHLOROQUINE,2025-07-01,US,0.181539,FlowForge synthetic (TradeStat not downloaded; see ingest/tradestat.py),,2026-09-27T00:00:00Z,SYNTH
API-CHLOROQUINE,2025-08-01,CN,0.878791,FlowForge synthetic (TradeStat not downloaded; see ingest/tradestat.py),,2026-09-27T00:00:00Z,SYNTH
API-CHLOROQUINE,2025-08-01,US,0.121209,FlowForge synthetic (TradeStat not downloaded; see ingest/tradestat.py),,2026-09-27T00:00:00Z,SYNTH
API-CHLOROQUINE,2025-09-01,CN,0.816893,FlowForge synthetic (TradeStat not downloaded; see ingest/tradestat.py),,2026-09-27T00:00:00Z,SYNTH
API-CHLOROQUINE,2025-09-01,US,0.183107,FlowForge synthetic (TradeStat not downloaded; see ingest/tradestat.py),,2026-09-27T00:00:00Z,SYNTH
API-CHLOROQUINE,2025-10-01,CN,0.879687,FlowForge synthetic (TradeStat not downloaded; see ingest/tradestat.py),,2026-09-27T00:00:00Z,SYNTH
API-CHLOROQUINE,2025-10-01,US,0.120313,FlowForge synthetic (TradeStat not downloaded; see ingest/tradestat.py),,2026-09-27T00:00:00Z,SYNTH
API-CHLOROQUINE,2025-11-01,CN,0.844964,FlowForge synthetic (TradeStat not downloaded; see ingest/tradestat.py),,2026-09-27T00:00:00Z,SYNTH
API-CHLOROQUINE,2025-11-01,US,0.155036,FlowForge synthetic (TradeStat not downloaded; see ingest/tradestat.py),,2026-09-27T00:00:00Z,SYNTH
API-CHLOROQUINE,2025-12-01,CN,0.850853,FlowForge synthetic (TradeStat not downloaded; see ingest/tradestat.py),,2026-09-27T00:00:00Z,SYNTH
API-CHLOROQUINE,2025-12-01,US,0.149147,FlowForge synthetic (TradeStat not downloaded; see ingest/tradestat.py),,2026-09-27T00:00:00Z,SYNTH
API-CHLOROQUINE,2026-01-01,CN,0.839222,FlowForge synthetic (TradeStat not downloaded; see ingest/tradestat.py),,2026-09-27T00:00:00Z,SYNTH
API-CHLOROQUINE,2026-01-01,US,0.160778,FlowForge synthetic (TradeStat not downloaded; see ingest/tradestat.py),,2026-09-27T00:00:00Z,SYNTH
API-CHLOROQUINE,2026-02-01,CN,0.827125,FlowForge synthetic (TradeStat not downloaded; see ingest/tradestat.py),,2026-09-27T00:00:00Z,SYNTH
API-CHLOROQUINE,2026-02-01,US,0.172875,FlowForge synthetic (TradeStat not downloaded; see ingest/tradestat.py),,2026-09-27T00:00:00Z,SYNTH
API-CHLOROQUINE,2026-03-01,CN,0.823239,FlowForge synthetic (TradeStat not downloaded; see ingest/tradestat.py),,2026-09-27T00:00:00Z,SYNTH
API-CHLOROQUINE,2026-03-01,US,0.176761,FlowForge synthetic (TradeStat not downloaded; see ingest/tradestat.py),,2026-09-27T00:00:00Z,SYNTH
API-CHLOROQUINE,2026-04-01,CN,0.899932,FlowForge synthetic (TradeStat not downloaded; see ingest/tradestat.py),,2026-09-27T00:00:00Z,SYNTH
API-CHLOROQUINE,2026-04-01,US,0.100068,FlowForge synthetic (TradeStat not downloaded; see ingest/tradestat.py),,2026-09-27T00:00:00Z,SYNTH
API-CHLOROQUINE,2026-05-01,CN,0.820844,FlowForge synthetic (TradeStat not downloaded; see ingest/tradestat.py),,2026-09-27T00:00:00Z,SYNTH
API-CHLOROQUINE,2026-05-01,US,0.179156,FlowForge synthetic (TradeStat not downloaded; see ingest/tradestat.py),,2026-09-27T00:00:00Z,SYNTH
API-CHLOROQUINE,2026-06-01,CN,0.86654,FlowForge synthetic (TradeStat not downloaded; see ingest/tradestat.py),,2026-09-27T00:00:00Z,SYNTH
API-CHLOROQUINE,2026-06-01,US,0.13346,FlowForge synthetic (TradeStat not downloaded; see ingest/tradestat.py),,2026-09-27T00:00:00Z,SYNTH
API-CHLOROQUINE,2026-07-01,CN,0.815744,FlowForge synthetic (TradeStat not downloaded; see ingest/tradestat.py),,2026-09-27T00:00:00Z,SYNTH
API-CHLOROQUINE,2026-07-01,US,0.184256,FlowForge synthetic (TradeStat not downloaded; see ingest/tradestat.py),,2026-09-27T00:00:00Z,SYNTH
API-CHLOROQUINE,2026-08-01,CN,0.848788,FlowForge synthetic (TradeStat not downloaded; see ingest/tradestat.py),,2026-09-27T00:00:00Z,SYNTH
API-CHLOROQUINE,2026-08-01,US,0.151212,FlowForge synthetic (TradeStat not downloaded; see ingest/tradestat.py),,2026-09-27T00:00:00Z,SYNTH
API-CHLOROQUINE,2026-09-01,CN,0.79092,FlowForge synthetic (TradeStat not downloaded; see ingest/tradestat.py),,2026-09-27T00:00:00Z,SYNTH
API-CHLOROQUINE,2026-09-01,US,0.20908,FlowForge synthetic (TradeStat not downloaded; see ingest/tradestat.py),,2026-09-27T00:00:00Z,SYNTH
API-CISPLATIN,2023-10-01,CN,0.934379,FlowForge synthetic (TradeStat not downloaded; see ingest/tradestat.py),,2026-09-27T00:00:00Z,SYNTH
API-CISPLATIN,2023-10-01,CH,0.065621,FlowForge synthetic (TradeStat not downloaded; see ingest/tradestat.py),,2026-09-27T00:00:00Z,SYNTH
API-CISPLATIN,2023-10-01,JP,0.0,FlowForge synthetic (TradeStat not downloaded; see ingest/tradestat.py),,2026-09-27T00:00:00Z,SYNTH
API-CISPLATIN,2023-11-01,CN,0.944024,FlowForge synthetic (TradeStat not downloaded; see ingest/tradestat.py),,2026-09-27T00:00:00Z,SYNTH
API-CISPLATIN,2023-11-01,CH,0.026537,FlowForge synthetic (TradeStat not downloaded; see ingest/tradestat.py),,2026-09-27T00:00:00Z,SYNTH
API-CISPLATIN,2023-11-01,JP,0.029439,FlowForge synthetic (TradeStat not downloaded; see ingest/tradestat.py),,2026-09-27T00:00:00Z,SYNTH
API-CISPLATIN,2023-12-01,CN,0.87246,FlowForge synthetic (TradeStat not downloaded; see ingest/tradestat.py),,2026-09-27T00:00:00Z,SYNTH
API-CISPLATIN,2023-12-01,CH,0.102844,FlowForge synthetic (TradeStat not downloaded; see ingest/tradestat.py),,2026-09-27T00:00:00Z,SYNTH
API-CISPLATIN,2023-12-01,JP,0.024696,FlowForge synthetic (TradeStat not downloaded; see ingest/tradestat.py),,2026-09-27T00:00:00Z,SYNTH
API-CISPLATIN,2024-01-01,CN,0.832181,FlowForge synthetic (TradeStat not downloaded; see ingest/tradestat.py),,2026-09-27T00:00:00Z,SYNTH
API-CISPLATIN,2024-01-01,CH,0.095732,FlowForge synthetic (TradeStat not downloaded; see ingest/tradestat.py),,2026-09-27T00:00:00Z,SYNTH
API-CISPLATIN,2024-01-01,JP,0.072087,FlowForge synthetic (TradeStat not downloaded; see ingest/tradestat.py),,2026-09-27T00:00:00Z,SYNTH
API-CISPLATIN,2024-02-01,CN,0.859399,FlowForge synthetic (TradeStat not downloaded; see ingest/tradestat.py),,2026-09-27T00:00:00Z,SYNTH
API-CISPLATIN,2024-02-01,CH,0.105995,FlowForge synthetic (TradeStat not downloaded; see ingest/tradestat.py),,2026-09-27T00:00:00Z,SYNTH
API-CISPLATIN,2024-02-01,JP,0.034606,FlowForge synthetic (TradeStat not downloaded; see ingest/tradestat.py),,2026-09-27T00:00:00Z,SYNTH
API-CISPLATIN,2024-03-01,CN,0.890058,FlowForge synthetic (TradeStat not downloaded; see ingest/tradestat.py),,2026-09-27T00:00:00Z,SYNTH
API-CISPLATIN,2024-03-01,CH,0.061604,FlowForge synthetic (TradeStat not downloaded; see ingest/tradestat.py),,2026-09-27T00:00:00Z,SYNTH
API-CISPLATIN,2024-03-01,JP,0.048338,FlowForge synthetic (TradeStat not downloaded; see ingest/tradestat.py),,2026-09-27T00:00:00Z,SYNTH
API-CISPLATIN,2024-04-01,CN,0.805336,FlowForge synthetic (TradeStat not downloaded; see ingest/tradestat.py),,2026-09-27T00:00:00Z,SYNTH
API-CISPLATIN,2024-04-01,CH,0.142506,FlowForge synthetic (TradeStat not downloaded; see ingest/tradestat.py),,2026-09-27T00:00:00Z,SYNTH
API-CISPLATIN,2024-04-01,JP,0.052157,FlowForge synthetic (TradeStat not downloaded; see ingest/tradestat.py),,2026-09-27T00:00:00Z,SYNTH
API-CISPLATIN,2024-05-01,CN,0.879555,FlowForge synthetic (TradeStat not downloaded; see ingest/tradestat.py),,2026-09-27T00:00:00Z,SYNTH
API-CISPLATIN,2024-05-01,CH,0.076055,FlowForge synthetic (TradeStat not downloaded; see ingest/tradestat.py),,2026-09-27T00:00:00Z,SYNTH
API-CISPLATIN,2024-05-01,JP,0.044389,FlowForge synthetic (TradeStat not downloaded; see ingest/tradestat.py),,2026-09-27T00:00:00Z,SYNTH
API-CISPLATIN,2024-06-01,CN,0.901366,FlowForge synthetic (TradeStat not downloaded; see ingest/tradestat.py),,2026-09-27T00:00:00Z,SYNTH
API-CISPLATIN,2024-06-01,CH,0.060831,FlowForge synthetic (TradeStat not downloaded; see ingest/tradestat.py),,2026-09-27T00:00:00Z,SYNTH
API-CISPLATIN,2024-06-01,JP,0.037803,FlowForge synthetic (TradeStat not downloaded; see ingest/tradestat.py),,2026-09-27T00:00:00Z,SYNTH
API-CISPLATIN,2024-07-01,CN,0.884195,FlowForge synthetic (TradeStat not downloaded; see ingest/tradestat.py),,2026-09-27T00:00:00Z,SYNTH
API-CISPLATIN,2024-07-01,CH,0.115805,FlowForge synthetic (TradeStat not downloaded; see ingest/tradestat.py),,2026-09-27T00:00:00Z,SYNTH
API-CISPLATIN,2024-07-01,JP,0.0,FlowForge synthetic (TradeStat not downloaded; see ingest/tradestat.py),,2026-09-27T00:00:00Z,SYNTH
API-CISPLATIN,2024-08-01,CN,0.932793,FlowForge synthetic (TradeStat not downloaded; see ingest/tradestat.py),,2026-09-27T00:00:00Z,SYNTH
API-CISPLATIN,2024-08-01,CH,0.067207,FlowForge synthetic (TradeStat not downloaded; see ingest/tradestat.py),,2026-09-27T00:00:00Z,SYNTH
API-CISPLATIN,2024-08-01,JP,0.0,FlowForge synthetic (TradeStat not downloaded; see ingest/tradestat.py),,2026-09-27T00:00:00Z,SYNTH
API-CISPLATIN,2024-09-01,CN,0.908793,FlowForge synthetic (TradeStat not downloaded; see ingest/tradestat.py),,2026-09-27T00:00:00Z,SYNTH
API-CISPLATIN,2024-09-01,CH,0.083382,FlowForge synthetic (TradeStat not downloaded; see ingest/tradestat.py),,2026-09-27T00:00:00Z,SYNTH
API-CISPLATIN,2024-09-01,JP,0.007825,FlowForge synthetic (TradeStat not downloaded; see ingest/tradestat.py),,2026-09-27T00:00:00Z,SYNTH
API-CISPLATIN,2024-10-01,CN,0.934852,FlowForge synthetic (TradeStat not downloaded; see ingest/tradestat.py),,2026-09-27T00:00:00Z,SYNTH
API-CISPLATIN,2024-10-01,CH,0.065148,FlowForge synthetic (TradeStat not downloaded; see ingest/tradestat.py),,2026-09-27T00:00:00Z,SYNTH
API-CISPLATIN,2024-10-01,JP,0.0,FlowForge synthetic (TradeStat not downloaded; see ingest/tradestat.py),,2026-09-27T00:00:00Z,SYNTH
API-CISPLATIN,2024-11-01,CN,0.945969,FlowForge synthetic (TradeStat not downloaded; see ingest/tradestat.py),,2026-09-27T00:00:00Z,SYNTH
API-CISPLATIN,2024-11-01,CH,0.054031,FlowForge synthetic (TradeStat not downloaded; see ingest/tradestat.py),,2026-09-27T00:00:00Z,SYNTH
API-CISPLATIN,2024-11-01,JP,0.0,FlowForge synthetic (TradeStat not downloaded; see ingest/tradestat.py),,2026-09-27T00:00:00Z,SYNTH
API-CISPLATIN,2024-12-01,CN,0.868423,FlowForge synthetic (TradeStat not downloaded; see ingest/tradestat.py),,2026-09-27T00:00:00Z,SYNTH
API-CISPLATIN,2024-12-01,CH,0.018634,FlowForge synthetic (TradeStat not downloaded; see ingest/tradestat.py),,2026-09-27T00:00:00Z,SYNTH
API-CISPLATIN,2024-12-01,JP,0.112943,FlowForge synthetic (TradeStat not downloaded; see ingest/tradestat.py),,2026-09-27T00:00:00Z,SYNTH
API-CISPLATIN,2025-01-01,CN,0.927228,FlowForge synthetic (TradeStat not downloaded; see ingest/tradestat.py),,2026-09-27T00:00:00Z,SYNTH
API-CISPLATIN,2025-01-01,CH,0.072772,FlowForge synthetic (TradeStat not downloaded; see ingest/tradestat.py),,2026-09-27T00:00:00Z,SYNTH
API-CISPLATIN,2025-01-01,JP,0.0,FlowForge synthetic (TradeStat not downloaded; see ingest/tradestat.py),,2026-09-27T00:00:00Z,SYNTH
API-CISPLATIN,2025-02-01,CN,0.875243,FlowForge synthetic (TradeStat not downloaded; see ingest/tradestat.py),,2026-09-27T00:00:00Z,SYNTH
API-CISPLATIN,2025-02-01,CH,0.087297,FlowForge synthetic (TradeStat not downloaded; see ingest/tradestat.py),,2026-09-27T00:00:00Z,SYNTH
API-CISPLATIN,2025-02-01,JP,0.037459,FlowForge synthetic (TradeStat not downloaded; see ingest/tradestat.py),,2026-09-27T00:00:00Z,SYNTH
API-CISPLATIN,2025-03-01,CN,0.884026,FlowForge synthetic (TradeStat not downloaded; see ingest/tradestat.py),,2026-09-27T00:00:00Z,SYNTH
API-CISPLATIN,2025-03-01,CH,0.101474,FlowForge synthetic (TradeStat not downloaded; see ingest/tradestat.py),,2026-09-27T00:00:00Z,SYNTH
API-CISPLATIN,2025-03-01,JP,0.0145,FlowForge synthetic (TradeStat not downloaded; see ingest/tradestat.py),,2026-09-27T00:00:00Z,SYNTH
API-CISPLATIN,2025-04-01,CN,0.919476,FlowForge synthetic (TradeStat not downloaded; see ingest/tradestat.py),,2026-09-27T00:00:00Z,SYNTH
API-CISPLATIN,2025-04-01,CH,0.056761,FlowForge synthetic (TradeStat not downloaded; see ingest/tradestat.py),,2026-09-27T00:00:00Z,SYNTH
API-CISPLATIN,2025-04-01,JP,0.023762,FlowForge synthetic (TradeStat not downloaded; see ingest/tradestat.py),,2026-09-27T00:00:00Z,SYNTH
API-CISPLATIN,2025-05-01,CN,0.844004,FlowForge synthetic (TradeStat not downloaded; see ingest/tradestat.py),,2026-09-27T00:00:00Z,SYNTH
API-CISPLATIN,2025-05-01,CH,0.118772,FlowForge synthetic (TradeStat not downloaded; see ingest/tradestat.py),,2026-09-27T00:00:00Z,SYNTH
API-CISPLATIN,2025-05-01,JP,0.037224,FlowForge synthetic (TradeStat not downloaded; see ingest/tradestat.py),,2026-09-27T00:00:00Z,SYNTH
API-CISPLATIN,2025-06-01,CN,0.867569,FlowForge synthetic (TradeStat not downloaded; see ingest/tradestat.py),,2026-09-27T00:00:00Z,SYNTH
API-CISPLATIN,2025-06-01,CH,0.077237,FlowForge synthetic (TradeStat not downloaded; see ingest/tradestat.py),,2026-09-27T00:00:00Z,SYNTH
API-CISPLATIN,2025-06-01,JP,0.055193,FlowForge synthetic (TradeStat not downloaded; see ingest/tradestat.py),,2026-09-27T00:00:00Z,SYNTH
API-CISPLATIN,2025-07-01,CN,0.927302,FlowForge synthetic (TradeStat not downloaded; see ingest/tradestat.py),,2026-09-27T00:00:00Z,SYNTH
API-CISPLATIN,2025-07-01,CH,0.072698,FlowForge synthetic (TradeStat not downloaded; see ingest/tradestat.py),,2026-09-27T00:00:00Z,SYNTH
API-CISPLATIN,2025-07-01,JP,0.0,FlowForge synthetic (TradeStat not downloaded; see ingest/tradestat.py),,2026-09-27T00:00:00Z,SYNTH
API-CISPLATIN,2025-08-01,CN,0.892111,FlowForge synthetic (TradeStat not downloaded; see ingest/tradestat.py),,2026-09-27T00:00:00Z,SYNTH
API-CISPLATIN,2025-08-01,CH,0.090248,FlowForge synthetic (TradeStat not downloaded; see ingest/tradestat.py),,2026-09-27T00:00:00Z,SYNTH
API-CISPLATIN,2025-08-01,JP,0.017641,FlowForge synthetic (TradeStat not downloaded; see ingest/tradestat.py),,2026-09-27T00:00:00Z,SYNTH
API-CISPLATIN,2025-09-01,CN,0.968228,FlowForge synthetic (TradeStat not downloaded; see ingest/tradestat.py),,2026-09-27T00:00:00Z,SYNTH
API-CISPLATIN,2025-09-01,CH,0.031772,FlowForge synthetic (TradeStat not downloaded; see ingest/tradestat.py),,2026-09-27T00:00:00Z,SYNTH
API-CISPLATIN,2025-09-01,JP,0.0,FlowForge synthetic (TradeStat not downloaded; see ingest/tradestat.py),,2026-09-27T00:00:00Z,SYNTH
API-CISPLATIN,2025-10-01,CN,0.927015,FlowForge synthetic (TradeStat not downloaded; see ingest/tradestat.py),,2026-09-27T00:00:00Z,SYNTH
API-CISPLATIN,2025-10-01,CH,0.04255,FlowForge synthetic (TradeStat not downloaded; see ingest/tradestat.py),,2026-09-27T00:00:00Z,SYNTH
API-CISPLATIN,2025-10-01,JP,0.030435,FlowForge synthetic (TradeStat not downloaded; see ingest/tradestat.py),,2026-09-27T00:00:00Z,SYNTH
API-CISPLATIN,2025-11-01,CN,0.91463,FlowForge synthetic (TradeStat not downloaded; see ingest/tradestat.py),,2026-09-27T00:00:00Z,SYNTH
API-CISPLATIN,2025-11-01,CH,0.079407,FlowForge synthetic (TradeStat not downloaded; see ingest/tradestat.py),,2026-09-27T00:00:00Z,SYNTH
API-CISPLATIN,2025-11-01,JP,0.005963,FlowForge synthetic (TradeStat not downloaded; see ingest/tradestat.py),,2026-09-27T00:00:00Z,SYNTH
API-CISPLATIN,2025-12-01,CN,0.901408,FlowForge synthetic (TradeStat not downloaded; see ingest/tradestat.py),,2026-09-27T00:00:00Z,SYNTH
API-CISPLATIN,2025-12-01,CH,0.060566,FlowForge synthetic (TradeStat not downloaded; see ingest/tradestat.py),,2026-09-27T00:00:00Z,SYNTH
API-CISPLATIN,2025-12-01,JP,0.038026,FlowForge synthetic (TradeStat not downloaded; see ingest/tradestat.py),,2026-09-27T00:00:00Z,SYNTH
API-CISPLATIN,2026-01-01,CN,0.871789,FlowForge synthetic (TradeStat not downloaded; see ingest/tradestat.py),,2026-09-27T00:00:00Z,SYNTH
API-CISPLATIN,2026-01-01,CH,0.091966,FlowForge synthetic (TradeStat not downloaded; see ingest/tradestat.py),,2026-09-27T00:00:00Z,SYNTH
API-CISPLATIN,2026-01-01,JP,0.036244,FlowForge synthetic (TradeStat not downloaded; see ingest/tradestat.py),,2026-09-27T00:00:00Z,SYNTH
API-CISPLATIN,2026-02-01,CN,0.914352,FlowForge synthetic (TradeStat not downloaded; see ingest/tradestat.py),,2026-09-27T00:00:00Z,SYNTH
API-CISPLATIN,2026-02-01,CH,0.069724,FlowForge synthetic (TradeStat not downloaded; see ingest/tradestat.py),,2026-09-27T00:00:00Z,SYNTH
API-CISPLATIN,2026-02-01,JP,0.015924,FlowForge synthetic (TradeStat not downloaded; see ingest/tradestat.py),,2026-09-27T00:00:00Z,SYNTH
API-CISPLATIN,2026-03-01,CN,0.924652,FlowForge synthetic (TradeStat not downloaded; see ingest/tradestat.py),,2026-09-27T00:00:00Z,SYNTH
API-CISPLATIN,2026-03-01,CH,0.075348,FlowForge synthetic (TradeStat not downloaded; see ingest/tradestat.py),,2026-09-27T00:00:00Z,SYNTH
API-CISPLATIN,2026-03-01,JP,0.0,FlowForge synthetic (TradeStat not downloaded; see ingest/tradestat.py),,2026-09-27T00:00:00Z,SYNTH
API-CISPLATIN,2026-04-01,CN,0.853128,FlowForge synthetic (TradeStat not downloaded; see ingest/tradestat.py),,2026-09-27T00:00:00Z,SYNTH
API-CISPLATIN,2026-04-01,CH,0.091818,FlowForge synthetic (TradeStat not downloaded; see ingest/tradestat.py),,2026-09-27T00:00:00Z,SYNTH
API-CISPLATIN,2026-04-01,JP,0.055054,FlowForge synthetic (TradeStat not downloaded; see ingest/tradestat.py),,2026-09-27T00:00:00Z,SYNTH
API-CISPLATIN,2026-05-01,CN,0.867896,FlowForge synthetic (TradeStat not downloaded; see ingest/tradestat.py),,2026-09-27T00:00:00Z,SYNTH
API-CISPLATIN,2026-05-01,CH,0.089957,FlowForge synthetic (TradeStat not downloaded; see ingest/tradestat.py),,2026-09-27T00:00:00Z,SYNTH
API-CISPLATIN,2026-05-01,JP,0.042147,FlowForge synthetic (TradeStat not downloaded; see ingest/tradestat.py),,2026-09-27T00:00:00Z,SYNTH
API-CISPLATIN,2026-06-01,CN,0.912203,FlowForge synthetic (TradeStat not downloaded; see ingest/tradestat.py),,2026-09-27T00:00:00Z,SYNTH
API-CISPLATIN,2026-06-01,CH,0.066387,FlowForge synthetic (TradeStat not downloaded; see ingest/tradestat.py),,2026-09-27T00:00:00Z,SYNTH
API-CISPLATIN,2026-06-01,JP,0.02141,FlowForge synthetic (TradeStat not downloaded; see ingest/tradestat.py),,2026-09-27T00:00:00Z,SYNTH
API-CISPLATIN,2026-07-01,CN,0.905471,FlowForge synthetic (TradeStat not downloaded; see ingest/tradestat.py),,2026-09-27T00:00:00Z,SYNTH
API-CISPLATIN,2026-07-01,CH,0.06901,FlowForge synthetic (TradeStat not downloaded; see ingest/tradestat.py),,2026-09-27T00:00:00Z,SYNTH
API-CISPLATIN,2026-07-01,JP,0.02552,FlowForge synthetic (TradeStat not downloaded; see ingest/tradestat.py),,2026-09-27T00:00:00Z,SYNTH
API-CISPLATIN,2026-08-01,CN,0.916317,FlowForge synthetic (TradeStat not downloaded; see ingest/tradestat.py),,2026-09-27T00:00:00Z,SYNTH
API-CISPLATIN,2026-08-01,CH,0.061945,FlowForge synthetic (TradeStat not downloaded; see ingest/tradestat.py),,2026-09-27T00:00:00Z,SYNTH
API-CISPLATIN,2026-08-01,JP,0.021738,FlowForge synthetic (TradeStat not downloaded; see ingest/tradestat.py),,2026-09-27T00:00:00Z,SYNTH
API-CISPLATIN,2026-09-01,CN,0.847384,FlowForge synthetic (TradeStat not downloaded; see ingest/tradestat.py),,2026-09-27T00:00:00Z,SYNTH
API-CISPLATIN,2026-09-01,CH,0.133662,FlowForge synthetic (TradeStat not downloaded; see ingest/tradestat.py),,2026-09-27T00:00:00Z,SYNTH
API-CISPLATIN,2026-09-01,JP,0.018954,FlowForge synthetic (TradeStat not downloaded; see ingest/tradestat.py),,2026-09-27T00:00:00Z,SYNTH
API-DAPSONE,2023-10-01,CN,0.663127,FlowForge synthetic (TradeStat not downloaded; see ingest/tradestat.py),,2026-09-27T00:00:00Z,SYNTH
API-DAPSONE,2023-10-01,DE,0.336873,FlowForge synthetic (TradeStat not downloaded; see ingest/tradestat.py),,2026-09-27T00:00:00Z,SYNTH
API-DAPSONE,2023-11-01,CN,0.655484,FlowForge synthetic (TradeStat not downloaded; see ingest/tradestat.py),,2026-09-27T00:00:00Z,SYNTH
API-DAPSONE,2023-11-01,DE,0.344516,FlowForge synthetic (TradeStat not downloaded; see ingest/tradestat.py),,2026-09-27T00:00:00Z,SYNTH
API-DAPSONE,2023-12-01,CN,0.710857,FlowForge synthetic (TradeStat not downloaded; see ingest/tradestat.py),,2026-09-27T00:00:00Z,SYNTH
API-DAPSONE,2023-12-01,DE,0.289143,FlowForge synthetic (TradeStat not downloaded; see ingest/tradestat.py),,2026-09-27T00:00:00Z,SYNTH
API-DAPSONE,2024-01-01,CN,0.687483,FlowForge synthetic (TradeStat not downloaded; see ingest/tradestat.py),,2026-09-27T00:00:00Z,SYNTH
API-DAPSONE,2024-01-01,DE,0.312517,FlowForge synthetic (TradeStat not downloaded; see ingest/tradestat.py),,2026-09-27T00:00:00Z,SYNTH
API-DAPSONE,2024-02-01,CN,0.656427,FlowForge synthetic (TradeStat not downloaded; see ingest/tradestat.py),,2026-09-27T00:00:00Z,SYNTH
API-DAPSONE,2024-02-01,DE,0.343573,FlowForge synthetic (TradeStat not downloaded; see ingest/tradestat.py),,2026-09-27T00:00:00Z,SYNTH
API-DAPSONE,2024-03-01,CN,0.6794,FlowForge synthetic (TradeStat not downloaded; see ingest/tradestat.py),,2026-09-27T00:00:00Z,SYNTH
API-DAPSONE,2024-03-01,DE,0.3206,FlowForge synthetic (TradeStat not downloaded; see ingest/tradestat.py),,2026-09-27T00:00:00Z,SYNTH
API-DAPSONE,2024-04-01,CN,0.670133,FlowForge synthetic (TradeStat not downloaded; see ingest/tradestat.py),,2026-09-27T00:00:00Z,SYNTH
API-DAPSONE,2024-04-01,DE,0.329867,FlowForge synthetic (TradeStat not downloaded; see ingest/tradestat.py),,2026-09-27T00:00:00Z,SYNTH
API-DAPSONE,2024-05-01,CN,0.683664,FlowForge synthetic (TradeStat not downloaded; see ingest/tradestat.py),,2026-09-27T00:00:00Z,SYNTH
API-DAPSONE,2024-05-01,DE,0.316336,FlowForge synthetic (TradeStat not downloaded; see ingest/tradestat.py),,2026-09-27T00:00:00Z,SYNTH
API-DAPSONE,2024-06-01,CN,0.672633,FlowForge synthetic (TradeStat not downloaded; see ingest/tradestat.py),,2026-09-27T00:00:00Z,SYNTH
API-DAPSONE,2024-06-01,DE,0.327367,FlowForge synthetic (TradeStat not downloaded; see ingest/tradestat.py),,2026-09-27T00:00:00Z,SYNTH
API-DAPSONE,2024-07-01,CN,0.70118,FlowForge synthetic (TradeStat not downloaded; see ingest/tradestat.py),,2026-09-27T00:00:00Z,SYNTH
API-DAPSONE,2024-07-01,DE,0.29882,FlowForge synthetic (TradeStat not downloaded; see ingest/tradestat.py),,2026-09-27T00:00:00Z,SYNTH
API-DAPSONE,2024-08-01,CN,0.664453,FlowForge synthetic (TradeStat not downloaded; see ingest/tradestat.py),,2026-09-27T00:00:00Z,SYNTH
API-DAPSONE,2024-08-01,DE,0.335547,FlowForge synthetic (TradeStat not downloaded; see ingest/tradestat.py),,2026-09-27T00:00:00Z,SYNTH
API-DAPSONE,2024-09-01,CN,0.669233,FlowForge synthetic (TradeStat not downloaded; see ingest/tradestat.py),,2026-09-27T00:00:00Z,SYNTH
API-DAPSONE,2024-09-01,DE,0.330767,FlowForge synthetic (TradeStat not downloaded; see ingest/tradestat.py),,2026-09-27T00:00:00Z,SYNTH
API-DAPSONE,2024-10-01,CN,0.65433,FlowForge synthetic (TradeStat not downloaded; see ingest/tradestat.py),,2026-09-27T00:00:00Z,SYNTH
API-DAPSONE,2024-10-01,DE,0.34567,FlowForge synthetic (TradeStat not downloaded; see ingest/tradestat.py),,2026-09-27T00:00:00Z,SYNTH
API-DAPSONE,2024-11-01,CN,0.643944,FlowForge synthetic (TradeStat not downloaded; see ingest/tradestat.py),,2026-09-27T00:00:00Z,SYNTH
API-DAPSONE,2024-11-01,DE,0.356056,FlowForge synthetic (TradeStat not downloaded; see ingest/tradestat.py),,2026-09-27T00:00:00Z,SYNTH
API-DAPSONE,2024-12-01,CN,0.689556,FlowForge synthetic (TradeStat not downloaded; see ingest/tradestat.py),,2026-09-27T00:00:00Z,SYNTH
API-DAPSONE,2024-12-01,DE,0.310444,FlowForge synthetic (TradeStat not downloaded; see ingest/tradestat.py),,2026-09-27T00:00:00Z,SYNTH
API-DAPSONE,2025-01-01,CN,0.634627,FlowForge synthetic (TradeStat not downloaded; see ingest/tradestat.py),,2026-09-27T00:00:00Z,SYNTH
API-DAPSONE,2025-01-01,DE,0.365373,FlowForge synthetic (TradeStat not downloaded; see ingest/tradestat.py),,2026-09-27T00:00:00Z,SYNTH
API-DAPSONE,2025-02-01,CN,0.675978,FlowForge synthetic (TradeStat not downloaded; see ingest/tradestat.py),,2026-09-27T00:00:00Z,SYNTH
API-DAPSONE,2025-02-01,DE,0.324022,FlowForge synthetic (TradeStat not downloaded; see ingest/tradestat.py),,2026-09-27T00:00:00Z,SYNTH
API-DAPSONE,2025-03-01,CN,0.657426,FlowForge synthetic (TradeStat not downloaded; see ingest/tradestat.py),,2026-09-27T00:00:00Z,SYNTH
API-DAPSONE,2025-03-01,DE,0.342574,FlowForge synthetic (TradeStat not downloaded; see ingest/tradestat.py),,2026-09-27T00:00:00Z,SYNTH
API-DAPSONE,2025-04-01,CN,0.654846,FlowForge synthetic (TradeStat not downloaded; see ingest/tradestat.py),,2026-09-27T00:00:00Z,SYNTH
API-DAPSONE,2025-04-01,DE,0.345154,FlowForge synthetic (TradeStat not downloaded; see ingest/tradestat.py),,2026-09-27T00:00:00Z,SYNTH
API-DAPSONE,2025-05-01,CN,0.666926,FlowForge synthetic (TradeStat not downloaded; see ingest/tradestat.py),,2026-09-27T00:00:00Z,SYNTH
API-DAPSONE,2025-05-01,DE,0.333074,FlowForge synthetic (TradeStat not downloaded; see ingest/tradestat.py),,2026-09-27T00:00:00Z,SYNTH
API-DAPSONE,2025-06-01,CN,0.67401,FlowForge synthetic (TradeStat not downloaded; see ingest/tradestat.py),,2026-09-27T00:00:00Z,SYNTH
API-DAPSONE,2025-06-01,DE,0.32599,FlowForge synthetic (TradeStat not downloaded; see ingest/tradestat.py),,2026-09-27T00:00:00Z,SYNTH
API-DAPSONE,2025-07-01,CN,0.688516,FlowForge synthetic (TradeStat not downloaded; see ingest/tradestat.py),,2026-09-27T00:00:00Z,SYNTH
API-DAPSONE,2025-07-01,DE,0.311484,FlowForge synthetic (TradeStat not downloaded; see ingest/tradestat.py),,2026-09-27T00:00:00Z,SYNTH
API-DAPSONE,2025-08-01,CN,0.698296,FlowForge synthetic (TradeStat not downloaded; see ingest/tradestat.py),,2026-09-27T00:00:00Z,SYNTH
API-DAPSONE,2025-08-01,DE,0.301704,FlowForge synthetic (TradeStat not downloaded; see ingest/tradestat.py),,2026-09-27T00:00:00Z,SYNTH
API-DAPSONE,2025-09-01,CN,0.683611,FlowForge synthetic (TradeStat not downloaded; see ingest/tradestat.py),,2026-09-27T00:00:00Z,SYNTH
API-DAPSONE,2025-09-01,DE,0.316389,FlowForge synthetic (TradeStat not downloaded; see ingest/tradestat.py),,2026-09-27T00:00:00Z,SYNTH
API-DAPSONE,2025-10-01,CN,0.715074,FlowForge synthetic (TradeStat not downloaded; see ingest/tradestat.py),,2026-09-27T00:00:00Z,SYNTH
API-DAPSONE,2025-10-01,DE,0.284926,FlowForge synthetic (TradeStat not downloaded; see ingest/tradestat.py),,2026-09-27T00:00:00Z,SYNTH
API-DAPSONE,2025-11-01,CN,0.661569,FlowForge synthetic (TradeStat not downloaded; see ingest/tradestat.py),,2026-09-27T00:00:00Z,SYNTH
API-DAPSONE,2025-11-01,DE,0.338431,FlowForge synthetic (TradeStat not downloaded; see ingest/tradestat.py),,2026-09-27T00:00:00Z,SYNTH
API-DAPSONE,2025-12-01,CN,0.703042,FlowForge synthetic (TradeStat not downloaded; see ingest/tradestat.py),,2026-09-27T00:00:00Z,SYNTH
API-DAPSONE,2025-12-01,DE,0.296958,FlowForge synthetic (TradeStat not downloaded; see ingest/tradestat.py),,2026-09-27T00:00:00Z,SYNTH
API-DAPSONE,2026-01-01,CN,0.700471,FlowForge synthetic (TradeStat not downloaded; see ingest/tradestat.py),,2026-09-27T00:00:00Z,SYNTH
API-DAPSONE,2026-01-01,DE,0.299529,FlowForge synthetic (TradeStat not downloaded; see ingest/tradestat.py),,2026-09-27T00:00:00Z,SYNTH
API-DAPSONE,2026-02-01,CN,0.690182,FlowForge synthetic (TradeStat not downloaded; see ingest/tradestat.py),,2026-09-27T00:00:00Z,SYNTH
API-DAPSONE,2026-02-01,DE,0.309818,FlowForge synthetic (TradeStat not downloaded; see ingest/tradestat.py),,2026-09-27T00:00:00Z,SYNTH
API-DAPSONE,2026-03-01,CN,0.662739,FlowForge synthetic (TradeStat not downloaded; see ingest/tradestat.py),,2026-09-27T00:00:00Z,SYNTH
API-DAPSONE,2026-03-01,DE,0.337261,FlowForge synthetic (TradeStat not downloaded; see ingest/tradestat.py),,2026-09-27T00:00:00Z,SYNTH
API-DAPSONE,2026-04-01,CN,0.710037,FlowForge synthetic (TradeStat not downloaded; see ingest/tradestat.py),,2026-09-27T00:00:00Z,SYNTH
API-DAPSONE,2026-04-01,DE,0.289963,FlowForge synthetic (TradeStat not downloaded; see ingest/tradestat.py),,2026-09-27T00:00:00Z,SYNTH
API-DAPSONE,2026-05-01,CN,0.637205,FlowForge synthetic (TradeStat not downloaded; see ingest/tradestat.py),,2026-09-27T00:00:00Z,SYNTH
API-DAPSONE,2026-05-01,DE,0.362795,FlowForge synthetic (TradeStat not downloaded; see ingest/tradestat.py),,2026-09-27T00:00:00Z,SYNTH
API-DAPSONE,2026-06-01,CN,0.697611,FlowForge synthetic (TradeStat not downloaded; see ingest/tradestat.py),,2026-09-27T00:00:00Z,SYNTH
API-DAPSONE,2026-06-01,DE,0.302389,FlowForge synthetic (TradeStat not downloaded; see ingest/tradestat.py),,2026-09-27T00:00:00Z,SYNTH
API-DAPSONE,2026-07-01,CN,0.695054,FlowForge synthetic (TradeStat not downloaded; see ingest/tradestat.py),,2026-09-27T00:00:00Z,SYNTH
API-DAPSONE,2026-07-01,DE,0.304946,FlowForge synthetic (TradeStat not downloaded; see ingest/tradestat.py),,2026-09-27T00:00:00Z,SYNTH
API-DAPSONE,2026-08-01,CN,0.651219,FlowForge synthetic (TradeStat not downloaded; see ingest/tradestat.py),,2026-09-27T00:00:00Z,SYNTH
API-DAPSONE,2026-08-01,DE,0.348781,FlowForge synthetic (TradeStat not downloaded; see ingest/tradestat.py),,2026-09-27T00:00:00Z,SYNTH
API-DAPSONE,2026-09-01,CN,0.640822,FlowForge synthetic (TradeStat not downloaded; see ingest/tradestat.py),,2026-09-27T00:00:00Z,SYNTH
API-DAPSONE,2026-09-01,DE,0.359178,FlowForge synthetic (TradeStat not downloaded; see ingest/tradestat.py),,2026-09-27T00:00:00Z,SYNTH
API-DESFERRIOXAMINE,2023-10-01,CN,0.831611,FlowForge synthetic (TradeStat not downloaded; see ingest/tradestat.py),,2026-09-27T00:00:00Z,SYNTH
API-DESFERRIOXAMINE,2023-10-01,CH,0.168389,FlowForge synthetic (TradeStat not downloaded; see ingest/tradestat.py),,2026-09-27T00:00:00Z,SYNTH
API-DESFERRIOXAMINE,2023-11-01,CN,0.826862,FlowForge synthetic (TradeStat not downloaded; see ingest/tradestat.py),,2026-09-27T00:00:00Z,SYNTH
API-DESFERRIOXAMINE,2023-11-01,CH,0.173138,FlowForge synthetic (TradeStat not downloaded; see ingest/tradestat.py),,2026-09-27T00:00:00Z,SYNTH
API-DESFERRIOXAMINE,2023-12-01,CN,0.775392,FlowForge synthetic (TradeStat not downloaded; see ingest/tradestat.py),,2026-09-27T00:00:00Z,SYNTH
API-DESFERRIOXAMINE,2023-12-01,CH,0.224608,FlowForge synthetic (TradeStat not downloaded; see ingest/tradestat.py),,2026-09-27T00:00:00Z,SYNTH
API-DESFERRIOXAMINE,2024-01-01,CN,0.85831,FlowForge synthetic (TradeStat not downloaded; see ingest/tradestat.py),,2026-09-27T00:00:00Z,SYNTH
API-DESFERRIOXAMINE,2024-01-01,CH,0.14169,FlowForge synthetic (TradeStat not downloaded; see ingest/tradestat.py),,2026-09-27T00:00:00Z,SYNTH
API-DESFERRIOXAMINE,2024-02-01,CN,0.834131,FlowForge synthetic (TradeStat not downloaded; see ingest/tradestat.py),,2026-09-27T00:00:00Z,SYNTH
API-DESFERRIOXAMINE,2024-02-01,CH,0.165869,FlowForge synthetic (TradeStat not downloaded; see ingest/tradestat.py),,2026-09-27T00:00:00Z,SYNTH
API-DESFERRIOXAMINE,2024-03-01,CN,0.87378,FlowForge synthetic (TradeStat not downloaded; see ingest/tradestat.py),,2026-09-27T00:00:00Z,SYNTH
API-DESFERRIOXAMINE,2024-03-01,CH,0.12622,FlowForge synthetic (TradeStat not downloaded; see ingest/tradestat.py),,2026-09-27T00:00:00Z,SYNTH
API-DESFERRIOXAMINE,2024-04-01,CN,0.819274,FlowForge synthetic (TradeStat not downloaded; see ingest/tradestat.py),,2026-09-27T00:00:00Z,SYNTH
API-DESFERRIOXAMINE,2024-04-01,CH,0.180726,FlowForge synthetic (TradeStat not downloaded; see ingest/tradestat.py),,2026-09-27T00:00:00Z,SYNTH
API-DESFERRIOXAMINE,2024-05-01,CN,0.88025,FlowForge synthetic (TradeStat not downloaded; see ingest/tradestat.py),,2026-09-27T00:00:00Z,SYNTH
API-DESFERRIOXAMINE,2024-05-01,CH,0.11975,FlowForge synthetic (TradeStat not downloaded; see ingest/tradestat.py),,2026-09-27T00:00:00Z,SYNTH
API-DESFERRIOXAMINE,2024-06-01,CN,0.854093,FlowForge synthetic (TradeStat not downloaded; see ingest/tradestat.py),,2026-09-27T00:00:00Z,SYNTH
API-DESFERRIOXAMINE,2024-06-01,CH,0.145907,FlowForge synthetic (TradeStat not downloaded; see ingest/tradestat.py),,2026-09-27T00:00:00Z,SYNTH
API-DESFERRIOXAMINE,2024-07-01,CN,0.78758,FlowForge synthetic (TradeStat not downloaded; see ingest/tradestat.py),,2026-09-27T00:00:00Z,SYNTH
API-DESFERRIOXAMINE,2024-07-01,CH,0.21242,FlowForge synthetic (TradeStat not downloaded; see ingest/tradestat.py),,2026-09-27T00:00:00Z,SYNTH
API-DESFERRIOXAMINE,2024-08-01,CN,0.826309,FlowForge synthetic (TradeStat not downloaded; see ingest/tradestat.py),,2026-09-27T00:00:00Z,SYNTH
API-DESFERRIOXAMINE,2024-08-01,CH,0.173691,FlowForge synthetic (TradeStat not downloaded; see ingest/tradestat.py),,2026-09-27T00:00:00Z,SYNTH
API-DESFERRIOXAMINE,2024-09-01,CN,0.801772,FlowForge synthetic (TradeStat not downloaded; see ingest/tradestat.py),,2026-09-27T00:00:00Z,SYNTH
API-DESFERRIOXAMINE,2024-09-01,CH,0.198228,FlowForge synthetic (TradeStat not downloaded; see ingest/tradestat.py),,2026-09-27T00:00:00Z,SYNTH
API-DESFERRIOXAMINE,2024-10-01,CN,0.855771,FlowForge synthetic (TradeStat not downloaded; see ingest/tradestat.py),,2026-09-27T00:00:00Z,SYNTH
API-DESFERRIOXAMINE,2024-10-01,CH,0.144229,FlowForge synthetic (TradeStat not downloaded; see ingest/tradestat.py),,2026-09-27T00:00:00Z,SYNTH
API-DESFERRIOXAMINE,2024-11-01,CN,0.838595,FlowForge synthetic (TradeStat not downloaded; see ingest/tradestat.py),,2026-09-27T00:00:00Z,SYNTH
API-DESFERRIOXAMINE,2024-11-01,CH,0.161405,FlowForge synthetic (TradeStat not downloaded; see ingest/tradestat.py),,2026-09-27T00:00:00Z,SYNTH
API-DESFERRIOXAMINE,2024-12-01,CN,0.7878,FlowForge synthetic (TradeStat not downloaded; see ingest/tradestat.py),,2026-09-27T00:00:00Z,SYNTH
API-DESFERRIOXAMINE,2024-12-01,CH,0.2122,FlowForge synthetic (TradeStat not downloaded; see ingest/tradestat.py),,2026-09-27T00:00:00Z,SYNTH
API-DESFERRIOXAMINE,2025-01-01,CN,0.886671,FlowForge synthetic (TradeStat not downloaded; see ingest/tradestat.py),,2026-09-27T00:00:00Z,SYNTH
API-DESFERRIOXAMINE,2025-01-01,CH,0.113329,FlowForge synthetic (TradeStat not downloaded; see ingest/tradestat.py),,2026-09-27T00:00:00Z,SYNTH
API-DESFERRIOXAMINE,2025-02-01,CN,0.858255,FlowForge synthetic (TradeStat not downloaded; see ingest/tradestat.py),,2026-09-27T00:00:00Z,SYNTH
API-DESFERRIOXAMINE,2025-02-01,CH,0.141745,FlowForge synthetic (TradeStat not downloaded; see ingest/tradestat.py),,2026-09-27T00:00:00Z,SYNTH
API-DESFERRIOXAMINE,2025-03-01,CN,0.837934,FlowForge synthetic (TradeStat not downloaded; see ingest/tradestat.py),,2026-09-27T00:00:00Z,SYNTH
API-DESFERRIOXAMINE,2025-03-01,CH,0.162066,FlowForge synthetic (TradeStat not downloaded; see ingest/tradestat.py),,2026-09-27T00:00:00Z,SYNTH
API-DESFERRIOXAMINE,2025-04-01,CN,0.81735,FlowForge synthetic (TradeStat not downloaded; see ingest/tradestat.py),,2026-09-27T00:00:00Z,SYNTH
API-DESFERRIOXAMINE,2025-04-01,CH,0.18265,FlowForge synthetic (TradeStat not downloaded; see ingest/tradestat.py),,2026-09-27T00:00:00Z,SYNTH
API-DESFERRIOXAMINE,2025-05-01,CN,0.839186,FlowForge synthetic (TradeStat not downloaded; see ingest/tradestat.py),,2026-09-27T00:00:00Z,SYNTH
API-DESFERRIOXAMINE,2025-05-01,CH,0.160814,FlowForge synthetic (TradeStat not downloaded; see ingest/tradestat.py),,2026-09-27T00:00:00Z,SYNTH
API-DESFERRIOXAMINE,2025-06-01,CN,0.838006,FlowForge synthetic (TradeStat not downloaded; see ingest/tradestat.py),,2026-09-27T00:00:00Z,SYNTH
API-DESFERRIOXAMINE,2025-06-01,CH,0.161994,FlowForge synthetic (TradeStat not downloaded; see ingest/tradestat.py),,2026-09-27T00:00:00Z,SYNTH
API-DESFERRIOXAMINE,2025-07-01,CN,0.874902,FlowForge synthetic (TradeStat not downloaded; see ingest/tradestat.py),,2026-09-27T00:00:00Z,SYNTH
API-DESFERRIOXAMINE,2025-07-01,CH,0.125098,FlowForge synthetic (TradeStat not downloaded; see ingest/tradestat.py),,2026-09-27T00:00:00Z,SYNTH
API-DESFERRIOXAMINE,2025-08-01,CN,0.833546,FlowForge synthetic (TradeStat not downloaded; see ingest/tradestat.py),,2026-09-27T00:00:00Z,SYNTH
API-DESFERRIOXAMINE,2025-08-01,CH,0.166454,FlowForge synthetic (TradeStat not downloaded; see ingest/tradestat.py),,2026-09-27T00:00:00Z,SYNTH
API-DESFERRIOXAMINE,2025-09-01,CN,0.803348,FlowForge synthetic (TradeStat not downloaded; see ingest/tradestat.py),,2026-09-27T00:00:00Z,SYNTH
API-DESFERRIOXAMINE,2025-09-01,CH,0.196652,FlowForge synthetic (TradeStat not downloaded; see ingest/tradestat.py),,2026-09-27T00:00:00Z,SYNTH
API-DESFERRIOXAMINE,2025-10-01,CN,0.838344,FlowForge synthetic (TradeStat not downloaded; see ingest/tradestat.py),,2026-09-27T00:00:00Z,SYNTH
API-DESFERRIOXAMINE,2025-10-01,CH,0.161656,FlowForge synthetic (TradeStat not downloaded; see ingest/tradestat.py),,2026-09-27T00:00:00Z,SYNTH
API-DESFERRIOXAMINE,2025-11-01,CN,0.872494,FlowForge synthetic (TradeStat not downloaded; see ingest/tradestat.py),,2026-09-27T00:00:00Z,SYNTH
API-DESFERRIOXAMINE,2025-11-01,CH,0.127506,FlowForge synthetic (TradeStat not downloaded; see ingest/tradestat.py),,2026-09-27T00:00:00Z,SYNTH
API-DESFERRIOXAMINE,2025-12-01,CN,0.836297,FlowForge synthetic (TradeStat not downloaded; see ingest/tradestat.py),,2026-09-27T00:00:00Z,SYNTH
API-DESFERRIOXAMINE,2025-12-01,CH,0.163703,FlowForge synthetic (TradeStat not downloaded; see ingest/tradestat.py),,2026-09-27T00:00:00Z,SYNTH
API-DESFERRIOXAMINE,2026-01-01,CN,0.832568,FlowForge synthetic (TradeStat not downloaded; see ingest/tradestat.py),,2026-09-27T00:00:00Z,SYNTH
API-DESFERRIOXAMINE,2026-01-01,CH,0.167432,FlowForge synthetic (TradeStat not downloaded; see ingest/tradestat.py),,2026-09-27T00:00:00Z,SYNTH
API-DESFERRIOXAMINE,2026-02-01,CN,0.848395,FlowForge synthetic (TradeStat not downloaded; see ingest/tradestat.py),,2026-09-27T00:00:00Z,SYNTH
API-DESFERRIOXAMINE,2026-02-01,CH,0.151605,FlowForge synthetic (TradeStat not downloaded; see ingest/tradestat.py),,2026-09-27T00:00:00Z,SYNTH
API-DESFERRIOXAMINE,2026-03-01,CN,0.825417,FlowForge synthetic (TradeStat not downloaded; see ingest/tradestat.py),,2026-09-27T00:00:00Z,SYNTH
API-DESFERRIOXAMINE,2026-03-01,CH,0.174583,FlowForge synthetic (TradeStat not downloaded; see ingest/tradestat.py),,2026-09-27T00:00:00Z,SYNTH
API-DESFERRIOXAMINE,2026-04-01,CN,0.862243,FlowForge synthetic (TradeStat not downloaded; see ingest/tradestat.py),,2026-09-27T00:00:00Z,SYNTH
API-DESFERRIOXAMINE,2026-04-01,CH,0.137757,FlowForge synthetic (TradeStat not downloaded; see ingest/tradestat.py),,2026-09-27T00:00:00Z,SYNTH
API-DESFERRIOXAMINE,2026-05-01,CN,0.827897,FlowForge synthetic (TradeStat not downloaded; see ingest/tradestat.py),,2026-09-27T00:00:00Z,SYNTH
API-DESFERRIOXAMINE,2026-05-01,CH,0.172103,FlowForge synthetic (TradeStat not downloaded; see ingest/tradestat.py),,2026-09-27T00:00:00Z,SYNTH
API-DESFERRIOXAMINE,2026-06-01,CN,0.828138,FlowForge synthetic (TradeStat not downloaded; see ingest/tradestat.py),,2026-09-27T00:00:00Z,SYNTH
API-DESFERRIOXAMINE,2026-06-01,CH,0.171862,FlowForge synthetic (TradeStat not downloaded; see ingest/tradestat.py),,2026-09-27T00:00:00Z,SYNTH
API-DESFERRIOXAMINE,2026-07-01,CN,0.846565,FlowForge synthetic (TradeStat not downloaded; see ingest/tradestat.py),,2026-09-27T00:00:00Z,SYNTH
API-DESFERRIOXAMINE,2026-07-01,CH,0.153435,FlowForge synthetic (TradeStat not downloaded; see ingest/tradestat.py),,2026-09-27T00:00:00Z,SYNTH
API-DESFERRIOXAMINE,2026-08-01,CN,0.758431,FlowForge synthetic (TradeStat not downloaded; see ingest/tradestat.py),,2026-09-27T00:00:00Z,SYNTH
API-DESFERRIOXAMINE,2026-08-01,CH,0.241569,FlowForge synthetic (TradeStat not downloaded; see ingest/tradestat.py),,2026-09-27T00:00:00Z,SYNTH
API-DESFERRIOXAMINE,2026-09-01,CN,0.856896,FlowForge synthetic (TradeStat not downloaded; see ingest/tradestat.py),,2026-09-27T00:00:00Z,SYNTH
API-DESFERRIOXAMINE,2026-09-01,CH,0.143104,FlowForge synthetic (TradeStat not downloaded; see ingest/tradestat.py),,2026-09-27T00:00:00Z,SYNTH
API-DIGOXIN,2023-10-01,US,0.77947,FlowForge synthetic (TradeStat not downloaded; see ingest/tradestat.py),,2026-09-27T00:00:00Z,SYNTH
API-DIGOXIN,2023-10-01,KR,0.0,FlowForge synthetic (TradeStat not downloaded; see ingest/tradestat.py),,2026-09-27T00:00:00Z,SYNTH
API-DIGOXIN,2023-10-01,IT,0.22053,FlowForge synthetic (TradeStat not downloaded; see ingest/tradestat.py),,2026-09-27T00:00:00Z,SYNTH
API-DIGOXIN,2023-11-01,US,0.769133,FlowForge synthetic (TradeStat not downloaded; see ingest/tradestat.py),,2026-09-27T00:00:00Z,SYNTH
API-DIGOXIN,2023-11-01,KR,0.049148,FlowForge synthetic (TradeStat not downloaded; see ingest/tradestat.py),,2026-09-27T00:00:00Z,SYNTH
API-DIGOXIN,2023-11-01,IT,0.181718,FlowForge synthetic (TradeStat not downloaded; see ingest/tradestat.py),,2026-09-27T00:00:00Z,SYNTH
API-DIGOXIN,2023-12-01,US,0.781381,FlowForge synthetic (TradeStat not downloaded; see ingest/tradestat.py),,2026-09-27T00:00:00Z,SYNTH
API-DIGOXIN,2023-12-01,KR,0.0,FlowForge synthetic (TradeStat not downloaded; see ingest/tradestat.py),,2026-09-27T00:00:00Z,SYNTH
API-DIGOXIN,2023-12-01,IT,0.218619,FlowForge synthetic (TradeStat not downloaded; see ingest/tradestat.py),,2026-09-27T00:00:00Z,SYNTH
API-DIGOXIN,2024-01-01,US,0.752217,FlowForge synthetic (TradeStat not downloaded; see ingest/tradestat.py),,2026-09-27T00:00:00Z,SYNTH
API-DIGOXIN,2024-01-01,KR,0.032274,FlowForge synthetic (TradeStat not downloaded; see ingest/tradestat.py),,2026-09-27T00:00:00Z,SYNTH
API-DIGOXIN,2024-01-01,IT,0.215509,FlowForge synthetic (TradeStat not downloaded; see ingest/tradestat.py),,2026-09-27T00:00:00Z,SYNTH
API-DIGOXIN,2024-02-01,US,0.770188,FlowForge synthetic (TradeStat not downloaded; see ingest/tradestat.py),,2026-09-27T00:00:00Z,SYNTH
API-DIGOXIN,2024-02-01,KR,0.005646,FlowForge synthetic (TradeStat not downloaded; see ingest/tradestat.py),,2026-09-27T00:00:00Z,SYNTH
API-DIGOXIN,2024-02-01,IT,0.224167,FlowForge synthetic (TradeStat not downloaded; see ingest/tradestat.py),,2026-09-27T00:00:00Z,SYNTH
API-DIGOXIN,2024-03-01,US,0.795841,FlowForge synthetic (TradeStat not downloaded; see ingest/tradestat.py),,2026-09-27T00:00:00Z,SYNTH
API-DIGOXIN,2024-03-01,KR,0.0,FlowForge synthetic (TradeStat not downloaded; see ingest/tradestat.py),,2026-09-27T00:00:00Z,SYNTH
API-DIGOXIN,2024-03-01,IT,0.204159,FlowForge synthetic (TradeStat not downloaded; see ingest/tradestat.py),,2026-09-27T00:00:00Z,SYNTH
API-DIGOXIN,2024-04-01,US,0.736103,FlowForge synthetic (TradeStat not downloaded; see ingest/tradestat.py),,2026-09-27T00:00:00Z,SYNTH
API-DIGOXIN,2024-04-01,KR,0.0392,FlowForge synthetic (TradeStat not downloaded; see ingest/tradestat.py),,2026-09-27T00:00:00Z,SYNTH
API-DIGOXIN,2024-04-01,IT,0.224697,FlowForge synthetic (TradeStat not downloaded; see ingest/tradestat.py),,2026-09-27T00:00:00Z,SYNTH
API-DIGOXIN,2024-05-01,US,0.745475,FlowForge synthetic (TradeStat not downloaded; see ingest/tradestat.py),,2026-09-27T00:00:00Z,SYNTH
API-DIGOXIN,2024-05-01,KR,0.0,FlowForge synthetic (TradeStat not downloaded; see ingest/tradestat.py),,2026-09-27T00:00:00Z,SYNTH
API-DIGOXIN,2024-05-01,IT,0.254525,FlowForge synthetic (TradeStat not downloaded; see ingest/tradestat.py),,2026-09-27T00:00:00Z,SYNTH
API-DIGOXIN,2024-06-01,US,0.784696,FlowForge synthetic (TradeStat not downloaded; see ingest/tradestat.py),,2026-09-27T00:00:00Z,SYNTH
API-DIGOXIN,2024-06-01,KR,0.015178,FlowForge synthetic (TradeStat not downloaded; see ingest/tradestat.py),,2026-09-27T00:00:00Z,SYNTH
API-DIGOXIN,2024-06-01,IT,0.200125,FlowForge synthetic (TradeStat not downloaded; see ingest/tradestat.py),,2026-09-27T00:00:00Z,SYNTH
API-DIGOXIN,2024-07-01,US,0.766268,FlowForge synthetic (TradeStat not downloaded; see ingest/tradestat.py),,2026-09-27T00:00:00Z,SYNTH
API-DIGOXIN,2024-07-01,KR,0.0236,FlowForge synthetic (TradeStat not downloaded; see ingest/tradestat.py),,2026-09-27T00:00:00Z,SYNTH
API-DIGOXIN,2024-07-01,IT,0.210132,FlowForge synthetic (TradeStat not downloaded; see ingest/tradestat.py),,2026-09-27T00:00:00Z,SYNTH
API-DIGOXIN,2024-08-01,US,0.762293,FlowForge synthetic (TradeStat not downloaded; see ingest/tradestat.py),,2026-09-27T00:00:00Z,SYNTH
API-DIGOXIN,2024-08-01,KR,0.01922,FlowForge synthetic (TradeStat not downloaded; see ingest/tradestat.py),,2026-09-27T00:00:00Z,SYNTH
API-DIGOXIN,2024-08-01,IT,0.218487,FlowForge synthetic (TradeStat not downloaded; see ingest/tradestat.py),,2026-09-27T00:00:00Z,SYNTH
API-DIGOXIN,2024-09-01,US,0.784059,FlowForge synthetic (TradeStat not downloaded; see ingest/tradestat.py),,2026-09-27T00:00:00Z,SYNTH
API-DIGOXIN,2024-09-01,KR,0.0,FlowForge synthetic (TradeStat not downloaded; see ingest/tradestat.py),,2026-09-27T00:00:00Z,SYNTH
API-DIGOXIN,2024-09-01,IT,0.215941,FlowForge synthetic (TradeStat not downloaded; see ingest/tradestat.py),,2026-09-27T00:00:00Z,SYNTH
API-DIGOXIN,2024-10-01,US,0.771555,FlowForge synthetic (TradeStat not downloaded; see ingest/tradestat.py),,2026-09-27T00:00:00Z,SYNTH
API-DIGOXIN,2024-10-01,KR,0.00708,FlowForge synthetic (TradeStat not downloaded; see ingest/tradestat.py),,2026-09-27T00:00:00Z,SYNTH
API-DIGOXIN,2024-10-01,IT,0.221365,FlowForge synthetic (TradeStat not downloaded; see ingest/tradestat.py),,2026-09-27T00:00:00Z,SYNTH
API-DIGOXIN,2024-11-01,US,0.782657,FlowForge synthetic (TradeStat not downloaded; see ingest/tradestat.py),,2026-09-27T00:00:00Z,SYNTH
API-DIGOXIN,2024-11-01,KR,0.051097,FlowForge synthetic (TradeStat not downloaded; see ingest/tradestat.py),,2026-09-27T00:00:00Z,SYNTH
API-DIGOXIN,2024-11-01,IT,0.166246,FlowForge synthetic (TradeStat not downloaded; see ingest/tradestat.py),,2026-09-27T00:00:00Z,SYNTH
API-DIGOXIN,2024-12-01,US,0.76118,FlowForge synthetic (TradeStat not downloaded; see ingest/tradestat.py),,2026-09-27T00:00:00Z,SYNTH
API-DIGOXIN,2024-12-01,KR,0.004225,FlowForge synthetic (TradeStat not downloaded; see ingest/tradestat.py),,2026-09-27T00:00:00Z,SYNTH
API-DIGOXIN,2024-12-01,IT,0.234595,FlowForge synthetic (TradeStat not downloaded; see ingest/tradestat.py),,2026-09-27T00:00:00Z,SYNTH
API-DIGOXIN,2025-01-01,US,0.766095,FlowForge synthetic (TradeStat not downloaded; see ingest/tradestat.py),,2026-09-27T00:00:00Z,SYNTH
API-DIGOXIN,2025-01-01,KR,0.0,FlowForge synthetic (TradeStat not downloaded; see ingest/tradestat.py),,2026-09-27T00:00:00Z,SYNTH
API-DIGOXIN,2025-01-01,IT,0.233905,FlowForge synthetic (TradeStat not downloaded; see ingest/tradestat.py),,2026-09-27T00:00:00Z,SYNTH
API-DIGOXIN,2025-02-01,US,0.811997,FlowForge synthetic (TradeStat not downloaded; see ingest/tradestat.py),,2026-09-27T00:00:00Z,SYNTH
API-DIGOXIN,2025-02-01,KR,0.00937,FlowForge synthetic (TradeStat not downloaded; see ingest/tradestat.py),,2026-09-27T00:00:00Z,SYNTH
API-DIGOXIN,2025-02-01,IT,0.178633,FlowForge synthetic (TradeStat not downloaded; see ingest/tradestat.py),,2026-09-27T00:00:00Z,SYNTH
API-DIGOXIN,2025-03-01,US,0.719824,FlowForge synthetic (TradeStat not downloaded; see ingest/tradestat.py),,2026-09-27T00:00:00Z,SYNTH
API-DIGOXIN,2025-03-01,KR,0.029209,FlowForge synthetic (TradeStat not downloaded; see ingest/tradestat.py),,2026-09-27T00:00:00Z,SYNTH
API-DIGOXIN,2025-03-01,IT,0.250966,FlowForge synthetic (TradeStat not downloaded; see ingest/tradestat.py),,2026-09-27T00:00:00Z,SYNTH
API-DIGOXIN,2025-04-01,US,0.758643,FlowForge synthetic (TradeStat not downloaded; see ingest/tradestat.py),,2026-09-27T00:00:00Z,SYNTH
API-DIGOXIN,2025-04-01,KR,0.020866,FlowForge synthetic (TradeStat not downloaded; see ingest/tradestat.py),,2026-09-27T00:00:00Z,SYNTH
API-DIGOXIN,2025-04-01,IT,0.220491,FlowForge synthetic (TradeStat not downloaded; see ingest/tradestat.py),,2026-09-27T00:00:00Z,SYNTH
API-DIGOXIN,2025-05-01,US,0.715794,FlowForge synthetic (TradeStat not downloaded; see ingest/tradestat.py),,2026-09-27T00:00:00Z,SYNTH
API-DIGOXIN,2025-05-01,KR,0.035641,FlowForge synthetic (TradeStat not downloaded; see ingest/tradestat.py),,2026-09-27T00:00:00Z,SYNTH
API-DIGOXIN,2025-05-01,IT,0.248565,FlowForge synthetic (TradeStat not downloaded; see ingest/tradestat.py),,2026-09-27T00:00:00Z,SYNTH
API-DIGOXIN,2025-06-01,US,0.779795,FlowForge synthetic (TradeStat not downloaded; see ingest/tradestat.py),,2026-09-27T00:00:00Z,SYNTH
API-DIGOXIN,2025-06-01,KR,0.019968,FlowForge synthetic (TradeStat not downloaded; see ingest/tradestat.py),,2026-09-27T00:00:00Z,SYNTH
API-DIGOXIN,2025-06-01,IT,0.200237,FlowForge synthetic (TradeStat not downloaded; see ingest/tradestat.py),,2026-09-27T00:00:00Z,SYNTH
API-DIGOXIN,2025-07-01,US,0.78213,FlowForge synthetic (TradeStat not downloaded; see ingest/tradestat.py),,2026-09-27T00:00:00Z,SYNTH
API-DIGOXIN,2025-07-01,KR,0.0,FlowForge synthetic (TradeStat not downloaded; see ingest/tradestat.py),,2026-09-27T00:00:00Z,SYNTH
API-DIGOXIN,2025-07-01,IT,0.21787,FlowForge synthetic (TradeStat not downloaded; see ingest/tradestat.py),,2026-09-27T00:00:00Z,SYNTH
API-DIGOXIN,2025-08-01,US,0.776784,FlowForge synthetic (TradeStat not downloaded; see ingest/tradestat.py),,2026-09-27T00:00:00Z,SYNTH
API-DIGOXIN,2025-08-01,KR,0.008344,FlowForge synthetic (TradeStat not downloaded; see ingest/tradestat.py),,2026-09-27T00:00:00Z,SYNTH
API-DIGOXIN,2025-08-01,IT,0.214872,FlowForge synthetic (TradeStat not downloaded; see ingest/tradestat.py),,2026-09-27T00:00:00Z,SYNTH
API-DIGOXIN,2025-09-01,US,0.790083,FlowForge synthetic (TradeStat not downloaded; see ingest/tradestat.py),,2026-09-27T00:00:00Z,SYNTH
API-DIGOXIN,2025-09-01,KR,0.0303,FlowForge synthetic (TradeStat not downloaded; see ingest/tradestat.py),,2026-09-27T00:00:00Z,SYNTH
API-DIGOXIN,2025-09-01,IT,0.179617,FlowForge synthetic (TradeStat not downloaded; see ingest/tradestat.py),,2026-09-27T00:00:00Z,SYNTH
API-DIGOXIN,2025-10-01,US,0.763145,FlowForge synthetic (TradeStat not downloaded; see ingest/tradestat.py),,2026-09-27T00:00:00Z,SYNTH
API-DIGOXIN,2025-10-01,KR,0.060856,FlowForge synthetic (TradeStat not downloaded; see ingest/tradestat.py),,2026-09-27T00:00:00Z,SYNTH
API-DIGOXIN,2025-10-01,IT,0.175999,FlowForge synthetic (TradeStat not downloaded; see ingest/tradestat.py),,2026-09-27T00:00:00Z,SYNTH
API-DIGOXIN,2025-11-01,US,0.804459,FlowForge synthetic (TradeStat not downloaded; see ingest/tradestat.py),,2026-09-27T00:00:00Z,SYNTH
API-DIGOXIN,2025-11-01,KR,0.0,FlowForge synthetic (TradeStat not downloaded; see ingest/tradestat.py),,2026-09-27T00:00:00Z,SYNTH
API-DIGOXIN,2025-11-01,IT,0.195541,FlowForge synthetic (TradeStat not downloaded; see ingest/tradestat.py),,2026-09-27T00:00:00Z,SYNTH
API-DIGOXIN,2025-12-01,US,0.795953,FlowForge synthetic (TradeStat not downloaded; see ingest/tradestat.py),,2026-09-27T00:00:00Z,SYNTH
API-DIGOXIN,2025-12-01,KR,0.029933,FlowForge synthetic (TradeStat not downloaded; see ingest/tradestat.py),,2026-09-27T00:00:00Z,SYNTH
API-DIGOXIN,2025-12-01,IT,0.174115,FlowForge synthetic (TradeStat not downloaded; see ingest/tradestat.py),,2026-09-27T00:00:00Z,SYNTH
API-DIGOXIN,2026-01-01,US,0.744245,FlowForge synthetic (TradeStat not downloaded; see ingest/tradestat.py),,2026-09-27T00:00:00Z,SYNTH
API-DIGOXIN,2026-01-01,KR,0.023365,FlowForge synthetic (TradeStat not downloaded; see ingest/tradestat.py),,2026-09-27T00:00:00Z,SYNTH
API-DIGOXIN,2026-01-01,IT,0.23239,FlowForge synthetic (TradeStat not downloaded; see ingest/tradestat.py),,2026-09-27T00:00:00Z,SYNTH
API-DIGOXIN,2026-02-01,US,0.752271,FlowForge synthetic (TradeStat not downloaded; see ingest/tradestat.py),,2026-09-27T00:00:00Z,SYNTH
API-DIGOXIN,2026-02-01,KR,0.030669,FlowForge synthetic (TradeStat not downloaded; see ingest/tradestat.py),,2026-09-27T00:00:00Z,SYNTH
API-DIGOXIN,2026-02-01,IT,0.217059,FlowForge synthetic (TradeStat not downloaded; see ingest/tradestat.py),,2026-09-27T00:00:00Z,SYNTH
API-DIGOXIN,2026-03-01,US,0.759423,FlowForge synthetic (TradeStat not downloaded; see ingest/tradestat.py),,2026-09-27T00:00:00Z,SYNTH
API-DIGOXIN,2026-03-01,KR,0.061511,FlowForge synthetic (TradeStat not downloaded; see ingest/tradestat.py),,2026-09-27T00:00:00Z,SYNTH
API-DIGOXIN,2026-03-01,IT,0.179067,FlowForge synthetic (TradeStat not downloaded; see ingest/tradestat.py),,2026-09-27T00:00:00Z,SYNTH
API-DIGOXIN,2026-04-01,US,0.772575,FlowForge synthetic (TradeStat not downloaded; see ingest/tradestat.py),,2026-09-27T00:00:00Z,SYNTH
API-DIGOXIN,2026-04-01,KR,0.0,FlowForge synthetic (TradeStat not downloaded; see ingest/tradestat.py),,2026-09-27T00:00:00Z,SYNTH
API-DIGOXIN,2026-04-01,IT,0.227425,FlowForge synthetic (TradeStat not downloaded; see ingest/tradestat.py),,2026-09-27T00:00:00Z,SYNTH
API-DIGOXIN,2026-05-01,US,0.815999,FlowForge synthetic (TradeStat not downloaded; see ingest/tradestat.py),,2026-09-27T00:00:00Z,SYNTH
API-DIGOXIN,2026-05-01,KR,0.0,FlowForge synthetic (TradeStat not downloaded; see ingest/tradestat.py),,2026-09-27T00:00:00Z,SYNTH
API-DIGOXIN,2026-05-01,IT,0.184001,FlowForge synthetic (TradeStat not downloaded; see ingest/tradestat.py),,2026-09-27T00:00:00Z,SYNTH
API-DIGOXIN,2026-06-01,US,0.776671,FlowForge synthetic (TradeStat not downloaded; see ingest/tradestat.py),,2026-09-27T00:00:00Z,SYNTH
API-DIGOXIN,2026-06-01,KR,0.0,FlowForge synthetic (TradeStat not downloaded; see ingest/tradestat.py),,2026-09-27T00:00:00Z,SYNTH
API-DIGOXIN,2026-06-01,IT,0.223329,FlowForge synthetic (TradeStat not downloaded; see ingest/tradestat.py),,2026-09-27T00:00:00Z,SYNTH
API-DIGOXIN,2026-07-01,US,0.749463,FlowForge synthetic (TradeStat not downloaded; see ingest/tradestat.py),,2026-09-27T00:00:00Z,SYNTH
API-DIGOXIN,2026-07-01,KR,0.0,FlowForge synthetic (TradeStat not downloaded; see ingest/tradestat.py),,2026-09-27T00:00:00Z,SYNTH
API-DIGOXIN,2026-07-01,IT,0.250537,FlowForge synthetic (TradeStat not downloaded; see ingest/tradestat.py),,2026-09-27T00:00:00Z,SYNTH
API-DIGOXIN,2026-08-01,US,0.768156,FlowForge synthetic (TradeStat not downloaded; see ingest/tradestat.py),,2026-09-27T00:00:00Z,SYNTH
API-DIGOXIN,2026-08-01,KR,0.019991,FlowForge synthetic (TradeStat not downloaded; see ingest/tradestat.py),,2026-09-27T00:00:00Z,SYNTH
API-DIGOXIN,2026-08-01,IT,0.211853,FlowForge synthetic (TradeStat not downloaded; see ingest/tradestat.py),,2026-09-27T00:00:00Z,SYNTH
API-DIGOXIN,2026-09-01,US,0.722679,FlowForge synthetic (TradeStat not downloaded; see ingest/tradestat.py),,2026-09-27T00:00:00Z,SYNTH
API-DIGOXIN,2026-09-01,KR,0.0,FlowForge synthetic (TradeStat not downloaded; see ingest/tradestat.py),,2026-09-27T00:00:00Z,SYNTH
API-DIGOXIN,2026-09-01,IT,0.277321,FlowForge synthetic (TradeStat not downloaded; see ingest/tradestat.py),,2026-09-27T00:00:00Z,SYNTH
API-DOXYCYCLINE,2023-10-01,CN,0.883223,FlowForge synthetic (TradeStat not downloaded; see ingest/tradestat.py),,2026-09-27T00:00:00Z,SYNTH
API-DOXYCYCLINE,2023-10-01,JP,0.082172,FlowForge synthetic (TradeStat not downloaded; see ingest/tradestat.py),,2026-09-27T00:00:00Z,SYNTH
API-DOXYCYCLINE,2023-10-01,DE,0.0,FlowForge synthetic (TradeStat not downloaded; see ingest/tradestat.py),,2026-09-27T00:00:00Z,SYNTH
API-DOXYCYCLINE,2023-10-01,US,0.034605,FlowForge synthetic (TradeStat not downloaded; see ingest/tradestat.py),,2026-09-27T00:00:00Z,SYNTH
API-DOXYCYCLINE,2023-11-01,CN,0.886005,FlowForge synthetic (TradeStat not downloaded; see ingest/tradestat.py),,2026-09-27T00:00:00Z,SYNTH
API-DOXYCYCLINE,2023-11-01,JP,0.104955,FlowForge synthetic (TradeStat not downloaded; see ingest/tradestat.py),,2026-09-27T00:00:00Z,SYNTH
API-DOXYCYCLINE,2023-11-01,DE,0.009039,FlowForge synthetic (TradeStat not downloaded; see ingest/tradestat.py),,2026-09-27T00:00:00Z,SYNTH
API-DOXYCYCLINE,2023-11-01,US,0.0,FlowForge synthetic (TradeStat not downloaded; see ingest/tradestat.py),,2026-09-27T00:00:00Z,SYNTH
API-DOXYCYCLINE,2023-12-01,CN,0.847725,FlowForge synthetic (TradeStat not downloaded; see ingest/tradestat.py),,2026-09-27T00:00:00Z,SYNTH
API-DOXYCYCLINE,2023-12-01,JP,0.134504,FlowForge synthetic (TradeStat not downloaded; see ingest/tradestat.py),,2026-09-27T00:00:00Z,SYNTH
API-DOXYCYCLINE,2023-12-01,DE,0.0,FlowForge synthetic (TradeStat not downloaded; see ingest/tradestat.py),,2026-09-27T00:00:00Z,SYNTH
API-DOXYCYCLINE,2023-12-01,US,0.017771,FlowForge synthetic (TradeStat not downloaded; see ingest/tradestat.py),,2026-09-27T00:00:00Z,SYNTH
API-DOXYCYCLINE,2024-01-01,CN,0.84438,FlowForge synthetic (TradeStat not downloaded; see ingest/tradestat.py),,2026-09-27T00:00:00Z,SYNTH
API-DOXYCYCLINE,2024-01-01,JP,0.143279,FlowForge synthetic (TradeStat not downloaded; see ingest/tradestat.py),,2026-09-27T00:00:00Z,SYNTH
API-DOXYCYCLINE,2024-01-01,DE,0.012341,FlowForge synthetic (TradeStat not downloaded; see ingest/tradestat.py),,2026-09-27T00:00:00Z,SYNTH
API-DOXYCYCLINE,2024-01-01,US,0.0,FlowForge synthetic (TradeStat not downloaded; see ingest/tradestat.py),,2026-09-27T00:00:00Z,SYNTH
API-DOXYCYCLINE,2024-02-01,CN,0.906954,FlowForge synthetic (TradeStat not downloaded; see ingest/tradestat.py),,2026-09-27T00:00:00Z,SYNTH
API-DOXYCYCLINE,2024-02-01,JP,0.064174,FlowForge synthetic (TradeStat not downloaded; see ingest/tradestat.py),,2026-09-27T00:00:00Z,SYNTH
API-DOXYCYCLINE,2024-02-01,DE,0.001822,FlowForge synthetic (TradeStat not downloaded; see ingest/tradestat.py),,2026-09-27T00:00:00Z,SYNTH
API-DOXYCYCLINE,2024-02-01,US,0.027051,FlowForge synthetic (TradeStat not downloaded; see ingest/tradestat.py),,2026-09-27T00:00:00Z,SYNTH
API-DOXYCYCLINE,2024-03-01,CN,0.868296,FlowForge synthetic (TradeStat not downloaded; see ingest/tradestat.py),,2026-09-27T00:00:00Z,SYNTH
API-DOXYCYCLINE,2024-03-01,JP,0.100432,FlowForge synthetic (TradeStat not downloaded; see ingest/tradestat.py),,2026-09-27T00:00:00Z,SYNTH
API-DOXYCYCLINE,2024-03-01,DE,0.0,FlowForge synthetic (TradeStat not downloaded; see ingest/tradestat.py),,2026-09-27T00:00:00Z,SYNTH
API-DOXYCYCLINE,2024-03-01,US,0.031273,FlowForge synthetic (TradeStat not downloaded; see ingest/tradestat.py),,2026-09-27T00:00:00Z,SYNTH
API-DOXYCYCLINE,2024-04-01,CN,0.853879,FlowForge synthetic (TradeStat not downloaded; see ingest/tradestat.py),,2026-09-27T00:00:00Z,SYNTH
API-DOXYCYCLINE,2024-04-01,JP,0.111945,FlowForge synthetic (TradeStat not downloaded; see ingest/tradestat.py),,2026-09-27T00:00:00Z,SYNTH
API-DOXYCYCLINE,2024-04-01,DE,0.0,FlowForge synthetic (TradeStat not downloaded; see ingest/tradestat.py),,2026-09-27T00:00:00Z,SYNTH
API-DOXYCYCLINE,2024-04-01,US,0.034176,FlowForge synthetic (TradeStat not downloaded; see ingest/tradestat.py),,2026-09-27T00:00:00Z,SYNTH
API-DOXYCYCLINE,2024-05-01,CN,0.837325,FlowForge synthetic (TradeStat not downloaded; see ingest/tradestat.py),,2026-09-27T00:00:00Z,SYNTH
API-DOXYCYCLINE,2024-05-01,JP,0.117058,FlowForge synthetic (TradeStat not downloaded; see ingest/tradestat.py),,2026-09-27T00:00:00Z,SYNTH
API-DOXYCYCLINE,2024-05-01,DE,0.0,FlowForge synthetic (TradeStat not downloaded; see ingest/tradestat.py),,2026-09-27T00:00:00Z,SYNTH
API-DOXYCYCLINE,2024-05-01,US,0.045617,FlowForge synthetic (TradeStat not downloaded; see ingest/tradestat.py),,2026-09-27T00:00:00Z,SYNTH
API-DOXYCYCLINE,2024-06-01,CN,0.858113,FlowForge synthetic (TradeStat not downloaded; see ingest/tradestat.py),,2026-09-27T00:00:00Z,SYNTH
API-DOXYCYCLINE,2024-06-01,JP,0.133336,FlowForge synthetic (TradeStat not downloaded; see ingest/tradestat.py),,2026-09-27T00:00:00Z,SYNTH
API-DOXYCYCLINE,2024-06-01,DE,0.004581,FlowForge synthetic (TradeStat not downloaded; see ingest/tradestat.py),,2026-09-27T00:00:00Z,SYNTH
API-DOXYCYCLINE,2024-06-01,US,0.00397,FlowForge synthetic (TradeStat not downloaded; see ingest/tradestat.py),,2026-09-27T00:00:00Z,SYNTH
API-DOXYCYCLINE,2024-07-01,CN,0.855037,FlowForge synthetic (TradeStat not downloaded; see ingest/tradestat.py),,2026-09-27T00:00:00Z,SYNTH
API-DOXYCYCLINE,2024-07-01,JP,0.144963,FlowForge synthetic (TradeStat not downloaded; see ingest/tradestat.py),,2026-09-27T00:00:00Z,SYNTH
API-DOXYCYCLINE,2024-07-01,DE,0.0,FlowForge synthetic (TradeStat not downloaded; see ingest/tradestat.py),,2026-09-27T00:00:00Z,SYNTH
API-DOXYCYCLINE,2024-07-01,US,0.0,FlowForge synthetic (TradeStat not downloaded; see ingest/tradestat.py),,2026-09-27T00:00:00Z,SYNTH
API-DOXYCYCLINE,2024-08-01,CN,0.908709,FlowForge synthetic (TradeStat not downloaded; see ingest/tradestat.py),,2026-09-27T00:00:00Z,SYNTH
API-DOXYCYCLINE,2024-08-01,JP,0.082956,FlowForge synthetic (TradeStat not downloaded; see ingest/tradestat.py),,2026-09-27T00:00:00Z,SYNTH
API-DOXYCYCLINE,2024-08-01,DE,0.000864,FlowForge synthetic (TradeStat not downloaded; see ingest/tradestat.py),,2026-09-27T00:00:00Z,SYNTH
API-DOXYCYCLINE,2024-08-01,US,0.00747,FlowForge synthetic (TradeStat not downloaded; see ingest/tradestat.py),,2026-09-27T00:00:00Z,SYNTH
API-DOXYCYCLINE,2024-09-01,CN,0.851357,FlowForge synthetic (TradeStat not downloaded; see ingest/tradestat.py),,2026-09-27T00:00:00Z,SYNTH
API-DOXYCYCLINE,2024-09-01,JP,0.115106,FlowForge synthetic (TradeStat not downloaded; see ingest/tradestat.py),,2026-09-27T00:00:00Z,SYNTH
API-DOXYCYCLINE,2024-09-01,DE,0.0081,FlowForge synthetic (TradeStat not downloaded; see ingest/tradestat.py),,2026-09-27T00:00:00Z,SYNTH
API-DOXYCYCLINE,2024-09-01,US,0.025437,FlowForge synthetic (TradeStat not downloaded; see ingest/tradestat.py),,2026-09-27T00:00:00Z,SYNTH
API-DOXYCYCLINE,2024-10-01,CN,0.863549,FlowForge synthetic (TradeStat not downloaded; see ingest/tradestat.py),,2026-09-27T00:00:00Z,SYNTH
API-DOXYCYCLINE,2024-10-01,JP,0.135281,FlowForge synthetic (TradeStat not downloaded; see ingest/tradestat.py),,2026-09-27T00:00:00Z,SYNTH
API-DOXYCYCLINE,2024-10-01,DE,0.0,FlowForge synthetic (TradeStat not downloaded; see ingest/tradestat.py),,2026-09-27T00:00:00Z,SYNTH
API-DOXYCYCLINE,2024-10-01,US,0.00117,FlowForge synthetic (TradeStat not downloaded; see ingest/tradestat.py),,2026-09-27T00:00:00Z,SYNTH
API-DOXYCYCLINE,2024-11-01,CN,0.840155,FlowForge synthetic (TradeStat not downloaded; see ingest/tradestat.py),,2026-09-27T00:00:00Z,SYNTH
API-DOXYCYCLINE,2024-11-01,JP,0.075248,FlowForge synthetic (TradeStat not downloaded; see ingest/tradestat.py),,2026-09-27T00:00:00Z,SYNTH
API-DOXYCYCLINE,2024-11-01,DE,0.0,FlowForge synthetic (TradeStat not downloaded; see ingest/tradestat.py),,2026-09-27T00:00:00Z,SYNTH
API-DOXYCYCLINE,2024-11-01,US,0.084597,FlowForge synthetic (TradeStat not downloaded; see ingest/tradestat.py),,2026-09-27T00:00:00Z,SYNTH
API-DOXYCYCLINE,2024-12-01,CN,0.885396,FlowForge synthetic (TradeStat not downloaded; see ingest/tradestat.py),,2026-09-27T00:00:00Z,SYNTH
API-DOXYCYCLINE,2024-12-01,JP,0.078518,FlowForge synthetic (TradeStat not downloaded; see ingest/tradestat.py),,2026-09-27T00:00:00Z,SYNTH
API-DOXYCYCLINE,2024-12-01,DE,0.0,FlowForge synthetic (TradeStat not downloaded; see ingest/tradestat.py),,2026-09-27T00:00:00Z,SYNTH
API-DOXYCYCLINE,2024-12-01,US,0.036087,FlowForge synthetic (TradeStat not downloaded; see ingest/tradestat.py),,2026-09-27T00:00:00Z,SYNTH
API-DOXYCYCLINE,2025-01-01,CN,0.796533,FlowForge synthetic (TradeStat not downloaded; see ingest/tradestat.py),,2026-09-27T00:00:00Z,SYNTH
API-DOXYCYCLINE,2025-01-01,JP,0.110543,FlowForge synthetic (TradeStat not downloaded; see ingest/tradestat.py),,2026-09-27T00:00:00Z,SYNTH
API-DOXYCYCLINE,2025-01-01,DE,0.069357,FlowForge synthetic (TradeStat not downloaded; see ingest/tradestat.py),,2026-09-27T00:00:00Z,SYNTH
API-DOXYCYCLINE,2025-01-01,US,0.023567,FlowForge synthetic (TradeStat not downloaded; see ingest/tradestat.py),,2026-09-27T00:00:00Z,SYNTH
API-DOXYCYCLINE,2025-02-01,CN,0.874804,FlowForge synthetic (TradeStat not downloaded; see ingest/tradestat.py),,2026-09-27T00:00:00Z,SYNTH
API-DOXYCYCLINE,2025-02-01,JP,0.121908,FlowForge synthetic (TradeStat not downloaded; see ingest/tradestat.py),,2026-09-27T00:00:00Z,SYNTH
API-DOXYCYCLINE,2025-02-01,DE,0.003288,FlowForge synthetic (TradeStat not downloaded; see ingest/tradestat.py),,2026-09-27T00:00:00Z,SYNTH
API-DOXYCYCLINE,2025-02-01,US,0.0,FlowForge synthetic (TradeStat not downloaded; see ingest/tradestat.py),,2026-09-27T00:00:00Z,SYNTH
API-DOXYCYCLINE,2025-03-01,CN,0.83197,FlowForge synthetic (TradeStat not downloaded; see ingest/tradestat.py),,2026-09-27T00:00:00Z,SYNTH
API-DOXYCYCLINE,2025-03-01,JP,0.122189,FlowForge synthetic (TradeStat not downloaded; see ingest/tradestat.py),,2026-09-27T00:00:00Z,SYNTH
API-DOXYCYCLINE,2025-03-01,DE,0.0,FlowForge synthetic (TradeStat not downloaded; see ingest/tradestat.py),,2026-09-27T00:00:00Z,SYNTH
API-DOXYCYCLINE,2025-03-01,US,0.045841,FlowForge synthetic (TradeStat not downloaded; see ingest/tradestat.py),,2026-09-27T00:00:00Z,SYNTH
API-DOXYCYCLINE,2025-04-01,CN,0.827108,FlowForge synthetic (TradeStat not downloaded; see ingest/tradestat.py),,2026-09-27T00:00:00Z,SYNTH
API-DOXYCYCLINE,2025-04-01,JP,0.112754,FlowForge synthetic (TradeStat not downloaded; see ingest/tradestat.py),,2026-09-27T00:00:00Z,SYNTH
API-DOXYCYCLINE,2025-04-01,DE,0.042781,FlowForge synthetic (TradeStat not downloaded; see ingest/tradestat.py),,2026-09-27T00:00:00Z,SYNTH
API-DOXYCYCLINE,2025-04-01,US,0.017357,FlowForge synthetic (TradeStat not downloaded; see ingest/tradestat.py),,2026-09-27T00:00:00Z,SYNTH
API-DOXYCYCLINE,2025-05-01,CN,0.872899,FlowForge synthetic (TradeStat not downloaded; see ingest/tradestat.py),,2026-09-27T00:00:00Z,SYNTH
API-DOXYCYCLINE,2025-05-01,JP,0.127101,FlowForge synthetic (TradeStat not downloaded; see ingest/tradestat.py),,2026-09-27T00:00:00Z,SYNTH
API-DOXYCYCLINE,2025-05-01,DE,0.0,FlowForge synthetic (TradeStat not downloaded; see ingest/tradestat.py),,2026-09-27T00:00:00Z,SYNTH
API-DOXYCYCLINE,2025-05-01,US,0.0,FlowForge synthetic (TradeStat not downloaded; see ingest/tradestat.py),,2026-09-27T00:00:00Z,SYNTH
API-DOXYCYCLINE,2025-06-01,CN,0.923095,FlowForge synthetic (TradeStat not downloaded; see ingest/tradestat.py),,2026-09-27T00:00:00Z,SYNTH
API-DOXYCYCLINE,2025-06-01,JP,0.076905,FlowForge synthetic (TradeStat not downloaded; see ingest/tradestat.py),,2026-09-27T00:00:00Z,SYNTH
API-DOXYCYCLINE,2025-06-01,DE,0.0,FlowForge synthetic (TradeStat not downloaded; see ingest/tradestat.py),,2026-09-27T00:00:00Z,SYNTH
API-DOXYCYCLINE,2025-06-01,US,0.0,FlowForge synthetic (TradeStat not downloaded; see ingest/tradestat.py),,2026-09-27T00:00:00Z,SYNTH
API-DOXYCYCLINE,2025-07-01,CN,0.936035,FlowForge synthetic (TradeStat not downloaded; see ingest/tradestat.py),,2026-09-27T00:00:00Z,SYNTH
API-DOXYCYCLINE,2025-07-01,JP,0.056374,FlowForge synthetic (TradeStat not downloaded; see ingest/tradestat.py),,2026-09-27T00:00:00Z,SYNTH
API-DOXYCYCLINE,2025-07-01,DE,0.00759,FlowForge synthetic (TradeStat not downloaded; see ingest/tradestat.py),,2026-09-27T00:00:00Z,SYNTH
API-DOXYCYCLINE,2025-07-01,US,0.0,FlowForge synthetic (TradeStat not downloaded; see ingest/tradestat.py),,2026-09-27T00:00:00Z,SYNTH
API-DOXYCYCLINE,2025-08-01,CN,0.831646,FlowForge synthetic (TradeStat not downloaded; see ingest/tradestat.py),,2026-09-27T00:00:00Z,SYNTH
API-DOXYCYCLINE,2025-08-01,JP,0.149977,FlowForge synthetic (TradeStat not downloaded; see ingest/tradestat.py),,2026-09-27T00:00:00Z,SYNTH
API-DOXYCYCLINE,2025-08-01,DE,0.018377,FlowForge synthetic (TradeStat not downloaded; see ingest/tradestat.py),,2026-09-27T00:00:00Z,SYNTH
API-DOXYCYCLINE,2025-08-01,US,0.0,FlowForge synthetic (TradeStat not downloaded; see ingest/tradestat.py),,2026-09-27T00:00:00Z,SYNTH
API-DOXYCYCLINE,2025-09-01,CN,0.837896,FlowForge synthetic (TradeStat not downloaded; see ingest/tradestat.py),,2026-09-27T00:00:00Z,SYNTH
API-DOXYCYCLINE,2025-09-01,JP,0.146154,FlowForge synthetic (TradeStat not downloaded; see ingest/tradestat.py),,2026-09-27T00:00:00Z,SYNTH
API-DOXYCYCLINE,2025-09-01,DE,0.015949,FlowForge synthetic (TradeStat not downloaded; see ingest/tradestat.py),,2026-09-27T00:00:00Z,SYNTH
API-DOXYCYCLINE,2025-09-01,US,0.0,FlowForge synthetic (TradeStat not downloaded; see ingest/tradestat.py),,2026-09-27T00:00:00Z,SYNTH
API-DOXYCYCLINE,2025-10-01,CN,0.796214,FlowForge synthetic (TradeStat not downloaded; see ingest/tradestat.py),,2026-09-27T00:00:00Z,SYNTH
API-DOXYCYCLINE,2025-10-01,JP,0.136922,FlowForge synthetic (TradeStat not downloaded; see ingest/tradestat.py),,2026-09-27T00:00:00Z,SYNTH
API-DOXYCYCLINE,2025-10-01,DE,0.02459,FlowForge synthetic (TradeStat not downloaded; see ingest/tradestat.py),,2026-09-27T00:00:00Z,SYNTH
API-DOXYCYCLINE,2025-10-01,US,0.042275,FlowForge synthetic (TradeStat not downloaded; see ingest/tradestat.py),,2026-09-27T00:00:00Z,SYNTH
API-DOXYCYCLINE,2025-11-01,CN,0.812947,FlowForge synthetic (TradeStat not downloaded; see ingest/tradestat.py),,2026-09-27T00:00:00Z,SYNTH
API-DOXYCYCLINE,2025-11-01,JP,0.108186,FlowForge synthetic (TradeStat not downloaded; see ingest/tradestat.py),,2026-09-27T00:00:00Z,SYNTH
API-DOXYCYCLINE,2025-11-01,DE,0.01459,FlowForge synthetic (TradeStat not downloaded; see ingest/tradestat.py),,2026-09-27T00:00:00Z,SYNTH
API-DOXYCYCLINE,2025-11-01,US,0.064277,FlowForge synthetic (TradeStat not downloaded; see ingest/tradestat.py),,2026-09-27T00:00:00Z,SYNTH
API-DOXYCYCLINE,2025-12-01,CN,0.843407,FlowForge synthetic (TradeStat not downloaded; see ingest/tradestat.py),,2026-09-27T00:00:00Z,SYNTH
API-DOXYCYCLINE,2025-12-01,JP,0.133358,FlowForge synthetic (TradeStat not downloaded; see ingest/tradestat.py),,2026-09-27T00:00:00Z,SYNTH
API-DOXYCYCLINE,2025-12-01,DE,0.0,FlowForge synthetic (TradeStat not downloaded; see ingest/tradestat.py),,2026-09-27T00:00:00Z,SYNTH
API-DOXYCYCLINE,2025-12-01,US,0.023235,FlowForge synthetic (TradeStat not downloaded; see ingest/tradestat.py),,2026-09-27T00:00:00Z,SYNTH
API-DOXYCYCLINE,2026-01-01,CN,0.875258,FlowForge synthetic (TradeStat not downloaded; see ingest/tradestat.py),,2026-09-27T00:00:00Z,SYNTH
API-DOXYCYCLINE,2026-01-01,JP,0.117041,FlowForge synthetic (TradeStat not downloaded; see ingest/tradestat.py),,2026-09-27T00:00:00Z,SYNTH
API-DOXYCYCLINE,2026-01-01,DE,0.002262,FlowForge synthetic (TradeStat not downloaded; see ingest/tradestat.py),,2026-09-27T00:00:00Z,SYNTH
API-DOXYCYCLINE,2026-01-01,US,0.00544,FlowForge synthetic (TradeStat not downloaded; see ingest/tradestat.py),,2026-09-27T00:00:00Z,SYNTH
API-DOXYCYCLINE,2026-02-01,CN,0.911823,FlowForge synthetic (TradeStat not downloaded; see ingest/tradestat.py),,2026-09-27T00:00:00Z,SYNTH
API-DOXYCYCLINE,2026-02-01,JP,0.088177,FlowForge synthetic (TradeStat not downloaded; see ingest/tradestat.py),,2026-09-27T00:00:00Z,SYNTH
API-DOXYCYCLINE,2026-02-01,DE,0.0,FlowForge synthetic (TradeStat not downloaded; see ingest/tradestat.py),,2026-09-27T00:00:00Z,SYNTH
API-DOXYCYCLINE,2026-02-01,US,0.0,FlowForge synthetic (TradeStat not downloaded; see ingest/tradestat.py),,2026-09-27T00:00:00Z,SYNTH
API-DOXYCYCLINE,2026-03-01,CN,0.897446,FlowForge synthetic (TradeStat not downloaded; see ingest/tradestat.py),,2026-09-27T00:00:00Z,SYNTH
API-DOXYCYCLINE,2026-03-01,JP,0.048842,FlowForge synthetic (TradeStat not downloaded; see ingest/tradestat.py),,2026-09-27T00:00:00Z,SYNTH
API-DOXYCYCLINE,2026-03-01,DE,0.014258,FlowForge synthetic (TradeStat not downloaded; see ingest/tradestat.py),,2026-09-27T00:00:00Z,SYNTH
API-DOXYCYCLINE,2026-03-01,US,0.039454,FlowForge synthetic (TradeStat not downloaded; see ingest/tradestat.py),,2026-09-27T00:00:00Z,SYNTH
API-DOXYCYCLINE,2026-04-01,CN,0.884714,FlowForge synthetic (TradeStat not downloaded; see ingest/tradestat.py),,2026-09-27T00:00:00Z,SYNTH
API-DOXYCYCLINE,2026-04-01,JP,0.101209,FlowForge synthetic (TradeStat not downloaded; see ingest/tradestat.py),,2026-09-27T00:00:00Z,SYNTH
API-DOXYCYCLINE,2026-04-01,DE,0.0,FlowForge synthetic (TradeStat not downloaded; see ingest/tradestat.py),,2026-09-27T00:00:00Z,SYNTH
API-DOXYCYCLINE,2026-04-01,US,0.014077,FlowForge synthetic (TradeStat not downloaded; see ingest/tradestat.py),,2026-09-27T00:00:00Z,SYNTH
API-DOXYCYCLINE,2026-05-01,CN,0.874532,FlowForge synthetic (TradeStat not downloaded; see ingest/tradestat.py),,2026-09-27T00:00:00Z,SYNTH
API-DOXYCYCLINE,2026-05-01,JP,0.100747,FlowForge synthetic (TradeStat not downloaded; see ingest/tradestat.py),,2026-09-27T00:00:00Z,SYNTH
API-DOXYCYCLINE,2026-05-01,DE,0.0,FlowForge synthetic (TradeStat not downloaded; see ingest/tradestat.py),,2026-09-27T00:00:00Z,SYNTH
API-DOXYCYCLINE,2026-05-01,US,0.024722,FlowForge synthetic (TradeStat not downloaded; see ingest/tradestat.py),,2026-09-27T00:00:00Z,SYNTH
API-DOXYCYCLINE,2026-06-01,CN,0.910705,FlowForge synthetic (TradeStat not downloaded; see ingest/tradestat.py),,2026-09-27T00:00:00Z,SYNTH
API-DOXYCYCLINE,2026-06-01,JP,0.086136,FlowForge synthetic (TradeStat not downloaded; see ingest/tradestat.py),,2026-09-27T00:00:00Z,SYNTH
API-DOXYCYCLINE,2026-06-01,DE,0.0,FlowForge synthetic (TradeStat not downloaded; see ingest/tradestat.py),,2026-09-27T00:00:00Z,SYNTH
API-DOXYCYCLINE,2026-06-01,US,0.00316,FlowForge synthetic (TradeStat not downloaded; see ingest/tradestat.py),,2026-09-27T00:00:00Z,SYNTH
API-DOXYCYCLINE,2026-07-01,CN,0.801114,FlowForge synthetic (TradeStat not downloaded; see ingest/tradestat.py),,2026-09-27T00:00:00Z,SYNTH
API-DOXYCYCLINE,2026-07-01,JP,0.103659,FlowForge synthetic (TradeStat not downloaded; see ingest/tradestat.py),,2026-09-27T00:00:00Z,SYNTH
API-DOXYCYCLINE,2026-07-01,DE,0.019104,FlowForge synthetic (TradeStat not downloaded; see ingest/tradestat.py),,2026-09-27T00:00:00Z,SYNTH
API-DOXYCYCLINE,2026-07-01,US,0.076123,FlowForge synthetic (TradeStat not downloaded; see ingest/tradestat.py),,2026-09-27T00:00:00Z,SYNTH
API-DOXYCYCLINE,2026-08-01,CN,0.794903,FlowForge synthetic (TradeStat not downloaded; see ingest/tradestat.py),,2026-09-27T00:00:00Z,SYNTH
API-DOXYCYCLINE,2026-08-01,JP,0.126803,FlowForge synthetic (TradeStat not downloaded; see ingest/tradestat.py),,2026-09-27T00:00:00Z,SYNTH
API-DOXYCYCLINE,2026-08-01,DE,0.044583,FlowForge synthetic (TradeStat not downloaded; see ingest/tradestat.py),,2026-09-27T00:00:00Z,SYNTH
API-DOXYCYCLINE,2026-08-01,US,0.033711,FlowForge synthetic (TradeStat not downloaded; see ingest/tradestat.py),,2026-09-27T00:00:00Z,SYNTH
API-DOXYCYCLINE,2026-09-01,CN,0.853481,FlowForge synthetic (TradeStat not downloaded; see ingest/tradestat.py),,2026-09-27T00:00:00Z,SYNTH
API-DOXYCYCLINE,2026-09-01,JP,0.144873,FlowForge synthetic (TradeStat not downloaded; see ingest/tradestat.py),,2026-09-27T00:00:00Z,SYNTH
API-DOXYCYCLINE,2026-09-01,DE,0.001647,FlowForge synthetic (TradeStat not downloaded; see ingest/tradestat.py),,2026-09-27T00:00:00Z,SYNTH
API-DOXYCYCLINE,2026-09-01,US,0.0,FlowForge synthetic (TradeStat not downloaded; see ingest/tradestat.py),,2026-09-27T00:00:00Z,SYNTH
API-FUROSEMIDE,2023-10-01,CN,0.586921,FlowForge synthetic (TradeStat not downloaded; see ingest/tradestat.py),,2026-09-27T00:00:00Z,SYNTH
API-FUROSEMIDE,2023-10-01,CH,0.353416,FlowForge synthetic (TradeStat not downloaded; see ingest/tradestat.py),,2026-09-27T00:00:00Z,SYNTH
API-FUROSEMIDE,2023-10-01,DE,0.059663,FlowForge synthetic (TradeStat not downloaded; see ingest/tradestat.py),,2026-09-27T00:00:00Z,SYNTH
API-FUROSEMIDE,2023-11-01,CN,0.608293,FlowForge synthetic (TradeStat not downloaded; see ingest/tradestat.py),,2026-09-27T00:00:00Z,SYNTH
API-FUROSEMIDE,2023-11-01,CH,0.361521,FlowForge synthetic (TradeStat not downloaded; see ingest/tradestat.py),,2026-09-27T00:00:00Z,SYNTH
API-FUROSEMIDE,2023-11-01,DE,0.030185,FlowForge synthetic (TradeStat not downloaded; see ingest/tradestat.py),,2026-09-27T00:00:00Z,SYNTH
API-FUROSEMIDE,2023-12-01,CN,0.59891,FlowForge synthetic (TradeStat not downloaded; see ingest/tradestat.py),,2026-09-27T00:00:00Z,SYNTH
API-FUROSEMIDE,2023-12-01,CH,0.361975,FlowForge synthetic (TradeStat not downloaded; see ingest/tradestat.py),,2026-09-27T00:00:00Z,SYNTH
API-FUROSEMIDE,2023-12-01,DE,0.039115,FlowForge synthetic (TradeStat not downloaded; see ingest/tradestat.py),,2026-09-27T00:00:00Z,SYNTH
API-FUROSEMIDE,2024-01-01,CN,0.616938,FlowForge synthetic (TradeStat not downloaded; see ingest/tradestat.py),,2026-09-27T00:00:00Z,SYNTH
API-FUROSEMIDE,2024-01-01,CH,0.306289,FlowForge synthetic (TradeStat not downloaded; see ingest/tradestat.py),,2026-09-27T00:00:00Z,SYNTH
API-FUROSEMIDE,2024-01-01,DE,0.076773,FlowForge synthetic (TradeStat not downloaded; see ingest/tradestat.py),,2026-09-27T00:00:00Z,SYNTH
API-FUROSEMIDE,2024-02-01,CN,0.598249,FlowForge synthetic (TradeStat not downloaded; see ingest/tradestat.py),,2026-09-27T00:00:00Z,SYNTH
API-FUROSEMIDE,2024-02-01,CH,0.358069,FlowForge synthetic (TradeStat not downloaded; see ingest/tradestat.py),,2026-09-27T00:00:00Z,SYNTH
API-FUROSEMIDE,2024-02-01,DE,0.043683,FlowForge synthetic (TradeStat not downloaded; see ingest/tradestat.py),,2026-09-27T00:00:00Z,SYNTH
API-FUROSEMIDE,2024-03-01,CN,0.569549,FlowForge synthetic (TradeStat not downloaded; see ingest/tradestat.py),,2026-09-27T00:00:00Z,SYNTH
API-FUROSEMIDE,2024-03-01,CH,0.385268,FlowForge synthetic (TradeStat not downloaded; see ingest/tradestat.py),,2026-09-27T00:00:00Z,SYNTH
API-FUROSEMIDE,2024-03-01,DE,0.045182,FlowForge synthetic (TradeStat not downloaded; see ingest/tradestat.py),,2026-09-27T00:00:00Z,SYNTH
API-FUROSEMIDE,2024-04-01,CN,0.5988,FlowForge synthetic (TradeStat not downloaded; see ingest/tradestat.py),,2026-09-27T00:00:00Z,SYNTH
API-FUROSEMIDE,2024-04-01,CH,0.367092,FlowForge synthetic (TradeStat not downloaded; see ingest/tradestat.py),,2026-09-27T00:00:00Z,SYNTH
API-FUROSEMIDE,2024-04-01,DE,0.034108,FlowForge synthetic (TradeStat not downloaded; see ingest/tradestat.py),,2026-09-27T00:00:00Z,SYNTH
API-FUROSEMIDE,2024-05-01,CN,0.565953,FlowForge synthetic (TradeStat not downloaded; see ingest/tradestat.py),,2026-09-27T00:00:00Z,SYNTH
API-FUROSEMIDE,2024-05-01,CH,0.348309,FlowForge synthetic (TradeStat not downloaded; see ingest/tradestat.py),,2026-09-27T00:00:00Z,SYNTH
API-FUROSEMIDE,2024-05-01,DE,0.085738,FlowForge synthetic (TradeStat not downloaded; see ingest/tradestat.py),,2026-09-27T00:00:00Z,SYNTH
API-FUROSEMIDE,2024-06-01,CN,0.563126,FlowForge synthetic (TradeStat not downloaded; see ingest/tradestat.py),,2026-09-27T00:00:00Z,SYNTH
API-FUROSEMIDE,2024-06-01,CH,0.358091,FlowForge synthetic (TradeStat not downloaded; see ingest/tradestat.py),,2026-09-27T00:00:00Z,SYNTH
API-FUROSEMIDE,2024-06-01,DE,0.078784,FlowForge synthetic (TradeStat not downloaded; see ingest/tradestat.py),,2026-09-27T00:00:00Z,SYNTH
API-FUROSEMIDE,2024-07-01,CN,0.532107,FlowForge synthetic (TradeStat not downloaded; see ingest/tradestat.py),,2026-09-27T00:00:00Z,SYNTH
API-FUROSEMIDE,2024-07-01,CH,0.385639,FlowForge synthetic (TradeStat not downloaded; see ingest/tradestat.py),,2026-09-27T00:00:00Z,SYNTH
API-FUROSEMIDE,2024-07-01,DE,0.082254,FlowForge synthetic (TradeStat not downloaded; see ingest/tradestat.py),,2026-09-27T00:00:00Z,SYNTH
API-FUROSEMIDE,2024-08-01,CN,0.585549,FlowForge synthetic (TradeStat not downloaded; see ingest/tradestat.py),,2026-09-27T00:00:00Z,SYNTH
API-FUROSEMIDE,2024-08-01,CH,0.379463,FlowForge synthetic (TradeStat not downloaded; see ingest/tradestat.py),,2026-09-27T00:00:00Z,SYNTH
API-FUROSEMIDE,2024-08-01,DE,0.034989,FlowForge synthetic (TradeStat not downloaded; see ingest/tradestat.py),,2026-09-27T00:00:00Z,SYNTH
API-FUROSEMIDE,2024-09-01,CN,0.64094,FlowForge synthetic (TradeStat not downloaded; see ingest/tradestat.py),,2026-09-27T00:00:00Z,SYNTH
API-FUROSEMIDE,2024-09-01,CH,0.345616,FlowForge synthetic (TradeStat not downloaded; see ingest/tradestat.py),,2026-09-27T00:00:00Z,SYNTH
API-FUROSEMIDE,2024-09-01,DE,0.013444,FlowForge synthetic (TradeStat not downloaded; see ingest/tradestat.py),,2026-09-27T00:00:00Z,SYNTH
API-FUROSEMIDE,2024-10-01,CN,0.586241,FlowForge synthetic (TradeStat not downloaded; see ingest/tradestat.py),,2026-09-27T00:00:00Z,SYNTH
API-FUROSEMIDE,2024-10-01,CH,0.302293,FlowForge synthetic (TradeStat not downloaded; see ingest/tradestat.py),,2026-09-27T00:00:00Z,SYNTH
API-FUROSEMIDE,2024-10-01,DE,0.111467,FlowForge synthetic (TradeStat not downloaded; see ingest/tradestat.py),,2026-09-27T00:00:00Z,SYNTH
API-FUROSEMIDE,2024-11-01,CN,0.609563,FlowForge synthetic (TradeStat not downloaded; see ingest/tradestat.py),,2026-09-27T00:00:00Z,SYNTH
API-FUROSEMIDE,2024-11-01,CH,0.320313,FlowForge synthetic (TradeStat not downloaded; see ingest/tradestat.py),,2026-09-27T00:00:00Z,SYNTH
API-FUROSEMIDE,2024-11-01,DE,0.070124,FlowForge synthetic (TradeStat not downloaded; see ingest/tradestat.py),,2026-09-27T00:00:00Z,SYNTH
API-FUROSEMIDE,2024-12-01,CN,0.579825,FlowForge synthetic (TradeStat not downloaded; see ingest/tradestat.py),,2026-09-27T00:00:00Z,SYNTH
API-FUROSEMIDE,2024-12-01,CH,0.368744,FlowForge synthetic (TradeStat not downloaded; see ingest/tradestat.py),,2026-09-27T00:00:00Z,SYNTH
API-FUROSEMIDE,2024-12-01,DE,0.051431,FlowForge synthetic (TradeStat not downloaded; see ingest/tradestat.py),,2026-09-27T00:00:00Z,SYNTH
API-FUROSEMIDE,2025-01-01,CN,0.556236,FlowForge synthetic (TradeStat not downloaded; see ingest/tradestat.py),,2026-09-27T00:00:00Z,SYNTH
API-FUROSEMIDE,2025-01-01,CH,0.319727,FlowForge synthetic (TradeStat not downloaded; see ingest/tradestat.py),,2026-09-27T00:00:00Z,SYNTH
API-FUROSEMIDE,2025-01-01,DE,0.124037,FlowForge synthetic (TradeStat not downloaded; see ingest/tradestat.py),,2026-09-27T00:00:00Z,SYNTH
API-FUROSEMIDE,2025-02-01,CN,0.619537,FlowForge synthetic (TradeStat not downloaded; see ingest/tradestat.py),,2026-09-27T00:00:00Z,SYNTH
API-FUROSEMIDE,2025-02-01,CH,0.340963,FlowForge synthetic (TradeStat not downloaded; see ingest/tradestat.py),,2026-09-27T00:00:00Z,SYNTH
API-FUROSEMIDE,2025-02-01,DE,0.0395,FlowForge synthetic (TradeStat not downloaded; see ingest/tradestat.py),,2026-09-27T00:00:00Z,SYNTH
API-FUROSEMIDE,2025-03-01,CN,0.589066,FlowForge synthetic (TradeStat not downloaded; see ingest/tradestat.py),,2026-09-27T00:00:00Z,SYNTH
API-FUROSEMIDE,2025-03-01,CH,0.317719,FlowForge synthetic (TradeStat not downloaded; see ingest/tradestat.py),,2026-09-27T00:00:00Z,SYNTH
API-FUROSEMIDE,2025-03-01,DE,0.093215,FlowForge synthetic (TradeStat not downloaded; see ingest/tradestat.py),,2026-09-27T00:00:00Z,SYNTH
API-FUROSEMIDE,2025-04-01,CN,0.552563,FlowForge synthetic (TradeStat not downloaded; see ingest/tradestat.py),,2026-09-27T00:00:00Z,SYNTH
API-FUROSEMIDE,2025-04-01,CH,0.381535,FlowForge synthetic (TradeStat not downloaded; see ingest/tradestat.py),,2026-09-27T00:00:00Z,SYNTH
API-FUROSEMIDE,2025-04-01,DE,0.065902,FlowForge synthetic (TradeStat not downloaded; see ingest/tradestat.py),,2026-09-27T00:00:00Z,SYNTH
API-FUROSEMIDE,2025-05-01,CN,0.568063,FlowForge synthetic (TradeStat not downloaded; see ingest/tradestat.py),,2026-09-27T00:00:00Z,SYNTH
API-FUROSEMIDE,2025-05-01,CH,0.355599,FlowForge synthetic (TradeStat not downloaded; see ingest/tradestat.py),,2026-09-27T00:00:00Z,SYNTH
API-FUROSEMIDE,2025-05-01,DE,0.076338,FlowForge synthetic (TradeStat not downloaded; see ingest/tradestat.py),,2026-09-27T00:00:00Z,SYNTH
API-FUROSEMIDE,2025-06-01,CN,0.611481,FlowForge synthetic (TradeStat not downloaded; see ingest/tradestat.py),,2026-09-27T00:00:00Z,SYNTH
API-FUROSEMIDE,2025-06-01,CH,0.388519,FlowForge synthetic (TradeStat not downloaded; see ingest/tradestat.py),,2026-09-27T00:00:00Z,SYNTH
API-FUROSEMIDE,2025-06-01,DE,0.0,FlowForge synthetic (TradeStat not downloaded; see ingest/tradestat.py),,2026-09-27T00:00:00Z,SYNTH
API-FUROSEMIDE,2025-07-01,CN,0.582815,FlowForge synthetic (TradeStat not downloaded; see ingest/tradestat.py),,2026-09-27T00:00:00Z,SYNTH
API-FUROSEMIDE,2025-07-01,CH,0.334764,FlowForge synthetic (TradeStat not downloaded; see ingest/tradestat.py),,2026-09-27T00:00:00Z,SYNTH
API-FUROSEMIDE,2025-07-01,DE,0.08242,FlowForge synthetic (TradeStat not downloaded; see ingest/tradestat.py),,2026-09-27T00:00:00Z,SYNTH
API-FUROSEMIDE,2025-08-01,CN,0.586432,FlowForge synthetic (TradeStat not downloaded; see ingest/tradestat.py),,2026-09-27T00:00:00Z,SYNTH
API-FUROSEMIDE,2025-08-01,CH,0.332842,FlowForge synthetic (TradeStat not downloaded; see ingest/tradestat.py),,2026-09-27T00:00:00Z,SYNTH
API-FUROSEMIDE,2025-08-01,DE,0.080726,FlowForge synthetic (TradeStat not downloaded; see ingest/tradestat.py),,2026-09-27T00:00:00Z,SYNTH
API-FUROSEMIDE,2025-09-01,CN,0.554987,FlowForge synthetic (TradeStat not downloaded; see ingest/tradestat.py),,2026-09-27T00:00:00Z,SYNTH
API-FUROSEMIDE,2025-09-01,CH,0.374118,FlowForge synthetic (TradeStat not downloaded; see ingest/tradestat.py),,2026-09-27T00:00:00Z,SYNTH
API-FUROSEMIDE,2025-09-01,DE,0.070895,FlowForge synthetic (TradeStat not downloaded; see ingest/tradestat.py),,2026-09-27T00:00:00Z,SYNTH
API-FUROSEMIDE,2025-10-01,CN,0.590696,FlowForge synthetic (TradeStat not downloaded; see ingest/tradestat.py),,2026-09-27T00:00:00Z,SYNTH
API-FUROSEMIDE,2025-10-01,CH,0.29399,FlowForge synthetic (TradeStat not downloaded; see ingest/tradestat.py),,2026-09-27T00:00:00Z,SYNTH
API-FUROSEMIDE,2025-10-01,DE,0.115314,FlowForge synthetic (TradeStat not downloaded; see ingest/tradestat.py),,2026-09-27T00:00:00Z,SYNTH
API-FUROSEMIDE,2025-11-01,CN,0.555111,FlowForge synthetic (TradeStat not downloaded; see ingest/tradestat.py),,2026-09-27T00:00:00Z,SYNTH
API-FUROSEMIDE,2025-11-01,CH,0.349138,FlowForge synthetic (TradeStat not downloaded; see ingest/tradestat.py),,2026-09-27T00:00:00Z,SYNTH
API-FUROSEMIDE,2025-11-01,DE,0.095752,FlowForge synthetic (TradeStat not downloaded; see ingest/tradestat.py),,2026-09-27T00:00:00Z,SYNTH
API-FUROSEMIDE,2025-12-01,CN,0.59067,FlowForge synthetic (TradeStat not downloaded; see ingest/tradestat.py),,2026-09-27T00:00:00Z,SYNTH
API-FUROSEMIDE,2025-12-01,CH,0.326542,FlowForge synthetic (TradeStat not downloaded; see ingest/tradestat.py),,2026-09-27T00:00:00Z,SYNTH
API-FUROSEMIDE,2025-12-01,DE,0.082788,FlowForge synthetic (TradeStat not downloaded; see ingest/tradestat.py),,2026-09-27T00:00:00Z,SYNTH
API-FUROSEMIDE,2026-01-01,CN,0.591258,FlowForge synthetic (TradeStat not downloaded; see ingest/tradestat.py),,2026-09-27T00:00:00Z,SYNTH
API-FUROSEMIDE,2026-01-01,CH,0.344843,FlowForge synthetic (TradeStat not downloaded; see ingest/tradestat.py),,2026-09-27T00:00:00Z,SYNTH
API-FUROSEMIDE,2026-01-01,DE,0.063899,FlowForge synthetic (TradeStat not downloaded; see ingest/tradestat.py),,2026-09-27T00:00:00Z,SYNTH
API-FUROSEMIDE,2026-02-01,CN,0.564505,FlowForge synthetic (TradeStat not downloaded; see ingest/tradestat.py),,2026-09-27T00:00:00Z,SYNTH
API-FUROSEMIDE,2026-02-01,CH,0.390911,FlowForge synthetic (TradeStat not downloaded; see ingest/tradestat.py),,2026-09-27T00:00:00Z,SYNTH
API-FUROSEMIDE,2026-02-01,DE,0.044584,FlowForge synthetic (TradeStat not downloaded; see ingest/tradestat.py),,2026-09-27T00:00:00Z,SYNTH
API-FUROSEMIDE,2026-03-01,CN,0.594196,FlowForge synthetic (TradeStat not downloaded; see ingest/tradestat.py),,2026-09-27T00:00:00Z,SYNTH
API-FUROSEMIDE,2026-03-01,CH,0.309388,FlowForge synthetic (TradeStat not downloaded; see ingest/tradestat.py),,2026-09-27T00:00:00Z,SYNTH
API-FUROSEMIDE,2026-03-01,DE,0.096416,FlowForge synthetic (TradeStat not downloaded; see ingest/tradestat.py),,2026-09-27T00:00:00Z,SYNTH
API-FUROSEMIDE,2026-04-01,CN,0.608396,FlowForge synthetic (TradeStat not downloaded; see ingest/tradestat.py),,2026-09-27T00:00:00Z,SYNTH
API-FUROSEMIDE,2026-04-01,CH,0.364242,FlowForge synthetic (TradeStat not downloaded; see ingest/tradestat.py),,2026-09-27T00:00:00Z,SYNTH
API-FUROSEMIDE,2026-04-01,DE,0.027362,FlowForge synthetic (TradeStat not downloaded; see ingest/tradestat.py),,2026-09-27T00:00:00Z,SYNTH
API-FUROSEMIDE,2026-05-01,CN,0.583382,FlowForge synthetic (TradeStat not downloaded; see ingest/tradestat.py),,2026-09-27T00:00:00Z,SYNTH
API-FUROSEMIDE,2026-05-01,CH,0.391091,FlowForge synthetic (TradeStat not downloaded; see ingest/tradestat.py),,2026-09-27T00:00:00Z,SYNTH
API-FUROSEMIDE,2026-05-01,DE,0.025528,FlowForge synthetic (TradeStat not downloaded; see ingest/tradestat.py),,2026-09-27T00:00:00Z,SYNTH
API-FUROSEMIDE,2026-06-01,CN,0.598043,FlowForge synthetic (TradeStat not downloaded; see ingest/tradestat.py),,2026-09-27T00:00:00Z,SYNTH
API-FUROSEMIDE,2026-06-01,CH,0.349118,FlowForge synthetic (TradeStat not downloaded; see ingest/tradestat.py),,2026-09-27T00:00:00Z,SYNTH
API-FUROSEMIDE,2026-06-01,DE,0.052839,FlowForge synthetic (TradeStat not downloaded; see ingest/tradestat.py),,2026-09-27T00:00:00Z,SYNTH
API-FUROSEMIDE,2026-07-01,CN,0.607605,FlowForge synthetic (TradeStat not downloaded; see ingest/tradestat.py),,2026-09-27T00:00:00Z,SYNTH
API-FUROSEMIDE,2026-07-01,CH,0.352322,FlowForge synthetic (TradeStat not downloaded; see ingest/tradestat.py),,2026-09-27T00:00:00Z,SYNTH
API-FUROSEMIDE,2026-07-01,DE,0.040073,FlowForge synthetic (TradeStat not downloaded; see ingest/tradestat.py),,2026-09-27T00:00:00Z,SYNTH
API-FUROSEMIDE,2026-08-01,CN,0.571009,FlowForge synthetic (TradeStat not downloaded; see ingest/tradestat.py),,2026-09-27T00:00:00Z,SYNTH
API-FUROSEMIDE,2026-08-01,CH,0.335163,FlowForge synthetic (TradeStat not downloaded; see ingest/tradestat.py),,2026-09-27T00:00:00Z,SYNTH
API-FUROSEMIDE,2026-08-01,DE,0.093828,FlowForge synthetic (TradeStat not downloaded; see ingest/tradestat.py),,2026-09-27T00:00:00Z,SYNTH
API-FUROSEMIDE,2026-09-01,CN,0.569003,FlowForge synthetic (TradeStat not downloaded; see ingest/tradestat.py),,2026-09-27T00:00:00Z,SYNTH
API-FUROSEMIDE,2026-09-01,CH,0.367338,FlowForge synthetic (TradeStat not downloaded; see ingest/tradestat.py),,2026-09-27T00:00:00Z,SYNTH
API-FUROSEMIDE,2026-09-01,DE,0.063659,FlowForge synthetic (TradeStat not downloaded; see ingest/tradestat.py),,2026-09-27T00:00:00Z,SYNTH
API-GENTAMICIN,2023-10-01,JP,0.768853,FlowForge synthetic (TradeStat not downloaded; see ingest/tradestat.py),,2026-09-27T00:00:00Z,SYNTH
API-GENTAMICIN,2023-10-01,IT,0.112524,FlowForge synthetic (TradeStat not downloaded; see ingest/tradestat.py),,2026-09-27T00:00:00Z,SYNTH
API-GENTAMICIN,2023-10-01,DE,0.059885,FlowForge synthetic (TradeStat not downloaded; see ingest/tradestat.py),,2026-09-27T00:00:00Z,SYNTH
API-GENTAMICIN,2023-10-01,US,0.058738,FlowForge synthetic (TradeStat not downloaded; see ingest/tradestat.py),,2026-09-27T00:00:00Z,SYNTH
API-GENTAMICIN,2023-11-01,JP,0.859575,FlowForge synthetic (TradeStat not downloaded; see ingest/tradestat.py),,2026-09-27T00:00:00Z,SYNTH
API-GENTAMICIN,2023-11-01,IT,0.079285,FlowForge synthetic (TradeStat not downloaded; see ingest/tradestat.py),,2026-09-27T00:00:00Z,SYNTH
API-GENTAMICIN,2023-11-01,DE,0.0,FlowForge synthetic (TradeStat not downloaded; see ingest/tradestat.py),,2026-09-27T00:00:00Z,SYNTH
API-GENTAMICIN,2023-11-01,US,0.061141,FlowForge synthetic (TradeStat not downloaded; see ingest/tradestat.py),,2026-09-27T00:00:00Z,SYNTH
API-GENTAMICIN,2023-12-01,JP,0.883492,FlowForge synthetic (TradeStat not downloaded; see ingest/tradestat.py),,2026-09-27T00:00:00Z,SYNTH
API-GENTAMICIN,2023-12-01,IT,0.047859,FlowForge synthetic (TradeStat not downloaded; see ingest/tradestat.py),,2026-09-27T00:00:00Z,SYNTH
API-GENTAMICIN,2023-12-01,DE,0.024462,FlowForge synthetic (TradeStat not downloaded; see ingest/tradestat.py),,2026-09-27T00:00:00Z,SYNTH
API-GENTAMICIN,2023-12-01,US,0.044187,FlowForge synthetic (TradeStat not downloaded; see ingest/tradestat.py),,2026-09-27T00:00:00Z,SYNTH
API-GENTAMICIN,2024-01-01,JP,0.869054,FlowForge synthetic (TradeStat not downloaded; see ingest/tradestat.py),,2026-09-27T00:00:00Z,SYNTH
API-GENTAMICIN,2024-01-01,IT,0.084239,FlowForge synthetic (TradeStat not downloaded; see ingest/tradestat.py),,2026-09-27T00:00:00Z,SYNTH
API-GENTAMICIN,2024-01-01,DE,0.004913,FlowForge synthetic (TradeStat not downloaded; see ingest/tradestat.py),,2026-09-27T00:00:00Z,SYNTH
API-GENTAMICIN,2024-01-01,US,0.041794,FlowForge synthetic (TradeStat not downloaded; see ingest/tradestat.py),,2026-09-27T00:00:00Z,SYNTH
API-GENTAMICIN,2024-02-01,JP,0.80071,FlowForge synthetic (TradeStat not downloaded; see ingest/tradestat.py),,2026-09-27T00:00:00Z,SYNTH
API-GENTAMICIN,2024-02-01,IT,0.116078,FlowForge synthetic (TradeStat not downloaded; see ingest/tradestat.py),,2026-09-27T00:00:00Z,SYNTH
API-GENTAMICIN,2024-02-01,DE,0.040984,FlowForge synthetic (TradeStat not downloaded; see ingest/tradestat.py),,2026-09-27T00:00:00Z,SYNTH
API-GENTAMICIN,2024-02-01,US,0.042229,FlowForge synthetic (TradeStat not downloaded; see ingest/tradestat.py),,2026-09-27T00:00:00Z,SYNTH
API-GENTAMICIN,2024-03-01,JP,0.839364,FlowForge synthetic (TradeStat not downloaded; see ingest/tradestat.py),,2026-09-27T00:00:00Z,SYNTH
API-GENTAMICIN,2024-03-01,IT,0.061636,FlowForge synthetic (TradeStat not downloaded; see ingest/tradestat.py),,2026-09-27T00:00:00Z,SYNTH
API-GENTAMICIN,2024-03-01,DE,0.066251,FlowForge synthetic (TradeStat not downloaded; see ingest/tradestat.py),,2026-09-27T00:00:00Z,SYNTH
API-GENTAMICIN,2024-03-01,US,0.032748,FlowForge synthetic (TradeStat not downloaded; see ingest/tradestat.py),,2026-09-27T00:00:00Z,SYNTH
API-GENTAMICIN,2024-04-01,JP,0.793796,FlowForge synthetic (TradeStat not downloaded; see ingest/tradestat.py),,2026-09-27T00:00:00Z,SYNTH
API-GENTAMICIN,2024-04-01,IT,0.089478,FlowForge synthetic (TradeStat not downloaded; see ingest/tradestat.py),,2026-09-27T00:00:00Z,SYNTH
API-GENTAMICIN,2024-04-01,DE,0.051541,FlowForge synthetic (TradeStat not downloaded; see ingest/tradestat.py),,2026-09-27T00:00:00Z,SYNTH
API-GENTAMICIN,2024-04-01,US,0.065184,FlowForge synthetic (TradeStat not downloaded; see ingest/tradestat.py),,2026-09-27T00:00:00Z,SYNTH
API-GENTAMICIN,2024-05-01,JP,0.75275,FlowForge synthetic (TradeStat not downloaded; see ingest/tradestat.py),,2026-09-27T00:00:00Z,SYNTH
API-GENTAMICIN,2024-05-01,IT,0.094399,FlowForge synthetic (TradeStat not downloaded; see ingest/tradestat.py),,2026-09-27T00:00:00Z,SYNTH
API-GENTAMICIN,2024-05-01,DE,0.091648,FlowForge synthetic (TradeStat not downloaded; see ingest/tradestat.py),,2026-09-27T00:00:00Z,SYNTH
API-GENTAMICIN,2024-05-01,US,0.061203,FlowForge synthetic (TradeStat not downloaded; see ingest/tradestat.py),,2026-09-27T00:00:00Z,SYNTH
API-GENTAMICIN,2024-06-01,JP,0.804293,FlowForge synthetic (TradeStat not downloaded; see ingest/tradestat.py),,2026-09-27T00:00:00Z,SYNTH
API-GENTAMICIN,2024-06-01,IT,0.050722,FlowForge synthetic (TradeStat not downloaded; see ingest/tradestat.py),,2026-09-27T00:00:00Z,SYNTH
API-GENTAMICIN,2024-06-01,DE,0.089977,FlowForge synthetic (TradeStat not downloaded; see ingest/tradestat.py),,2026-09-27T00:00:00Z,SYNTH
API-GENTAMICIN,2024-06-01,US,0.055008,FlowForge synthetic (TradeStat not downloaded; see ingest/tradestat.py),,2026-09-27T00:00:00Z,SYNTH
API-GENTAMICIN,2024-07-01,JP,0.864914,FlowForge synthetic (TradeStat not downloaded; see ingest/tradestat.py),,2026-09-27T00:00:00Z,SYNTH
API-GENTAMICIN,2024-07-01,IT,0.060418,FlowForge synthetic (TradeStat not downloaded; see ingest/tradestat.py),,2026-09-27T00:00:00Z,SYNTH
API-GENTAMICIN,2024-07-01,DE,0.014519,FlowForge synthetic (TradeStat not downloaded; see ingest/tradestat.py),,2026-09-27T00:00:00Z,SYNTH
API-GENTAMICIN,2024-07-01,US,0.060149,FlowForge synthetic (TradeStat not downloaded; see ingest/tradestat.py),,2026-09-27T00:00:00Z,SYNTH
API-GENTAMICIN,2024-08-01,JP,0.804239,FlowForge synthetic (TradeStat not downloaded; see ingest/tradestat.py),,2026-09-27T00:00:00Z,SYNTH
API-GENTAMICIN,2024-08-01,IT,0.086909,FlowForge synthetic (TradeStat not downloaded; see ingest/tradestat.py),,2026-09-27T00:00:00Z,SYNTH
API-GENTAMICIN,2024-08-01,DE,0.053291,FlowForge synthetic (TradeStat not downloaded; see ingest/tradestat.py),,2026-09-27T00:00:00Z,SYNTH
API-GENTAMICIN,2024-08-01,US,0.05556,FlowForge synthetic (TradeStat not downloaded; see ingest/tradestat.py),,2026-09-27T00:00:00Z,SYNTH
API-GENTAMICIN,2024-09-01,JP,0.854289,FlowForge synthetic (TradeStat not downloaded; see ingest/tradestat.py),,2026-09-27T00:00:00Z,SYNTH
API-GENTAMICIN,2024-09-01,IT,0.097244,FlowForge synthetic (TradeStat not downloaded; see ingest/tradestat.py),,2026-09-27T00:00:00Z,SYNTH
API-GENTAMICIN,2024-09-01,DE,0.032822,FlowForge synthetic (TradeStat not downloaded; see ingest/tradestat.py),,2026-09-27T00:00:00Z,SYNTH
API-GENTAMICIN,2024-09-01,US,0.015645,FlowForge synthetic (TradeStat not downloaded; see ingest/tradestat.py),,2026-09-27T00:00:00Z,SYNTH
API-GENTAMICIN,2024-10-01,JP,0.831194,FlowForge synthetic (TradeStat not downloaded; see ingest/tradestat.py),,2026-09-27T00:00:00Z,SYNTH
API-GENTAMICIN,2024-10-01,IT,0.106125,FlowForge synthetic (TradeStat not downloaded; see ingest/tradestat.py),,2026-09-27T00:00:00Z,SYNTH
API-GENTAMICIN,2024-10-01,DE,0.028322,FlowForge synthetic (TradeStat not downloaded; see ingest/tradestat.py),,2026-09-27T00:00:00Z,SYNTH
API-GENTAMICIN,2024-10-01,US,0.034359,FlowForge synthetic (TradeStat not downloaded; see ingest/tradestat.py),,2026-09-27T00:00:00Z,SYNTH
API-GENTAMICIN,2024-11-01,JP,0.831464,FlowForge synthetic (TradeStat not downloaded; see ingest/tradestat.py),,2026-09-27T00:00:00Z,SYNTH
API-GENTAMICIN,2024-11-01,IT,0.069628,FlowForge synthetic (TradeStat not downloaded; see ingest/tradestat.py),,2026-09-27T00:00:00Z,SYNTH
API-GENTAMICIN,2024-11-01,DE,0.037555,FlowForge synthetic (TradeStat not downloaded; see ingest/tradestat.py),,2026-09-27T00:00:00Z,SYNTH
API-GENTAMICIN,2024-11-01,US,0.061353,FlowForge synthetic (TradeStat not downloaded; see ingest/tradestat.py),,2026-09-27T00:00:00Z,SYNTH
API-GENTAMICIN,2024-12-01,JP,0.818534,FlowForge synthetic (TradeStat not downloaded; see ingest/tradestat.py),,2026-09-27T00:00:00Z,SYNTH
API-GENTAMICIN,2024-12-01,IT,0.064925,FlowForge synthetic (TradeStat not downloaded; see ingest/tradestat.py),,2026-09-27T00:00:00Z,SYNTH
API-GENTAMICIN,2024-12-01,DE,0.045205,FlowForge synthetic (TradeStat not downloaded; see ingest/tradestat.py),,2026-09-27T00:00:00Z,SYNTH
API-GENTAMICIN,2024-12-01,US,0.071336,FlowForge synthetic (TradeStat not downloaded; see ingest/tradestat.py),,2026-09-27T00:00:00Z,SYNTH
API-GENTAMICIN,2025-01-01,JP,0.773946,FlowForge synthetic (TradeStat not downloaded; see ingest/tradestat.py),,2026-09-27T00:00:00Z,SYNTH
API-GENTAMICIN,2025-01-01,IT,0.124061,FlowForge synthetic (TradeStat not downloaded; see ingest/tradestat.py),,2026-09-27T00:00:00Z,SYNTH
API-GENTAMICIN,2025-01-01,DE,0.024379,FlowForge synthetic (TradeStat not downloaded; see ingest/tradestat.py),,2026-09-27T00:00:00Z,SYNTH
API-GENTAMICIN,2025-01-01,US,0.077614,FlowForge synthetic (TradeStat not downloaded; see ingest/tradestat.py),,2026-09-27T00:00:00Z,SYNTH
API-GENTAMICIN,2025-02-01,JP,0.754206,FlowForge synthetic (TradeStat not downloaded; see ingest/tradestat.py),,2026-09-27T00:00:00Z,SYNTH
API-GENTAMICIN,2025-02-01,IT,0.140046,FlowForge synthetic (TradeStat not downloaded; see ingest/tradestat.py),,2026-09-27T00:00:00Z,SYNTH
API-GENTAMICIN,2025-02-01,DE,0.04464,FlowForge synthetic (TradeStat not downloaded; see ingest/tradestat.py),,2026-09-27T00:00:00Z,SYNTH
API-GENTAMICIN,2025-02-01,US,0.061109,FlowForge synthetic (TradeStat not downloaded; see ingest/tradestat.py),,2026-09-27T00:00:00Z,SYNTH
API-GENTAMICIN,2025-03-01,JP,0.811773,FlowForge synthetic (TradeStat not downloaded; see ingest/tradestat.py),,2026-09-27T00:00:00Z,SYNTH
API-GENTAMICIN,2025-03-01,IT,0.075603,FlowForge synthetic (TradeStat not downloaded; see ingest/tradestat.py),,2026-09-27T00:00:00Z,SYNTH
API-GENTAMICIN,2025-03-01,DE,0.044928,FlowForge synthetic (TradeStat not downloaded; see ingest/tradestat.py),,2026-09-27T00:00:00Z,SYNTH
API-GENTAMICIN,2025-03-01,US,0.067696,FlowForge synthetic (TradeStat not downloaded; see ingest/tradestat.py),,2026-09-27T00:00:00Z,SYNTH
API-GENTAMICIN,2025-04-01,JP,0.822331,FlowForge synthetic (TradeStat not downloaded; see ingest/tradestat.py),,2026-09-27T00:00:00Z,SYNTH
API-GENTAMICIN,2025-04-01,IT,0.117331,FlowForge synthetic (TradeStat not downloaded; see ingest/tradestat.py),,2026-09-27T00:00:00Z,SYNTH
API-GENTAMICIN,2025-04-01,DE,0.03992,FlowForge synthetic (TradeStat not downloaded; see ingest/tradestat.py),,2026-09-27T00:00:00Z,SYNTH
API-GENTAMICIN,2025-04-01,US,0.020418,FlowForge synthetic (TradeStat not downloaded; see ingest/tradestat.py),,2026-09-27T00:00:00Z,SYNTH
API-GENTAMICIN,2025-05-01,JP,0.787346,FlowForge synthetic (TradeStat not downloaded; see ingest/tradestat.py),,2026-09-27T00:00:00Z,SYNTH
API-GENTAMICIN,2025-05-01,IT,0.179424,FlowForge synthetic (TradeStat not downloaded; see ingest/tradestat.py),,2026-09-27T00:00:00Z,SYNTH
API-GENTAMICIN,2025-05-01,DE,0.013431,FlowForge synthetic (TradeStat not downloaded; see ingest/tradestat.py),,2026-09-27T00:00:00Z,SYNTH
API-GENTAMICIN,2025-05-01,US,0.019799,FlowForge synthetic (TradeStat not downloaded; see ingest/tradestat.py),,2026-09-27T00:00:00Z,SYNTH
API-GENTAMICIN,2025-06-01,JP,0.817705,FlowForge synthetic (TradeStat not downloaded; see ingest/tradestat.py),,2026-09-27T00:00:00Z,SYNTH
API-GENTAMICIN,2025-06-01,IT,0.121095,FlowForge synthetic (TradeStat not downloaded; see ingest/tradestat.py),,2026-09-27T00:00:00Z,SYNTH
API-GENTAMICIN,2025-06-01,DE,0.0,FlowForge synthetic (TradeStat not downloaded; see ingest/tradestat.py),,2026-09-27T00:00:00Z,SYNTH
API-GENTAMICIN,2025-06-01,US,0.0612,FlowForge synthetic (TradeStat not downloaded; see ingest/tradestat.py),,2026-09-27T00:00:00Z,SYNTH
API-GENTAMICIN,2025-07-01,JP,0.787098,FlowForge synthetic (TradeStat not downloaded; see ingest/tradestat.py),,2026-09-27T00:00:00Z,SYNTH
API-GENTAMICIN,2025-07-01,IT,0.129465,FlowForge synthetic (TradeStat not downloaded; see ingest/tradestat.py),,2026-09-27T00:00:00Z,SYNTH
API-GENTAMICIN,2025-07-01,DE,0.019817,FlowForge synthetic (TradeStat not downloaded; see ingest/tradestat.py),,2026-09-27T00:00:00Z,SYNTH
API-GENTAMICIN,2025-07-01,US,0.06362,FlowForge synthetic (TradeStat not downloaded; see ingest/tradestat.py),,2026-09-27T00:00:00Z,SYNTH
API-GENTAMICIN,2025-08-01,JP,0.85416,FlowForge synthetic (TradeStat not downloaded; see ingest/tradestat.py),,2026-09-27T00:00:00Z,SYNTH
API-GENTAMICIN,2025-08-01,IT,0.042442,FlowForge synthetic (TradeStat not downloaded; see ingest/tradestat.py),,2026-09-27T00:00:00Z,SYNTH
API-GENTAMICIN,2025-08-01,DE,0.054853,FlowForge synthetic (TradeStat not downloaded; see ingest/tradestat.py),,2026-09-27T00:00:00Z,SYNTH
API-GENTAMICIN,2025-08-01,US,0.048546,FlowForge synthetic (TradeStat not downloaded; see ingest/tradestat.py),,2026-09-27T00:00:00Z,SYNTH
API-GENTAMICIN,2025-09-01,JP,0.840534,FlowForge synthetic (TradeStat not downloaded; see ingest/tradestat.py),,2026-09-27T00:00:00Z,SYNTH
API-GENTAMICIN,2025-09-01,IT,0.101035,FlowForge synthetic (TradeStat not downloaded; see ingest/tradestat.py),,2026-09-27T00:00:00Z,SYNTH
API-GENTAMICIN,2025-09-01,DE,0.013167,FlowForge synthetic (TradeStat not downloaded; see ingest/tradestat.py),,2026-09-27T00:00:00Z,SYNTH
API-GENTAMICIN,2025-09-01,US,0.045264,FlowForge synthetic (TradeStat not downloaded; see ingest/tradestat.py),,2026-09-27T00:00:00Z,SYNTH
API-GENTAMICIN,2025-10-01,JP,0.828435,FlowForge synthetic (TradeStat not downloaded; see ingest/tradestat.py),,2026-09-27T00:00:00Z,SYNTH
API-GENTAMICIN,2025-10-01,IT,0.045795,FlowForge synthetic (TradeStat not downloaded; see ingest/tradestat.py),,2026-09-27T00:00:00Z,SYNTH
API-GENTAMICIN,2025-10-01,DE,0.035915,FlowForge synthetic (TradeStat not downloaded; see ingest/tradestat.py),,2026-09-27T00:00:00Z,SYNTH
API-GENTAMICIN,2025-10-01,US,0.089855,FlowForge synthetic (TradeStat not downloaded; see ingest/tradestat.py),,2026-09-27T00:00:00Z,SYNTH
API-GENTAMICIN,2025-11-01,JP,0.845758,FlowForge synthetic (TradeStat not downloaded; see ingest/tradestat.py),,2026-09-27T00:00:00Z,SYNTH
API-GENTAMICIN,2025-11-01,IT,0.07391,FlowForge synthetic (TradeStat not downloaded; see ingest/tradestat.py),,2026-09-27T00:00:00Z,SYNTH
API-GENTAMICIN,2025-11-01,DE,0.049413,FlowForge synthetic (TradeStat not downloaded; see ingest/tradestat.py),,2026-09-27T00:00:00Z,SYNTH
API-GENTAMICIN,2025-11-01,US,0.03092,FlowForge synthetic (TradeStat not downloaded; see ingest/tradestat.py),,2026-09-27T00:00:00Z,SYNTH
API-GENTAMICIN,2025-12-01,JP,0.794986,FlowForge synthetic (TradeStat not downloaded; see ingest/tradestat.py),,2026-09-27T00:00:00Z,SYNTH
API-GENTAMICIN,2025-12-01,IT,0.101794,FlowForge synthetic (TradeStat not downloaded; see ingest/tradestat.py),,2026-09-27T00:00:00Z,SYNTH
API-GENTAMICIN,2025-12-01,DE,0.047151,FlowForge synthetic (TradeStat not downloaded; see ingest/tradestat.py),,2026-09-27T00:00:00Z,SYNTH
API-GENTAMICIN,2025-12-01,US,0.056069,FlowForge synthetic (TradeStat not downloaded; see ingest/tradestat.py),,2026-09-27T00:00:00Z,SYNTH
API-GENTAMICIN,2026-01-01,JP,0.732206,FlowForge synthetic (TradeStat not downloaded; see ingest/tradestat.py),,2026-09-27T00:00:00Z,SYNTH
API-GENTAMICIN,2026-01-01,IT,0.104385,FlowForge synthetic (TradeStat not downloaded; see ingest/tradestat.py),,2026-09-27T00:00:00Z,SYNTH
API-GENTAMICIN,2026-01-01,DE,0.0726,FlowForge synthetic (TradeStat not downloaded; see ingest/tradestat.py),,2026-09-27T00:00:00Z,SYNTH
API-GENTAMICIN,2026-01-01,US,0.09081,FlowForge synthetic (TradeStat not downloaded; see ingest/tradestat.py),,2026-09-27T00:00:00Z,SYNTH
API-GENTAMICIN,2026-02-01,JP,0.883682,FlowForge synthetic (TradeStat not downloaded; see ingest/tradestat.py),,2026-09-27T00:00:00Z,SYNTH
API-GENTAMICIN,2026-02-01,IT,0.094599,FlowForge synthetic (TradeStat not downloaded; see ingest/tradestat.py),,2026-09-27T00:00:00Z,SYNTH
API-GENTAMICIN,2026-02-01,DE,0.009069,FlowForge synthetic (TradeStat not downloaded; see ingest/tradestat.py),,2026-09-27T00:00:00Z,SYNTH
API-GENTAMICIN,2026-02-01,US,0.01265,FlowForge synthetic (TradeStat not downloaded; see ingest/tradestat.py),,2026-09-27T00:00:00Z,SYNTH
API-GENTAMICIN,2026-03-01,JP,0.769026,FlowForge synthetic (TradeStat not downloaded; see ingest/tradestat.py),,2026-09-27T00:00:00Z,SYNTH
API-GENTAMICIN,2026-03-01,IT,0.160522,FlowForge synthetic (TradeStat not downloaded; see ingest/tradestat.py),,2026-09-27T00:00:00Z,SYNTH
API-GENTAMICIN,2026-03-01,DE,0.0,FlowForge synthetic (TradeStat not downloaded; see ingest/tradestat.py),,2026-09-27T00:00:00Z,SYNTH
API-GENTAMICIN,2026-03-01,US,0.070452,FlowForge synthetic (TradeStat not downloaded; see ingest/tradestat.py),,2026-09-27T00:00:00Z,SYNTH
API-GENTAMICIN,2026-04-01,JP,0.883077,FlowForge synthetic (TradeStat not downloaded; see ingest/tradestat.py),,2026-09-27T00:00:00Z,SYNTH
API-GENTAMICIN,2026-04-01,IT,0.116923,FlowForge synthetic (TradeStat not downloaded; see ingest/tradestat.py),,2026-09-27T00:00:00Z,SYNTH
API-GENTAMICIN,2026-04-01,DE,0.0,FlowForge synthetic (TradeStat not downloaded; see ingest/tradestat.py),,2026-09-27T00:00:00Z,SYNTH
API-GENTAMICIN,2026-04-01,US,0.0,FlowForge synthetic (TradeStat not downloaded; see ingest/tradestat.py),,2026-09-27T00:00:00Z,SYNTH
API-GENTAMICIN,2026-05-01,JP,0.834092,FlowForge synthetic (TradeStat not downloaded; see ingest/tradestat.py),,2026-09-27T00:00:00Z,SYNTH
API-GENTAMICIN,2026-05-01,IT,0.089321,FlowForge synthetic (TradeStat not downloaded; see ingest/tradestat.py),,2026-09-27T00:00:00Z,SYNTH
API-GENTAMICIN,2026-05-01,DE,0.025359,FlowForge synthetic (TradeStat not downloaded; see ingest/tradestat.py),,2026-09-27T00:00:00Z,SYNTH
API-GENTAMICIN,2026-05-01,US,0.051228,FlowForge synthetic (TradeStat not downloaded; see ingest/tradestat.py),,2026-09-27T00:00:00Z,SYNTH
API-GENTAMICIN,2026-06-01,JP,0.837438,FlowForge synthetic (TradeStat not downloaded; see ingest/tradestat.py),,2026-09-27T00:00:00Z,SYNTH
API-GENTAMICIN,2026-06-01,IT,0.045016,FlowForge synthetic (TradeStat not downloaded; see ingest/tradestat.py),,2026-09-27T00:00:00Z,SYNTH
API-GENTAMICIN,2026-06-01,DE,0.054398,FlowForge synthetic (TradeStat not downloaded; see ingest/tradestat.py),,2026-09-27T00:00:00Z,SYNTH
API-GENTAMICIN,2026-06-01,US,0.063148,FlowForge synthetic (TradeStat not downloaded; see ingest/tradestat.py),,2026-09-27T00:00:00Z,SYNTH
API-GENTAMICIN,2026-07-01,JP,0.783352,FlowForge synthetic (TradeStat not downloaded; see ingest/tradestat.py),,2026-09-27T00:00:00Z,SYNTH
API-GENTAMICIN,2026-07-01,IT,0.074457,FlowForge synthetic (TradeStat not downloaded; see ingest/tradestat.py),,2026-09-27T00:00:00Z,SYNTH
API-GENTAMICIN,2026-07-01,DE,0.051459,FlowForge synthetic (TradeStat not downloaded; see ingest/tradestat.py),,2026-09-27T00:00:00Z,SYNTH
API-GENTAMICIN,2026-07-01,US,0.090732,FlowForge synthetic (TradeStat not downloaded; see ingest/tradestat.py),,2026-09-27T00:00:00Z,SYNTH
API-GENTAMICIN,2026-08-01,JP,0.771897,FlowForge synthetic (TradeStat not downloaded; see ingest/tradestat.py),,2026-09-27T00:00:00Z,SYNTH
API-GENTAMICIN,2026-08-01,IT,0.112114,FlowForge synthetic (TradeStat not downloaded; see ingest/tradestat.py),,2026-09-27T00:00:00Z,SYNTH
API-GENTAMICIN,2026-08-01,DE,0.027534,FlowForge synthetic (TradeStat not downloaded; see ingest/tradestat.py),,2026-09-27T00:00:00Z,SYNTH
API-GENTAMICIN,2026-08-01,US,0.088455,FlowForge synthetic (TradeStat not downloaded; see ingest/tradestat.py),,2026-09-27T00:00:00Z,SYNTH
API-GENTAMICIN,2026-09-01,JP,0.824588,FlowForge synthetic (TradeStat not downloaded; see ingest/tradestat.py),,2026-09-27T00:00:00Z,SYNTH
API-GENTAMICIN,2026-09-01,IT,0.095563,FlowForge synthetic (TradeStat not downloaded; see ingest/tradestat.py),,2026-09-27T00:00:00Z,SYNTH
API-GENTAMICIN,2026-09-01,DE,0.013924,FlowForge synthetic (TradeStat not downloaded; see ingest/tradestat.py),,2026-09-27T00:00:00Z,SYNTH
API-GENTAMICIN,2026-09-01,US,0.065925,FlowForge synthetic (TradeStat not downloaded; see ingest/tradestat.py),,2026-09-27T00:00:00Z,SYNTH
API-HEPARIN,2023-10-01,CN,0.884087,FlowForge synthetic (TradeStat not downloaded; see ingest/tradestat.py),,2026-09-27T00:00:00Z,SYNTH
API-HEPARIN,2023-10-01,US,0.115913,FlowForge synthetic (TradeStat not downloaded; see ingest/tradestat.py),,2026-09-27T00:00:00Z,SYNTH
API-HEPARIN,2023-11-01,CN,0.85121,FlowForge synthetic (TradeStat not downloaded; see ingest/tradestat.py),,2026-09-27T00:00:00Z,SYNTH
API-HEPARIN,2023-11-01,US,0.14879,FlowForge synthetic (TradeStat not downloaded; see ingest/tradestat.py),,2026-09-27T00:00:00Z,SYNTH
API-HEPARIN,2023-12-01,CN,0.85732,FlowForge synthetic (TradeStat not downloaded; see ingest/tradestat.py),,2026-09-27T00:00:00Z,SYNTH
API-HEPARIN,2023-12-01,US,0.14268,FlowForge synthetic (TradeStat not downloaded; see ingest/tradestat.py),,2026-09-27T00:00:00Z,SYNTH
API-HEPARIN,2024-01-01,CN,0.890585,FlowForge synthetic (TradeStat not downloaded; see ingest/tradestat.py),,2026-09-27T00:00:00Z,SYNTH
API-HEPARIN,2024-01-01,US,0.109415,FlowForge synthetic (TradeStat not downloaded; see ingest/tradestat.py),,2026-09-27T00:00:00Z,SYNTH
API-HEPARIN,2024-02-01,CN,0.891823,FlowForge synthetic (TradeStat not downloaded; see ingest/tradestat.py),,2026-09-27T00:00:00Z,SYNTH
API-HEPARIN,2024-02-01,US,0.108177,FlowForge synthetic (TradeStat not downloaded; see ingest/tradestat.py),,2026-09-27T00:00:00Z,SYNTH
API-HEPARIN,2024-03-01,CN,0.865161,FlowForge synthetic (TradeStat not downloaded; see ingest/tradestat.py),,2026-09-27T00:00:00Z,SYNTH
API-HEPARIN,2024-03-01,US,0.134839,FlowForge synthetic (TradeStat not downloaded; see ingest/tradestat.py),,2026-09-27T00:00:00Z,SYNTH
API-HEPARIN,2024-04-01,CN,0.88292,FlowForge synthetic (TradeStat not downloaded; see ingest/tradestat.py),,2026-09-27T00:00:00Z,SYNTH
API-HEPARIN,2024-04-01,US,0.11708,FlowForge synthetic (TradeStat not downloaded; see ingest/tradestat.py),,2026-09-27T00:00:00Z,SYNTH
API-HEPARIN,2024-05-01,CN,0.889016,FlowForge synthetic (TradeStat not downloaded; see ingest/tradestat.py),,2026-09-27T00:00:00Z,SYNTH
API-HEPARIN,2024-05-01,US,0.110984,FlowForge synthetic (TradeStat not downloaded; see ingest/tradestat.py),,2026-09-27T00:00:00Z,SYNTH
API-HEPARIN,2024-06-01,CN,0.883976,FlowForge synthetic (TradeStat not downloaded; see ingest/tradestat.py),,2026-09-27T00:00:00Z,SYNTH
API-HEPARIN,2024-06-01,US,0.116024,FlowForge synthetic (TradeStat not downloaded; see ingest/tradestat.py),,2026-09-27T00:00:00Z,SYNTH
API-HEPARIN,2024-07-01,CN,0.913648,FlowForge synthetic (TradeStat not downloaded; see ingest/tradestat.py),,2026-09-27T00:00:00Z,SYNTH
API-HEPARIN,2024-07-01,US,0.086352,FlowForge synthetic (TradeStat not downloaded; see ingest/tradestat.py),,2026-09-27T00:00:00Z,SYNTH
API-HEPARIN,2024-08-01,CN,0.896873,FlowForge synthetic (TradeStat not downloaded; see ingest/tradestat.py),,2026-09-27T00:00:00Z,SYNTH
API-HEPARIN,2024-08-01,US,0.103127,FlowForge synthetic (TradeStat not downloaded; see ingest/tradestat.py),,2026-09-27T00:00:00Z,SYNTH
API-HEPARIN,2024-09-01,CN,0.905129,FlowForge synthetic (TradeStat not downloaded; see ingest/tradestat.py),,2026-09-27T00:00:00Z,SYNTH
API-HEPARIN,2024-09-01,US,0.094871,FlowForge synthetic (TradeStat not downloaded; see ingest/tradestat.py),,2026-09-27T00:00:00Z,SYNTH
API-HEPARIN,2024-10-01,CN,0.910025,FlowForge synthetic (TradeStat not downloaded; see ingest/tradestat.py),,2026-09-27T00:00:00Z,SYNTH
API-HEPARIN,2024-10-01,US,0.089975,FlowForge synthetic (TradeStat not downloaded; see ingest/tradestat.py),,2026-09-27T00:00:00Z,SYNTH
API-HEPARIN,2024-11-01,CN,0.931236,FlowForge synthetic (TradeStat not downloaded; see ingest/tradestat.py),,2026-09-27T00:00:00Z,SYNTH
API-HEPARIN,2024-11-01,US,0.068764,FlowForge synthetic (TradeStat not downloaded; see ingest/tradestat.py),,2026-09-27T00:00:00Z,SYNTH
API-HEPARIN,2024-12-01,CN,0.875238,FlowForge synthetic (TradeStat not downloaded; see ingest/tradestat.py),,2026-09-27T00:00:00Z,SYNTH
API-HEPARIN,2024-12-01,US,0.124762,FlowForge synthetic (TradeStat not downloaded; see ingest/tradestat.py),,2026-09-27T00:00:00Z,SYNTH
API-HEPARIN,2025-01-01,CN,0.909989,FlowForge synthetic (TradeStat not downloaded; see ingest/tradestat.py),,2026-09-27T00:00:00Z,SYNTH
API-HEPARIN,2025-01-01,US,0.090011,FlowForge synthetic (TradeStat not downloaded; see ingest/tradestat.py),,2026-09-27T00:00:00Z,SYNTH
API-HEPARIN,2025-02-01,CN,0.906277,FlowForge synthetic (TradeStat not downloaded; see ingest/tradestat.py),,2026-09-27T00:00:00Z,SYNTH
API-HEPARIN,2025-02-01,US,0.093723,FlowForge synthetic (TradeStat not downloaded; see ingest/tradestat.py),,2026-09-27T00:00:00Z,SYNTH
API-HEPARIN,2025-03-01,CN,0.913651,FlowForge synthetic (TradeStat not downloaded; see ingest/tradestat.py),,2026-09-27T00:00:00Z,SYNTH
API-HEPARIN,2025-03-01,US,0.086349,FlowForge synthetic (TradeStat not downloaded; see ingest/tradestat.py),,2026-09-27T00:00:00Z,SYNTH
API-HEPARIN,2025-04-01,CN,0.927994,FlowForge synthetic (TradeStat not downloaded; see ingest/tradestat.py),,2026-09-27T00:00:00Z,SYNTH
API-HEPARIN,2025-04-01,US,0.072006,FlowForge synthetic (TradeStat not downloaded; see ingest/tradestat.py),,2026-09-27T00:00:00Z,SYNTH
API-HEPARIN,2025-05-01,CN,0.949732,FlowForge synthetic (TradeStat not downloaded; see ingest/tradestat.py),,2026-09-27T00:00:00Z,SYNTH
API-HEPARIN,2025-05-01,US,0.050268,FlowForge synthetic (TradeStat not downloaded; see ingest/tradestat.py),,2026-09-27T00:00:00Z,SYNTH
API-HEPARIN,2025-06-01,CN,0.910801,FlowForge synthetic (TradeStat not downloaded; see ingest/tradestat.py),,2026-09-27T00:00:00Z,SYNTH
API-HEPARIN,2025-06-01,US,0.089199,FlowForge synthetic (TradeStat not downloaded; see ingest/tradestat.py),,2026-09-27T00:00:00Z,SYNTH
API-HEPARIN,2025-07-01,CN,0.883807,FlowForge synthetic (TradeStat not downloaded; see ingest/tradestat.py),,2026-09-27T00:00:00Z,SYNTH
API-HEPARIN,2025-07-01,US,0.116193,FlowForge synthetic (TradeStat not downloaded; see ingest/tradestat.py),,2026-09-27T00:00:00Z,SYNTH
API-HEPARIN,2025-08-01,CN,0.914489,FlowForge synthetic (TradeStat not downloaded; see ingest/tradestat.py),,2026-09-27T00:00:00Z,SYNTH
API-HEPARIN,2025-08-01,US,0.085511,FlowForge synthetic (TradeStat not downloaded; see ingest/tradestat.py),,2026-09-27T00:00:00Z,SYNTH
API-HEPARIN,2025-09-01,CN,0.907753,FlowForge synthetic (TradeStat not downloaded; see ingest/tradestat.py),,2026-09-27T00:00:00Z,SYNTH
API-HEPARIN,2025-09-01,US,0.092247,FlowForge synthetic (TradeStat not downloaded; see ingest/tradestat.py),,2026-09-27T00:00:00Z,SYNTH
API-HEPARIN,2025-10-01,CN,0.900918,FlowForge synthetic (TradeStat not downloaded; see ingest/tradestat.py),,2026-09-27T00:00:00Z,SYNTH
API-HEPARIN,2025-10-01,US,0.099082,FlowForge synthetic (TradeStat not downloaded; see ingest/tradestat.py),,2026-09-27T00:00:00Z,SYNTH
API-HEPARIN,2025-11-01,CN,0.837405,FlowForge synthetic (TradeStat not downloaded; see ingest/tradestat.py),,2026-09-27T00:00:00Z,SYNTH
API-HEPARIN,2025-11-01,US,0.162595,FlowForge synthetic (TradeStat not downloaded; see ingest/tradestat.py),,2026-09-27T00:00:00Z,SYNTH
API-HEPARIN,2025-12-01,CN,0.91566,FlowForge synthetic (TradeStat not downloaded; see ingest/tradestat.py),,2026-09-27T00:00:00Z,SYNTH
API-HEPARIN,2025-12-01,US,0.08434,FlowForge synthetic (TradeStat not downloaded; see ingest/tradestat.py),,2026-09-27T00:00:00Z,SYNTH
API-HEPARIN,2026-01-01,CN,0.913016,FlowForge synthetic (TradeStat not downloaded; see ingest/tradestat.py),,2026-09-27T00:00:00Z,SYNTH
API-HEPARIN,2026-01-01,US,0.086984,FlowForge synthetic (TradeStat not downloaded; see ingest/tradestat.py),,2026-09-27T00:00:00Z,SYNTH
API-HEPARIN,2026-02-01,CN,0.888038,FlowForge synthetic (TradeStat not downloaded; see ingest/tradestat.py),,2026-09-27T00:00:00Z,SYNTH
API-HEPARIN,2026-02-01,US,0.111962,FlowForge synthetic (TradeStat not downloaded; see ingest/tradestat.py),,2026-09-27T00:00:00Z,SYNTH
API-HEPARIN,2026-03-01,CN,0.976176,FlowForge synthetic (TradeStat not downloaded; see ingest/tradestat.py),,2026-09-27T00:00:00Z,SYNTH
API-HEPARIN,2026-03-01,US,0.023824,FlowForge synthetic (TradeStat not downloaded; see ingest/tradestat.py),,2026-09-27T00:00:00Z,SYNTH
API-HEPARIN,2026-04-01,CN,0.88282,FlowForge synthetic (TradeStat not downloaded; see ingest/tradestat.py),,2026-09-27T00:00:00Z,SYNTH
API-HEPARIN,2026-04-01,US,0.11718,FlowForge synthetic (TradeStat not downloaded; see ingest/tradestat.py),,2026-09-27T00:00:00Z,SYNTH
API-HEPARIN,2026-05-01,CN,0.843754,FlowForge synthetic (TradeStat not downloaded; see ingest/tradestat.py),,2026-09-27T00:00:00Z,SYNTH
API-HEPARIN,2026-05-01,US,0.156246,FlowForge synthetic (TradeStat not downloaded; see ingest/tradestat.py),,2026-09-27T00:00:00Z,SYNTH
API-HEPARIN,2026-06-01,CN,0.933085,FlowForge synthetic (TradeStat not downloaded; see ingest/tradestat.py),,2026-09-27T00:00:00Z,SYNTH
API-HEPARIN,2026-06-01,US,0.066915,FlowForge synthetic (TradeStat not downloaded; see ingest/tradestat.py),,2026-09-27T00:00:00Z,SYNTH
API-HEPARIN,2026-07-01,CN,0.912564,FlowForge synthetic (TradeStat not downloaded; see ingest/tradestat.py),,2026-09-27T00:00:00Z,SYNTH
API-HEPARIN,2026-07-01,US,0.087436,FlowForge synthetic (TradeStat not downloaded; see ingest/tradestat.py),,2026-09-27T00:00:00Z,SYNTH
API-HEPARIN,2026-08-01,CN,0.860656,FlowForge synthetic (TradeStat not downloaded; see ingest/tradestat.py),,2026-09-27T00:00:00Z,SYNTH
API-HEPARIN,2026-08-01,US,0.139344,FlowForge synthetic (TradeStat not downloaded; see ingest/tradestat.py),,2026-09-27T00:00:00Z,SYNTH
API-HEPARIN,2026-09-01,CN,0.908839,FlowForge synthetic (TradeStat not downloaded; see ingest/tradestat.py),,2026-09-27T00:00:00Z,SYNTH
API-HEPARIN,2026-09-01,US,0.091161,FlowForge synthetic (TradeStat not downloaded; see ingest/tradestat.py),,2026-09-27T00:00:00Z,SYNTH
API-ISDN,2023-10-01,IT,0.503936,FlowForge synthetic (TradeStat not downloaded; see ingest/tradestat.py),,2026-09-27T00:00:00Z,SYNTH
API-ISDN,2023-10-01,KR,0.407863,FlowForge synthetic (TradeStat not downloaded; see ingest/tradestat.py),,2026-09-27T00:00:00Z,SYNTH
API-ISDN,2023-10-01,ES,0.088201,FlowForge synthetic (TradeStat not downloaded; see ingest/tradestat.py),,2026-09-27T00:00:00Z,SYNTH
API-ISDN,2023-11-01,IT,0.564702,FlowForge synthetic (TradeStat not downloaded; see ingest/tradestat.py),,2026-09-27T00:00:00Z,SYNTH
API-ISDN,2023-11-01,KR,0.40007,FlowForge synthetic (TradeStat not downloaded; see ingest/tradestat.py),,2026-09-27T00:00:00Z,SYNTH
API-ISDN,2023-11-01,ES,0.035228,FlowForge synthetic (TradeStat not downloaded; see ingest/tradestat.py),,2026-09-27T00:00:00Z,SYNTH
API-ISDN,2023-12-01,IT,0.528436,FlowForge synthetic (TradeStat not downloaded; see ingest/tradestat.py),,2026-09-27T00:00:00Z,SYNTH
API-ISDN,2023-12-01,KR,0.40321,FlowForge synthetic (TradeStat not downloaded; see ingest/tradestat.py),,2026-09-27T00:00:00Z,SYNTH
API-ISDN,2023-12-01,ES,0.068354,FlowForge synthetic (TradeStat not downloaded; see ingest/tradestat.py),,2026-09-27T00:00:00Z,SYNTH
API-ISDN,2024-01-01,IT,0.541363,FlowForge synthetic (TradeStat not downloaded; see ingest/tradestat.py),,2026-09-27T00:00:00Z,SYNTH
API-ISDN,2024-01-01,KR,0.436633,FlowForge synthetic (TradeStat not downloaded; see ingest/tradestat.py),,2026-09-27T00:00:00Z,SYNTH
API-ISDN,2024-01-01,ES,0.022003,FlowForge synthetic (TradeStat not downloaded; see ingest/tradestat.py),,2026-09-27T00:00:00Z,SYNTH
API-ISDN,2024-02-01,IT,0.580433,FlowForge synthetic (TradeStat not downloaded; see ingest/tradestat.py),,2026-09-27T00:00:00Z,SYNTH
API-ISDN,2024-02-01,KR,0.419567,FlowForge synthetic (TradeStat not downloaded; see ingest/tradestat.py),,2026-09-27T00:00:00Z,SYNTH
API-ISDN,2024-02-01,ES,0.0,FlowForge synthetic (TradeStat not downloaded; see ingest/tradestat.py),,2026-09-27T00:00:00Z,SYNTH
API-ISDN,2024-03-01,IT,0.552035,FlowForge synthetic (TradeStat not downloaded; see ingest/tradestat.py),,2026-09-27T00:00:00Z,SYNTH
API-ISDN,2024-03-01,KR,0.447965,FlowForge synthetic (TradeStat not downloaded; see ingest/tradestat.py),,2026-09-27T00:00:00Z,SYNTH
API-ISDN,2024-03-01,ES,0.0,FlowForge synthetic (TradeStat not downloaded; see ingest/tradestat.py),,2026-09-27T00:00:00Z,SYNTH
API-ISDN,2024-04-01,IT,0.550836,FlowForge synthetic (TradeStat not downloaded; see ingest/tradestat.py),,2026-09-27T00:00:00Z,SYNTH
API-ISDN,2024-04-01,KR,0.413375,FlowForge synthetic (TradeStat not downloaded; see ingest/tradestat.py),,2026-09-27T00:00:00Z,SYNTH
API-ISDN,2024-04-01,ES,0.035789,FlowForge synthetic (TradeStat not downloaded; see ingest/tradestat.py),,2026-09-27T00:00:00Z,SYNTH
API-ISDN,2024-05-01,IT,0.559646,FlowForge synthetic (TradeStat not downloaded; see ingest/tradestat.py),,2026-09-27T00:00:00Z,SYNTH
API-ISDN,2024-05-01,KR,0.405311,FlowForge synthetic (TradeStat not downloaded; see ingest/tradestat.py),,2026-09-27T00:00:00Z,SYNTH
API-ISDN,2024-05-01,ES,0.035043,FlowForge synthetic (TradeStat not downloaded; see ingest/tradestat.py),,2026-09-27T00:00:00Z,SYNTH
API-ISDN,2024-06-01,IT,0.567899,FlowForge synthetic (TradeStat not downloaded; see ingest/tradestat.py),,2026-09-27T00:00:00Z,SYNTH
API-ISDN,2024-06-01,KR,0.403127,FlowForge synthetic (TradeStat not downloaded; see ingest/tradestat.py),,2026-09-27T00:00:00Z,SYNTH
API-ISDN,2024-06-01,ES,0.028973,FlowForge synthetic (TradeStat not downloaded; see ingest/tradestat.py),,2026-09-27T00:00:00Z,SYNTH
API-ISDN,2024-07-01,IT,0.538658,FlowForge synthetic (TradeStat not downloaded; see ingest/tradestat.py),,2026-09-27T00:00:00Z,SYNTH
API-ISDN,2024-07-01,KR,0.415933,FlowForge synthetic (TradeStat not downloaded; see ingest/tradestat.py),,2026-09-27T00:00:00Z,SYNTH
API-ISDN,2024-07-01,ES,0.045409,FlowForge synthetic (TradeStat not downloaded; see ingest/tradestat.py),,2026-09-27T00:00:00Z,SYNTH
API-ISDN,2024-08-01,IT,0.564957,FlowForge synthetic (TradeStat not downloaded; see ingest/tradestat.py),,2026-09-27T00:00:00Z,SYNTH
API-ISDN,2024-08-01,KR,0.435043,FlowForge synthetic (TradeStat not downloaded; see ingest/tradestat.py),,2026-09-27T00:00:00Z,SYNTH
API-ISDN,2024-08-01,ES,0.0,FlowForge synthetic (TradeStat not downloaded; see ingest/tradestat.py),,2026-09-27T00:00:00Z,SYNTH
API-ISDN,2024-09-01,IT,0.514535,FlowForge synthetic (TradeStat not downloaded; see ingest/tradestat.py),,2026-09-27T00:00:00Z,SYNTH
API-ISDN,2024-09-01,KR,0.481752,FlowForge synthetic (TradeStat not downloaded; see ingest/tradestat.py),,2026-09-27T00:00:00Z,SYNTH
API-ISDN,2024-09-01,ES,0.003713,FlowForge synthetic (TradeStat not downloaded; see ingest/tradestat.py),,2026-09-27T00:00:00Z,SYNTH
API-ISDN,2024-10-01,IT,0.57159,FlowForge synthetic (TradeStat not downloaded; see ingest/tradestat.py),,2026-09-27T00:00:00Z,SYNTH
API-ISDN,2024-10-01,KR,0.383617,FlowForge synthetic (TradeStat not downloaded; see ingest/tradestat.py),,2026-09-27T00:00:00Z,SYNTH
API-ISDN,2024-10-01,ES,0.044793,FlowForge synthetic (TradeStat not downloaded; see ingest/tradestat.py),,2026-09-27T00:00:00Z,SYNTH
API-ISDN,2024-11-01,IT,0.558013,FlowForge synthetic (TradeStat not downloaded; see ingest/tradestat.py),,2026-09-27T00:00:00Z,SYNTH
API-ISDN,2024-11-01,KR,0.400191,FlowForge synthetic (TradeStat not downloaded; see ingest/tradestat.py),,2026-09-27T00:00:00Z,SYNTH
API-ISDN,2024-11-01,ES,0.041795,FlowForge synthetic (TradeStat not downloaded; see ingest/tradestat.py),,2026-09-27T00:00:00Z,SYNTH
API-ISDN,2024-12-01,IT,0.49223,FlowForge synthetic (TradeStat not downloaded; see ingest/tradestat.py),,2026-09-27T00:00:00Z,SYNTH
API-ISDN,2024-12-01,KR,0.441602,FlowForge synthetic (TradeStat not downloaded; see ingest/tradestat.py),,2026-09-27T00:00:00Z,SYNTH
API-ISDN,2024-12-01,ES,0.066167,FlowForge synthetic (TradeStat not downloaded; see ingest/tradestat.py),,2026-09-27T00:00:00Z,SYNTH
API-ISDN,2025-01-01,IT,0.61847,FlowForge synthetic (TradeStat not downloaded; see ingest/tradestat.py),,2026-09-27T00:00:00Z,SYNTH
API-ISDN,2025-01-01,KR,0.38153,FlowForge synthetic (TradeStat not downloaded; see ingest/tradestat.py),,2026-09-27T00:00:00Z,SYNTH
API-ISDN,2025-01-01,ES,0.0,FlowForge synthetic (TradeStat not downloaded; see ingest/tradestat.py),,2026-09-27T00:00:00Z,SYNTH
API-ISDN,2025-02-01,IT,0.510101,FlowForge synthetic (TradeStat not downloaded; see ingest/tradestat.py),,2026-09-27T00:00:00Z,SYNTH
API-ISDN,2025-02-01,KR,0.405812,FlowForge synthetic (TradeStat not downloaded; see ingest/tradestat.py),,2026-09-27T00:00:00Z,SYNTH
API-ISDN,2025-02-01,ES,0.084086,FlowForge synthetic (TradeStat not downloaded; see ingest/tradestat.py),,2026-09-27T00:00:00Z,SYNTH
API-ISDN,2025-03-01,IT,0.563638,FlowForge synthetic (TradeStat not downloaded; see ingest/tradestat.py),,2026-09-27T00:00:00Z,SYNTH
API-ISDN,2025-03-01,KR,0.381045,FlowForge synthetic (TradeStat not downloaded; see ingest/tradestat.py),,2026-09-27T00:00:00Z,SYNTH
API-ISDN,2025-03-01,ES,0.055317,FlowForge synthetic (TradeStat not downloaded; see ingest/tradestat.py),,2026-09-27T00:00:00Z,SYNTH
API-ISDN,2025-04-01,IT,0.541288,FlowForge synthetic (TradeStat not downloaded; see ingest/tradestat.py),,2026-09-27T00:00:00Z,SYNTH
API-ISDN,2025-04-01,KR,0.399988,FlowForge synthetic (TradeStat not downloaded; see ingest/tradestat.py),,2026-09-27T00:00:00Z,SYNTH
API-ISDN,2025-04-01,ES,0.058724,FlowForge synthetic (TradeStat not downloaded; see ingest/tradestat.py),,2026-09-27T00:00:00Z,SYNTH
API-ISDN,2025-05-01,IT,0.482897,FlowForge synthetic (TradeStat not downloaded; see ingest/tradestat.py),,2026-09-27T00:00:00Z,SYNTH
API-ISDN,2025-05-01,KR,0.397415,FlowForge synthetic (TradeStat not downloaded; see ingest/tradestat.py),,2026-09-27T00:00:00Z,SYNTH
API-ISDN,2025-05-01,ES,0.119688,FlowForge synthetic (TradeStat not downloaded; see ingest/tradestat.py),,2026-09-27T00:00:00Z,SYNTH
API-ISDN,2025-06-01,IT,0.60233,FlowForge synthetic (TradeStat not downloaded; see ingest/tradestat.py),,2026-09-27T00:00:00Z,SYNTH
API-ISDN,2025-06-01,KR,0.397667,FlowForge synthetic (TradeStat not downloaded; see ingest/tradestat.py),,2026-09-27T00:00:00Z,SYNTH
API-ISDN,2025-06-01,ES,2e-06,FlowForge synthetic (TradeStat not downloaded; see ingest/tradestat.py),,2026-09-27T00:00:00Z,SYNTH
API-ISDN,2025-07-01,IT,0.528585,FlowForge synthetic (TradeStat not downloaded; see ingest/tradestat.py),,2026-09-27T00:00:00Z,SYNTH
API-ISDN,2025-07-01,KR,0.444101,FlowForge synthetic (TradeStat not downloaded; see ingest/tradestat.py),,2026-09-27T00:00:00Z,SYNTH
API-ISDN,2025-07-01,ES,0.027314,FlowForge synthetic (TradeStat not downloaded; see ingest/tradestat.py),,2026-09-27T00:00:00Z,SYNTH
API-ISDN,2025-08-01,IT,0.554922,FlowForge synthetic (TradeStat not downloaded; see ingest/tradestat.py),,2026-09-27T00:00:00Z,SYNTH
API-ISDN,2025-08-01,KR,0.39128,FlowForge synthetic (TradeStat not downloaded; see ingest/tradestat.py),,2026-09-27T00:00:00Z,SYNTH
API-ISDN,2025-08-01,ES,0.053797,FlowForge synthetic (TradeStat not downloaded; see ingest/tradestat.py),,2026-09-27T00:00:00Z,SYNTH
API-ISDN,2025-09-01,IT,0.535949,FlowForge synthetic (TradeStat not downloaded; see ingest/tradestat.py),,2026-09-27T00:00:00Z,SYNTH
API-ISDN,2025-09-01,KR,0.41652,FlowForge synthetic (TradeStat not downloaded; see ingest/tradestat.py),,2026-09-27T00:00:00Z,SYNTH
API-ISDN,2025-09-01,ES,0.04753,FlowForge synthetic (TradeStat not downloaded; see ingest/tradestat.py),,2026-09-27T00:00:00Z,SYNTH
API-ISDN,2025-10-01,IT,0.547162,FlowForge synthetic (TradeStat not downloaded; see ingest/tradestat.py),,2026-09-27T00:00:00Z,SYNTH
API-ISDN,2025-10-01,KR,0.41155,FlowForge synthetic (TradeStat not downloaded; see ingest/tradestat.py),,2026-09-27T00:00:00Z,SYNTH
API-ISDN,2025-10-01,ES,0.041288,FlowForge synthetic (TradeStat not downloaded; see ingest/tradestat.py),,2026-09-27T00:00:00Z,SYNTH
API-ISDN,2025-11-01,IT,0.501686,FlowForge synthetic (TradeStat not downloaded; see ingest/tradestat.py),,2026-09-27T00:00:00Z,SYNTH
API-ISDN,2025-11-01,KR,0.435267,FlowForge synthetic (TradeStat not downloaded; see ingest/tradestat.py),,2026-09-27T00:00:00Z,SYNTH
API-ISDN,2025-11-01,ES,0.063047,FlowForge synthetic (TradeStat not downloaded; see ingest/tradestat.py),,2026-09-27T00:00:00Z,SYNTH
API-ISDN,2025-12-01,IT,0.546278,FlowForge synthetic (TradeStat not downloaded; see ingest/tradestat.py),,2026-09-27T00:00:00Z,SYNTH
API-ISDN,2025-12-01,KR,0.373539,FlowForge synthetic (TradeStat not downloaded; see ingest/tradestat.py),,2026-09-27T00:00:00Z,SYNTH
API-ISDN,2025-12-01,ES,0.080182,FlowForge synthetic (TradeStat not downloaded; see ingest/tradestat.py),,2026-09-27T00:00:00Z,SYNTH
API-ISDN,2026-01-01,IT,0.541001,FlowForge synthetic (TradeStat not downloaded; see ingest/tradestat.py),,2026-09-27T00:00:00Z,SYNTH
API-ISDN,2026-01-01,KR,0.433817,FlowForge synthetic (TradeStat not downloaded; see ingest/tradestat.py),,2026-09-27T00:00:00Z,SYNTH
API-ISDN,2026-01-01,ES,0.025182,FlowForge synthetic (TradeStat not downloaded; see ingest/tradestat.py),,2026-09-27T00:00:00Z,SYNTH
API-ISDN,2026-02-01,IT,0.584576,FlowForge synthetic (TradeStat not downloaded; see ingest/tradestat.py),,2026-09-27T00:00:00Z,SYNTH
API-ISDN,2026-02-01,KR,0.407009,FlowForge synthetic (TradeStat not downloaded; see ingest/tradestat.py),,2026-09-27T00:00:00Z,SYNTH
API-ISDN,2026-02-01,ES,0.008414,FlowForge synthetic (TradeStat not downloaded; see ingest/tradestat.py),,2026-09-27T00:00:00Z,SYNTH
API-ISDN,2026-03-01,IT,0.587785,FlowForge synthetic (TradeStat not downloaded; see ingest/tradestat.py),,2026-09-27T00:00:00Z,SYNTH
API-ISDN,2026-03-01,KR,0.412215,FlowForge synthetic (TradeStat not downloaded; see ingest/tradestat.py),,2026-09-27T00:00:00Z,SYNTH
API-ISDN,2026-03-01,ES,0.0,FlowForge synthetic (TradeStat not downloaded; see ingest/tradestat.py),,2026-09-27T00:00:00Z,SYNTH
API-ISDN,2026-04-01,IT,0.569778,FlowForge synthetic (TradeStat not downloaded; see ingest/tradestat.py),,2026-09-27T00:00:00Z,SYNTH
API-ISDN,2026-04-01,KR,0.428972,FlowForge synthetic (TradeStat not downloaded; see ingest/tradestat.py),,2026-09-27T00:00:00Z,SYNTH
API-ISDN,2026-04-01,ES,0.00125,FlowForge synthetic (TradeStat not downloaded; see ingest/tradestat.py),,2026-09-27T00:00:00Z,SYNTH
API-ISDN,2026-05-01,IT,0.560114,FlowForge synthetic (TradeStat not downloaded; see ingest/tradestat.py),,2026-09-27T00:00:00Z,SYNTH
API-ISDN,2026-05-01,KR,0.404981,FlowForge synthetic (TradeStat not downloaded; see ingest/tradestat.py),,2026-09-27T00:00:00Z,SYNTH
API-ISDN,2026-05-01,ES,0.034905,FlowForge synthetic (TradeStat not downloaded; see ingest/tradestat.py),,2026-09-27T00:00:00Z,SYNTH
API-ISDN,2026-06-01,IT,0.543996,FlowForge synthetic (TradeStat not downloaded; see ingest/tradestat.py),,2026-09-27T00:00:00Z,SYNTH
API-ISDN,2026-06-01,KR,0.456004,FlowForge synthetic (TradeStat not downloaded; see ingest/tradestat.py),,2026-09-27T00:00:00Z,SYNTH
API-ISDN,2026-06-01,ES,0.0,FlowForge synthetic (TradeStat not downloaded; see ingest/tradestat.py),,2026-09-27T00:00:00Z,SYNTH
API-ISDN,2026-07-01,IT,0.526282,FlowForge synthetic (TradeStat not downloaded; see ingest/tradestat.py),,2026-09-27T00:00:00Z,SYNTH
API-ISDN,2026-07-01,KR,0.424686,FlowForge synthetic (TradeStat not downloaded; see ingest/tradestat.py),,2026-09-27T00:00:00Z,SYNTH
API-ISDN,2026-07-01,ES,0.049031,FlowForge synthetic (TradeStat not downloaded; see ingest/tradestat.py),,2026-09-27T00:00:00Z,SYNTH
API-ISDN,2026-08-01,IT,0.560047,FlowForge synthetic (TradeStat not downloaded; see ingest/tradestat.py),,2026-09-27T00:00:00Z,SYNTH
API-ISDN,2026-08-01,KR,0.425245,FlowForge synthetic (TradeStat not downloaded; see ingest/tradestat.py),,2026-09-27T00:00:00Z,SYNTH
API-ISDN,2026-08-01,ES,0.014708,FlowForge synthetic (TradeStat not downloaded; see ingest/tradestat.py),,2026-09-27T00:00:00Z,SYNTH
API-ISDN,2026-09-01,IT,0.541073,FlowForge synthetic (TradeStat not downloaded; see ingest/tradestat.py),,2026-09-27T00:00:00Z,SYNTH
API-ISDN,2026-09-01,KR,0.451564,FlowForge synthetic (TradeStat not downloaded; see ingest/tradestat.py),,2026-09-27T00:00:00Z,SYNTH
API-ISDN,2026-09-01,ES,0.007364,FlowForge synthetic (TradeStat not downloaded; see ingest/tradestat.py),,2026-09-27T00:00:00Z,SYNTH
API-ISONIAZID,2023-10-01,CN,0.905192,FlowForge synthetic (TradeStat not downloaded; see ingest/tradestat.py),,2026-09-27T00:00:00Z,SYNTH
API-ISONIAZID,2023-10-01,ES,0.094808,FlowForge synthetic (TradeStat not downloaded; see ingest/tradestat.py),,2026-09-27T00:00:00Z,SYNTH
API-ISONIAZID,2023-11-01,CN,0.979624,FlowForge synthetic (TradeStat not downloaded; see ingest/tradestat.py),,2026-09-27T00:00:00Z,SYNTH
API-ISONIAZID,2023-11-01,ES,0.020376,FlowForge synthetic (TradeStat not downloaded; see ingest/tradestat.py),,2026-09-27T00:00:00Z,SYNTH
API-ISONIAZID,2023-12-01,CN,0.89419,FlowForge synthetic (TradeStat not downloaded; see ingest/tradestat.py),,2026-09-27T00:00:00Z,SYNTH
API-ISONIAZID,2023-12-01,ES,0.10581,FlowForge synthetic (TradeStat not downloaded; see ingest/tradestat.py),,2026-09-27T00:00:00Z,SYNTH
API-ISONIAZID,2024-01-01,CN,0.920301,FlowForge synthetic (TradeStat not downloaded; see ingest/tradestat.py),,2026-09-27T00:00:00Z,SYNTH
API-ISONIAZID,2024-01-01,ES,0.079699,FlowForge synthetic (TradeStat not downloaded; see ingest/tradestat.py),,2026-09-27T00:00:00Z,SYNTH
API-ISONIAZID,2024-02-01,CN,0.932101,FlowForge synthetic (TradeStat not downloaded; see ingest/tradestat.py),,2026-09-27T00:00:00Z,SYNTH
API-ISONIAZID,2024-02-01,ES,0.067899,FlowForge synthetic (TradeStat not downloaded; see ingest/tradestat.py),,2026-09-27T00:00:00Z,SYNTH
API-ISONIAZID,2024-03-01,CN,0.913155,FlowForge synthetic (TradeStat not downloaded; see ingest/tradestat.py),,2026-09-27T00:00:00Z,SYNTH
API-ISONIAZID,2024-03-01,ES,0.086845,FlowForge synthetic (TradeStat not downloaded; see ingest/tradestat.py),,2026-09-27T00:00:00Z,SYNTH
API-ISONIAZID,2024-04-01,CN,0.925979,FlowForge synthetic (TradeStat not downloaded; see ingest/tradestat.py),,2026-09-27T00:00:00Z,SYNTH
API-ISONIAZID,2024-04-01,ES,0.074021,FlowForge synthetic (TradeStat not downloaded; see ingest/tradestat.py),,2026-09-27T00:00:00Z,SYNTH
API-ISONIAZID,2024-05-01,CN,0.910207,FlowForge synthetic (TradeStat not downloaded; see ingest/tradestat.py),,2026-09-27T00:00:00Z,SYNTH
API-ISONIAZID,2024-05-01,ES,0.089793,FlowForge synthetic (TradeStat not downloaded; see ingest/tradestat.py),,2026-09-27T00:00:00Z,SYNTH
API-ISONIAZID,2024-06-01,CN,0.914219,FlowForge synthetic (TradeStat not downloaded; see ingest/tradestat.py),,2026-09-27T00:00:00Z,SYNTH
API-ISONIAZID,2024-06-01,ES,0.085781,FlowForge synthetic (TradeStat not downloaded; see ingest/tradestat.py),,2026-09-27T00:00:00Z,SYNTH
API-ISONIAZID,2024-07-01,CN,0.893619,FlowForge synthetic (TradeStat not downloaded; see ingest/tradestat.py),,2026-09-27T00:00:00Z,SYNTH
API-ISONIAZID,2024-07-01,ES,0.106381,FlowForge synthetic (TradeStat not downloaded; see ingest/tradestat.py),,2026-09-27T00:00:00Z,SYNTH
API-ISONIAZID,2024-08-01,CN,0.939047,FlowForge synthetic (TradeStat not downloaded; see ingest/tradestat.py),,2026-09-27T00:00:00Z,SYNTH
API-ISONIAZID,2024-08-01,ES,0.060953,FlowForge synthetic (TradeStat not downloaded; see ingest/tradestat.py),,2026-09-27T00:00:00Z,SYNTH
API-ISONIAZID,2024-09-01,CN,0.937024,FlowForge synthetic (TradeStat not downloaded; see ingest/tradestat.py),,2026-09-27T00:00:00Z,SYNTH
API-ISONIAZID,2024-09-01,ES,0.062976,FlowForge synthetic (TradeStat not downloaded; see ingest/tradestat.py),,2026-09-27T00:00:00Z,SYNTH
API-ISONIAZID,2024-10-01,CN,0.900894,FlowForge synthetic (TradeStat not downloaded; see ingest/tradestat.py),,2026-09-27T00:00:00Z,SYNTH
API-ISONIAZID,2024-10-01,ES,0.099106,FlowForge synthetic (TradeStat not downloaded; see ingest/tradestat.py),,2026-09-27T00:00:00Z,SYNTH
API-ISONIAZID,2024-11-01,CN,0.911791,FlowForge synthetic (TradeStat not downloaded; see ingest/tradestat.py),,2026-09-27T00:00:00Z,SYNTH
API-ISONIAZID,2024-11-01,ES,0.088209,FlowForge synthetic (TradeStat not downloaded; see ingest/tradestat.py),,2026-09-27T00:00:00Z,SYNTH
API-ISONIAZID,2024-12-01,CN,0.912309,FlowForge synthetic (TradeStat not downloaded; see ingest/tradestat.py),,2026-09-27T00:00:00Z,SYNTH
API-ISONIAZID,2024-12-01,ES,0.087691,FlowForge synthetic (TradeStat not downloaded; see ingest/tradestat.py),,2026-09-27T00:00:00Z,SYNTH
API-ISONIAZID,2025-01-01,CN,0.932938,FlowForge synthetic (TradeStat not downloaded; see ingest/tradestat.py),,2026-09-27T00:00:00Z,SYNTH
API-ISONIAZID,2025-01-01,ES,0.067062,FlowForge synthetic (TradeStat not downloaded; see ingest/tradestat.py),,2026-09-27T00:00:00Z,SYNTH
API-ISONIAZID,2025-02-01,CN,0.910846,FlowForge synthetic (TradeStat not downloaded; see ingest/tradestat.py),,2026-09-27T00:00:00Z,SYNTH
API-ISONIAZID,2025-02-01,ES,0.089154,FlowForge synthetic (TradeStat not downloaded; see ingest/tradestat.py),,2026-09-27T00:00:00Z,SYNTH
API-ISONIAZID,2025-03-01,CN,0.932623,FlowForge synthetic (TradeStat not downloaded; see ingest/tradestat.py),,2026-09-27T00:00:00Z,SYNTH
API-ISONIAZID,2025-03-01,ES,0.067377,FlowForge synthetic (TradeStat not downloaded; see ingest/tradestat.py),,2026-09-27T00:00:00Z,SYNTH
API-ISONIAZID,2025-04-01,CN,0.881358,FlowForge synthetic (TradeStat not downloaded; see ingest/tradestat.py),,2026-09-27T00:00:00Z,SYNTH
API-ISONIAZID,2025-04-01,ES,0.118642,FlowForge synthetic (TradeStat not downloaded; see ingest/tradestat.py),,2026-09-27T00:00:00Z,SYNTH
API-ISONIAZID,2025-05-01,CN,0.869254,FlowForge synthetic (TradeStat not downloaded; see ingest/tradestat.py),,2026-09-27T00:00:00Z,SYNTH
API-ISONIAZID,2025-05-01,ES,0.130746,FlowForge synthetic (TradeStat not downloaded; see ingest/tradestat.py),,2026-09-27T00:00:00Z,SYNTH
API-ISONIAZID,2025-06-01,CN,0.945984,FlowForge synthetic (TradeStat not downloaded; see ingest/tradestat.py),,2026-09-27T00:00:00Z,SYNTH
API-ISONIAZID,2025-06-01,ES,0.054016,FlowForge synthetic (TradeStat not downloaded; see ingest/tradestat.py),,2026-09-27T00:00:00Z,SYNTH
API-ISONIAZID,2025-07-01,CN,0.943071,FlowForge synthetic (TradeStat not downloaded; see ingest/tradestat.py),,2026-09-27T00:00:00Z,SYNTH
API-ISONIAZID,2025-07-01,ES,0.056929,FlowForge synthetic (TradeStat not downloaded; see ingest/tradestat.py),,2026-09-27T00:00:00Z,SYNTH
API-ISONIAZID,2025-08-01,CN,0.891419,FlowForge synthetic (TradeStat not downloaded; see ingest/tradestat.py),,2026-09-27T00:00:00Z,SYNTH
API-ISONIAZID,2025-08-01,ES,0.108581,FlowForge synthetic (TradeStat not downloaded; see ingest/tradestat.py),,2026-09-27T00:00:00Z,SYNTH
API-ISONIAZID,2025-09-01,CN,0.883967,FlowForge synthetic (TradeStat not downloaded; see ingest/tradestat.py),,2026-09-27T00:00:00Z,SYNTH
API-ISONIAZID,2025-09-01,ES,0.116033,FlowForge synthetic (TradeStat not downloaded; see ingest/tradestat.py),,2026-09-27T00:00:00Z,SYNTH
API-ISONIAZID,2025-10-01,CN,0.919166,FlowForge synthetic (TradeStat not downloaded; see ingest/tradestat.py),,2026-09-27T00:00:00Z,SYNTH
API-ISONIAZID,2025-10-01,ES,0.080834,FlowForge synthetic (TradeStat not downloaded; see ingest/tradestat.py),,2026-09-27T00:00:00Z,SYNTH
API-ISONIAZID,2025-11-01,CN,0.890237,FlowForge synthetic (TradeStat not downloaded; see ingest/tradestat.py),,2026-09-27T00:00:00Z,SYNTH
API-ISONIAZID,2025-11-01,ES,0.109763,FlowForge synthetic (TradeStat not downloaded; see ingest/tradestat.py),,2026-09-27T00:00:00Z,SYNTH
API-ISONIAZID,2025-12-01,CN,0.874709,FlowForge synthetic (TradeStat not downloaded; see ingest/tradestat.py),,2026-09-27T00:00:00Z,SYNTH
API-ISONIAZID,2025-12-01,ES,0.125291,FlowForge synthetic (TradeStat not downloaded; see ingest/tradestat.py),,2026-09-27T00:00:00Z,SYNTH
API-ISONIAZID,2026-01-01,CN,0.905991,FlowForge synthetic (TradeStat not downloaded; see ingest/tradestat.py),,2026-09-27T00:00:00Z,SYNTH
API-ISONIAZID,2026-01-01,ES,0.094009,FlowForge synthetic (TradeStat not downloaded; see ingest/tradestat.py),,2026-09-27T00:00:00Z,SYNTH
API-ISONIAZID,2026-02-01,CN,0.921372,FlowForge synthetic (TradeStat not downloaded; see ingest/tradestat.py),,2026-09-27T00:00:00Z,SYNTH
API-ISONIAZID,2026-02-01,ES,0.078628,FlowForge synthetic (TradeStat not downloaded; see ingest/tradestat.py),,2026-09-27T00:00:00Z,SYNTH
API-ISONIAZID,2026-03-01,CN,0.914518,FlowForge synthetic (TradeStat not downloaded; see ingest/tradestat.py),,2026-09-27T00:00:00Z,SYNTH
API-ISONIAZID,2026-03-01,ES,0.085482,FlowForge synthetic (TradeStat not downloaded; see ingest/tradestat.py),,2026-09-27T00:00:00Z,SYNTH
API-ISONIAZID,2026-04-01,CN,0.939302,FlowForge synthetic (TradeStat not downloaded; see ingest/tradestat.py),,2026-09-27T00:00:00Z,SYNTH
API-ISONIAZID,2026-04-01,ES,0.060698,FlowForge synthetic (TradeStat not downloaded; see ingest/tradestat.py),,2026-09-27T00:00:00Z,SYNTH
API-ISONIAZID,2026-05-01,CN,0.888102,FlowForge synthetic (TradeStat not downloaded; see ingest/tradestat.py),,2026-09-27T00:00:00Z,SYNTH
API-ISONIAZID,2026-05-01,ES,0.111898,FlowForge synthetic (TradeStat not downloaded; see ingest/tradestat.py),,2026-09-27T00:00:00Z,SYNTH
API-ISONIAZID,2026-06-01,CN,0.91115,FlowForge synthetic (TradeStat not downloaded; see ingest/tradestat.py),,2026-09-27T00:00:00Z,SYNTH
API-ISONIAZID,2026-06-01,ES,0.08885,FlowForge synthetic (TradeStat not downloaded; see ingest/tradestat.py),,2026-09-27T00:00:00Z,SYNTH
API-ISONIAZID,2026-07-01,CN,0.960305,FlowForge synthetic (TradeStat not downloaded; see ingest/tradestat.py),,2026-09-27T00:00:00Z,SYNTH
API-ISONIAZID,2026-07-01,ES,0.039695,FlowForge synthetic (TradeStat not downloaded; see ingest/tradestat.py),,2026-09-27T00:00:00Z,SYNTH
API-ISONIAZID,2026-08-01,CN,0.877552,FlowForge synthetic (TradeStat not downloaded; see ingest/tradestat.py),,2026-09-27T00:00:00Z,SYNTH
API-ISONIAZID,2026-08-01,ES,0.122448,FlowForge synthetic (TradeStat not downloaded; see ingest/tradestat.py),,2026-09-27T00:00:00Z,SYNTH
API-ISONIAZID,2026-09-01,CN,0.916133,FlowForge synthetic (TradeStat not downloaded; see ingest/tradestat.py),,2026-09-27T00:00:00Z,SYNTH
API-ISONIAZID,2026-09-01,ES,0.083867,FlowForge synthetic (TradeStat not downloaded; see ingest/tradestat.py),,2026-09-27T00:00:00Z,SYNTH
API-LITHIUM-CARBONATE,2023-10-01,CN,0.508653,FlowForge synthetic (TradeStat not downloaded; see ingest/tradestat.py),,2026-09-27T00:00:00Z,SYNTH
API-LITHIUM-CARBONATE,2023-10-01,ES,0.169816,FlowForge synthetic (TradeStat not downloaded; see ingest/tradestat.py),,2026-09-27T00:00:00Z,SYNTH
API-LITHIUM-CARBONATE,2023-10-01,US,0.27024,FlowForge synthetic (TradeStat not downloaded; see ingest/tradestat.py),,2026-09-27T00:00:00Z,SYNTH
API-LITHIUM-CARBONATE,2023-10-01,KR,0.05129,FlowForge synthetic (TradeStat not downloaded; see ingest/tradestat.py),,2026-09-27T00:00:00Z,SYNTH
API-LITHIUM-CARBONATE,2023-11-01,CN,0.461718,FlowForge synthetic (TradeStat not downloaded; see ingest/tradestat.py),,2026-09-27T00:00:00Z,SYNTH
API-LITHIUM-CARBONATE,2023-11-01,ES,0.17069,FlowForge synthetic (TradeStat not downloaded; see ingest/tradestat.py),,2026-09-27T00:00:00Z,SYNTH
API-LITHIUM-CARBONATE,2023-11-01,US,0.238112,FlowForge synthetic (TradeStat not downloaded; see ingest/tradestat.py),,2026-09-27T00:00:00Z,SYNTH
API-LITHIUM-CARBONATE,2023-11-01,KR,0.12948,FlowForge synthetic (TradeStat not downloaded; see ingest/tradestat.py),,2026-09-27T00:00:00Z,SYNTH
API-LITHIUM-CARBONATE,2023-12-01,CN,0.557588,FlowForge synthetic (TradeStat not downloaded; see ingest/tradestat.py),,2026-09-27T00:00:00Z,SYNTH
API-LITHIUM-CARBONATE,2023-12-01,ES,0.182097,FlowForge synthetic (TradeStat not downloaded; see ingest/tradestat.py),,2026-09-27T00:00:00Z,SYNTH
API-LITHIUM-CARBONATE,2023-12-01,US,0.259666,FlowForge synthetic (TradeStat not downloaded; see ingest/tradestat.py),,2026-09-27T00:00:00Z,SYNTH
API-LITHIUM-CARBONATE,2023-12-01,KR,0.000648,FlowForge synthetic (TradeStat not downloaded; see ingest/tradestat.py),,2026-09-27T00:00:00Z,SYNTH
API-LITHIUM-CARBONATE,2024-01-01,CN,0.503887,FlowForge synthetic (TradeStat not downloaded; see ingest/tradestat.py),,2026-09-27T00:00:00Z,SYNTH
API-LITHIUM-CARBONATE,2024-01-01,ES,0.206672,FlowForge synthetic (TradeStat not downloaded; see ingest/tradestat.py),,2026-09-27T00:00:00Z,SYNTH
API-LITHIUM-CARBONATE,2024-01-01,US,0.230403,FlowForge synthetic (TradeStat not downloaded; see ingest/tradestat.py),,2026-09-27T00:00:00Z,SYNTH
API-LITHIUM-CARBONATE,2024-01-01,KR,0.059038,FlowForge synthetic (TradeStat not downloaded; see ingest/tradestat.py),,2026-09-27T00:00:00Z,SYNTH
API-LITHIUM-CARBONATE,2024-02-01,CN,0.568102,FlowForge synthetic (TradeStat not downloaded; see ingest/tradestat.py),,2026-09-27T00:00:00Z,SYNTH
API-LITHIUM-CARBONATE,2024-02-01,ES,0.155135,FlowForge synthetic (TradeStat not downloaded; see ingest/tradestat.py),,2026-09-27T00:00:00Z,SYNTH
API-LITHIUM-CARBONATE,2024-02-01,US,0.195072,FlowForge synthetic (TradeStat not downloaded; see ingest/tradestat.py),,2026-09-27T00:00:00Z,SYNTH
API-LITHIUM-CARBONATE,2024-02-01,KR,0.081691,FlowForge synthetic (TradeStat not downloaded; see ingest/tradestat.py),,2026-09-27T00:00:00Z,SYNTH
API-LITHIUM-CARBONATE,2024-03-01,CN,0.551287,FlowForge synthetic (TradeStat not downloaded; see ingest/tradestat.py),,2026-09-27T00:00:00Z,SYNTH
API-LITHIUM-CARBONATE,2024-03-01,ES,0.109566,FlowForge synthetic (TradeStat not downloaded; see ingest/tradestat.py),,2026-09-27T00:00:00Z,SYNTH
API-LITHIUM-CARBONATE,2024-03-01,US,0.214978,FlowForge synthetic (TradeStat not downloaded; see ingest/tradestat.py),,2026-09-27T00:00:00Z,SYNTH
API-LITHIUM-CARBONATE,2024-03-01,KR,0.124169,FlowForge synthetic (TradeStat not downloaded; see ingest/tradestat.py),,2026-09-27T00:00:00Z,SYNTH
API-LITHIUM-CARBONATE,2024-04-01,CN,0.570303,FlowForge synthetic (TradeStat not downloaded; see ingest/tradestat.py),,2026-09-27T00:00:00Z,SYNTH
API-LITHIUM-CARBONATE,2024-04-01,ES,0.170503,FlowForge synthetic (TradeStat not downloaded; see ingest/tradestat.py),,2026-09-27T00:00:00Z,SYNTH
API-LITHIUM-CARBONATE,2024-04-01,US,0.203101,FlowForge synthetic (TradeStat not downloaded; see ingest/tradestat.py),,2026-09-27T00:00:00Z,SYNTH
API-LITHIUM-CARBONATE,2024-04-01,KR,0.056093,FlowForge synthetic (TradeStat not downloaded; see ingest/tradestat.py),,2026-09-27T00:00:00Z,SYNTH
API-LITHIUM-CARBONATE,2024-05-01,CN,0.534807,FlowForge synthetic (TradeStat not downloaded; see ingest/tradestat.py),,2026-09-27T00:00:00Z,SYNTH
API-LITHIUM-CARBONATE,2024-05-01,ES,0.169416,FlowForge synthetic (TradeStat not downloaded; see ingest/tradestat.py),,2026-09-27T00:00:00Z,SYNTH
API-LITHIUM-CARBONATE,2024-05-01,US,0.228776,FlowForge synthetic (TradeStat not downloaded; see ingest/tradestat.py),,2026-09-27T00:00:00Z,SYNTH
API-LITHIUM-CARBONATE,2024-05-01,KR,0.067001,FlowForge synthetic (TradeStat not downloaded; see ingest/tradestat.py),,2026-09-27T00:00:00Z,SYNTH
API-LITHIUM-CARBONATE,2024-06-01,CN,0.492635,FlowForge synthetic (TradeStat not downloaded; see ingest/tradestat.py),,2026-09-27T00:00:00Z,SYNTH
API-LITHIUM-CARBONATE,2024-06-01,ES,0.166508,FlowForge synthetic (TradeStat not downloaded; see ingest/tradestat.py),,2026-09-27T00:00:00Z,SYNTH
API-LITHIUM-CARBONATE,2024-06-01,US,0.259464,FlowForge synthetic (TradeStat not downloaded; see ingest/tradestat.py),,2026-09-27T00:00:00Z,SYNTH
API-LITHIUM-CARBONATE,2024-06-01,KR,0.081393,FlowForge synthetic (TradeStat not downloaded; see ingest/tradestat.py),,2026-09-27T00:00:00Z,SYNTH
API-LITHIUM-CARBONATE,2024-07-01,CN,0.552013,FlowForge synthetic (TradeStat not downloaded; see ingest/tradestat.py),,2026-09-27T00:00:00Z,SYNTH
API-LITHIUM-CARBONATE,2024-07-01,ES,0.20345,FlowForge synthetic (TradeStat not downloaded; see ingest/tradestat.py),,2026-09-27T00:00:00Z,SYNTH
API-LITHIUM-CARBONATE,2024-07-01,US,0.203422,FlowForge synthetic (TradeStat not downloaded; see ingest/tradestat.py),,2026-09-27T00:00:00Z,SYNTH
API-LITHIUM-CARBONATE,2024-07-01,KR,0.041115,FlowForge synthetic (TradeStat not downloaded; see ingest/tradestat.py),,2026-09-27T00:00:00Z,SYNTH
API-LITHIUM-CARBONATE,2024-08-01,CN,0.513435,FlowForge synthetic (TradeStat not downloaded; see ingest/tradestat.py),,2026-09-27T00:00:00Z,SYNTH
API-LITHIUM-CARBONATE,2024-08-01,ES,0.228488,FlowForge synthetic (TradeStat not downloaded; see ingest/tradestat.py),,2026-09-27T00:00:00Z,SYNTH
API-LITHIUM-CARBONATE,2024-08-01,US,0.16679,FlowForge synthetic (TradeStat not downloaded; see ingest/tradestat.py),,2026-09-27T00:00:00Z,SYNTH
API-LITHIUM-CARBONATE,2024-08-01,KR,0.091287,FlowForge synthetic (TradeStat not downloaded; see ingest/tradestat.py),,2026-09-27T00:00:00Z,SYNTH
API-LITHIUM-CARBONATE,2024-09-01,CN,0.527274,FlowForge synthetic (TradeStat not downloaded; see ingest/tradestat.py),,2026-09-27T00:00:00Z,SYNTH
API-LITHIUM-CARBONATE,2024-09-01,ES,0.226016,FlowForge synthetic (TradeStat not downloaded; see ingest/tradestat.py),,2026-09-27T00:00:00Z,SYNTH
API-LITHIUM-CARBONATE,2024-09-01,US,0.204276,FlowForge synthetic (TradeStat not downloaded; see ingest/tradestat.py),,2026-09-27T00:00:00Z,SYNTH
API-LITHIUM-CARBONATE,2024-09-01,KR,0.042434,FlowForge synthetic (TradeStat not downloaded; see ingest/tradestat.py),,2026-09-27T00:00:00Z,SYNTH
API-LITHIUM-CARBONATE,2024-10-01,CN,0.556917,FlowForge synthetic (TradeStat not downloaded; see ingest/tradestat.py),,2026-09-27T00:00:00Z,SYNTH
API-LITHIUM-CARBONATE,2024-10-01,ES,0.203883,FlowForge synthetic (TradeStat not downloaded; see ingest/tradestat.py),,2026-09-27T00:00:00Z,SYNTH
API-LITHIUM-CARBONATE,2024-10-01,US,0.206632,FlowForge synthetic (TradeStat not downloaded; see ingest/tradestat.py),,2026-09-27T00:00:00Z,SYNTH
API-LITHIUM-CARBONATE,2024-10-01,KR,0.032567,FlowForge synthetic (TradeStat not downloaded; see ingest/tradestat.py),,2026-09-27T00:00:00Z,SYNTH
API-LITHIUM-CARBONATE,2024-11-01,CN,0.533546,FlowForge synthetic (TradeStat not downloaded; see ingest/tradestat.py),,2026-09-27T00:00:00Z,SYNTH
API-LITHIUM-CARBONATE,2024-11-01,ES,0.182347,FlowForge synthetic (TradeStat not downloaded; see ingest/tradestat.py),,2026-09-27T00:00:00Z,SYNTH
API-LITHIUM-CARBONATE,2024-11-01,US,0.216614,FlowForge synthetic (TradeStat not downloaded; see ingest/tradestat.py),,2026-09-27T00:00:00Z,SYNTH
API-LITHIUM-CARBONATE,2024-11-01,KR,0.067493,FlowForge synthetic (TradeStat not downloaded; see ingest/tradestat.py),,2026-09-27T00:00:00Z,SYNTH
API-LITHIUM-CARBONATE,2024-12-01,CN,0.511871,FlowForge synthetic (TradeStat not downloaded; see ingest/tradestat.py),,2026-09-27T00:00:00Z,SYNTH
API-LITHIUM-CARBONATE,2024-12-01,ES,0.203428,FlowForge synthetic (TradeStat not downloaded; see ingest/tradestat.py),,2026-09-27T00:00:00Z,SYNTH
API-LITHIUM-CARBONATE,2024-12-01,US,0.255389,FlowForge synthetic (TradeStat not downloaded; see ingest/tradestat.py),,2026-09-27T00:00:00Z,SYNTH
API-LITHIUM-CARBONATE,2024-12-01,KR,0.029312,FlowForge synthetic (TradeStat not downloaded; see ingest/tradestat.py),,2026-09-27T00:00:00Z,SYNTH
API-LITHIUM-CARBONATE,2025-01-01,CN,0.49449,FlowForge synthetic (TradeStat not downloaded; see ingest/tradestat.py),,2026-09-27T00:00:00Z,SYNTH
API-LITHIUM-CARBONATE,2025-01-01,ES,0.201917,FlowForge synthetic (TradeStat not downloaded; see ingest/tradestat.py),,2026-09-27T00:00:00Z,SYNTH
API-LITHIUM-CARBONATE,2025-01-01,US,0.225748,FlowForge synthetic (TradeStat not downloaded; see ingest/tradestat.py),,2026-09-27T00:00:00Z,SYNTH
API-LITHIUM-CARBONATE,2025-01-01,KR,0.077845,FlowForge synthetic (TradeStat not downloaded; see ingest/tradestat.py),,2026-09-27T00:00:00Z,SYNTH
API-LITHIUM-CARBONATE,2025-02-01,CN,0.518046,FlowForge synthetic (TradeStat not downloaded; see ingest/tradestat.py),,2026-09-27T00:00:00Z,SYNTH
API-LITHIUM-CARBONATE,2025-02-01,ES,0.176998,FlowForge synthetic (TradeStat not downloaded; see ingest/tradestat.py),,2026-09-27T00:00:00Z,SYNTH
API-LITHIUM-CARBONATE,2025-02-01,US,0.235596,FlowForge synthetic (TradeStat not downloaded; see ingest/tradestat.py),,2026-09-27T00:00:00Z,SYNTH
API-LITHIUM-CARBONATE,2025-02-01,KR,0.06936,FlowForge synthetic (TradeStat not downloaded; see ingest/tradestat.py),,2026-09-27T00:00:00Z,SYNTH
API-LITHIUM-CARBONATE,2025-03-01,CN,0.490676,FlowForge synthetic (TradeStat not downloaded; see ingest/tradestat.py),,2026-09-27T00:00:00Z,SYNTH
API-LITHIUM-CARBONATE,2025-03-01,ES,0.150569,FlowForge synthetic (TradeStat not downloaded; see ingest/tradestat.py),,2026-09-27T00:00:00Z,SYNTH
API-LITHIUM-CARBONATE,2025-03-01,US,0.287496,FlowForge synthetic (TradeStat not downloaded; see ingest/tradestat.py),,2026-09-27T00:00:00Z,SYNTH
API-LITHIUM-CARBONATE,2025-03-01,KR,0.071259,FlowForge synthetic (TradeStat not downloaded; see ingest/tradestat.py),,2026-09-27T00:00:00Z,SYNTH
API-LITHIUM-CARBONATE,2025-04-01,CN,0.513906,FlowForge synthetic (TradeStat not downloaded; see ingest/tradestat.py),,2026-09-27T00:00:00Z,SYNTH
API-LITHIUM-CARBONATE,2025-04-01,ES,0.186508,FlowForge synthetic (TradeStat not downloaded; see ingest/tradestat.py),,2026-09-27T00:00:00Z,SYNTH
API-LITHIUM-CARBONATE,2025-04-01,US,0.241731,FlowForge synthetic (TradeStat not downloaded; see ingest/tradestat.py),,2026-09-27T00:00:00Z,SYNTH
API-LITHIUM-CARBONATE,2025-04-01,KR,0.057856,FlowForge synthetic (TradeStat not downloaded; see ingest/tradestat.py),,2026-09-27T00:00:00Z,SYNTH
API-LITHIUM-CARBONATE,2025-05-01,CN,0.520892,FlowForge synthetic (TradeStat not downloaded; see ingest/tradestat.py),,2026-09-27T00:00:00Z,SYNTH
API-LITHIUM-CARBONATE,2025-05-01,ES,0.190177,FlowForge synthetic (TradeStat not downloaded; see ingest/tradestat.py),,2026-09-27T00:00:00Z,SYNTH
API-LITHIUM-CARBONATE,2025-05-01,US,0.223669,FlowForge synthetic (TradeStat not downloaded; see ingest/tradestat.py),,2026-09-27T00:00:00Z,SYNTH
API-LITHIUM-CARBONATE,2025-05-01,KR,0.065262,FlowForge synthetic (TradeStat not downloaded; see ingest/tradestat.py),,2026-09-27T00:00:00Z,SYNTH
API-LITHIUM-CARBONATE,2025-06-01,CN,0.523961,FlowForge synthetic (TradeStat not downloaded; see ingest/tradestat.py),,2026-09-27T00:00:00Z,SYNTH
API-LITHIUM-CARBONATE,2025-06-01,ES,0.141668,FlowForge synthetic (TradeStat not downloaded; see ingest/tradestat.py),,2026-09-27T00:00:00Z,SYNTH
API-LITHIUM-CARBONATE,2025-06-01,US,0.284881,FlowForge synthetic (TradeStat not downloaded; see ingest/tradestat.py),,2026-09-27T00:00:00Z,SYNTH
API-LITHIUM-CARBONATE,2025-06-01,KR,0.04949,FlowForge synthetic (TradeStat not downloaded; see ingest/tradestat.py),,2026-09-27T00:00:00Z,SYNTH
API-LITHIUM-CARBONATE,2025-07-01,CN,0.508445,FlowForge synthetic (TradeStat not downloaded; see ingest/tradestat.py),,2026-09-27T00:00:00Z,SYNTH
API-LITHIUM-CARBONATE,2025-07-01,ES,0.165423,FlowForge synthetic (TradeStat not downloaded; see ingest/tradestat.py),,2026-09-27T00:00:00Z,SYNTH
API-LITHIUM-CARBONATE,2025-07-01,US,0.245618,FlowForge synthetic (TradeStat not downloaded; see ingest/tradestat.py),,2026-09-27T00:00:00Z,SYNTH
API-LITHIUM-CARBONATE,2025-07-01,KR,0.080515,FlowForge synthetic (TradeStat not downloaded; see ingest/tradestat.py),,2026-09-27T00:00:00Z,SYNTH
API-LITHIUM-CARBONATE,2025-08-01,CN,0.524538,FlowForge synthetic (TradeStat not downloaded; see ingest/tradestat.py),,2026-09-27T00:00:00Z,SYNTH
API-LITHIUM-CARBONATE,2025-08-01,ES,0.123041,FlowForge synthetic (TradeStat not downloaded; see ingest/tradestat.py),,2026-09-27T00:00:00Z,SYNTH
API-LITHIUM-CARBONATE,2025-08-01,US,0.264089,FlowForge synthetic (TradeStat not downloaded; see ingest/tradestat.py),,2026-09-27T00:00:00Z,SYNTH
API-LITHIUM-CARBONATE,2025-08-01,KR,0.088332,FlowForge synthetic (TradeStat not downloaded; see ingest/tradestat.py),,2026-09-27T00:00:00Z,SYNTH
API-LITHIUM-CARBONATE,2025-09-01,CN,0.50093,FlowForge synthetic (TradeStat not downloaded; see ingest/tradestat.py),,2026-09-27T00:00:00Z,SYNTH
API-LITHIUM-CARBONATE,2025-09-01,ES,0.205035,FlowForge synthetic (TradeStat not downloaded; see ingest/tradestat.py),,2026-09-27T00:00:00Z,SYNTH
API-LITHIUM-CARBONATE,2025-09-01,US,0.216234,FlowForge synthetic (TradeStat not downloaded; see ingest/tradestat.py),,2026-09-27T00:00:00Z,SYNTH
API-LITHIUM-CARBONATE,2025-09-01,KR,0.077801,FlowForge synthetic (TradeStat not downloaded; see ingest/tradestat.py),,2026-09-27T00:00:00Z,SYNTH
API-LITHIUM-CARBONATE,2025-10-01,CN,0.503644,FlowForge synthetic (TradeStat not downloaded; see ingest/tradestat.py),,2026-09-27T00:00:00Z,SYNTH
API-LITHIUM-CARBONATE,2025-10-01,ES,0.157612,FlowForge synthetic (TradeStat not downloaded; see ingest/tradestat.py),,2026-09-27T00:00:00Z,SYNTH
API-LITHIUM-CARBONATE,2025-10-01,US,0.256276,FlowForge synthetic (TradeStat not downloaded; see ingest/tradestat.py),,2026-09-27T00:00:00Z,SYNTH
API-LITHIUM-CARBONATE,2025-10-01,KR,0.082468,FlowForge synthetic (TradeStat not downloaded; see ingest/tradestat.py),,2026-09-27T00:00:00Z,SYNTH
API-LITHIUM-CARBONATE,2025-11-01,CN,0.510141,FlowForge synthetic (TradeStat not downloaded; see ingest/tradestat.py),,2026-09-27T00:00:00Z,SYNTH
API-LITHIUM-CARBONATE,2025-11-01,ES,0.143771,FlowForge synthetic (TradeStat not downloaded; see ingest/tradestat.py),,2026-09-27T00:00:00Z,SYNTH
API-LITHIUM-CARBONATE,2025-11-01,US,0.256175,FlowForge synthetic (TradeStat not downloaded; see ingest/tradestat.py),,2026-09-27T00:00:00Z,SYNTH
API-LITHIUM-CARBONATE,2025-11-01,KR,0.089912,FlowForge synthetic (TradeStat not downloaded; see ingest/tradestat.py),,2026-09-27T00:00:00Z,SYNTH
API-LITHIUM-CARBONATE,2025-12-01,CN,0.494258,FlowForge synthetic (TradeStat not downloaded; see ingest/tradestat.py),,2026-09-27T00:00:00Z,SYNTH
API-LITHIUM-CARBONATE,2025-12-01,ES,0.190737,FlowForge synthetic (TradeStat not downloaded; see ingest/tradestat.py),,2026-09-27T00:00:00Z,SYNTH
API-LITHIUM-CARBONATE,2025-12-01,US,0.267081,FlowForge synthetic (TradeStat not downloaded; see ingest/tradestat.py),,2026-09-27T00:00:00Z,SYNTH
API-LITHIUM-CARBONATE,2025-12-01,KR,0.047925,FlowForge synthetic (TradeStat not downloaded; see ingest/tradestat.py),,2026-09-27T00:00:00Z,SYNTH
API-LITHIUM-CARBONATE,2026-01-01,CN,0.458395,FlowForge synthetic (TradeStat not downloaded; see ingest/tradestat.py),,2026-09-27T00:00:00Z,SYNTH
API-LITHIUM-CARBONATE,2026-01-01,ES,0.228679,FlowForge synthetic (TradeStat not downloaded; see ingest/tradestat.py),,2026-09-27T00:00:00Z,SYNTH
API-LITHIUM-CARBONATE,2026-01-01,US,0.240448,FlowForge synthetic (TradeStat not downloaded; see ingest/tradestat.py),,2026-09-27T00:00:00Z,SYNTH
API-LITHIUM-CARBONATE,2026-01-01,KR,0.072478,FlowForge synthetic (TradeStat not downloaded; see ingest/tradestat.py),,2026-09-27T00:00:00Z,SYNTH
API-LITHIUM-CARBONATE,2026-02-01,CN,0.477041,FlowForge synthetic (TradeStat not downloaded; see ingest/tradestat.py),,2026-09-27T00:00:00Z,SYNTH
API-LITHIUM-CARBONATE,2026-02-01,ES,0.204677,FlowForge synthetic (TradeStat not downloaded; see ingest/tradestat.py),,2026-09-27T00:00:00Z,SYNTH
API-LITHIUM-CARBONATE,2026-02-01,US,0.265194,FlowForge synthetic (TradeStat not downloaded; see ingest/tradestat.py),,2026-09-27T00:00:00Z,SYNTH
API-LITHIUM-CARBONATE,2026-02-01,KR,0.053089,FlowForge synthetic (TradeStat not downloaded; see ingest/tradestat.py),,2026-09-27T00:00:00Z,SYNTH
API-LITHIUM-CARBONATE,2026-03-01,CN,0.558887,FlowForge synthetic (TradeStat not downloaded; see ingest/tradestat.py),,2026-09-27T00:00:00Z,SYNTH
API-LITHIUM-CARBONATE,2026-03-01,ES,0.178627,FlowForge synthetic (TradeStat not downloaded; see ingest/tradestat.py),,2026-09-27T00:00:00Z,SYNTH
API-LITHIUM-CARBONATE,2026-03-01,US,0.193728,FlowForge synthetic (TradeStat not downloaded; see ingest/tradestat.py),,2026-09-27T00:00:00Z,SYNTH
API-LITHIUM-CARBONATE,2026-03-01,KR,0.068758,FlowForge synthetic (TradeStat not downloaded; see ingest/tradestat.py),,2026-09-27T00:00:00Z,SYNTH
API-LITHIUM-CARBONATE,2026-04-01,CN,0.545944,FlowForge synthetic (TradeStat not downloaded; see ingest/tradestat.py),,2026-09-27T00:00:00Z,SYNTH
API-LITHIUM-CARBONATE,2026-04-01,ES,0.176198,FlowForge synthetic (TradeStat not downloaded; see ingest/tradestat.py),,2026-09-27T00:00:00Z,SYNTH
API-LITHIUM-CARBONATE,2026-04-01,US,0.238708,FlowForge synthetic (TradeStat not downloaded; see ingest/tradestat.py),,2026-09-27T00:00:00Z,SYNTH
API-LITHIUM-CARBONATE,2026-04-01,KR,0.03915,FlowForge synthetic (TradeStat not downloaded; see ingest/tradestat.py),,2026-09-27T00:00:00Z,SYNTH
API-LITHIUM-CARBONATE,2026-05-01,CN,0.472468,FlowForge synthetic (TradeStat not downloaded; see ingest/tradestat.py),,2026-09-27T00:00:00Z,SYNTH
API-LITHIUM-CARBONATE,2026-05-01,ES,0.211529,FlowForge synthetic (TradeStat not downloaded; see ingest/tradestat.py),,2026-09-27T00:00:00Z,SYNTH
API-LITHIUM-CARBONATE,2026-05-01,US,0.227458,FlowForge synthetic (TradeStat not downloaded; see ingest/tradestat.py),,2026-09-27T00:00:00Z,SYNTH
API-LITHIUM-CARBONATE,2026-05-01,KR,0.088545,FlowForge synthetic (TradeStat not downloaded; see ingest/tradestat.py),,2026-09-27T00:00:00Z,SYNTH
API-LITHIUM-CARBONATE,2026-06-01,CN,0.525543,FlowForge synthetic (TradeStat not downloaded; see ingest/tradestat.py),,2026-09-27T00:00:00Z,SYNTH
API-LITHIUM-CARBONATE,2026-06-01,ES,0.185651,FlowForge synthetic (TradeStat not downloaded; see ingest/tradestat.py),,2026-09-27T00:00:00Z,SYNTH
API-LITHIUM-CARBONATE,2026-06-01,US,0.246972,FlowForge synthetic (TradeStat not downloaded; see ingest/tradestat.py),,2026-09-27T00:00:00Z,SYNTH
API-LITHIUM-CARBONATE,2026-06-01,KR,0.041834,FlowForge synthetic (TradeStat not downloaded; see ingest/tradestat.py),,2026-09-27T00:00:00Z,SYNTH
API-LITHIUM-CARBONATE,2026-07-01,CN,0.551985,FlowForge synthetic (TradeStat not downloaded; see ingest/tradestat.py),,2026-09-27T00:00:00Z,SYNTH
API-LITHIUM-CARBONATE,2026-07-01,ES,0.162523,FlowForge synthetic (TradeStat not downloaded; see ingest/tradestat.py),,2026-09-27T00:00:00Z,SYNTH
API-LITHIUM-CARBONATE,2026-07-01,US,0.235601,FlowForge synthetic (TradeStat not downloaded; see ingest/tradestat.py),,2026-09-27T00:00:00Z,SYNTH
API-LITHIUM-CARBONATE,2026-07-01,KR,0.049891,FlowForge synthetic (TradeStat not downloaded; see ingest/tradestat.py),,2026-09-27T00:00:00Z,SYNTH
API-LITHIUM-CARBONATE,2026-08-01,CN,0.501248,FlowForge synthetic (TradeStat not downloaded; see ingest/tradestat.py),,2026-09-27T00:00:00Z,SYNTH
API-LITHIUM-CARBONATE,2026-08-01,ES,0.207261,FlowForge synthetic (TradeStat not downloaded; see ingest/tradestat.py),,2026-09-27T00:00:00Z,SYNTH
API-LITHIUM-CARBONATE,2026-08-01,US,0.237223,FlowForge synthetic (TradeStat not downloaded; see ingest/tradestat.py),,2026-09-27T00:00:00Z,SYNTH
API-LITHIUM-CARBONATE,2026-08-01,KR,0.054268,FlowForge synthetic (TradeStat not downloaded; see ingest/tradestat.py),,2026-09-27T00:00:00Z,SYNTH
API-LITHIUM-CARBONATE,2026-09-01,CN,0.514457,FlowForge synthetic (TradeStat not downloaded; see ingest/tradestat.py),,2026-09-27T00:00:00Z,SYNTH
API-LITHIUM-CARBONATE,2026-09-01,ES,0.206918,FlowForge synthetic (TradeStat not downloaded; see ingest/tradestat.py),,2026-09-27T00:00:00Z,SYNTH
API-LITHIUM-CARBONATE,2026-09-01,US,0.242101,FlowForge synthetic (TradeStat not downloaded; see ingest/tradestat.py),,2026-09-27T00:00:00Z,SYNTH
API-LITHIUM-CARBONATE,2026-09-01,KR,0.036525,FlowForge synthetic (TradeStat not downloaded; see ingest/tradestat.py),,2026-09-27T00:00:00Z,SYNTH
API-METRONIDAZOLE,2023-10-01,IT,0.704775,FlowForge synthetic (TradeStat not downloaded; see ingest/tradestat.py),,2026-09-27T00:00:00Z,SYNTH
API-METRONIDAZOLE,2023-10-01,KR,0.078733,FlowForge synthetic (TradeStat not downloaded; see ingest/tradestat.py),,2026-09-27T00:00:00Z,SYNTH
API-METRONIDAZOLE,2023-10-01,US,0.150248,FlowForge synthetic (TradeStat not downloaded; see ingest/tradestat.py),,2026-09-27T00:00:00Z,SYNTH
API-METRONIDAZOLE,2023-10-01,JP,0.066244,FlowForge synthetic (TradeStat not downloaded; see ingest/tradestat.py),,2026-09-27T00:00:00Z,SYNTH
API-METRONIDAZOLE,2023-11-01,IT,0.655647,FlowForge synthetic (TradeStat not downloaded; see ingest/tradestat.py),,2026-09-27T00:00:00Z,SYNTH
API-METRONIDAZOLE,2023-11-01,KR,0.082353,FlowForge synthetic (TradeStat not downloaded; see ingest/tradestat.py),,2026-09-27T00:00:00Z,SYNTH
API-METRONIDAZOLE,2023-11-01,US,0.158664,FlowForge synthetic (TradeStat not downloaded; see ingest/tradestat.py),,2026-09-27T00:00:00Z,SYNTH
API-METRONIDAZOLE,2023-11-01,JP,0.103337,FlowForge synthetic (TradeStat not downloaded; see ingest/tradestat.py),,2026-09-27T00:00:00Z,SYNTH
API-METRONIDAZOLE,2023-12-01,IT,0.809674,FlowForge synthetic (TradeStat not downloaded; see ingest/tradestat.py),,2026-09-27T00:00:00Z,SYNTH
API-METRONIDAZOLE,2023-12-01,KR,0.0596,FlowForge synthetic (TradeStat not downloaded; see ingest/tradestat.py),,2026-09-27T00:00:00Z,SYNTH
API-METRONIDAZOLE,2023-12-01,US,0.113726,FlowForge synthetic (TradeStat not downloaded; see ingest/tradestat.py),,2026-09-27T00:00:00Z,SYNTH
API-METRONIDAZOLE,2023-12-01,JP,0.017,FlowForge synthetic (TradeStat not downloaded; see ingest/tradestat.py),,2026-09-27T00:00:00Z,SYNTH
API-METRONIDAZOLE,2024-01-01,IT,0.833364,FlowForge synthetic (TradeStat not downloaded; see ingest/tradestat.py),,2026-09-27T00:00:00Z,SYNTH
API-METRONIDAZOLE,2024-01-01,KR,0.0,FlowForge synthetic (TradeStat not downloaded; see ingest/tradestat.py),,2026-09-27T00:00:00Z,SYNTH
API-METRONIDAZOLE,2024-01-01,US,0.166636,FlowForge synthetic (TradeStat not downloaded; see ingest/tradestat.py),,2026-09-27T00:00:00Z,SYNTH
API-METRONIDAZOLE,2024-01-01,JP,0.0,FlowForge synthetic (TradeStat not downloaded; see ingest/tradestat.py),,2026-09-27T00:00:00Z,SYNTH
API-METRONIDAZOLE,2024-02-01,IT,0.805598,FlowForge synthetic (TradeStat not downloaded; see ingest/tradestat.py),,2026-09-27T00:00:00Z,SYNTH
API-METRONIDAZOLE,2024-02-01,KR,0.060004,FlowForge synthetic (TradeStat not downloaded; see ingest/tradestat.py),,2026-09-27T00:00:00Z,SYNTH
API-METRONIDAZOLE,2024-02-01,US,0.120694,FlowForge synthetic (TradeStat not downloaded; see ingest/tradestat.py),,2026-09-27T00:00:00Z,SYNTH
API-METRONIDAZOLE,2024-02-01,JP,0.013703,FlowForge synthetic (TradeStat not downloaded; see ingest/tradestat.py),,2026-09-27T00:00:00Z,SYNTH
API-METRONIDAZOLE,2024-03-01,IT,0.752732,FlowForge synthetic (TradeStat not downloaded; see ingest/tradestat.py),,2026-09-27T00:00:00Z,SYNTH
API-METRONIDAZOLE,2024-03-01,KR,0.048803,FlowForge synthetic (TradeStat not downloaded; see ingest/tradestat.py),,2026-09-27T00:00:00Z,SYNTH
API-METRONIDAZOLE,2024-03-01,US,0.136431,FlowForge synthetic (TradeStat not downloaded; see ingest/tradestat.py),,2026-09-27T00:00:00Z,SYNTH
API-METRONIDAZOLE,2024-03-01,JP,0.062034,FlowForge synthetic (TradeStat not downloaded; see ingest/tradestat.py),,2026-09-27T00:00:00Z,SYNTH
API-METRONIDAZOLE,2024-04-01,IT,0.721585,FlowForge synthetic (TradeStat not downloaded; see ingest/tradestat.py),,2026-09-27T00:00:00Z,SYNTH
API-METRONIDAZOLE,2024-04-01,KR,0.059751,FlowForge synthetic (TradeStat not downloaded; see ingest/tradestat.py),,2026-09-27T00:00:00Z,SYNTH
API-METRONIDAZOLE,2024-04-01,US,0.161541,FlowForge synthetic (TradeStat not downloaded; see ingest/tradestat.py),,2026-09-27T00:00:00Z,SYNTH
API-METRONIDAZOLE,2024-04-01,JP,0.057123,FlowForge synthetic (TradeStat not downloaded; see ingest/tradestat.py),,2026-09-27T00:00:00Z,SYNTH
API-METRONIDAZOLE,2024-05-01,IT,0.798385,FlowForge synthetic (TradeStat not downloaded; see ingest/tradestat.py),,2026-09-27T00:00:00Z,SYNTH
API-METRONIDAZOLE,2024-05-01,KR,0.076808,FlowForge synthetic (TradeStat not downloaded; see ingest/tradestat.py),,2026-09-27T00:00:00Z,SYNTH
API-METRONIDAZOLE,2024-05-01,US,0.103132,FlowForge synthetic (TradeStat not downloaded; see ingest/tradestat.py),,2026-09-27T00:00:00Z,SYNTH
API-METRONIDAZOLE,2024-05-01,JP,0.021675,FlowForge synthetic (TradeStat not downloaded; see ingest/tradestat.py),,2026-09-27T00:00:00Z,SYNTH
API-METRONIDAZOLE,2024-06-01,IT,0.799713,FlowForge synthetic (TradeStat not downloaded; see ingest/tradestat.py),,2026-09-27T00:00:00Z,SYNTH
API-METRONIDAZOLE,2024-06-01,KR,0.056164,FlowForge synthetic (TradeStat not downloaded; see ingest/tradestat.py),,2026-09-27T00:00:00Z,SYNTH
API-METRONIDAZOLE,2024-06-01,US,0.144123,FlowForge synthetic (TradeStat not downloaded; see ingest/tradestat.py),,2026-09-27T00:00:00Z,SYNTH
API-METRONIDAZOLE,2024-06-01,JP,0.0,FlowForge synthetic (TradeStat not downloaded; see ingest/tradestat.py),,2026-09-27T00:00:00Z,SYNTH
API-METRONIDAZOLE,2024-07-01,IT,0.682981,FlowForge synthetic (TradeStat not downloaded; see ingest/tradestat.py),,2026-09-27T00:00:00Z,SYNTH
API-METRONIDAZOLE,2024-07-01,KR,0.056994,FlowForge synthetic (TradeStat not downloaded; see ingest/tradestat.py),,2026-09-27T00:00:00Z,SYNTH
API-METRONIDAZOLE,2024-07-01,US,0.147822,FlowForge synthetic (TradeStat not downloaded; see ingest/tradestat.py),,2026-09-27T00:00:00Z,SYNTH
API-METRONIDAZOLE,2024-07-01,JP,0.112203,FlowForge synthetic (TradeStat not downloaded; see ingest/tradestat.py),,2026-09-27T00:00:00Z,SYNTH
API-METRONIDAZOLE,2024-08-01,IT,0.772912,FlowForge synthetic (TradeStat not downloaded; see ingest/tradestat.py),,2026-09-27T00:00:00Z,SYNTH
API-METRONIDAZOLE,2024-08-01,KR,0.107719,FlowForge synthetic (TradeStat not downloaded; see ingest/tradestat.py),,2026-09-27T00:00:00Z,SYNTH
API-METRONIDAZOLE,2024-08-01,US,0.117243,FlowForge synthetic (TradeStat not downloaded; see ingest/tradestat.py),,2026-09-27T00:00:00Z,SYNTH
API-METRONIDAZOLE,2024-08-01,JP,0.002127,FlowForge synthetic (TradeStat not downloaded; see ingest/tradestat.py),,2026-09-27T00:00:00Z,SYNTH
API-METRONIDAZOLE,2024-09-01,IT,0.786975,FlowForge synthetic (TradeStat not downloaded; see ingest/tradestat.py),,2026-09-27T00:00:00Z,SYNTH
API-METRONIDAZOLE,2024-09-01,KR,0.08319,FlowForge synthetic (TradeStat not downloaded; see ingest/tradestat.py),,2026-09-27T00:00:00Z,SYNTH
API-METRONIDAZOLE,2024-09-01,US,0.094368,FlowForge synthetic (TradeStat not downloaded; see ingest/tradestat.py),,2026-09-27T00:00:00Z,SYNTH
API-METRONIDAZOLE,2024-09-01,JP,0.035466,FlowForge synthetic (TradeStat not downloaded; see ingest/tradestat.py),,2026-09-27T00:00:00Z,SYNTH
API-METRONIDAZOLE,2024-10-01,IT,0.780617,FlowForge synthetic (TradeStat not downloaded; see ingest/tradestat.py),,2026-09-27T00:00:00Z,SYNTH
API-METRONIDAZOLE,2024-10-01,KR,0.049332,FlowForge synthetic (TradeStat not downloaded; see ingest/tradestat.py),,2026-09-27T00:00:00Z,SYNTH
API-METRONIDAZOLE,2024-10-01,US,0.161142,FlowForge synthetic (TradeStat not downloaded; see ingest/tradestat.py),,2026-09-27T00:00:00Z,SYNTH
API-METRONIDAZOLE,2024-10-01,JP,0.008909,FlowForge synthetic (TradeStat not downloaded; see ingest/tradestat.py),,2026-09-27T00:00:00Z,SYNTH
API-METRONIDAZOLE,2024-11-01,IT,0.709449,FlowForge synthetic (TradeStat not downloaded; see ingest/tradestat.py),,2026-09-27T00:00:00Z,SYNTH
API-METRONIDAZOLE,2024-11-01,KR,0.061591,FlowForge synthetic (TradeStat not downloaded; see ingest/tradestat.py),,2026-09-27T00:00:00Z,SYNTH
API-METRONIDAZOLE,2024-11-01,US,0.148271,FlowForge synthetic (TradeStat not downloaded; see ingest/tradestat.py),,2026-09-27T00:00:00Z,SYNTH
API-METRONIDAZOLE,2024-11-01,JP,0.08069,FlowForge synthetic (TradeStat not downloaded; see ingest/tradestat.py),,2026-09-27T00:00:00Z,SYNTH
API-METRONIDAZOLE,2024-12-01,IT,0.797687,FlowForge synthetic (TradeStat not downloaded; see ingest/tradestat.py),,2026-09-27T00:00:00Z,SYNTH
API-METRONIDAZOLE,2024-12-01,KR,0.076904,FlowForge synthetic (TradeStat not downloaded; see ingest/tradestat.py),,2026-09-27T00:00:00Z,SYNTH
API-METRONIDAZOLE,2024-12-01,US,0.12541,FlowForge synthetic (TradeStat not downloaded; see ingest/tradestat.py),,2026-09-27T00:00:00Z,SYNTH
API-METRONIDAZOLE,2024-12-01,JP,0.0,FlowForge synthetic (TradeStat not downloaded; see ingest/tradestat.py),,2026-09-27T00:00:00Z,SYNTH
API-METRONIDAZOLE,2025-01-01,IT,0.77384,FlowForge synthetic (TradeStat not downloaded; see ingest/tradestat.py),,2026-09-27T00:00:00Z,SYNTH
API-METRONIDAZOLE,2025-01-01,KR,0.099503,FlowForge synthetic (TradeStat not downloaded; see ingest/tradestat.py),,2026-09-27T00:00:00Z,SYNTH
API-METRONIDAZOLE,2025-01-01,US,0.122323,FlowForge synthetic (TradeStat not downloaded; see ingest/tradestat.py),,2026-09-27T00:00:00Z,SYNTH
API-METRONIDAZOLE,2025-01-01,JP,0.004334,FlowForge synthetic (TradeStat not downloaded; see ingest/tradestat.py),,2026-09-27T00:00:00Z,SYNTH
API-METRONIDAZOLE,2025-02-01,IT,0.732032,FlowForge synthetic (TradeStat not downloaded; see ingest/tradestat.py),,2026-09-27T00:00:00Z,SYNTH
API-METRONIDAZOLE,2025-02-01,KR,0.116177,FlowForge synthetic (TradeStat not downloaded; see ingest/tradestat.py),,2026-09-27T00:00:00Z,SYNTH
API-METRONIDAZOLE,2025-02-01,US,0.122769,FlowForge synthetic (TradeStat not downloaded; see ingest/tradestat.py),,2026-09-27T00:00:00Z,SYNTH
API-METRONIDAZOLE,2025-02-01,JP,0.029022,FlowForge synthetic (TradeStat not downloaded; see ingest/tradestat.py),,2026-09-27T00:00:00Z,SYNTH
API-METRONIDAZOLE,2025-03-01,IT,0.753227,FlowForge synthetic (TradeStat not downloaded; see ingest/tradestat.py),,2026-09-27T00:00:00Z,SYNTH
API-METRONIDAZOLE,2025-03-01,KR,0.083977,FlowForge synthetic (TradeStat not downloaded; see ingest/tradestat.py),,2026-09-27T00:00:00Z,SYNTH
API-METRONIDAZOLE,2025-03-01,US,0.133017,FlowForge synthetic (TradeStat not downloaded; see ingest/tradestat.py),,2026-09-27T00:00:00Z,SYNTH
API-METRONIDAZOLE,2025-03-01,JP,0.029779,FlowForge synthetic (TradeStat not downloaded; see ingest/tradestat.py),,2026-09-27T00:00:00Z,SYNTH
API-METRONIDAZOLE,2025-04-01,IT,0.789521,FlowForge synthetic (TradeStat not downloaded; see ingest/tradestat.py),,2026-09-27T00:00:00Z,SYNTH
API-METRONIDAZOLE,2025-04-01,KR,0.032068,FlowForge synthetic (TradeStat not downloaded; see ingest/tradestat.py),,2026-09-27T00:00:00Z,SYNTH
API-METRONIDAZOLE,2025-04-01,US,0.120484,FlowForge synthetic (TradeStat not downloaded; see ingest/tradestat.py),,2026-09-27T00:00:00Z,SYNTH
API-METRONIDAZOLE,2025-04-01,JP,0.057927,FlowForge synthetic (TradeStat not downloaded; see ingest/tradestat.py),,2026-09-27T00:00:00Z,SYNTH
API-METRONIDAZOLE,2025-05-01,IT,0.687417,FlowForge synthetic (TradeStat not downloaded; see ingest/tradestat.py),,2026-09-27T00:00:00Z,SYNTH
API-METRONIDAZOLE,2025-05-01,KR,0.045269,FlowForge synthetic (TradeStat not downloaded; see ingest/tradestat.py),,2026-09-27T00:00:00Z,SYNTH
API-METRONIDAZOLE,2025-05-01,US,0.205536,FlowForge synthetic (TradeStat not downloaded; see ingest/tradestat.py),,2026-09-27T00:00:00Z,SYNTH
API-METRONIDAZOLE,2025-05-01,JP,0.061777,FlowForge synthetic (TradeStat not downloaded; see ingest/tradestat.py),,2026-09-27T00:00:00Z,SYNTH
API-METRONIDAZOLE,2025-06-01,IT,0.754923,FlowForge synthetic (TradeStat not downloaded; see ingest/tradestat.py),,2026-09-27T00:00:00Z,SYNTH
API-METRONIDAZOLE,2025-06-01,KR,0.072645,FlowForge synthetic (TradeStat not downloaded; see ingest/tradestat.py),,2026-09-27T00:00:00Z,SYNTH
API-METRONIDAZOLE,2025-06-01,US,0.12136,FlowForge synthetic (TradeStat not downloaded; see ingest/tradestat.py),,2026-09-27T00:00:00Z,SYNTH
API-METRONIDAZOLE,2025-06-01,JP,0.051073,FlowForge synthetic (TradeStat not downloaded; see ingest/tradestat.py),,2026-09-27T00:00:00Z,SYNTH
API-METRONIDAZOLE,2025-07-01,IT,0.750465,FlowForge synthetic (TradeStat not downloaded; see ingest/tradestat.py),,2026-09-27T00:00:00Z,SYNTH
API-METRONIDAZOLE,2025-07-01,KR,0.074889,FlowForge synthetic (TradeStat not downloaded; see ingest/tradestat.py),,2026-09-27T00:00:00Z,SYNTH
API-METRONIDAZOLE,2025-07-01,US,0.120559,FlowForge synthetic (TradeStat not downloaded; see ingest/tradestat.py),,2026-09-27T00:00:00Z,SYNTH
API-METRONIDAZOLE,2025-07-01,JP,0.054086,FlowForge synthetic (TradeStat not downloaded; see ingest/tradestat.py),,2026-09-27T00:00:00Z,SYNTH
API-METRONIDAZOLE,2025-08-01,IT,0.721395,FlowForge synthetic (TradeStat not downloaded; see ingest/tradestat.py),,2026-09-27T00:00:00Z,SYNTH
API-METRONIDAZOLE,2025-08-01,KR,0.07152,FlowForge synthetic (TradeStat not downloaded; see ingest/tradestat.py),,2026-09-27T00:00:00Z,SYNTH
API-METRONIDAZOLE,2025-08-01,US,0.152982,FlowForge synthetic (TradeStat not downloaded; see ingest/tradestat.py),,2026-09-27T00:00:00Z,SYNTH
API-METRONIDAZOLE,2025-08-01,JP,0.054102,FlowForge synthetic (TradeStat not downloaded; see ingest/tradestat.py),,2026-09-27T00:00:00Z,SYNTH
API-METRONIDAZOLE,2025-09-01,IT,0.814976,FlowForge synthetic (TradeStat not downloaded; see ingest/tradestat.py),,2026-09-27T00:00:00Z,SYNTH
API-METRONIDAZOLE,2025-09-01,KR,0.072911,FlowForge synthetic (TradeStat not downloaded; see ingest/tradestat.py),,2026-09-27T00:00:00Z,SYNTH
API-METRONIDAZOLE,2025-09-01,US,0.095977,FlowForge synthetic (TradeStat not downloaded; see ingest/tradestat.py),,2026-09-27T00:00:00Z,SYNTH
API-METRONIDAZOLE,2025-09-01,JP,0.016136,FlowForge synthetic (TradeStat not downloaded; see ingest/tradestat.py),,2026-09-27T00:00:00Z,SYNTH
API-METRONIDAZOLE,2025-10-01,IT,0.793123,FlowForge synthetic (TradeStat not downloaded; see ingest/tradestat.py),,2026-09-27T00:00:00Z,SYNTH
API-METRONIDAZOLE,2025-10-01,KR,0.070134,FlowForge synthetic (TradeStat not downloaded; see ingest/tradestat.py),,2026-09-27T00:00:00Z,SYNTH
API-METRONIDAZOLE,2025-10-01,US,0.109008,FlowForge synthetic (TradeStat not downloaded; see ingest/tradestat.py),,2026-09-27T00:00:00Z,SYNTH
API-METRONIDAZOLE,2025-10-01,JP,0.027735,FlowForge synthetic (TradeStat not downloaded; see ingest/tradestat.py),,2026-09-27T00:00:00Z,SYNTH
API-METRONIDAZOLE,2025-11-01,IT,0.776443,FlowForge synthetic (TradeStat not downloaded; see ingest/tradestat.py),,2026-09-27T00:00:00Z,SYNTH
API-METRONIDAZOLE,2025-11-01,KR,0.079263,FlowForge synthetic (TradeStat not downloaded; see ingest/tradestat.py),,2026-09-27T00:00:00Z,SYNTH
API-METRONIDAZOLE,2025-11-01,US,0.144294,FlowForge synthetic (TradeStat not downloaded; see ingest/tradestat.py),,2026-09-27T00:00:00Z,SYNTH
API-METRONIDAZOLE,2025-11-01,JP,0.0,FlowForge synthetic (TradeStat not downloaded; see ingest/tradestat.py),,2026-09-27T00:00:00Z,SYNTH
API-METRONIDAZOLE,2025-12-01,IT,0.706618,FlowForge synthetic (TradeStat not downloaded; see ingest/tradestat.py),,2026-09-27T00:00:00Z,SYNTH
API-METRONIDAZOLE,2025-12-01,KR,0.055557,FlowForge synthetic (TradeStat not downloaded; see ingest/tradestat.py),,2026-09-27T00:00:00Z,SYNTH
API-METRONIDAZOLE,2025-12-01,US,0.169167,FlowForge synthetic (TradeStat not downloaded; see ingest/tradestat.py),,2026-09-27T00:00:00Z,SYNTH
API-METRONIDAZOLE,2025-12-01,JP,0.068659,FlowForge synthetic (TradeStat not downloaded; see ingest/tradestat.py),,2026-09-27T00:00:00Z,SYNTH
API-METRONIDAZOLE,2026-01-01,IT,0.795091,FlowForge synthetic (TradeStat not downloaded; see ingest/tradestat.py),,2026-09-27T00:00:00Z,SYNTH
API-METRONIDAZOLE,2026-01-01,KR,0.066089,FlowForge synthetic (TradeStat not downloaded; see ingest/tradestat.py),,2026-09-27T00:00:00Z,SYNTH
API-METRONIDAZOLE,2026-01-01,US,0.109415,FlowForge synthetic (TradeStat not downloaded; see ingest/tradestat.py),,2026-09-27T00:00:00Z,SYNTH
API-METRONIDAZOLE,2026-01-01,JP,0.029405,FlowForge synthetic (TradeStat not downloaded; see ingest/tradestat.py),,2026-09-27T00:00:00Z,SYNTH
API-METRONIDAZOLE,2026-02-01,IT,0.675075,FlowForge synthetic (TradeStat not downloaded; see ingest/tradestat.py),,2026-09-27T00:00:00Z,SYNTH
API-METRONIDAZOLE,2026-02-01,KR,0.114478,FlowForge synthetic (TradeStat not downloaded; see ingest/tradestat.py),,2026-09-27T00:00:00Z,SYNTH
API-METRONIDAZOLE,2026-02-01,US,0.144095,FlowForge synthetic (TradeStat not downloaded; see ingest/tradestat.py),,2026-09-27T00:00:00Z,SYNTH
API-METRONIDAZOLE,2026-02-01,JP,0.066352,FlowForge synthetic (TradeStat not downloaded; see ingest/tradestat.py),,2026-09-27T00:00:00Z,SYNTH
API-METRONIDAZOLE,2026-03-01,IT,0.678158,FlowForge synthetic (TradeStat not downloaded; see ingest/tradestat.py),,2026-09-27T00:00:00Z,SYNTH
API-METRONIDAZOLE,2026-03-01,KR,0.021048,FlowForge synthetic (TradeStat not downloaded; see ingest/tradestat.py),,2026-09-27T00:00:00Z,SYNTH
API-METRONIDAZOLE,2026-03-01,US,0.231874,FlowForge synthetic (TradeStat not downloaded; see ingest/tradestat.py),,2026-09-27T00:00:00Z,SYNTH
API-METRONIDAZOLE,2026-03-01,JP,0.068919,FlowForge synthetic (TradeStat not downloaded; see ingest/tradestat.py),,2026-09-27T00:00:00Z,SYNTH
API-METRONIDAZOLE,2026-04-01,IT,0.721574,FlowForge synthetic (TradeStat not downloaded; see ingest/tradestat.py),,2026-09-27T00:00:00Z,SYNTH
API-METRONIDAZOLE,2026-04-01,KR,0.072702,FlowForge synthetic (TradeStat not downloaded; see ingest/tradestat.py),,2026-09-27T00:00:00Z,SYNTH
API-METRONIDAZOLE,2026-04-01,US,0.158321,FlowForge synthetic (TradeStat not downloaded; see ingest/tradestat.py),,2026-09-27T00:00:00Z,SYNTH
API-METRONIDAZOLE,2026-04-01,JP,0.047404,FlowForge synthetic (TradeStat not downloaded; see ingest/tradestat.py),,2026-09-27T00:00:00Z,SYNTH
API-METRONIDAZOLE,2026-05-01,IT,0.78923,FlowForge synthetic (TradeStat not downloaded; see ingest/tradestat.py),,2026-09-27T00:00:00Z,SYNTH
API-METRONIDAZOLE,2026-05-01,KR,0.150131,FlowForge synthetic (TradeStat not downloaded; see ingest/tradestat.py),,2026-09-27T00:00:00Z,SYNTH
API-METRONIDAZOLE,2026-05-01,US,0.060639,FlowForge synthetic (TradeStat not downloaded; see ingest/tradestat.py),,2026-09-27T00:00:00Z,SYNTH
API-METRONIDAZOLE,2026-05-01,JP,0.0,FlowForge synthetic (TradeStat not downloaded; see ingest/tradestat.py),,2026-09-27T00:00:00Z,SYNTH
API-METRONIDAZOLE,2026-06-01,IT,0.839748,FlowForge synthetic (TradeStat not downloaded; see ingest/tradestat.py),,2026-09-27T00:00:00Z,SYNTH
API-METRONIDAZOLE,2026-06-01,KR,0.053309,FlowForge synthetic (TradeStat not downloaded; see ingest/tradestat.py),,2026-09-27T00:00:00Z,SYNTH
API-METRONIDAZOLE,2026-06-01,US,0.069997,FlowForge synthetic (TradeStat not downloaded; see ingest/tradestat.py),,2026-09-27T00:00:00Z,SYNTH
API-METRONIDAZOLE,2026-06-01,JP,0.036947,FlowForge synthetic (TradeStat not downloaded; see ingest/tradestat.py),,2026-09-27T00:00:00Z,SYNTH
API-METRONIDAZOLE,2026-07-01,IT,0.720722,FlowForge synthetic (TradeStat not downloaded; see ingest/tradestat.py),,2026-09-27T00:00:00Z,SYNTH
API-METRONIDAZOLE,2026-07-01,KR,0.099978,FlowForge synthetic (TradeStat not downloaded; see ingest/tradestat.py),,2026-09-27T00:00:00Z,SYNTH
API-METRONIDAZOLE,2026-07-01,US,0.113348,FlowForge synthetic (TradeStat not downloaded; see ingest/tradestat.py),,2026-09-27T00:00:00Z,SYNTH
API-METRONIDAZOLE,2026-07-01,JP,0.065952,FlowForge synthetic (TradeStat not downloaded; see ingest/tradestat.py),,2026-09-27T00:00:00Z,SYNTH
API-METRONIDAZOLE,2026-08-01,IT,0.698853,FlowForge synthetic (TradeStat not downloaded; see ingest/tradestat.py),,2026-09-27T00:00:00Z,SYNTH
API-METRONIDAZOLE,2026-08-01,KR,0.099378,FlowForge synthetic (TradeStat not downloaded; see ingest/tradestat.py),,2026-09-27T00:00:00Z,SYNTH
API-METRONIDAZOLE,2026-08-01,US,0.14926,FlowForge synthetic (TradeStat not downloaded; see ingest/tradestat.py),,2026-09-27T00:00:00Z,SYNTH
API-METRONIDAZOLE,2026-08-01,JP,0.052509,FlowForge synthetic (TradeStat not downloaded; see ingest/tradestat.py),,2026-09-27T00:00:00Z,SYNTH
API-METRONIDAZOLE,2026-09-01,IT,0.794491,FlowForge synthetic (TradeStat not downloaded; see ingest/tradestat.py),,2026-09-27T00:00:00Z,SYNTH
API-METRONIDAZOLE,2026-09-01,KR,0.04789,FlowForge synthetic (TradeStat not downloaded; see ingest/tradestat.py),,2026-09-27T00:00:00Z,SYNTH
API-METRONIDAZOLE,2026-09-01,US,0.132325,FlowForge synthetic (TradeStat not downloaded; see ingest/tradestat.py),,2026-09-27T00:00:00Z,SYNTH
API-METRONIDAZOLE,2026-09-01,JP,0.025293,FlowForge synthetic (TradeStat not downloaded; see ingest/tradestat.py),,2026-09-27T00:00:00Z,SYNTH
API-OXYTOCIN,2023-10-01,CN,0.522018,FlowForge synthetic (TradeStat not downloaded; see ingest/tradestat.py),,2026-09-27T00:00:00Z,SYNTH
API-OXYTOCIN,2023-10-01,CH,0.284752,FlowForge synthetic (TradeStat not downloaded; see ingest/tradestat.py),,2026-09-27T00:00:00Z,SYNTH
API-OXYTOCIN,2023-10-01,IT,0.0,FlowForge synthetic (TradeStat not downloaded; see ingest/tradestat.py),,2026-09-27T00:00:00Z,SYNTH
API-OXYTOCIN,2023-10-01,KR,0.19323,FlowForge synthetic (TradeStat not downloaded; see ingest/tradestat.py),,2026-09-27T00:00:00Z,SYNTH
API-OXYTOCIN,2023-11-01,CN,0.531979,FlowForge synthetic (TradeStat not downloaded; see ingest/tradestat.py),,2026-09-27T00:00:00Z,SYNTH
API-OXYTOCIN,2023-11-01,CH,0.329752,FlowForge synthetic (TradeStat not downloaded; see ingest/tradestat.py),,2026-09-27T00:00:00Z,SYNTH
API-OXYTOCIN,2023-11-01,IT,0.0,FlowForge synthetic (TradeStat not downloaded; see ingest/tradestat.py),,2026-09-27T00:00:00Z,SYNTH
API-OXYTOCIN,2023-11-01,KR,0.138269,FlowForge synthetic (TradeStat not downloaded; see ingest/tradestat.py),,2026-09-27T00:00:00Z,SYNTH
API-OXYTOCIN,2023-12-01,CN,0.553022,FlowForge synthetic (TradeStat not downloaded; see ingest/tradestat.py),,2026-09-27T00:00:00Z,SYNTH
API-OXYTOCIN,2023-12-01,CH,0.297823,FlowForge synthetic (TradeStat not downloaded; see ingest/tradestat.py),,2026-09-27T00:00:00Z,SYNTH
API-OXYTOCIN,2023-12-01,IT,0.0,FlowForge synthetic (TradeStat not downloaded; see ingest/tradestat.py),,2026-09-27T00:00:00Z,SYNTH
API-OXYTOCIN,2023-12-01,KR,0.149154,FlowForge synthetic (TradeStat not downloaded; see ingest/tradestat.py),,2026-09-27T00:00:00Z,SYNTH
API-OXYTOCIN,2024-01-01,CN,0.560636,FlowForge synthetic (TradeStat not downloaded; see ingest/tradestat.py),,2026-09-27T00:00:00Z,SYNTH
API-OXYTOCIN,2024-01-01,CH,0.287341,FlowForge synthetic (TradeStat not downloaded; see ingest/tradestat.py),,2026-09-27T00:00:00Z,SYNTH
API-OXYTOCIN,2024-01-01,IT,0.0,FlowForge synthetic (TradeStat not downloaded; see ingest/tradestat.py),,2026-09-27T00:00:00Z,SYNTH
API-OXYTOCIN,2024-01-01,KR,0.152023,FlowForge synthetic (TradeStat not downloaded; see ingest/tradestat.py),,2026-09-27T00:00:00Z,SYNTH
API-OXYTOCIN,2024-02-01,CN,0.514417,FlowForge synthetic (TradeStat not downloaded; see ingest/tradestat.py),,2026-09-27T00:00:00Z,SYNTH
API-OXYTOCIN,2024-02-01,CH,0.277028,FlowForge synthetic (TradeStat not downloaded; see ingest/tradestat.py),,2026-09-27T00:00:00Z,SYNTH
API-OXYTOCIN,2024-02-01,IT,0.052746,FlowForge synthetic (TradeStat not downloaded; see ingest/tradestat.py),,2026-09-27T00:00:00Z,SYNTH
API-OXYTOCIN,2024-02-01,KR,0.155808,FlowForge synthetic (TradeStat not downloaded; see ingest/tradestat.py),,2026-09-27T00:00:00Z,SYNTH
API-OXYTOCIN,2024-03-01,CN,0.513496,FlowForge synthetic (TradeStat not downloaded; see ingest/tradestat.py),,2026-09-27T00:00:00Z,SYNTH
API-OXYTOCIN,2024-03-01,CH,0.278866,FlowForge synthetic (TradeStat not downloaded; see ingest/tradestat.py),,2026-09-27T00:00:00Z,SYNTH
API-OXYTOCIN,2024-03-01,IT,0.043949,FlowForge synthetic (TradeStat not downloaded; see ingest/tradestat.py),,2026-09-27T00:00:00Z,SYNTH
API-OXYTOCIN,2024-03-01,KR,0.163688,FlowForge synthetic (TradeStat not downloaded; see ingest/tradestat.py),,2026-09-27T00:00:00Z,SYNTH
API-OXYTOCIN,2024-04-01,CN,0.531809,FlowForge synthetic (TradeStat not downloaded; see ingest/tradestat.py),,2026-09-27T00:00:00Z,SYNTH
API-OXYTOCIN,2024-04-01,CH,0.261047,FlowForge synthetic (TradeStat not downloaded; see ingest/tradestat.py),,2026-09-27T00:00:00Z,SYNTH
API-OXYTOCIN,2024-04-01,IT,0.015357,FlowForge synthetic (TradeStat not downloaded; see ingest/tradestat.py),,2026-09-27T00:00:00Z,SYNTH
API-OXYTOCIN,2024-04-01,KR,0.191788,FlowForge synthetic (TradeStat not downloaded; see ingest/tradestat.py),,2026-09-27T00:00:00Z,SYNTH
API-OXYTOCIN,2024-05-01,CN,0.463728,FlowForge synthetic (TradeStat not downloaded; see ingest/tradestat.py),,2026-09-27T00:00:00Z,SYNTH
API-OXYTOCIN,2024-05-01,CH,0.35845,FlowForge synthetic (TradeStat not downloaded; see ingest/tradestat.py),,2026-09-27T00:00:00Z,SYNTH
API-OXYTOCIN,2024-05-01,IT,0.0,FlowForge synthetic (TradeStat not downloaded; see ingest/tradestat.py),,2026-09-27T00:00:00Z,SYNTH
API-OXYTOCIN,2024-05-01,KR,0.177822,FlowForge synthetic (TradeStat not downloaded; see ingest/tradestat.py),,2026-09-27T00:00:00Z,SYNTH
API-OXYTOCIN,2024-06-01,CN,0.498609,FlowForge synthetic (TradeStat not downloaded; see ingest/tradestat.py),,2026-09-27T00:00:00Z,SYNTH
API-OXYTOCIN,2024-06-01,CH,0.279522,FlowForge synthetic (TradeStat not downloaded; see ingest/tradestat.py),,2026-09-27T00:00:00Z,SYNTH
API-OXYTOCIN,2024-06-01,IT,0.032479,FlowForge synthetic (TradeStat not downloaded; see ingest/tradestat.py),,2026-09-27T00:00:00Z,SYNTH
API-OXYTOCIN,2024-06-01,KR,0.189391,FlowForge synthetic (TradeStat not downloaded; see ingest/tradestat.py),,2026-09-27T00:00:00Z,SYNTH
API-OXYTOCIN,2024-07-01,CN,0.498666,FlowForge synthetic (TradeStat not downloaded; see ingest/tradestat.py),,2026-09-27T00:00:00Z,SYNTH
API-OXYTOCIN,2024-07-01,CH,0.345095,FlowForge synthetic (TradeStat not downloaded; see ingest/tradestat.py),,2026-09-27T00:00:00Z,SYNTH
API-OXYTOCIN,2024-07-01,IT,0.023161,FlowForge synthetic (TradeStat not downloaded; see ingest/tradestat.py),,2026-09-27T00:00:00Z,SYNTH
API-OXYTOCIN,2024-07-01,KR,0.133079,FlowForge synthetic (TradeStat not downloaded; see ingest/tradestat.py),,2026-09-27T00:00:00Z,SYNTH
API-OXYTOCIN,2024-08-01,CN,0.493084,FlowForge synthetic (TradeStat not downloaded; see ingest/tradestat.py),,2026-09-27T00:00:00Z,SYNTH
API-OXYTOCIN,2024-08-01,CH,0.326241,FlowForge synthetic (TradeStat not downloaded; see ingest/tradestat.py),,2026-09-27T00:00:00Z,SYNTH
API-OXYTOCIN,2024-08-01,IT,0.041622,FlowForge synthetic (TradeStat not downloaded; see ingest/tradestat.py),,2026-09-27T00:00:00Z,SYNTH
API-OXYTOCIN,2024-08-01,KR,0.139053,FlowForge synthetic (TradeStat not downloaded; see ingest/tradestat.py),,2026-09-27T00:00:00Z,SYNTH
API-OXYTOCIN,2024-09-01,CN,0.510774,FlowForge synthetic (TradeStat not downloaded; see ingest/tradestat.py),,2026-09-27T00:00:00Z,SYNTH
API-OXYTOCIN,2024-09-01,CH,0.279601,FlowForge synthetic (TradeStat not downloaded; see ingest/tradestat.py),,2026-09-27T00:00:00Z,SYNTH
API-OXYTOCIN,2024-09-01,IT,0.0,FlowForge synthetic (TradeStat not downloaded; see ingest/tradestat.py),,2026-09-27T00:00:00Z,SYNTH
API-OXYTOCIN,2024-09-01,KR,0.209625,FlowForge synthetic (TradeStat not downloaded; see ingest/tradestat.py),,2026-09-27T00:00:00Z,SYNTH
API-OXYTOCIN,2024-10-01,CN,0.509055,FlowForge synthetic (TradeStat not downloaded; see ingest/tradestat.py),,2026-09-27T00:00:00Z,SYNTH
API-OXYTOCIN,2024-10-01,CH,0.290958,FlowForge synthetic (TradeStat not downloaded; see ingest/tradestat.py),,2026-09-27T00:00:00Z,SYNTH
API-OXYTOCIN,2024-10-01,IT,0.0,FlowForge synthetic (TradeStat not downloaded; see ingest/tradestat.py),,2026-09-27T00:00:00Z,SYNTH
API-OXYTOCIN,2024-10-01,KR,0.199987,FlowForge synthetic (TradeStat not downloaded; see ingest/tradestat.py),,2026-09-27T00:00:00Z,SYNTH
API-OXYTOCIN,2024-11-01,CN,0.533509,FlowForge synthetic (TradeStat not downloaded; see ingest/tradestat.py),,2026-09-27T00:00:00Z,SYNTH
API-OXYTOCIN,2024-11-01,CH,0.301846,FlowForge synthetic (TradeStat not downloaded; see ingest/tradestat.py),,2026-09-27T00:00:00Z,SYNTH
API-OXYTOCIN,2024-11-01,IT,0.009844,FlowForge synthetic (TradeStat not downloaded; see ingest/tradestat.py),,2026-09-27T00:00:00Z,SYNTH
API-OXYTOCIN,2024-11-01,KR,0.154802,FlowForge synthetic (TradeStat not downloaded; see ingest/tradestat.py),,2026-09-27T00:00:00Z,SYNTH
API-OXYTOCIN,2024-12-01,CN,0.535613,FlowForge synthetic (TradeStat not downloaded; see ingest/tradestat.py),,2026-09-27T00:00:00Z,SYNTH
API-OXYTOCIN,2024-12-01,CH,0.317161,FlowForge synthetic (TradeStat not downloaded; see ingest/tradestat.py),,2026-09-27T00:00:00Z,SYNTH
API-OXYTOCIN,2024-12-01,IT,0.0116,FlowForge synthetic (TradeStat not downloaded; see ingest/tradestat.py),,2026-09-27T00:00:00Z,SYNTH
API-OXYTOCIN,2024-12-01,KR,0.135627,FlowForge synthetic (TradeStat not downloaded; see ingest/tradestat.py),,2026-09-27T00:00:00Z,SYNTH
API-OXYTOCIN,2025-01-01,CN,0.506257,FlowForge synthetic (TradeStat not downloaded; see ingest/tradestat.py),,2026-09-27T00:00:00Z,SYNTH
API-OXYTOCIN,2025-01-01,CH,0.282718,FlowForge synthetic (TradeStat not downloaded; see ingest/tradestat.py),,2026-09-27T00:00:00Z,SYNTH
API-OXYTOCIN,2025-01-01,IT,0.0,FlowForge synthetic (TradeStat not downloaded; see ingest/tradestat.py),,2026-09-27T00:00:00Z,SYNTH
API-OXYTOCIN,2025-01-01,KR,0.211025,FlowForge synthetic (TradeStat not downloaded; see ingest/tradestat.py),,2026-09-27T00:00:00Z,SYNTH
API-OXYTOCIN,2025-02-01,CN,0.535075,FlowForge synthetic (TradeStat not downloaded; see ingest/tradestat.py),,2026-09-27T00:00:00Z,SYNTH
API-OXYTOCIN,2025-02-01,CH,0.284726,FlowForge synthetic (TradeStat not downloaded; see ingest/tradestat.py),,2026-09-27T00:00:00Z,SYNTH
API-OXYTOCIN,2025-02-01,IT,0.006535,FlowForge synthetic (TradeStat not downloaded; see ingest/tradestat.py),,2026-09-27T00:00:00Z,SYNTH
API-OXYTOCIN,2025-02-01,KR,0.173664,FlowForge synthetic (TradeStat not downloaded; see ingest/tradestat.py),,2026-09-27T00:00:00Z,SYNTH
API-OXYTOCIN,2025-03-01,CN,0.508177,FlowForge synthetic (TradeStat not downloaded; see ingest/tradestat.py),,2026-09-27T00:00:00Z,SYNTH
API-OXYTOCIN,2025-03-01,CH,0.291678,FlowForge synthetic (TradeStat not downloaded; see ingest/tradestat.py),,2026-09-27T00:00:00Z,SYNTH
API-OXYTOCIN,2025-03-01,IT,0.0,FlowForge synthetic (TradeStat not downloaded; see ingest/tradestat.py),,2026-09-27T00:00:00Z,SYNTH
API-OXYTOCIN,2025-03-01,KR,0.200146,FlowForge synthetic (TradeStat not downloaded; see ingest/tradestat.py),,2026-09-27T00:00:00Z,SYNTH
API-OXYTOCIN,2025-04-01,CN,0.514022,FlowForge synthetic (TradeStat not downloaded; see ingest/tradestat.py),,2026-09-27T00:00:00Z,SYNTH
API-OXYTOCIN,2025-04-01,CH,0.301759,FlowForge synthetic (TradeStat not downloaded; see ingest/tradestat.py),,2026-09-27T00:00:00Z,SYNTH
API-OXYTOCIN,2025-04-01,IT,0.0,FlowForge synthetic (TradeStat not downloaded; see ingest/tradestat.py),,2026-09-27T00:00:00Z,SYNTH
API-OXYTOCIN,2025-04-01,KR,0.184219,FlowForge synthetic (TradeStat not downloaded; see ingest/tradestat.py),,2026-09-27T00:00:00Z,SYNTH
API-OXYTOCIN,2025-05-01,CN,0.509119,FlowForge synthetic (TradeStat not downloaded; see ingest/tradestat.py),,2026-09-27T00:00:00Z,SYNTH
API-OXYTOCIN,2025-05-01,CH,0.258952,FlowForge synthetic (TradeStat not downloaded; see ingest/tradestat.py),,2026-09-27T00:00:00Z,SYNTH
API-OXYTOCIN,2025-05-01,IT,0.022327,FlowForge synthetic (TradeStat not downloaded; see ingest/tradestat.py),,2026-09-27T00:00:00Z,SYNTH
API-OXYTOCIN,2025-05-01,KR,0.209602,FlowForge synthetic (TradeStat not downloaded; see ingest/tradestat.py),,2026-09-27T00:00:00Z,SYNTH
API-OXYTOCIN,2025-06-01,CN,0.537343,FlowForge synthetic (TradeStat not downloaded; see ingest/tradestat.py),,2026-09-27T00:00:00Z,SYNTH
API-OXYTOCIN,2025-06-01,CH,0.258972,FlowForge synthetic (TradeStat not downloaded; see ingest/tradestat.py),,2026-09-27T00:00:00Z,SYNTH
API-OXYTOCIN,2025-06-01,IT,0.0,FlowForge synthetic (TradeStat not downloaded; see ingest/tradestat.py),,2026-09-27T00:00:00Z,SYNTH
API-OXYTOCIN,2025-06-01,KR,0.203686,FlowForge synthetic (TradeStat not downloaded; see ingest/tradestat.py),,2026-09-27T00:00:00Z,SYNTH
API-OXYTOCIN,2025-07-01,CN,0.452484,FlowForge synthetic (TradeStat not downloaded; see ingest/tradestat.py),,2026-09-27T00:00:00Z,SYNTH
API-OXYTOCIN,2025-07-01,CH,0.271258,FlowForge synthetic (TradeStat not downloaded; see ingest/tradestat.py),,2026-09-27T00:00:00Z,SYNTH
API-OXYTOCIN,2025-07-01,IT,0.039077,FlowForge synthetic (TradeStat not downloaded; see ingest/tradestat.py),,2026-09-27T00:00:00Z,SYNTH
API-OXYTOCIN,2025-07-01,KR,0.23718,FlowForge synthetic (TradeStat not downloaded; see ingest/tradestat.py),,2026-09-27T00:00:00Z,SYNTH
API-OXYTOCIN,2025-08-01,CN,0.50707,FlowForge synthetic (TradeStat not downloaded; see ingest/tradestat.py),,2026-09-27T00:00:00Z,SYNTH
API-OXYTOCIN,2025-08-01,CH,0.289334,FlowForge synthetic (TradeStat not downloaded; see ingest/tradestat.py),,2026-09-27T00:00:00Z,SYNTH
API-OXYTOCIN,2025-08-01,IT,0.02229,FlowForge synthetic (TradeStat not downloaded; see ingest/tradestat.py),,2026-09-27T00:00:00Z,SYNTH
API-OXYTOCIN,2025-08-01,KR,0.181305,FlowForge synthetic (TradeStat not downloaded; see ingest/tradestat.py),,2026-09-27T00:00:00Z,SYNTH
API-OXYTOCIN,2025-09-01,CN,0.500793,FlowForge synthetic (TradeStat not downloaded; see ingest/tradestat.py),,2026-09-27T00:00:00Z,SYNTH
API-OXYTOCIN,2025-09-01,CH,0.34925,FlowForge synthetic (TradeStat not downloaded; see ingest/tradestat.py),,2026-09-27T00:00:00Z,SYNTH
API-OXYTOCIN,2025-09-01,IT,0.02051,FlowForge synthetic (TradeStat not downloaded; see ingest/tradestat.py),,2026-09-27T00:00:00Z,SYNTH
API-OXYTOCIN,2025-09-01,KR,0.129447,FlowForge synthetic (TradeStat not downloaded; see ingest/tradestat.py),,2026-09-27T00:00:00Z,SYNTH
API-OXYTOCIN,2025-10-01,CN,0.468031,FlowForge synthetic (TradeStat not downloaded; see ingest/tradestat.py),,2026-09-27T00:00:00Z,SYNTH
API-OXYTOCIN,2025-10-01,CH,0.283123,FlowForge synthetic (TradeStat not downloaded; see ingest/tradestat.py),,2026-09-27T00:00:00Z,SYNTH
API-OXYTOCIN,2025-10-01,IT,0.052904,FlowForge synthetic (TradeStat not downloaded; see ingest/tradestat.py),,2026-09-27T00:00:00Z,SYNTH
API-OXYTOCIN,2025-10-01,KR,0.195941,FlowForge synthetic (TradeStat not downloaded; see ingest/tradestat.py),,2026-09-27T00:00:00Z,SYNTH
API-OXYTOCIN,2025-11-01,CN,0.556053,FlowForge synthetic (TradeStat not downloaded; see ingest/tradestat.py),,2026-09-27T00:00:00Z,SYNTH
API-OXYTOCIN,2025-11-01,CH,0.274244,FlowForge synthetic (TradeStat not downloaded; see ingest/tradestat.py),,2026-09-27T00:00:00Z,SYNTH
API-OXYTOCIN,2025-11-01,IT,0.0,FlowForge synthetic (TradeStat not downloaded; see ingest/tradestat.py),,2026-09-27T00:00:00Z,SYNTH
API-OXYTOCIN,2025-11-01,KR,0.169704,FlowForge synthetic (TradeStat not downloaded; see ingest/tradestat.py),,2026-09-27T00:00:00Z,SYNTH
API-OXYTOCIN,2025-12-01,CN,0.502147,FlowForge synthetic (TradeStat not downloaded; see ingest/tradestat.py),,2026-09-27T00:00:00Z,SYNTH
API-OXYTOCIN,2025-12-01,CH,0.27229,FlowForge synthetic (TradeStat not downloaded; see ingest/tradestat.py),,2026-09-27T00:00:00Z,SYNTH
API-OXYTOCIN,2025-12-01,IT,0.045989,FlowForge synthetic (TradeStat not downloaded; see ingest/tradestat.py),,2026-09-27T00:00:00Z,SYNTH
API-OXYTOCIN,2025-12-01,KR,0.179575,FlowForge synthetic (TradeStat not downloaded; see ingest/tradestat.py),,2026-09-27T00:00:00Z,SYNTH
API-OXYTOCIN,2026-01-01,CN,0.476887,FlowForge synthetic (TradeStat not downloaded; see ingest/tradestat.py),,2026-09-27T00:00:00Z,SYNTH
API-OXYTOCIN,2026-01-01,CH,0.320038,FlowForge synthetic (TradeStat not downloaded; see ingest/tradestat.py),,2026-09-27T00:00:00Z,SYNTH
API-OXYTOCIN,2026-01-01,IT,0.024043,FlowForge synthetic (TradeStat not downloaded; see ingest/tradestat.py),,2026-09-27T00:00:00Z,SYNTH
API-OXYTOCIN,2026-01-01,KR,0.179032,FlowForge synthetic (TradeStat not downloaded; see ingest/tradestat.py),,2026-09-27T00:00:00Z,SYNTH
API-OXYTOCIN,2026-02-01,CN,0.493454,FlowForge synthetic (TradeStat not downloaded; see ingest/tradestat.py),,2026-09-27T00:00:00Z,SYNTH
API-OXYTOCIN,2026-02-01,CH,0.314702,FlowForge synthetic (TradeStat not downloaded; see ingest/tradestat.py),,2026-09-27T00:00:00Z,SYNTH
API-OXYTOCIN,2026-02-01,IT,0.0,FlowForge synthetic (TradeStat not downloaded; see ingest/tradestat.py),,2026-09-27T00:00:00Z,SYNTH
API-OXYTOCIN,2026-02-01,KR,0.191844,FlowForge synthetic (TradeStat not downloaded; see ingest/tradestat.py),,2026-09-27T00:00:00Z,SYNTH
API-OXYTOCIN,2026-03-01,CN,0.492926,FlowForge synthetic (TradeStat not downloaded; see ingest/tradestat.py),,2026-09-27T00:00:00Z,SYNTH
API-OXYTOCIN,2026-03-01,CH,0.366701,FlowForge synthetic (TradeStat not downloaded; see ingest/tradestat.py),,2026-09-27T00:00:00Z,SYNTH
API-OXYTOCIN,2026-03-01,IT,0.018353,FlowForge synthetic (TradeStat not downloaded; see ingest/tradestat.py),,2026-09-27T00:00:00Z,SYNTH
API-OXYTOCIN,2026-03-01,KR,0.12202,FlowForge synthetic (TradeStat not downloaded; see ingest/tradestat.py),,2026-09-27T00:00:00Z,SYNTH
API-OXYTOCIN,2026-04-01,CN,0.488772,FlowForge synthetic (TradeStat not downloaded; see ingest/tradestat.py),,2026-09-27T00:00:00Z,SYNTH
API-OXYTOCIN,2026-04-01,CH,0.292044,FlowForge synthetic (TradeStat not downloaded; see ingest/tradestat.py),,2026-09-27T00:00:00Z,SYNTH
API-OXYTOCIN,2026-04-01,IT,0.033693,FlowForge synthetic (TradeStat not downloaded; see ingest/tradestat.py),,2026-09-27T00:00:00Z,SYNTH
API-OXYTOCIN,2026-04-01,KR,0.185491,FlowForge synthetic (TradeStat not downloaded; see ingest/tradestat.py),,2026-09-27T00:00:00Z,SYNTH
API-OXYTOCIN,2026-05-01,CN,0.505735,FlowForge synthetic (TradeStat not downloaded; see ingest/tradestat.py),,2026-09-27T00:00:00Z,SYNTH
API-OXYTOCIN,2026-05-01,CH,0.265376,FlowForge synthetic (TradeStat not downloaded; see ingest/tradestat.py),,2026-09-27T00:00:00Z,SYNTH
API-OXYTOCIN,2026-05-01,IT,0.0,FlowForge synthetic (TradeStat not downloaded; see ingest/tradestat.py),,2026-09-27T00:00:00Z,SYNTH
API-OXYTOCIN,2026-05-01,KR,0.228888,FlowForge synthetic (TradeStat not downloaded; see ingest/tradestat.py),,2026-09-27T00:00:00Z,SYNTH
API-OXYTOCIN,2026-06-01,CN,0.48359,FlowForge synthetic (TradeStat not downloaded; see ingest/tradestat.py),,2026-09-27T00:00:00Z,SYNTH
API-OXYTOCIN,2026-06-01,CH,0.290277,FlowForge synthetic (TradeStat not downloaded; see ingest/tradestat.py),,2026-09-27T00:00:00Z,SYNTH
API-OXYTOCIN,2026-06-01,IT,0.049266,FlowForge synthetic (TradeStat not downloaded; see ingest/tradestat.py),,2026-09-27T00:00:00Z,SYNTH
API-OXYTOCIN,2026-06-01,KR,0.176868,FlowForge synthetic (TradeStat not downloaded; see ingest/tradestat.py),,2026-09-27T00:00:00Z,SYNTH
API-OXYTOCIN,2026-07-01,CN,0.48776,FlowForge synthetic (TradeStat not downloaded; see ingest/tradestat.py),,2026-09-27T00:00:00Z,SYNTH
API-OXYTOCIN,2026-07-01,CH,0.300221,FlowForge synthetic (TradeStat not downloaded; see ingest/tradestat.py),,2026-09-27T00:00:00Z,SYNTH
API-OXYTOCIN,2026-07-01,IT,0.0,FlowForge synthetic (TradeStat not downloaded; see ingest/tradestat.py),,2026-09-27T00:00:00Z,SYNTH
API-OXYTOCIN,2026-07-01,KR,0.212019,FlowForge synthetic (TradeStat not downloaded; see ingest/tradestat.py),,2026-09-27T00:00:00Z,SYNTH
API-OXYTOCIN,2026-08-01,CN,0.534017,FlowForge synthetic (TradeStat not downloaded; see ingest/tradestat.py),,2026-09-27T00:00:00Z,SYNTH
API-OXYTOCIN,2026-08-01,CH,0.289763,FlowForge synthetic (TradeStat not downloaded; see ingest/tradestat.py),,2026-09-27T00:00:00Z,SYNTH
API-OXYTOCIN,2026-08-01,IT,0.0,FlowForge synthetic (TradeStat not downloaded; see ingest/tradestat.py),,2026-09-27T00:00:00Z,SYNTH
API-OXYTOCIN,2026-08-01,KR,0.176219,FlowForge synthetic (TradeStat not downloaded; see ingest/tradestat.py),,2026-09-27T00:00:00Z,SYNTH
API-OXYTOCIN,2026-09-01,CN,0.504082,FlowForge synthetic (TradeStat not downloaded; see ingest/tradestat.py),,2026-09-27T00:00:00Z,SYNTH
API-OXYTOCIN,2026-09-01,CH,0.296358,FlowForge synthetic (TradeStat not downloaded; see ingest/tradestat.py),,2026-09-27T00:00:00Z,SYNTH
API-OXYTOCIN,2026-09-01,IT,0.001591,FlowForge synthetic (TradeStat not downloaded; see ingest/tradestat.py),,2026-09-27T00:00:00Z,SYNTH
API-OXYTOCIN,2026-09-01,KR,0.19797,FlowForge synthetic (TradeStat not downloaded; see ingest/tradestat.py),,2026-09-27T00:00:00Z,SYNTH
API-PILOCARPINE,2023-10-01,CN,0.813044,FlowForge synthetic (TradeStat not downloaded; see ingest/tradestat.py),,2026-09-27T00:00:00Z,SYNTH
API-PILOCARPINE,2023-10-01,US,0.186956,FlowForge synthetic (TradeStat not downloaded; see ingest/tradestat.py),,2026-09-27T00:00:00Z,SYNTH
API-PILOCARPINE,2023-11-01,CN,0.781944,FlowForge synthetic (TradeStat not downloaded; see ingest/tradestat.py),,2026-09-27T00:00:00Z,SYNTH
API-PILOCARPINE,2023-11-01,US,0.218056,FlowForge synthetic (TradeStat not downloaded; see ingest/tradestat.py),,2026-09-27T00:00:00Z,SYNTH
API-PILOCARPINE,2023-12-01,CN,0.73801,FlowForge synthetic (TradeStat not downloaded; see ingest/tradestat.py),,2026-09-27T00:00:00Z,SYNTH
API-PILOCARPINE,2023-12-01,US,0.26199,FlowForge synthetic (TradeStat not downloaded; see ingest/tradestat.py),,2026-09-27T00:00:00Z,SYNTH
API-PILOCARPINE,2024-01-01,CN,0.797179,FlowForge synthetic (TradeStat not downloaded; see ingest/tradestat.py),,2026-09-27T00:00:00Z,SYNTH
API-PILOCARPINE,2024-01-01,US,0.202821,FlowForge synthetic (TradeStat not downloaded; see ingest/tradestat.py),,2026-09-27T00:00:00Z,SYNTH
API-PILOCARPINE,2024-02-01,CN,0.845941,FlowForge synthetic (TradeStat not downloaded; see ingest/tradestat.py),,2026-09-27T00:00:00Z,SYNTH
API-PILOCARPINE,2024-02-01,US,0.154059,FlowForge synthetic (TradeStat not downloaded; see ingest/tradestat.py),,2026-09-27T00:00:00Z,SYNTH
API-PILOCARPINE,2024-03-01,CN,0.772142,FlowForge synthetic (TradeStat not downloaded; see ingest/tradestat.py),,2026-09-27T00:00:00Z,SYNTH
API-PILOCARPINE,2024-03-01,US,0.227858,FlowForge synthetic (TradeStat not downloaded; see ingest/tradestat.py),,2026-09-27T00:00:00Z,SYNTH
API-PILOCARPINE,2024-04-01,CN,0.812082,FlowForge synthetic (TradeStat not downloaded; see ingest/tradestat.py),,2026-09-27T00:00:00Z,SYNTH
API-PILOCARPINE,2024-04-01,US,0.187918,FlowForge synthetic (TradeStat not downloaded; see ingest/tradestat.py),,2026-09-27T00:00:00Z,SYNTH
API-PILOCARPINE,2024-05-01,CN,0.808402,FlowForge synthetic (TradeStat not downloaded; see ingest/tradestat.py),,2026-09-27T00:00:00Z,SYNTH
API-PILOCARPINE,2024-05-01,US,0.191598,FlowForge synthetic (TradeStat not downloaded; see ingest/tradestat.py),,2026-09-27T00:00:00Z,SYNTH
API-PILOCARPINE,2024-06-01,CN,0.802159,FlowForge synthetic (TradeStat not downloaded; see ingest/tradestat.py),,2026-09-27T00:00:00Z,SYNTH
API-PILOCARPINE,2024-06-01,US,0.197841,FlowForge synthetic (TradeStat not downloaded; see ingest/tradestat.py),,2026-09-27T00:00:00Z,SYNTH
API-PILOCARPINE,2024-07-01,CN,0.775272,FlowForge synthetic (TradeStat not downloaded; see ingest/tradestat.py),,2026-09-27T00:00:00Z,SYNTH
API-PILOCARPINE,2024-07-01,US,0.224728,FlowForge synthetic (TradeStat not downloaded; see ingest/tradestat.py),,2026-09-27T00:00:00Z,SYNTH
API-PILOCARPINE,2024-08-01,CN,0.757082,FlowForge synthetic (TradeStat not downloaded; see ingest/tradestat.py),,2026-09-27T00:00:00Z,SYNTH
API-PILOCARPINE,2024-08-01,US,0.242918,FlowForge synthetic (TradeStat not downloaded; see ingest/tradestat.py),,2026-09-27T00:00:00Z,SYNTH
API-PILOCARPINE,2024-09-01,CN,0.816238,FlowForge synthetic (TradeStat not downloaded; see ingest/tradestat.py),,2026-09-27T00:00:00Z,SYNTH
API-PILOCARPINE,2024-09-01,US,0.183762,FlowForge synthetic (TradeStat not downloaded; see ingest/tradestat.py),,2026-09-27T00:00:00Z,SYNTH
API-PILOCARPINE,2024-10-01,CN,0.772116,FlowForge synthetic (TradeStat not downloaded; see ingest/tradestat.py),,2026-09-27T00:00:00Z,SYNTH
API-PILOCARPINE,2024-10-01,US,0.227884,FlowForge synthetic (TradeStat not downloaded; see ingest/tradestat.py),,2026-09-27T00:00:00Z,SYNTH
API-PILOCARPINE,2024-11-01,CN,0.793748,FlowForge synthetic (TradeStat not downloaded; see ingest/tradestat.py),,2026-09-27T00:00:00Z,SYNTH
API-PILOCARPINE,2024-11-01,US,0.206252,FlowForge synthetic (TradeStat not downloaded; see ingest/tradestat.py),,2026-09-27T00:00:00Z,SYNTH
API-PILOCARPINE,2024-12-01,CN,0.821216,FlowForge synthetic (TradeStat not downloaded; see ingest/tradestat.py),,2026-09-27T00:00:00Z,SYNTH
API-PILOCARPINE,2024-12-01,US,0.178784,FlowForge synthetic (TradeStat not downloaded; see ingest/tradestat.py),,2026-09-27T00:00:00Z,SYNTH
API-PILOCARPINE,2025-01-01,CN,0.766539,FlowForge synthetic (TradeStat not downloaded; see ingest/tradestat.py),,2026-09-27T00:00:00Z,SYNTH
API-PILOCARPINE,2025-01-01,US,0.233461,FlowForge synthetic (TradeStat not downloaded; see ingest/tradestat.py),,2026-09-27T00:00:00Z,SYNTH
API-PILOCARPINE,2025-02-01,CN,0.711109,FlowForge synthetic (TradeStat not downloaded; see ingest/tradestat.py),,2026-09-27T00:00:00Z,SYNTH
API-PILOCARPINE,2025-02-01,US,0.288891,FlowForge synthetic (TradeStat not downloaded; see ingest/tradestat.py),,2026-09-27T00:00:00Z,SYNTH
API-PILOCARPINE,2025-03-01,CN,0.801016,FlowForge synthetic (TradeStat not downloaded; see ingest/tradestat.py),,2026-09-27T00:00:00Z,SYNTH
API-PILOCARPINE,2025-03-01,US,0.198984,FlowForge synthetic (TradeStat not downloaded; see ingest/tradestat.py),,2026-09-27T00:00:00Z,SYNTH
API-PILOCARPINE,2025-04-01,CN,0.768603,FlowForge synthetic (TradeStat not downloaded; see ingest/tradestat.py),,2026-09-27T00:00:00Z,SYNTH
API-PILOCARPINE,2025-04-01,US,0.231397,FlowForge synthetic (TradeStat not downloaded; see ingest/tradestat.py),,2026-09-27T00:00:00Z,SYNTH
API-PILOCARPINE,2025-05-01,CN,0.771759,FlowForge synthetic (TradeStat not downloaded; see ingest/tradestat.py),,2026-09-27T00:00:00Z,SYNTH
API-PILOCARPINE,2025-05-01,US,0.228241,FlowForge synthetic (TradeStat not downloaded; see ingest/tradestat.py),,2026-09-27T00:00:00Z,SYNTH
API-PILOCARPINE,2025-06-01,CN,0.782877,FlowForge synthetic (TradeStat not downloaded; see ingest/tradestat.py),,2026-09-27T00:00:00Z,SYNTH
API-PILOCARPINE,2025-06-01,US,0.217123,FlowForge synthetic (TradeStat not downloaded; see ingest/tradestat.py),,2026-09-27T00:00:00Z,SYNTH
API-PILOCARPINE,2025-07-01,CN,0.759652,FlowForge synthetic (TradeStat not downloaded; see ingest/tradestat.py),,2026-09-27T00:00:00Z,SYNTH
API-PILOCARPINE,2025-07-01,US,0.240348,FlowForge synthetic (TradeStat not downloaded; see ingest/tradestat.py),,2026-09-27T00:00:00Z,SYNTH
API-PILOCARPINE,2025-08-01,CN,0.780712,FlowForge synthetic (TradeStat not downloaded; see ingest/tradestat.py),,2026-09-27T00:00:00Z,SYNTH
API-PILOCARPINE,2025-08-01,US,0.219288,FlowForge synthetic (TradeStat not downloaded; see ingest/tradestat.py),,2026-09-27T00:00:00Z,SYNTH
API-PILOCARPINE,2025-09-01,CN,0.774481,FlowForge synthetic (TradeStat not downloaded; see ingest/tradestat.py),,2026-09-27T00:00:00Z,SYNTH
API-PILOCARPINE,2025-09-01,US,0.225519,FlowForge synthetic (TradeStat not downloaded; see ingest/tradestat.py),,2026-09-27T00:00:00Z,SYNTH
API-PILOCARPINE,2025-10-01,CN,0.771257,FlowForge synthetic (TradeStat not downloaded; see ingest/tradestat.py),,2026-09-27T00:00:00Z,SYNTH
API-PILOCARPINE,2025-10-01,US,0.228743,FlowForge synthetic (TradeStat not downloaded; see ingest/tradestat.py),,2026-09-27T00:00:00Z,SYNTH
API-PILOCARPINE,2025-11-01,CN,0.776203,FlowForge synthetic (TradeStat not downloaded; see ingest/tradestat.py),,2026-09-27T00:00:00Z,SYNTH
API-PILOCARPINE,2025-11-01,US,0.223797,FlowForge synthetic (TradeStat not downloaded; see ingest/tradestat.py),,2026-09-27T00:00:00Z,SYNTH
API-PILOCARPINE,2025-12-01,CN,0.801193,FlowForge synthetic (TradeStat not downloaded; see ingest/tradestat.py),,2026-09-27T00:00:00Z,SYNTH
API-PILOCARPINE,2025-12-01,US,0.198807,FlowForge synthetic (TradeStat not downloaded; see ingest/tradestat.py),,2026-09-27T00:00:00Z,SYNTH
API-PILOCARPINE,2026-01-01,CN,0.77599,FlowForge synthetic (TradeStat not downloaded; see ingest/tradestat.py),,2026-09-27T00:00:00Z,SYNTH
API-PILOCARPINE,2026-01-01,US,0.22401,FlowForge synthetic (TradeStat not downloaded; see ingest/tradestat.py),,2026-09-27T00:00:00Z,SYNTH
API-PILOCARPINE,2026-02-01,CN,0.76314,FlowForge synthetic (TradeStat not downloaded; see ingest/tradestat.py),,2026-09-27T00:00:00Z,SYNTH
API-PILOCARPINE,2026-02-01,US,0.23686,FlowForge synthetic (TradeStat not downloaded; see ingest/tradestat.py),,2026-09-27T00:00:00Z,SYNTH
API-PILOCARPINE,2026-03-01,CN,0.773345,FlowForge synthetic (TradeStat not downloaded; see ingest/tradestat.py),,2026-09-27T00:00:00Z,SYNTH
API-PILOCARPINE,2026-03-01,US,0.226655,FlowForge synthetic (TradeStat not downloaded; see ingest/tradestat.py),,2026-09-27T00:00:00Z,SYNTH
API-PILOCARPINE,2026-04-01,CN,0.790319,FlowForge synthetic (TradeStat not downloaded; see ingest/tradestat.py),,2026-09-27T00:00:00Z,SYNTH
API-PILOCARPINE,2026-04-01,US,0.209681,FlowForge synthetic (TradeStat not downloaded; see ingest/tradestat.py),,2026-09-27T00:00:00Z,SYNTH
API-PILOCARPINE,2026-05-01,CN,0.753146,FlowForge synthetic (TradeStat not downloaded; see ingest/tradestat.py),,2026-09-27T00:00:00Z,SYNTH
API-PILOCARPINE,2026-05-01,US,0.246854,FlowForge synthetic (TradeStat not downloaded; see ingest/tradestat.py),,2026-09-27T00:00:00Z,SYNTH
API-PILOCARPINE,2026-06-01,CN,0.806663,FlowForge synthetic (TradeStat not downloaded; see ingest/tradestat.py),,2026-09-27T00:00:00Z,SYNTH
API-PILOCARPINE,2026-06-01,US,0.193337,FlowForge synthetic (TradeStat not downloaded; see ingest/tradestat.py),,2026-09-27T00:00:00Z,SYNTH
API-PILOCARPINE,2026-07-01,CN,0.802066,FlowForge synthetic (TradeStat not downloaded; see ingest/tradestat.py),,2026-09-27T00:00:00Z,SYNTH
API-PILOCARPINE,2026-07-01,US,0.197934,FlowForge synthetic (TradeStat not downloaded; see ingest/tradestat.py),,2026-09-27T00:00:00Z,SYNTH
API-PILOCARPINE,2026-08-01,CN,0.79574,FlowForge synthetic (TradeStat not downloaded; see ingest/tradestat.py),,2026-09-27T00:00:00Z,SYNTH
API-PILOCARPINE,2026-08-01,US,0.20426,FlowForge synthetic (TradeStat not downloaded; see ingest/tradestat.py),,2026-09-27T00:00:00Z,SYNTH
API-PILOCARPINE,2026-09-01,CN,0.780036,FlowForge synthetic (TradeStat not downloaded; see ingest/tradestat.py),,2026-09-27T00:00:00Z,SYNTH
API-PILOCARPINE,2026-09-01,US,0.219964,FlowForge synthetic (TradeStat not downloaded; see ingest/tradestat.py),,2026-09-27T00:00:00Z,SYNTH
API-PRIMAQUINE,2023-10-01,CN,0.611788,FlowForge synthetic (TradeStat not downloaded; see ingest/tradestat.py),,2026-09-27T00:00:00Z,SYNTH
API-PRIMAQUINE,2023-10-01,ES,0.010473,FlowForge synthetic (TradeStat not downloaded; see ingest/tradestat.py),,2026-09-27T00:00:00Z,SYNTH
API-PRIMAQUINE,2023-10-01,IT,0.207593,FlowForge synthetic (TradeStat not downloaded; see ingest/tradestat.py),,2026-09-27T00:00:00Z,SYNTH
API-PRIMAQUINE,2023-10-01,DE,0.170147,FlowForge synthetic (TradeStat not downloaded; see ingest/tradestat.py),,2026-09-27T00:00:00Z,SYNTH
API-PRIMAQUINE,2023-11-01,CN,0.578328,FlowForge synthetic (TradeStat not downloaded; see ingest/tradestat.py),,2026-09-27T00:00:00Z,SYNTH
API-PRIMAQUINE,2023-11-01,ES,0.051816,FlowForge synthetic (TradeStat not downloaded; see ingest/tradestat.py),,2026-09-27T00:00:00Z,SYNTH
API-PRIMAQUINE,2023-11-01,IT,0.192003,FlowForge synthetic (TradeStat not downloaded; see ingest/tradestat.py),,2026-09-27T00:00:00Z,SYNTH
API-PRIMAQUINE,2023-11-01,DE,0.177853,FlowForge synthetic (TradeStat not downloaded; see ingest/tradestat.py),,2026-09-27T00:00:00Z,SYNTH
API-PRIMAQUINE,2023-12-01,CN,0.61593,FlowForge synthetic (TradeStat not downloaded; see ingest/tradestat.py),,2026-09-27T00:00:00Z,SYNTH
API-PRIMAQUINE,2023-12-01,ES,0.021709,FlowForge synthetic (TradeStat not downloaded; see ingest/tradestat.py),,2026-09-27T00:00:00Z,SYNTH
API-PRIMAQUINE,2023-12-01,IT,0.185694,FlowForge synthetic (TradeStat not downloaded; see ingest/tradestat.py),,2026-09-27T00:00:00Z,SYNTH
API-PRIMAQUINE,2023-12-01,DE,0.176668,FlowForge synthetic (TradeStat not downloaded; see ingest/tradestat.py),,2026-09-27T00:00:00Z,SYNTH
API-PRIMAQUINE,2024-01-01,CN,0.653029,FlowForge synthetic (TradeStat not downloaded; see ingest/tradestat.py),,2026-09-27T00:00:00Z,SYNTH
API-PRIMAQUINE,2024-01-01,ES,0.003531,FlowForge synthetic (TradeStat not downloaded; see ingest/tradestat.py),,2026-09-27T00:00:00Z,SYNTH
API-PRIMAQUINE,2024-01-01,IT,0.194008,FlowForge synthetic (TradeStat not downloaded; see ingest/tradestat.py),,2026-09-27T00:00:00Z,SYNTH
API-PRIMAQUINE,2024-01-01,DE,0.149433,FlowForge synthetic (TradeStat not downloaded; see ingest/tradestat.py),,2026-09-27T00:00:00Z,SYNTH
API-PRIMAQUINE,2024-02-01,CN,0.577311,FlowForge synthetic (TradeStat not downloaded; see ingest/tradestat.py),,2026-09-27T00:00:00Z,SYNTH
API-PRIMAQUINE,2024-02-01,ES,0.008383,FlowForge synthetic (TradeStat not downloaded; see ingest/tradestat.py),,2026-09-27T00:00:00Z,SYNTH
API-PRIMAQUINE,2024-02-01,IT,0.204624,FlowForge synthetic (TradeStat not downloaded; see ingest/tradestat.py),,2026-09-27T00:00:00Z,SYNTH
API-PRIMAQUINE,2024-02-01,DE,0.209682,FlowForge synthetic (TradeStat not downloaded; see ingest/tradestat.py),,2026-09-27T00:00:00Z,SYNTH
API-PRIMAQUINE,2024-03-01,CN,0.619672,FlowForge synthetic (TradeStat not downloaded; see ingest/tradestat.py),,2026-09-27T00:00:00Z,SYNTH
API-PRIMAQUINE,2024-03-01,ES,0.007537,FlowForge synthetic (TradeStat not downloaded; see ingest/tradestat.py),,2026-09-27T00:00:00Z,SYNTH
API-PRIMAQUINE,2024-03-01,IT,0.144063,FlowForge synthetic (TradeStat not downloaded; see ingest/tradestat.py),,2026-09-27T00:00:00Z,SYNTH
API-PRIMAQUINE,2024-03-01,DE,0.228728,FlowForge synthetic (TradeStat not downloaded; see ingest/tradestat.py),,2026-09-27T00:00:00Z,SYNTH
API-PRIMAQUINE,2024-04-01,CN,0.577621,FlowForge synthetic (TradeStat not downloaded; see ingest/tradestat.py),,2026-09-27T00:00:00Z,SYNTH
API-PRIMAQUINE,2024-04-01,ES,0.028293,FlowForge synthetic (TradeStat not downloaded; see ingest/tradestat.py),,2026-09-27T00:00:00Z,SYNTH
API-PRIMAQUINE,2024-04-01,IT,0.207541,FlowForge synthetic (TradeStat not downloaded; see ingest/tradestat.py),,2026-09-27T00:00:00Z,SYNTH
API-PRIMAQUINE,2024-04-01,DE,0.186546,FlowForge synthetic (TradeStat not downloaded; see ingest/tradestat.py),,2026-09-27T00:00:00Z,SYNTH
API-PRIMAQUINE,2024-05-01,CN,0.566943,FlowForge synthetic (TradeStat not downloaded; see ingest/tradestat.py),,2026-09-27T00:00:00Z,SYNTH
API-PRIMAQUINE,2024-05-01,ES,0.024532,FlowForge synthetic (TradeStat not downloaded; see ingest/tradestat.py),,2026-09-27T00:00:00Z,SYNTH
API-PRIMAQUINE,2024-05-01,IT,0.252233,FlowForge synthetic (TradeStat not downloaded; see ingest/tradestat.py),,2026-09-27T00:00:00Z,SYNTH
API-PRIMAQUINE,2024-05-01,DE,0.156291,FlowForge synthetic (TradeStat not downloaded; see ingest/tradestat.py),,2026-09-27T00:00:00Z,SYNTH
API-PRIMAQUINE,2024-06-01,CN,0.635239,FlowForge synthetic (TradeStat not downloaded; see ingest/tradestat.py),,2026-09-27T00:00:00Z,SYNTH
API-PRIMAQUINE,2024-06-01,ES,0.021047,FlowForge synthetic (TradeStat not downloaded; see ingest/tradestat.py),,2026-09-27T00:00:00Z,SYNTH
API-PRIMAQUINE,2024-06-01,IT,0.17577,FlowForge synthetic (TradeStat not downloaded; see ingest/tradestat.py),,2026-09-27T00:00:00Z,SYNTH
API-PRIMAQUINE,2024-06-01,DE,0.167944,FlowForge synthetic (TradeStat not downloaded; see ingest/tradestat.py),,2026-09-27T00:00:00Z,SYNTH
API-PRIMAQUINE,2024-07-01,CN,0.598952,FlowForge synthetic (TradeStat not downloaded; see ingest/tradestat.py),,2026-09-27T00:00:00Z,SYNTH
API-PRIMAQUINE,2024-07-01,ES,0.0,FlowForge synthetic (TradeStat not downloaded; see ingest/tradestat.py),,2026-09-27T00:00:00Z,SYNTH
API-PRIMAQUINE,2024-07-01,IT,0.254828,FlowForge synthetic (TradeStat not downloaded; see ingest/tradestat.py),,2026-09-27T00:00:00Z,SYNTH
API-PRIMAQUINE,2024-07-01,DE,0.14622,FlowForge synthetic (TradeStat not downloaded; see ingest/tradestat.py),,2026-09-27T00:00:00Z,SYNTH
API-PRIMAQUINE,2024-08-01,CN,0.571288,FlowForge synthetic (TradeStat not downloaded; see ingest/tradestat.py),,2026-09-27T00:00:00Z,SYNTH
API-PRIMAQUINE,2024-08-01,ES,0.03482,FlowForge synthetic (TradeStat not downloaded; see ingest/tradestat.py),,2026-09-27T00:00:00Z,SYNTH
API-PRIMAQUINE,2024-08-01,IT,0.212214,FlowForge synthetic (TradeStat not downloaded; see ingest/tradestat.py),,2026-09-27T00:00:00Z,SYNTH
API-PRIMAQUINE,2024-08-01,DE,0.181678,FlowForge synthetic (TradeStat not downloaded; see ingest/tradestat.py),,2026-09-27T00:00:00Z,SYNTH
API-PRIMAQUINE,2024-09-01,CN,0.636602,FlowForge synthetic (TradeStat not downloaded; see ingest/tradestat.py),,2026-09-27T00:00:00Z,SYNTH
API-PRIMAQUINE,2024-09-01,ES,0.012195,FlowForge synthetic (TradeStat not downloaded; see ingest/tradestat.py),,2026-09-27T00:00:00Z,SYNTH
API-PRIMAQUINE,2024-09-01,IT,0.194509,FlowForge synthetic (TradeStat not downloaded; see ingest/tradestat.py),,2026-09-27T00:00:00Z,SYNTH
API-PRIMAQUINE,2024-09-01,DE,0.156693,FlowForge synthetic (TradeStat not downloaded; see ingest/tradestat.py),,2026-09-27T00:00:00Z,SYNTH
API-PRIMAQUINE,2024-10-01,CN,0.571479,FlowForge synthetic (TradeStat not downloaded; see ingest/tradestat.py),,2026-09-27T00:00:00Z,SYNTH
API-PRIMAQUINE,2024-10-01,ES,0.046446,FlowForge synthetic (TradeStat not downloaded; see ingest/tradestat.py),,2026-09-27T00:00:00Z,SYNTH
API-PRIMAQUINE,2024-10-01,IT,0.216875,FlowForge synthetic (TradeStat not downloaded; see ingest/tradestat.py),,2026-09-27T00:00:00Z,SYNTH
API-PRIMAQUINE,2024-10-01,DE,0.1652,FlowForge synthetic (TradeStat not downloaded; see ingest/tradestat.py),,2026-09-27T00:00:00Z,SYNTH
API-PRIMAQUINE,2024-11-01,CN,0.615302,FlowForge synthetic (TradeStat not downloaded; see ingest/tradestat.py),,2026-09-27T00:00:00Z,SYNTH
API-PRIMAQUINE,2024-11-01,ES,0.028474,FlowForge synthetic (TradeStat not downloaded; see ingest/tradestat.py),,2026-09-27T00:00:00Z,SYNTH
API-PRIMAQUINE,2024-11-01,IT,0.165547,FlowForge synthetic (TradeStat not downloaded; see ingest/tradestat.py),,2026-09-27T00:00:00Z,SYNTH
API-PRIMAQUINE,2024-11-01,DE,0.190676,FlowForge synthetic (TradeStat not downloaded; see ingest/tradestat.py),,2026-09-27T00:00:00Z,SYNTH
API-PRIMAQUINE,2024-12-01,CN,0.657928,FlowForge synthetic (TradeStat not downloaded; see ingest/tradestat.py),,2026-09-27T00:00:00Z,SYNTH
API-PRIMAQUINE,2024-12-01,ES,0.0,FlowForge synthetic (TradeStat not downloaded; see ingest/tradestat.py),,2026-09-27T00:00:00Z,SYNTH
API-PRIMAQUINE,2024-12-01,IT,0.190377,FlowForge synthetic (TradeStat not downloaded; see ingest/tradestat.py),,2026-09-27T00:00:00Z,SYNTH
API-PRIMAQUINE,2024-12-01,DE,0.151694,FlowForge synthetic (TradeStat not downloaded; see ingest/tradestat.py),,2026-09-27T00:00:00Z,SYNTH
API-PRIMAQUINE,2025-01-01,CN,0.58183,FlowForge synthetic (TradeStat not downloaded; see ingest/tradestat.py),,2026-09-27T00:00:00Z,SYNTH
API-PRIMAQUINE,2025-01-01,ES,0.02548,FlowForge synthetic (TradeStat not downloaded; see ingest/tradestat.py),,2026-09-27T00:00:00Z,SYNTH
API-PRIMAQUINE,2025-01-01,IT,0.200064,FlowForge synthetic (TradeStat not downloaded; see ingest/tradestat.py),,2026-09-27T00:00:00Z,SYNTH
API-PRIMAQUINE,2025-01-01,DE,0.192627,FlowForge synthetic (TradeStat not downloaded; see ingest/tradestat.py),,2026-09-27T00:00:00Z,SYNTH
API-PRIMAQUINE,2025-02-01,CN,0.56874,FlowForge synthetic (TradeStat not downloaded; see ingest/tradestat.py),,2026-09-27T00:00:00Z,SYNTH
API-PRIMAQUINE,2025-02-01,ES,0.051022,FlowForge synthetic (TradeStat not downloaded; see ingest/tradestat.py),,2026-09-27T00:00:00Z,SYNTH
API-PRIMAQUINE,2025-02-01,IT,0.195022,FlowForge synthetic (TradeStat not downloaded; see ingest/tradestat.py),,2026-09-27T00:00:00Z,SYNTH
API-PRIMAQUINE,2025-02-01,DE,0.185216,FlowForge synthetic (TradeStat not downloaded; see ingest/tradestat.py),,2026-09-27T00:00:00Z,SYNTH
API-PRIMAQUINE,2025-03-01,CN,0.656143,FlowForge synthetic (TradeStat not downloaded; see ingest/tradestat.py),,2026-09-27T00:00:00Z,SYNTH
API-PRIMAQUINE,2025-03-01,ES,0.036377,FlowForge synthetic (TradeStat not downloaded; see ingest/tradestat.py),,2026-09-27T00:00:00Z,SYNTH
API-PRIMAQUINE,2025-03-01,IT,0.159675,FlowForge synthetic (TradeStat not downloaded; see ingest/tradestat.py),,2026-09-27T00:00:00Z,SYNTH
API-PRIMAQUINE,2025-03-01,DE,0.147806,FlowForge synthetic (TradeStat not downloaded; see ingest/tradestat.py),,2026-09-27T00:00:00Z,SYNTH
API-PRIMAQUINE,2025-04-01,CN,0.581576,FlowForge synthetic (TradeStat not downloaded; see ingest/tradestat.py),,2026-09-27T00:00:00Z,SYNTH
API-PRIMAQUINE,2025-04-01,ES,0.018395,FlowForge synthetic (TradeStat not downloaded; see ingest/tradestat.py),,2026-09-27T00:00:00Z,SYNTH
API-PRIMAQUINE,2025-04-01,IT,0.230237,FlowForge synthetic (TradeStat not downloaded; see ingest/tradestat.py),,2026-09-27T00:00:00Z,SYNTH
API-PRIMAQUINE,2025-04-01,DE,0.169792,FlowForge synthetic (TradeStat not downloaded; see ingest/tradestat.py),,2026-09-27T00:00:00Z,SYNTH
API-PRIMAQUINE,2025-05-01,CN,0.659266,FlowForge synthetic (TradeStat not downloaded; see ingest/tradestat.py),,2026-09-27T00:00:00Z,SYNTH
API-PRIMAQUINE,2025-05-01,ES,0.0,FlowForge synthetic (TradeStat not downloaded; see ingest/tradestat.py),,2026-09-27T00:00:00Z,SYNTH
API-PRIMAQUINE,2025-05-01,IT,0.158089,FlowForge synthetic (TradeStat not downloaded; see ingest/tradestat.py),,2026-09-27T00:00:00Z,SYNTH
API-PRIMAQUINE,2025-05-01,DE,0.182645,FlowForge synthetic (TradeStat not downloaded; see ingest/tradestat.py),,2026-09-27T00:00:00Z,SYNTH
API-PRIMAQUINE,2025-06-01,CN,0.522294,FlowForge synthetic (TradeStat not downloaded; see ingest/tradestat.py),,2026-09-27T00:00:00Z,SYNTH
API-PRIMAQUINE,2025-06-01,ES,0.067437,FlowForge synthetic (TradeStat not downloaded; see ingest/tradestat.py),,2026-09-27T00:00:00Z,SYNTH
API-PRIMAQUINE,2025-06-01,IT,0.203625,FlowForge synthetic (TradeStat not downloaded; see ingest/tradestat.py),,2026-09-27T00:00:00Z,SYNTH
API-PRIMAQUINE,2025-06-01,DE,0.206645,FlowForge synthetic (TradeStat not downloaded; see ingest/tradestat.py),,2026-09-27T00:00:00Z,SYNTH
API-PRIMAQUINE,2025-07-01,CN,0.569833,FlowForge synthetic (TradeStat not downloaded; see ingest/tradestat.py),,2026-09-27T00:00:00Z,SYNTH
API-PRIMAQUINE,2025-07-01,ES,0.0,FlowForge synthetic (TradeStat not downloaded; see ingest/tradestat.py),,2026-09-27T00:00:00Z,SYNTH
API-PRIMAQUINE,2025-07-01,IT,0.177457,FlowForge synthetic (TradeStat not downloaded; see ingest/tradestat.py),,2026-09-27T00:00:00Z,SYNTH
API-PRIMAQUINE,2025-07-01,DE,0.25271,FlowForge synthetic (TradeStat not downloaded; see ingest/tradestat.py),,2026-09-27T00:00:00Z,SYNTH
API-PRIMAQUINE,2025-08-01,CN,0.64362,FlowForge synthetic (TradeStat not downloaded; see ingest/tradestat.py),,2026-09-27T00:00:00Z,SYNTH
API-PRIMAQUINE,2025-08-01,ES,0.009041,FlowForge synthetic (TradeStat not downloaded; see ingest/tradestat.py),,2026-09-27T00:00:00Z,SYNTH
API-PRIMAQUINE,2025-08-01,IT,0.158195,FlowForge synthetic (TradeStat not downloaded; see ingest/tradestat.py),,2026-09-27T00:00:00Z,SYNTH
API-PRIMAQUINE,2025-08-01,DE,0.189144,FlowForge synthetic (TradeStat not downloaded; see ingest/tradestat.py),,2026-09-27T00:00:00Z,SYNTH
API-PRIMAQUINE,2025-09-01,CN,0.597626,FlowForge synthetic (TradeStat not downloaded; see ingest/tradestat.py),,2026-09-27T00:00:00Z,SYNTH
API-PRIMAQUINE,2025-09-01,ES,0.05829,FlowForge synthetic (TradeStat not downloaded; see ingest/tradestat.py),,2026-09-27T00:00:00Z,SYNTH
API-PRIMAQUINE,2025-09-01,IT,0.177938,FlowForge synthetic (TradeStat not downloaded; see ingest/tradestat.py),,2026-09-27T00:00:00Z,SYNTH
API-PRIMAQUINE,2025-09-01,DE,0.166145,FlowForge synthetic (TradeStat not downloaded; see ingest/tradestat.py),,2026-09-27T00:00:00Z,SYNTH
API-PRIMAQUINE,2025-10-01,CN,0.580771,FlowForge synthetic (TradeStat not downloaded; see ingest/tradestat.py),,2026-09-27T00:00:00Z,SYNTH
API-PRIMAQUINE,2025-10-01,ES,0.041441,FlowForge synthetic (TradeStat not downloaded; see ingest/tradestat.py),,2026-09-27T00:00:00Z,SYNTH
API-PRIMAQUINE,2025-10-01,IT,0.197634,FlowForge synthetic (TradeStat not downloaded; see ingest/tradestat.py),,2026-09-27T00:00:00Z,SYNTH
API-PRIMAQUINE,2025-10-01,DE,0.180154,FlowForge synthetic (TradeStat not downloaded; see ingest/tradestat.py),,2026-09-27T00:00:00Z,SYNTH
API-PRIMAQUINE,2025-11-01,CN,0.61938,FlowForge synthetic (TradeStat not downloaded; see ingest/tradestat.py),,2026-09-27T00:00:00Z,SYNTH
API-PRIMAQUINE,2025-11-01,ES,0.0,FlowForge synthetic (TradeStat not downloaded; see ingest/tradestat.py),,2026-09-27T00:00:00Z,SYNTH
API-PRIMAQUINE,2025-11-01,IT,0.172365,FlowForge synthetic (TradeStat not downloaded; see ingest/tradestat.py),,2026-09-27T00:00:00Z,SYNTH
API-PRIMAQUINE,2025-11-01,DE,0.208255,FlowForge synthetic (TradeStat not downloaded; see ingest/tradestat.py),,2026-09-27T00:00:00Z,SYNTH
API-PRIMAQUINE,2025-12-01,CN,0.604058,FlowForge synthetic (TradeStat not downloaded; see ingest/tradestat.py),,2026-09-27T00:00:00Z,SYNTH
API-PRIMAQUINE,2025-12-01,ES,0.0,FlowForge synthetic (TradeStat not downloaded; see ingest/tradestat.py),,2026-09-27T00:00:00Z,SYNTH
API-PRIMAQUINE,2025-12-01,IT,0.208162,FlowForge synthetic (TradeStat not downloaded; see ingest/tradestat.py),,2026-09-27T00:00:00Z,SYNTH
API-PRIMAQUINE,2025-12-01,DE,0.18778,FlowForge synthetic (TradeStat not downloaded; see ingest/tradestat.py),,2026-09-27T00:00:00Z,SYNTH
API-PRIMAQUINE,2026-01-01,CN,0.611876,FlowForge synthetic (TradeStat not downloaded; see ingest/tradestat.py),,2026-09-27T00:00:00Z,SYNTH
API-PRIMAQUINE,2026-01-01,ES,0.026769,FlowForge synthetic (TradeStat not downloaded; see ingest/tradestat.py),,2026-09-27T00:00:00Z,SYNTH
API-PRIMAQUINE,2026-01-01,IT,0.174548,FlowForge synthetic (TradeStat not downloaded; see ingest/tradestat.py),,2026-09-27T00:00:00Z,SYNTH
API-PRIMAQUINE,2026-01-01,DE,0.186807,FlowForge synthetic (TradeStat not downloaded; see ingest/tradestat.py),,2026-09-27T00:00:00Z,SYNTH
API-PRIMAQUINE,2026-02-01,CN,0.589676,FlowForge synthetic (TradeStat not downloaded; see ingest/tradestat.py),,2026-09-27T00:00:00Z,SYNTH
API-PRIMAQUINE,2026-02-01,ES,0.057366,FlowForge synthetic (TradeStat not downloaded; see ingest/tradestat.py),,2026-09-27T00:00:00Z,SYNTH
API-PRIMAQUINE,2026-02-01,IT,0.184397,FlowForge synthetic (TradeStat not downloaded; see ingest/tradestat.py),,2026-09-27T00:00:00Z,SYNTH
API-PRIMAQUINE,2026-02-01,DE,0.168561,FlowForge synthetic (TradeStat not downloaded; see ingest/tradestat.py),,2026-09-27T00:00:00Z,SYNTH
API-PRIMAQUINE,2026-03-01,CN,0.584115,FlowForge synthetic (TradeStat not downloaded; see ingest/tradestat.py),,2026-09-27T00:00:00Z,SYNTH
API-PRIMAQUINE,2026-03-01,ES,0.066297,FlowForge synthetic (TradeStat not downloaded; see ingest/tradestat.py),,2026-09-27T00:00:00Z,SYNTH
API-PRIMAQUINE,2026-03-01,IT,0.189293,FlowForge synthetic (TradeStat not downloaded; see ingest/tradestat.py),,2026-09-27T00:00:00Z,SYNTH
API-PRIMAQUINE,2026-03-01,DE,0.160294,FlowForge synthetic (TradeStat not downloaded; see ingest/tradestat.py),,2026-09-27T00:00:00Z,SYNTH
API-PRIMAQUINE,2026-04-01,CN,0.61684,FlowForge synthetic (TradeStat not downloaded; see ingest/tradestat.py),,2026-09-27T00:00:00Z,SYNTH
API-PRIMAQUINE,2026-04-01,ES,0.030379,FlowForge synthetic (TradeStat not downloaded; see ingest/tradestat.py),,2026-09-27T00:00:00Z,SYNTH
API-PRIMAQUINE,2026-04-01,IT,0.182617,FlowForge synthetic (TradeStat not downloaded; see ingest/tradestat.py),,2026-09-27T00:00:00Z,SYNTH
API-PRIMAQUINE,2026-04-01,DE,0.170164,FlowForge synthetic (TradeStat not downloaded; see ingest/tradestat.py),,2026-09-27T00:00:00Z,SYNTH
API-PRIMAQUINE,2026-05-01,CN,0.610165,FlowForge synthetic (TradeStat not downloaded; see ingest/tradestat.py),,2026-09-27T00:00:00Z,SYNTH
API-PRIMAQUINE,2026-05-01,ES,0.041736,FlowForge synthetic (TradeStat not downloaded; see ingest/tradestat.py),,2026-09-27T00:00:00Z,SYNTH
API-PRIMAQUINE,2026-05-01,IT,0.164746,FlowForge synthetic (TradeStat not downloaded; see ingest/tradestat.py),,2026-09-27T00:00:00Z,SYNTH
API-PRIMAQUINE,2026-05-01,DE,0.183353,FlowForge synthetic (TradeStat not downloaded; see ingest/tradestat.py),,2026-09-27T00:00:00Z,SYNTH
API-PRIMAQUINE,2026-06-01,CN,0.667524,FlowForge synthetic (TradeStat not downloaded; see ingest/tradestat.py),,2026-09-27T00:00:00Z,SYNTH
API-PRIMAQUINE,2026-06-01,ES,0.0,FlowForge synthetic (TradeStat not downloaded; see ingest/tradestat.py),,2026-09-27T00:00:00Z,SYNTH
API-PRIMAQUINE,2026-06-01,IT,0.159829,FlowForge synthetic (TradeStat not downloaded; see ingest/tradestat.py),,2026-09-27T00:00:00Z,SYNTH
API-PRIMAQUINE,2026-06-01,DE,0.172647,FlowForge synthetic (TradeStat not downloaded; see ingest/tradestat.py),,2026-09-27T00:00:00Z,SYNTH
API-PRIMAQUINE,2026-07-01,CN,0.660446,FlowForge synthetic (TradeStat not downloaded; see ingest/tradestat.py),,2026-09-27T00:00:00Z,SYNTH
API-PRIMAQUINE,2026-07-01,ES,0.012335,FlowForge synthetic (TradeStat not downloaded; see ingest/tradestat.py),,2026-09-27T00:00:00Z,SYNTH
API-PRIMAQUINE,2026-07-01,IT,0.194328,FlowForge synthetic (TradeStat not downloaded; see ingest/tradestat.py),,2026-09-27T00:00:00Z,SYNTH
API-PRIMAQUINE,2026-07-01,DE,0.132891,FlowForge synthetic (TradeStat not downloaded; see ingest/tradestat.py),,2026-09-27T00:00:00Z,SYNTH
API-PRIMAQUINE,2026-08-01,CN,0.635824,FlowForge synthetic (TradeStat not downloaded; see ingest/tradestat.py),,2026-09-27T00:00:00Z,SYNTH
API-PRIMAQUINE,2026-08-01,ES,0.006904,FlowForge synthetic (TradeStat not downloaded; see ingest/tradestat.py),,2026-09-27T00:00:00Z,SYNTH
API-PRIMAQUINE,2026-08-01,IT,0.194313,FlowForge synthetic (TradeStat not downloaded; see ingest/tradestat.py),,2026-09-27T00:00:00Z,SYNTH
API-PRIMAQUINE,2026-08-01,DE,0.16296,FlowForge synthetic (TradeStat not downloaded; see ingest/tradestat.py),,2026-09-27T00:00:00Z,SYNTH
API-PRIMAQUINE,2026-09-01,CN,0.639355,FlowForge synthetic (TradeStat not downloaded; see ingest/tradestat.py),,2026-09-27T00:00:00Z,SYNTH
API-PRIMAQUINE,2026-09-01,ES,0.013358,FlowForge synthetic (TradeStat not downloaded; see ingest/tradestat.py),,2026-09-27T00:00:00Z,SYNTH
API-PRIMAQUINE,2026-09-01,IT,0.173348,FlowForge synthetic (TradeStat not downloaded; see ingest/tradestat.py),,2026-09-27T00:00:00Z,SYNTH
API-PRIMAQUINE,2026-09-01,DE,0.17394,FlowForge synthetic (TradeStat not downloaded; see ingest/tradestat.py),,2026-09-27T00:00:00Z,SYNTH
API-PYRAZINAMIDE,2023-10-01,CN,0.917613,FlowForge synthetic (TradeStat not downloaded; see ingest/tradestat.py),,2026-09-27T00:00:00Z,SYNTH
API-PYRAZINAMIDE,2023-10-01,JP,0.008356,FlowForge synthetic (TradeStat not downloaded; see ingest/tradestat.py),,2026-09-27T00:00:00Z,SYNTH
API-PYRAZINAMIDE,2023-10-01,CH,0.031426,FlowForge synthetic (TradeStat not downloaded; see ingest/tradestat.py),,2026-09-27T00:00:00Z,SYNTH
API-PYRAZINAMIDE,2023-10-01,ES,0.042605,FlowForge synthetic (TradeStat not downloaded; see ingest/tradestat.py),,2026-09-27T00:00:00Z,SYNTH
API-PYRAZINAMIDE,2023-11-01,CN,0.941442,FlowForge synthetic (TradeStat not downloaded; see ingest/tradestat.py),,2026-09-27T00:00:00Z,SYNTH
API-PYRAZINAMIDE,2023-11-01,JP,0.047713,FlowForge synthetic (TradeStat not downloaded; see ingest/tradestat.py),,2026-09-27T00:00:00Z,SYNTH
API-PYRAZINAMIDE,2023-11-01,CH,0.0,FlowForge synthetic (TradeStat not downloaded; see ingest/tradestat.py),,2026-09-27T00:00:00Z,SYNTH
API-PYRAZINAMIDE,2023-11-01,ES,0.010844,FlowForge synthetic (TradeStat not downloaded; see ingest/tradestat.py),,2026-09-27T00:00:00Z,SYNTH
API-PYRAZINAMIDE,2023-12-01,CN,0.859158,FlowForge synthetic (TradeStat not downloaded; see ingest/tradestat.py),,2026-09-27T00:00:00Z,SYNTH
API-PYRAZINAMIDE,2023-12-01,JP,0.019988,FlowForge synthetic (TradeStat not downloaded; see ingest/tradestat.py),,2026-09-27T00:00:00Z,SYNTH
API-PYRAZINAMIDE,2023-12-01,CH,0.0,FlowForge synthetic (TradeStat not downloaded; see ingest/tradestat.py),,2026-09-27T00:00:00Z,SYNTH
API-PYRAZINAMIDE,2023-12-01,ES,0.120854,FlowForge synthetic (TradeStat not downloaded; see ingest/tradestat.py),,2026-09-27T00:00:00Z,SYNTH
API-PYRAZINAMIDE,2024-01-01,CN,0.839533,FlowForge synthetic (TradeStat not downloaded; see ingest/tradestat.py),,2026-09-27T00:00:00Z,SYNTH
API-PYRAZINAMIDE,2024-01-01,JP,0.02637,FlowForge synthetic (TradeStat not downloaded; see ingest/tradestat.py),,2026-09-27T00:00:00Z,SYNTH
API-PYRAZINAMIDE,2024-01-01,CH,0.048553,FlowForge synthetic (TradeStat not downloaded; see ingest/tradestat.py),,2026-09-27T00:00:00Z,SYNTH
API-PYRAZINAMIDE,2024-01-01,ES,0.085544,FlowForge synthetic (TradeStat not downloaded; see ingest/tradestat.py),,2026-09-27T00:00:00Z,SYNTH
API-PYRAZINAMIDE,2024-02-01,CN,0.921056,FlowForge synthetic (TradeStat not downloaded; see ingest/tradestat.py),,2026-09-27T00:00:00Z,SYNTH
API-PYRAZINAMIDE,2024-02-01,JP,0.037453,FlowForge synthetic (TradeStat not downloaded; see ingest/tradestat.py),,2026-09-27T00:00:00Z,SYNTH
API-PYRAZINAMIDE,2024-02-01,CH,0.016743,FlowForge synthetic (TradeStat not downloaded; see ingest/tradestat.py),,2026-09-27T00:00:00Z,SYNTH
API-PYRAZINAMIDE,2024-02-01,ES,0.024748,FlowForge synthetic (TradeStat not downloaded; see ingest/tradestat.py),,2026-09-27T00:00:00Z,SYNTH
API-PYRAZINAMIDE,2024-03-01,CN,0.909486,FlowForge synthetic (TradeStat not downloaded; see ingest/tradestat.py),,2026-09-27T00:00:00Z,SYNTH
API-PYRAZINAMIDE,2024-03-01,JP,0.020636,FlowForge synthetic (TradeStat not downloaded; see ingest/tradestat.py),,2026-09-27T00:00:00Z,SYNTH
API-PYRAZINAMIDE,2024-03-01,CH,0.0,FlowForge synthetic (TradeStat not downloaded; see ingest/tradestat.py),,2026-09-27T00:00:00Z,SYNTH
API-PYRAZINAMIDE,2024-03-01,ES,0.069878,FlowForge synthetic (TradeStat not downloaded; see ingest/tradestat.py),,2026-09-27T00:00:00Z,SYNTH
API-PYRAZINAMIDE,2024-04-01,CN,0.924725,FlowForge synthetic (TradeStat not downloaded; see ingest/tradestat.py),,2026-09-27T00:00:00Z,SYNTH
API-PYRAZINAMIDE,2024-04-01,JP,0.016041,FlowForge synthetic (TradeStat not downloaded; see ingest/tradestat.py),,2026-09-27T00:00:00Z,SYNTH
API-PYRAZINAMIDE,2024-04-01,CH,0.005532,FlowForge synthetic (TradeStat not downloaded; see ingest/tradestat.py),,2026-09-27T00:00:00Z,SYNTH
API-PYRAZINAMIDE,2024-04-01,ES,0.053702,FlowForge synthetic (TradeStat not downloaded; see ingest/tradestat.py),,2026-09-27T00:00:00Z,SYNTH
API-PYRAZINAMIDE,2024-05-01,CN,0.905985,FlowForge synthetic (TradeStat not downloaded; see ingest/tradestat.py),,2026-09-27T00:00:00Z,SYNTH
API-PYRAZINAMIDE,2024-05-01,JP,0.021491,FlowForge synthetic (TradeStat not downloaded; see ingest/tradestat.py),,2026-09-27T00:00:00Z,SYNTH
API-PYRAZINAMIDE,2024-05-01,CH,0.0,FlowForge synthetic (TradeStat not downloaded; see ingest/tradestat.py),,2026-09-27T00:00:00Z,SYNTH
API-PYRAZINAMIDE,2024-05-01,ES,0.072523,FlowForge synthetic (TradeStat not downloaded; see ingest/tradestat.py),,2026-09-27T00:00:00Z,SYNTH
API-PYRAZINAMIDE,2024-06-01,CN,0.911982,FlowForge synthetic (TradeStat not downloaded; see ingest/tradestat.py),,2026-09-27T00:00:00Z,SYNTH
API-PYRAZINAMIDE,2024-06-01,JP,0.0,FlowForge synthetic (TradeStat not downloaded; see ingest/tradestat.py),,2026-09-27T00:00:00Z,SYNTH
API-PYRAZINAMIDE,2024-06-01,CH,0.019462,FlowForge synthetic (TradeStat not downloaded; see ingest/tradestat.py),,2026-09-27T00:00:00Z,SYNTH
API-PYRAZINAMIDE,2024-06-01,ES,0.068555,FlowForge synthetic (TradeStat not downloaded; see ingest/tradestat.py),,2026-09-27T00:00:00Z,SYNTH
API-PYRAZINAMIDE,2024-07-01,CN,0.912827,FlowForge synthetic (TradeStat not downloaded; see ingest/tradestat.py),,2026-09-27T00:00:00Z,SYNTH
API-PYRAZINAMIDE,2024-07-01,JP,0.040804,FlowForge synthetic (TradeStat not downloaded; see ingest/tradestat.py),,2026-09-27T00:00:00Z,SYNTH
API-PYRAZINAMIDE,2024-07-01,CH,0.002846,FlowForge synthetic (TradeStat not downloaded; see ingest/tradestat.py),,2026-09-27T00:00:00Z,SYNTH
API-PYRAZINAMIDE,2024-07-01,ES,0.043523,FlowForge synthetic (TradeStat not downloaded; see ingest/tradestat.py),,2026-09-27T00:00:00Z,SYNTH
API-PYRAZINAMIDE,2024-08-01,CN,0.933966,FlowForge synthetic (TradeStat not downloaded; see ingest/tradestat.py),,2026-09-27T00:00:00Z,SYNTH
API-PYRAZINAMIDE,2024-08-01,JP,0.010136,FlowForge synthetic (TradeStat not downloaded; see ingest/tradestat.py),,2026-09-27T00:00:00Z,SYNTH
API-PYRAZINAMIDE,2024-08-01,CH,0.0,FlowForge synthetic (TradeStat not downloaded; see ingest/tradestat.py),,2026-09-27T00:00:00Z,SYNTH
API-PYRAZINAMIDE,2024-08-01,ES,0.055898,FlowForge synthetic (TradeStat not downloaded; see ingest/tradestat.py),,2026-09-27T00:00:00Z,SYNTH
API-PYRAZINAMIDE,2024-09-01,CN,0.816366,FlowForge synthetic (TradeStat not downloaded; see ingest/tradestat.py),,2026-09-27T00:00:00Z,SYNTH
API-PYRAZINAMIDE,2024-09-01,JP,0.062537,FlowForge synthetic (TradeStat not downloaded; see ingest/tradestat.py),,2026-09-27T00:00:00Z,SYNTH
API-PYRAZINAMIDE,2024-09-01,CH,0.031893,FlowForge synthetic (TradeStat not downloaded; see ingest/tradestat.py),,2026-09-27T00:00:00Z,SYNTH
API-PYRAZINAMIDE,2024-09-01,ES,0.089204,FlowForge synthetic (TradeStat not downloaded; see ingest/tradestat.py),,2026-09-27T00:00:00Z,SYNTH
API-PYRAZINAMIDE,2024-10-01,CN,0.868275,FlowForge synthetic (TradeStat not downloaded; see ingest/tradestat.py),,2026-09-27T00:00:00Z,SYNTH
API-PYRAZINAMIDE,2024-10-01,JP,0.009928,FlowForge synthetic (TradeStat not downloaded; see ingest/tradestat.py),,2026-09-27T00:00:00Z,SYNTH
API-PYRAZINAMIDE,2024-10-01,CH,0.010446,FlowForge synthetic (TradeStat not downloaded; see ingest/tradestat.py),,2026-09-27T00:00:00Z,SYNTH
API-PYRAZINAMIDE,2024-10-01,ES,0.111351,FlowForge synthetic (TradeStat not downloaded; see ingest/tradestat.py),,2026-09-27T00:00:00Z,SYNTH
API-PYRAZINAMIDE,2024-11-01,CN,0.885623,FlowForge synthetic (TradeStat not downloaded; see ingest/tradestat.py),,2026-09-27T00:00:00Z,SYNTH
API-PYRAZINAMIDE,2024-11-01,JP,0.023511,FlowForge synthetic (TradeStat not downloaded; see ingest/tradestat.py),,2026-09-27T00:00:00Z,SYNTH
API-PYRAZINAMIDE,2024-11-01,CH,0.037246,FlowForge synthetic (TradeStat not downloaded; see ingest/tradestat.py),,2026-09-27T00:00:00Z,SYNTH
API-PYRAZINAMIDE,2024-11-01,ES,0.053621,FlowForge synthetic (TradeStat not downloaded; see ingest/tradestat.py),,2026-09-27T00:00:00Z,SYNTH
API-PYRAZINAMIDE,2024-12-01,CN,0.835353,FlowForge synthetic (TradeStat not downloaded; see ingest/tradestat.py),,2026-09-27T00:00:00Z,SYNTH
API-PYRAZINAMIDE,2024-12-01,JP,0.015027,FlowForge synthetic (TradeStat not downloaded; see ingest/tradestat.py),,2026-09-27T00:00:00Z,SYNTH
API-PYRAZINAMIDE,2024-12-01,CH,0.01031,FlowForge synthetic (TradeStat not downloaded; see ingest/tradestat.py),,2026-09-27T00:00:00Z,SYNTH
API-PYRAZINAMIDE,2024-12-01,ES,0.13931,FlowForge synthetic (TradeStat not downloaded; see ingest/tradestat.py),,2026-09-27T00:00:00Z,SYNTH
API-PYRAZINAMIDE,2025-01-01,CN,0.93074,FlowForge synthetic (TradeStat not downloaded; see ingest/tradestat.py),,2026-09-27T00:00:00Z,SYNTH
API-PYRAZINAMIDE,2025-01-01,JP,0.0,FlowForge synthetic (TradeStat not downloaded; see ingest/tradestat.py),,2026-09-27T00:00:00Z,SYNTH
API-PYRAZINAMIDE,2025-01-01,CH,0.0,FlowForge synthetic (TradeStat not downloaded; see ingest/tradestat.py),,2026-09-27T00:00:00Z,SYNTH
API-PYRAZINAMIDE,2025-01-01,ES,0.06926,FlowForge synthetic (TradeStat not downloaded; see ingest/tradestat.py),,2026-09-27T00:00:00Z,SYNTH
API-PYRAZINAMIDE,2025-02-01,CN,0.889691,FlowForge synthetic (TradeStat not downloaded; see ingest/tradestat.py),,2026-09-27T00:00:00Z,SYNTH
API-PYRAZINAMIDE,2025-02-01,JP,0.032958,FlowForge synthetic (TradeStat not downloaded; see ingest/tradestat.py),,2026-09-27T00:00:00Z,SYNTH
API-PYRAZINAMIDE,2025-02-01,CH,0.050497,FlowForge synthetic (TradeStat not downloaded; see ingest/tradestat.py),,2026-09-27T00:00:00Z,SYNTH
API-PYRAZINAMIDE,2025-02-01,ES,0.026853,FlowForge synthetic (TradeStat not downloaded; see ingest/tradestat.py),,2026-09-27T00:00:00Z,SYNTH
API-PYRAZINAMIDE,2025-03-01,CN,0.884326,FlowForge synthetic (TradeStat not downloaded; see ingest/tradestat.py),,2026-09-27T00:00:00Z,SYNTH
API-PYRAZINAMIDE,2025-03-01,JP,0.004922,FlowForge synthetic (TradeStat not downloaded; see ingest/tradestat.py),,2026-09-27T00:00:00Z,SYNTH
API-PYRAZINAMIDE,2025-03-01,CH,0.076019,FlowForge synthetic (TradeStat not downloaded; see ingest/tradestat.py),,2026-09-27T00:00:00Z,SYNTH
API-PYRAZINAMIDE,2025-03-01,ES,0.034733,FlowForge synthetic (TradeStat not downloaded; see ingest/tradestat.py),,2026-09-27T00:00:00Z,SYNTH
API-PYRAZINAMIDE,2025-04-01,CN,0.928395,FlowForge synthetic (TradeStat not downloaded; see ingest/tradestat.py),,2026-09-27T00:00:00Z,SYNTH
API-PYRAZINAMIDE,2025-04-01,JP,0.039246,FlowForge synthetic (TradeStat not downloaded; see ingest/tradestat.py),,2026-09-27T00:00:00Z,SYNTH
API-PYRAZINAMIDE,2025-04-01,CH,0.00149,FlowForge synthetic (TradeStat not downloaded; see ingest/tradestat.py),,2026-09-27T00:00:00Z,SYNTH
API-PYRAZINAMIDE,2025-04-01,ES,0.030869,FlowForge synthetic (TradeStat not downloaded; see ingest/tradestat.py),,2026-09-27T00:00:00Z,SYNTH
API-PYRAZINAMIDE,2025-05-01,CN,0.867687,FlowForge synthetic (TradeStat not downloaded; see ingest/tradestat.py),,2026-09-27T00:00:00Z,SYNTH
API-PYRAZINAMIDE,2025-05-01,JP,0.053506,FlowForge synthetic (TradeStat not downloaded; see ingest/tradestat.py),,2026-09-27T00:00:00Z,SYNTH
API-PYRAZINAMIDE,2025-05-01,CH,0.01204,FlowForge synthetic (TradeStat not downloaded; see ingest/tradestat.py),,2026-09-27T00:00:00Z,SYNTH
API-PYRAZINAMIDE,2025-05-01,ES,0.066766,FlowForge synthetic (TradeStat not downloaded; see ingest/tradestat.py),,2026-09-27T00:00:00Z,SYNTH
API-PYRAZINAMIDE,2025-06-01,CN,0.918779,FlowForge synthetic (TradeStat not downloaded; see ingest/tradestat.py),,2026-09-27T00:00:00Z,SYNTH
API-PYRAZINAMIDE,2025-06-01,JP,0.002687,FlowForge synthetic (TradeStat not downloaded; see ingest/tradestat.py),,2026-09-27T00:00:00Z,SYNTH
API-PYRAZINAMIDE,2025-06-01,CH,0.078535,FlowForge synthetic (TradeStat not downloaded; see ingest/tradestat.py),,2026-09-27T00:00:00Z,SYNTH
API-PYRAZINAMIDE,2025-06-01,ES,0.0,FlowForge synthetic (TradeStat not downloaded; see ingest/tradestat.py),,2026-09-27T00:00:00Z,SYNTH
API-PYRAZINAMIDE,2025-07-01,CN,0.965403,FlowForge synthetic (TradeStat not downloaded; see ingest/tradestat.py),,2026-09-27T00:00:00Z,SYNTH
API-PYRAZINAMIDE,2025-07-01,JP,0.011913,FlowForge synthetic (TradeStat not downloaded; see ingest/tradestat.py),,2026-09-27T00:00:00Z,SYNTH
API-PYRAZINAMIDE,2025-07-01,CH,0.0,FlowForge synthetic (TradeStat not downloaded; see ingest/tradestat.py),,2026-09-27T00:00:00Z,SYNTH
API-PYRAZINAMIDE,2025-07-01,ES,0.022683,FlowForge synthetic (TradeStat not downloaded; see ingest/tradestat.py),,2026-09-27T00:00:00Z,SYNTH
API-PYRAZINAMIDE,2025-08-01,CN,0.902844,FlowForge synthetic (TradeStat not downloaded; see ingest/tradestat.py),,2026-09-27T00:00:00Z,SYNTH
API-PYRAZINAMIDE,2025-08-01,JP,0.011917,FlowForge synthetic (TradeStat not downloaded; see ingest/tradestat.py),,2026-09-27T00:00:00Z,SYNTH
API-PYRAZINAMIDE,2025-08-01,CH,0.0,FlowForge synthetic (TradeStat not downloaded; see ingest/tradestat.py),,2026-09-27T00:00:00Z,SYNTH
API-PYRAZINAMIDE,2025-08-01,ES,0.085239,FlowForge synthetic (TradeStat not downloaded; see ingest/tradestat.py),,2026-09-27T00:00:00Z,SYNTH
API-PYRAZINAMIDE,2025-09-01,CN,0.884001,FlowForge synthetic (TradeStat not downloaded; see ingest/tradestat.py),,2026-09-27T00:00:00Z,SYNTH
API-PYRAZINAMIDE,2025-09-01,JP,0.045242,FlowForge synthetic (TradeStat not downloaded; see ingest/tradestat.py),,2026-09-27T00:00:00Z,SYNTH
API-PYRAZINAMIDE,2025-09-01,CH,0.000837,FlowForge synthetic (TradeStat not downloaded; see ingest/tradestat.py),,2026-09-27T00:00:00Z,SYNTH
API-PYRAZINAMIDE,2025-09-01,ES,0.069921,FlowForge synthetic (TradeStat not downloaded; see ingest/tradestat.py),,2026-09-27T00:00:00Z,SYNTH
API-PYRAZINAMIDE,2025-10-01,CN,0.952843,FlowForge synthetic (TradeStat not downloaded; see ingest/tradestat.py),,2026-09-27T00:00:00Z,SYNTH
API-PYRAZINAMIDE,2025-10-01,JP,0.028318,FlowForge synthetic (TradeStat not downloaded; see ingest/tradestat.py),,2026-09-27T00:00:00Z,SYNTH
API-PYRAZINAMIDE,2025-10-01,CH,0.003214,FlowForge synthetic (TradeStat not downloaded; see ingest/tradestat.py),,2026-09-27T00:00:00Z,SYNTH
API-PYRAZINAMIDE,2025-10-01,ES,0.015625,FlowForge synthetic (TradeStat not downloaded; see ingest/tradestat.py),,2026-09-27T00:00:00Z,SYNTH
API-PYRAZINAMIDE,2025-11-01,CN,0.934875,FlowForge synthetic (TradeStat not downloaded; see ingest/tradestat.py),,2026-09-27T00:00:00Z,SYNTH
API-PYRAZINAMIDE,2025-11-01,JP,0.005169,FlowForge synthetic (TradeStat not downloaded; see ingest/tradestat.py),,2026-09-27T00:00:00Z,SYNTH
API-PYRAZINAMIDE,2025-11-01,CH,0.0,FlowForge synthetic (TradeStat not downloaded; see ingest/tradestat.py),,2026-09-27T00:00:00Z,SYNTH
API-PYRAZINAMIDE,2025-11-01,ES,0.059956,FlowForge synthetic (TradeStat not downloaded; see ingest/tradestat.py),,2026-09-27T00:00:00Z,SYNTH
API-PYRAZINAMIDE,2025-12-01,CN,0.92043,FlowForge synthetic (TradeStat not downloaded; see ingest/tradestat.py),,2026-09-27T00:00:00Z,SYNTH
API-PYRAZINAMIDE,2025-12-01,JP,0.0,FlowForge synthetic (TradeStat not downloaded; see ingest/tradestat.py),,2026-09-27T00:00:00Z,SYNTH
API-PYRAZINAMIDE,2025-12-01,CH,0.0,FlowForge synthetic (TradeStat not downloaded; see ingest/tradestat.py),,2026-09-27T00:00:00Z,SYNTH
API-PYRAZINAMIDE,2025-12-01,ES,0.07957,FlowForge synthetic (TradeStat not downloaded; see ingest/tradestat.py),,2026-09-27T00:00:00Z,SYNTH
API-PYRAZINAMIDE,2026-01-01,CN,0.857855,FlowForge synthetic (TradeStat not downloaded; see ingest/tradestat.py),,2026-09-27T00:00:00Z,SYNTH
API-PYRAZINAMIDE,2026-01-01,JP,0.063253,FlowForge synthetic (TradeStat not downloaded; see ingest/tradestat.py),,2026-09-27T00:00:00Z,SYNTH
API-PYRAZINAMIDE,2026-01-01,CH,0.038439,FlowForge synthetic (TradeStat not downloaded; see ingest/tradestat.py),,2026-09-27T00:00:00Z,SYNTH
API-PYRAZINAMIDE,2026-01-01,ES,0.040453,FlowForge synthetic (TradeStat not downloaded; see ingest/tradestat.py),,2026-09-27T00:00:00Z,SYNTH
API-PYRAZINAMIDE,2026-02-01,CN,0.906144,FlowForge synthetic (TradeStat not downloaded; see ingest/tradestat.py),,2026-09-27T00:00:00Z,SYNTH
API-PYRAZINAMIDE,2026-02-01,JP,0.032858,FlowForge synthetic (TradeStat not downloaded; see ingest/tradestat.py),,2026-09-27T00:00:00Z,SYNTH
API-PYRAZINAMIDE,2026-02-01,CH,0.0,FlowForge synthetic (TradeStat not downloaded; see ingest/tradestat.py),,2026-09-27T00:00:00Z,SYNTH
API-PYRAZINAMIDE,2026-02-01,ES,0.060998,FlowForge synthetic (TradeStat not downloaded; see ingest/tradestat.py),,2026-09-27T00:00:00Z,SYNTH
API-PYRAZINAMIDE,2026-03-01,CN,0.913339,FlowForge synthetic (TradeStat not downloaded; see ingest/tradestat.py),,2026-09-27T00:00:00Z,SYNTH
API-PYRAZINAMIDE,2026-03-01,JP,0.0,FlowForge synthetic (TradeStat not downloaded; see ingest/tradestat.py),,2026-09-27T00:00:00Z,SYNTH
API-PYRAZINAMIDE,2026-03-01,CH,0.026859,FlowForge synthetic (TradeStat not downloaded; see ingest/tradestat.py),,2026-09-27T00:00:00Z,SYNTH
API-PYRAZINAMIDE,2026-03-01,ES,0.059803,FlowForge synthetic (TradeStat not downloaded; see ingest/tradestat.py),,2026-09-27T00:00:00Z,SYNTH
API-PYRAZINAMIDE,2026-04-01,CN,0.919303,FlowForge synthetic (TradeStat not downloaded; see ingest/tradestat.py),,2026-09-27T00:00:00Z,SYNTH
API-PYRAZINAMIDE,2026-04-01,JP,0.005307,FlowForge synthetic (TradeStat not downloaded; see ingest/tradestat.py),,2026-09-27T00:00:00Z,SYNTH
API-PYRAZINAMIDE,2026-04-01,CH,0.0,FlowForge synthetic (TradeStat not downloaded; see ingest/tradestat.py),,2026-09-27T00:00:00Z,SYNTH
API-PYRAZINAMIDE,2026-04-01,ES,0.075391,FlowForge synthetic (TradeStat not downloaded; see ingest/tradestat.py),,2026-09-27T00:00:00Z,SYNTH
API-PYRAZINAMIDE,2026-05-01,CN,0.907093,FlowForge synthetic (TradeStat not downloaded; see ingest/tradestat.py),,2026-09-27T00:00:00Z,SYNTH
API-PYRAZINAMIDE,2026-05-01,JP,0.000302,FlowForge synthetic (TradeStat not downloaded; see ingest/tradestat.py),,2026-09-27T00:00:00Z,SYNTH
API-PYRAZINAMIDE,2026-05-01,CH,0.0,FlowForge synthetic (TradeStat not downloaded; see ingest/tradestat.py),,2026-09-27T00:00:00Z,SYNTH
API-PYRAZINAMIDE,2026-05-01,ES,0.092606,FlowForge synthetic (TradeStat not downloaded; see ingest/tradestat.py),,2026-09-27T00:00:00Z,SYNTH
API-PYRAZINAMIDE,2026-06-01,CN,0.882645,FlowForge synthetic (TradeStat not downloaded; see ingest/tradestat.py),,2026-09-27T00:00:00Z,SYNTH
API-PYRAZINAMIDE,2026-06-01,JP,0.02572,FlowForge synthetic (TradeStat not downloaded; see ingest/tradestat.py),,2026-09-27T00:00:00Z,SYNTH
API-PYRAZINAMIDE,2026-06-01,CH,0.029703,FlowForge synthetic (TradeStat not downloaded; see ingest/tradestat.py),,2026-09-27T00:00:00Z,SYNTH
API-PYRAZINAMIDE,2026-06-01,ES,0.061931,FlowForge synthetic (TradeStat not downloaded; see ingest/tradestat.py),,2026-09-27T00:00:00Z,SYNTH
API-PYRAZINAMIDE,2026-07-01,CN,0.913766,FlowForge synthetic (TradeStat not downloaded; see ingest/tradestat.py),,2026-09-27T00:00:00Z,SYNTH
API-PYRAZINAMIDE,2026-07-01,JP,0.033887,FlowForge synthetic (TradeStat not downloaded; see ingest/tradestat.py),,2026-09-27T00:00:00Z,SYNTH
API-PYRAZINAMIDE,2026-07-01,CH,0.0,FlowForge synthetic (TradeStat not downloaded; see ingest/tradestat.py),,2026-09-27T00:00:00Z,SYNTH
API-PYRAZINAMIDE,2026-07-01,ES,0.052346,FlowForge synthetic (TradeStat not downloaded; see ingest/tradestat.py),,2026-09-27T00:00:00Z,SYNTH
API-PYRAZINAMIDE,2026-08-01,CN,0.850199,FlowForge synthetic (TradeStat not downloaded; see ingest/tradestat.py),,2026-09-27T00:00:00Z,SYNTH
API-PYRAZINAMIDE,2026-08-01,JP,0.05504,FlowForge synthetic (TradeStat not downloaded; see ingest/tradestat.py),,2026-09-27T00:00:00Z,SYNTH
API-PYRAZINAMIDE,2026-08-01,CH,0.013323,FlowForge synthetic (TradeStat not downloaded; see ingest/tradestat.py),,2026-09-27T00:00:00Z,SYNTH
API-PYRAZINAMIDE,2026-08-01,ES,0.081438,FlowForge synthetic (TradeStat not downloaded; see ingest/tradestat.py),,2026-09-27T00:00:00Z,SYNTH
API-PYRAZINAMIDE,2026-09-01,CN,1.0,FlowForge synthetic (TradeStat not downloaded; see ingest/tradestat.py),,2026-09-27T00:00:00Z,SYNTH
API-PYRAZINAMIDE,2026-09-01,JP,0.0,FlowForge synthetic (TradeStat not downloaded; see ingest/tradestat.py),,2026-09-27T00:00:00Z,SYNTH
API-PYRAZINAMIDE,2026-09-01,CH,0.0,FlowForge synthetic (TradeStat not downloaded; see ingest/tradestat.py),,2026-09-27T00:00:00Z,SYNTH
API-PYRAZINAMIDE,2026-09-01,ES,0.0,FlowForge synthetic (TradeStat not downloaded; see ingest/tradestat.py),,2026-09-27T00:00:00Z,SYNTH
API-QUININE,2023-10-01,CN,0.643395,FlowForge synthetic (TradeStat not downloaded; see ingest/tradestat.py),,2026-09-27T00:00:00Z,SYNTH
API-QUININE,2023-10-01,KR,0.356605,FlowForge synthetic (TradeStat not downloaded; see ingest/tradestat.py),,2026-09-27T00:00:00Z,SYNTH
API-QUININE,2023-11-01,CN,0.624917,FlowForge synthetic (TradeStat not downloaded; see ingest/tradestat.py),,2026-09-27T00:00:00Z,SYNTH
API-QUININE,2023-11-01,KR,0.375083,FlowForge synthetic (TradeStat not downloaded; see ingest/tradestat.py),,2026-09-27T00:00:00Z,SYNTH
API-QUININE,2023-12-01,CN,0.616823,FlowForge synthetic (TradeStat not downloaded; see ingest/tradestat.py),,2026-09-27T00:00:00Z,SYNTH
API-QUININE,2023-12-01,KR,0.383177,FlowForge synthetic (TradeStat not downloaded; see ingest/tradestat.py),,2026-09-27T00:00:00Z,SYNTH
API-QUININE,2024-01-01,CN,0.630735,FlowForge synthetic (TradeStat not downloaded; see ingest/tradestat.py),,2026-09-27T00:00:00Z,SYNTH
API-QUININE,2024-01-01,KR,0.369265,FlowForge synthetic (TradeStat not downloaded; see ingest/tradestat.py),,2026-09-27T00:00:00Z,SYNTH
API-QUININE,2024-02-01,CN,0.62517,FlowForge synthetic (TradeStat not downloaded; see ingest/tradestat.py),,2026-09-27T00:00:00Z,SYNTH
API-QUININE,2024-02-01,KR,0.37483,FlowForge synthetic (TradeStat not downloaded; see ingest/tradestat.py),,2026-09-27T00:00:00Z,SYNTH
API-QUININE,2024-03-01,CN,0.635572,FlowForge synthetic (TradeStat not downloaded; see ingest/tradestat.py),,2026-09-27T00:00:00Z,SYNTH
API-QUININE,2024-03-01,KR,0.364428,FlowForge synthetic (TradeStat not downloaded; see ingest/tradestat.py),,2026-09-27T00:00:00Z,SYNTH
API-QUININE,2024-04-01,CN,0.611526,FlowForge synthetic (TradeStat not downloaded; see ingest/tradestat.py),,2026-09-27T00:00:00Z,SYNTH
API-QUININE,2024-04-01,KR,0.388474,FlowForge synthetic (TradeStat not downloaded; see ingest/tradestat.py),,2026-09-27T00:00:00Z,SYNTH
API-QUININE,2024-05-01,CN,0.626307,FlowForge synthetic (TradeStat not downloaded; see ingest/tradestat.py),,2026-09-27T00:00:00Z,SYNTH
API-QUININE,2024-05-01,KR,0.373693,FlowForge synthetic (TradeStat not downloaded; see ingest/tradestat.py),,2026-09-27T00:00:00Z,SYNTH
API-QUININE,2024-06-01,CN,0.611954,FlowForge synthetic (TradeStat not downloaded; see ingest/tradestat.py),,2026-09-27T00:00:00Z,SYNTH
API-QUININE,2024-06-01,KR,0.388046,FlowForge synthetic (TradeStat not downloaded; see ingest/tradestat.py),,2026-09-27T00:00:00Z,SYNTH
API-QUININE,2024-07-01,CN,0.60186,FlowForge synthetic (TradeStat not downloaded; see ingest/tradestat.py),,2026-09-27T00:00:00Z,SYNTH
API-QUININE,2024-07-01,KR,0.39814,FlowForge synthetic (TradeStat not downloaded; see ingest/tradestat.py),,2026-09-27T00:00:00Z,SYNTH
API-QUININE,2024-08-01,CN,0.618803,FlowForge synthetic (TradeStat not downloaded; see ingest/tradestat.py),,2026-09-27T00:00:00Z,SYNTH
API-QUININE,2024-08-01,KR,0.381197,FlowForge synthetic (TradeStat not downloaded; see ingest/tradestat.py),,2026-09-27T00:00:00Z,SYNTH
API-QUININE,2024-09-01,CN,0.607365,FlowForge synthetic (TradeStat not downloaded; see ingest/tradestat.py),,2026-09-27T00:00:00Z,SYNTH
API-QUININE,2024-09-01,KR,0.392635,FlowForge synthetic (TradeStat not downloaded; see ingest/tradestat.py),,2026-09-27T00:00:00Z,SYNTH
API-QUININE,2024-10-01,CN,0.632769,FlowForge synthetic (TradeStat not downloaded; see ingest/tradestat.py),,2026-09-27T00:00:00Z,SYNTH
API-QUININE,2024-10-01,KR,0.367231,FlowForge synthetic (TradeStat not downloaded; see ingest/tradestat.py),,2026-09-27T00:00:00Z,SYNTH
API-QUININE,2024-11-01,CN,0.625721,FlowForge synthetic (TradeStat not downloaded; see ingest/tradestat.py),,2026-09-27T00:00:00Z,SYNTH
API-QUININE,2024-11-01,KR,0.374279,FlowForge synthetic (TradeStat not downloaded; see ingest/tradestat.py),,2026-09-27T00:00:00Z,SYNTH
API-QUININE,2024-12-01,CN,0.593691,FlowForge synthetic (TradeStat not downloaded; see ingest/tradestat.py),,2026-09-27T00:00:00Z,SYNTH
API-QUININE,2024-12-01,KR,0.406309,FlowForge synthetic (TradeStat not downloaded; see ingest/tradestat.py),,2026-09-27T00:00:00Z,SYNTH
API-QUININE,2025-01-01,CN,0.659299,FlowForge synthetic (TradeStat not downloaded; see ingest/tradestat.py),,2026-09-27T00:00:00Z,SYNTH
API-QUININE,2025-01-01,KR,0.340701,FlowForge synthetic (TradeStat not downloaded; see ingest/tradestat.py),,2026-09-27T00:00:00Z,SYNTH
API-QUININE,2025-02-01,CN,0.618644,FlowForge synthetic (TradeStat not downloaded; see ingest/tradestat.py),,2026-09-27T00:00:00Z,SYNTH
API-QUININE,2025-02-01,KR,0.381356,FlowForge synthetic (TradeStat not downloaded; see ingest/tradestat.py),,2026-09-27T00:00:00Z,SYNTH
API-QUININE,2025-03-01,CN,0.631017,FlowForge synthetic (TradeStat not downloaded; see ingest/tradestat.py),,2026-09-27T00:00:00Z,SYNTH
API-QUININE,2025-03-01,KR,0.368983,FlowForge synthetic (TradeStat not downloaded; see ingest/tradestat.py),,2026-09-27T00:00:00Z,SYNTH
API-QUININE,2025-04-01,CN,0.633382,FlowForge synthetic (TradeStat not downloaded; see ingest/tradestat.py),,2026-09-27T00:00:00Z,SYNTH
API-QUININE,2025-04-01,KR,0.366618,FlowForge synthetic (TradeStat not downloaded; see ingest/tradestat.py),,2026-09-27T00:00:00Z,SYNTH
API-QUININE,2025-05-01,CN,0.632118,FlowForge synthetic (TradeStat not downloaded; see ingest/tradestat.py),,2026-09-27T00:00:00Z,SYNTH
API-QUININE,2025-05-01,KR,0.367882,FlowForge synthetic (TradeStat not downloaded; see ingest/tradestat.py),,2026-09-27T00:00:00Z,SYNTH
API-QUININE,2025-06-01,CN,0.63167,FlowForge synthetic (TradeStat not downloaded; see ingest/tradestat.py),,2026-09-27T00:00:00Z,SYNTH
API-QUININE,2025-06-01,KR,0.36833,FlowForge synthetic (TradeStat not downloaded; see ingest/tradestat.py),,2026-09-27T00:00:00Z,SYNTH
API-QUININE,2025-07-01,CN,0.627063,FlowForge synthetic (TradeStat not downloaded; see ingest/tradestat.py),,2026-09-27T00:00:00Z,SYNTH
API-QUININE,2025-07-01,KR,0.372937,FlowForge synthetic (TradeStat not downloaded; see ingest/tradestat.py),,2026-09-27T00:00:00Z,SYNTH
API-QUININE,2025-08-01,CN,0.610939,FlowForge synthetic (TradeStat not downloaded; see ingest/tradestat.py),,2026-09-27T00:00:00Z,SYNTH
API-QUININE,2025-08-01,KR,0.389061,FlowForge synthetic (TradeStat not downloaded; see ingest/tradestat.py),,2026-09-27T00:00:00Z,SYNTH
API-QUININE,2025-09-01,CN,0.680011,FlowForge synthetic (TradeStat not downloaded; see ingest/tradestat.py),,2026-09-27T00:00:00Z,SYNTH
API-QUININE,2025-09-01,KR,0.319989,FlowForge synthetic (TradeStat not downloaded; see ingest/tradestat.py),,2026-09-27T00:00:00Z,SYNTH
API-QUININE,2025-10-01,CN,0.603222,FlowForge synthetic (TradeStat not downloaded; see ingest/tradestat.py),,2026-09-27T00:00:00Z,SYNTH
API-QUININE,2025-10-01,KR,0.396778,FlowForge synthetic (TradeStat not downloaded; see ingest/tradestat.py),,2026-09-27T00:00:00Z,SYNTH
API-QUININE,2025-11-01,CN,0.660695,FlowForge synthetic (TradeStat not downloaded; see ingest/tradestat.py),,2026-09-27T00:00:00Z,SYNTH
API-QUININE,2025-11-01,KR,0.339305,FlowForge synthetic (TradeStat not downloaded; see ingest/tradestat.py),,2026-09-27T00:00:00Z,SYNTH
API-QUININE,2025-12-01,CN,0.639498,FlowForge synthetic (TradeStat not downloaded; see ingest/tradestat.py),,2026-09-27T00:00:00Z,SYNTH
API-QUININE,2025-12-01,KR,0.360502,FlowForge synthetic (TradeStat not downloaded; see ingest/tradestat.py),,2026-09-27T00:00:00Z,SYNTH
API-QUININE,2026-01-01,CN,0.607732,FlowForge synthetic (TradeStat not downloaded; see ingest/tradestat.py),,2026-09-27T00:00:00Z,SYNTH
API-QUININE,2026-01-01,KR,0.392268,FlowForge synthetic (TradeStat not downloaded; see ingest/tradestat.py),,2026-09-27T00:00:00Z,SYNTH
API-QUININE,2026-02-01,CN,0.635447,FlowForge synthetic (TradeStat not downloaded; see ingest/tradestat.py),,2026-09-27T00:00:00Z,SYNTH
API-QUININE,2026-02-01,KR,0.364553,FlowForge synthetic (TradeStat not downloaded; see ingest/tradestat.py),,2026-09-27T00:00:00Z,SYNTH
API-QUININE,2026-03-01,CN,0.614198,FlowForge synthetic (TradeStat not downloaded; see ingest/tradestat.py),,2026-09-27T00:00:00Z,SYNTH
API-QUININE,2026-03-01,KR,0.385802,FlowForge synthetic (TradeStat not downloaded; see ingest/tradestat.py),,2026-09-27T00:00:00Z,SYNTH
API-QUININE,2026-04-01,CN,0.629768,FlowForge synthetic (TradeStat not downloaded; see ingest/tradestat.py),,2026-09-27T00:00:00Z,SYNTH
API-QUININE,2026-04-01,KR,0.370232,FlowForge synthetic (TradeStat not downloaded; see ingest/tradestat.py),,2026-09-27T00:00:00Z,SYNTH
API-QUININE,2026-05-01,CN,0.649403,FlowForge synthetic (TradeStat not downloaded; see ingest/tradestat.py),,2026-09-27T00:00:00Z,SYNTH
API-QUININE,2026-05-01,KR,0.350597,FlowForge synthetic (TradeStat not downloaded; see ingest/tradestat.py),,2026-09-27T00:00:00Z,SYNTH
API-QUININE,2026-06-01,CN,0.654034,FlowForge synthetic (TradeStat not downloaded; see ingest/tradestat.py),,2026-09-27T00:00:00Z,SYNTH
API-QUININE,2026-06-01,KR,0.345966,FlowForge synthetic (TradeStat not downloaded; see ingest/tradestat.py),,2026-09-27T00:00:00Z,SYNTH
API-QUININE,2026-07-01,CN,0.608932,FlowForge synthetic (TradeStat not downloaded; see ingest/tradestat.py),,2026-09-27T00:00:00Z,SYNTH
API-QUININE,2026-07-01,KR,0.391068,FlowForge synthetic (TradeStat not downloaded; see ingest/tradestat.py),,2026-09-27T00:00:00Z,SYNTH
API-QUININE,2026-08-01,CN,0.592853,FlowForge synthetic (TradeStat not downloaded; see ingest/tradestat.py),,2026-09-27T00:00:00Z,SYNTH
API-QUININE,2026-08-01,KR,0.407147,FlowForge synthetic (TradeStat not downloaded; see ingest/tradestat.py),,2026-09-27T00:00:00Z,SYNTH
API-QUININE,2026-09-01,CN,0.621856,FlowForge synthetic (TradeStat not downloaded; see ingest/tradestat.py),,2026-09-27T00:00:00Z,SYNTH
API-QUININE,2026-09-01,KR,0.378144,FlowForge synthetic (TradeStat not downloaded; see ingest/tradestat.py),,2026-09-27T00:00:00Z,SYNTH
API-RIFAMPICIN,2023-10-01,CN,0.801471,FlowForge synthetic (TradeStat not downloaded; see ingest/tradestat.py),,2026-09-27T00:00:00Z,SYNTH
API-RIFAMPICIN,2023-10-01,DE,0.198529,FlowForge synthetic (TradeStat not downloaded; see ingest/tradestat.py),,2026-09-27T00:00:00Z,SYNTH
API-RIFAMPICIN,2023-11-01,CN,0.82585,FlowForge synthetic (TradeStat not downloaded; see ingest/tradestat.py),,2026-09-27T00:00:00Z,SYNTH
API-RIFAMPICIN,2023-11-01,DE,0.17415,FlowForge synthetic (TradeStat not downloaded; see ingest/tradestat.py),,2026-09-27T00:00:00Z,SYNTH
API-RIFAMPICIN,2023-12-01,CN,0.796931,FlowForge synthetic (TradeStat not downloaded; see ingest/tradestat.py),,2026-09-27T00:00:00Z,SYNTH
API-RIFAMPICIN,2023-12-01,DE,0.203069,FlowForge synthetic (TradeStat not downloaded; see ingest/tradestat.py),,2026-09-27T00:00:00Z,SYNTH
API-RIFAMPICIN,2024-01-01,CN,0.88842,FlowForge synthetic (TradeStat not downloaded; see ingest/tradestat.py),,2026-09-27T00:00:00Z,SYNTH
API-RIFAMPICIN,2024-01-01,DE,0.11158,FlowForge synthetic (TradeStat not downloaded; see ingest/tradestat.py),,2026-09-27T00:00:00Z,SYNTH
API-RIFAMPICIN,2024-02-01,CN,0.817865,FlowForge synthetic (TradeStat not downloaded; see ingest/tradestat.py),,2026-09-27T00:00:00Z,SYNTH
API-RIFAMPICIN,2024-02-01,DE,0.182135,FlowForge synthetic (TradeStat not downloaded; see ingest/tradestat.py),,2026-09-27T00:00:00Z,SYNTH
API-RIFAMPICIN,2024-03-01,CN,0.82662,FlowForge synthetic (TradeStat not downloaded; see ingest/tradestat.py),,2026-09-27T00:00:00Z,SYNTH
API-RIFAMPICIN,2024-03-01,DE,0.17338,FlowForge synthetic (TradeStat not downloaded; see ingest/tradestat.py),,2026-09-27T00:00:00Z,SYNTH
API-RIFAMPICIN,2024-04-01,CN,0.794942,FlowForge synthetic (TradeStat not downloaded; see ingest/tradestat.py),,2026-09-27T00:00:00Z,SYNTH
API-RIFAMPICIN,2024-04-01,DE,0.205058,FlowForge synthetic (TradeStat not downloaded; see ingest/tradestat.py),,2026-09-27T00:00:00Z,SYNTH
API-RIFAMPICIN,2024-05-01,CN,0.764887,FlowForge synthetic (TradeStat not downloaded; see ingest/tradestat.py),,2026-09-27T00:00:00Z,SYNTH
API-RIFAMPICIN,2024-05-01,DE,0.235113,FlowForge synthetic (TradeStat not downloaded; see ingest/tradestat.py),,2026-09-27T00:00:00Z,SYNTH
API-RIFAMPICIN,2024-06-01,CN,0.800151,FlowForge synthetic (TradeStat not downloaded; see ingest/tradestat.py),,2026-09-27T00:00:00Z,SYNTH
API-RIFAMPICIN,2024-06-01,DE,0.199849,FlowForge synthetic (TradeStat not downloaded; see ingest/tradestat.py),,2026-09-27T00:00:00Z,SYNTH
API-RIFAMPICIN,2024-07-01,CN,0.835968,FlowForge synthetic (TradeStat not downloaded; see ingest/tradestat.py),,2026-09-27T00:00:00Z,SYNTH
API-RIFAMPICIN,2024-07-01,DE,0.164032,FlowForge synthetic (TradeStat not downloaded; see ingest/tradestat.py),,2026-09-27T00:00:00Z,SYNTH
API-RIFAMPICIN,2024-08-01,CN,0.809943,FlowForge synthetic (TradeStat not downloaded; see ingest/tradestat.py),,2026-09-27T00:00:00Z,SYNTH
API-RIFAMPICIN,2024-08-01,DE,0.190057,FlowForge synthetic (TradeStat not downloaded; see ingest/tradestat.py),,2026-09-27T00:00:00Z,SYNTH
API-RIFAMPICIN,2024-09-01,CN,0.817394,FlowForge synthetic (TradeStat not downloaded; see ingest/tradestat.py),,2026-09-27T00:00:00Z,SYNTH
API-RIFAMPICIN,2024-09-01,DE,0.182606,FlowForge synthetic (TradeStat not downloaded; see ingest/tradestat.py),,2026-09-27T00:00:00Z,SYNTH
API-RIFAMPICIN,2024-10-01,CN,0.790287,FlowForge synthetic (TradeStat not downloaded; see ingest/tradestat.py),,2026-09-27T00:00:00Z,SYNTH
API-RIFAMPICIN,2024-10-01,DE,0.209713,FlowForge synthetic (TradeStat not downloaded; see ingest/tradestat.py),,2026-09-27T00:00:00Z,SYNTH
API-RIFAMPICIN,2024-11-01,CN,0.816895,FlowForge synthetic (TradeStat not downloaded; see ingest/tradestat.py),,2026-09-27T00:00:00Z,SYNTH
API-RIFAMPICIN,2024-11-01,DE,0.183105,FlowForge synthetic (TradeStat not downloaded; see ingest/tradestat.py),,2026-09-27T00:00:00Z,SYNTH
API-RIFAMPICIN,2024-12-01,CN,0.812037,FlowForge synthetic (TradeStat not downloaded; see ingest/tradestat.py),,2026-09-27T00:00:00Z,SYNTH
API-RIFAMPICIN,2024-12-01,DE,0.187963,FlowForge synthetic (TradeStat not downloaded; see ingest/tradestat.py),,2026-09-27T00:00:00Z,SYNTH
API-RIFAMPICIN,2025-01-01,CN,0.83659,FlowForge synthetic (TradeStat not downloaded; see ingest/tradestat.py),,2026-09-27T00:00:00Z,SYNTH
API-RIFAMPICIN,2025-01-01,DE,0.16341,FlowForge synthetic (TradeStat not downloaded; see ingest/tradestat.py),,2026-09-27T00:00:00Z,SYNTH
API-RIFAMPICIN,2025-02-01,CN,0.789272,FlowForge synthetic (TradeStat not downloaded; see ingest/tradestat.py),,2026-09-27T00:00:00Z,SYNTH
API-RIFAMPICIN,2025-02-01,DE,0.210728,FlowForge synthetic (TradeStat not downloaded; see ingest/tradestat.py),,2026-09-27T00:00:00Z,SYNTH
API-RIFAMPICIN,2025-03-01,CN,0.800024,FlowForge synthetic (TradeStat not downloaded; see ingest/tradestat.py),,2026-09-27T00:00:00Z,SYNTH
API-RIFAMPICIN,2025-03-01,DE,0.199976,FlowForge synthetic (TradeStat not downloaded; see ingest/tradestat.py),,2026-09-27T00:00:00Z,SYNTH
API-RIFAMPICIN,2025-04-01,CN,0.852967,FlowForge synthetic (TradeStat not downloaded; see ingest/tradestat.py),,2026-09-27T00:00:00Z,SYNTH
API-RIFAMPICIN,2025-04-01,DE,0.147033,FlowForge synthetic (TradeStat not downloaded; see ingest/tradestat.py),,2026-09-27T00:00:00Z,SYNTH
API-RIFAMPICIN,2025-05-01,CN,0.815428,FlowForge synthetic (TradeStat not downloaded; see ingest/tradestat.py),,2026-09-27T00:00:00Z,SYNTH
API-RIFAMPICIN,2025-05-01,DE,0.184572,FlowForge synthetic (TradeStat not downloaded; see ingest/tradestat.py),,2026-09-27T00:00:00Z,SYNTH
API-RIFAMPICIN,2025-06-01,CN,0.814268,FlowForge synthetic (TradeStat not downloaded; see ingest/tradestat.py),,2026-09-27T00:00:00Z,SYNTH
API-RIFAMPICIN,2025-06-01,DE,0.185732,FlowForge synthetic (TradeStat not downloaded; see ingest/tradestat.py),,2026-09-27T00:00:00Z,SYNTH
API-RIFAMPICIN,2025-07-01,CN,0.829978,FlowForge synthetic (TradeStat not downloaded; see ingest/tradestat.py),,2026-09-27T00:00:00Z,SYNTH
API-RIFAMPICIN,2025-07-01,DE,0.170022,FlowForge synthetic (TradeStat not downloaded; see ingest/tradestat.py),,2026-09-27T00:00:00Z,SYNTH
API-RIFAMPICIN,2025-08-01,CN,0.822734,FlowForge synthetic (TradeStat not downloaded; see ingest/tradestat.py),,2026-09-27T00:00:00Z,SYNTH
API-RIFAMPICIN,2025-08-01,DE,0.177266,FlowForge synthetic (TradeStat not downloaded; see ingest/tradestat.py),,2026-09-27T00:00:00Z,SYNTH
API-RIFAMPICIN,2025-09-01,CN,0.825287,FlowForge synthetic (TradeStat not downloaded; see ingest/tradestat.py),,2026-09-27T00:00:00Z,SYNTH
API-RIFAMPICIN,2025-09-01,DE,0.174713,FlowForge synthetic (TradeStat not downloaded; see ingest/tradestat.py),,2026-09-27T00:00:00Z,SYNTH
API-RIFAMPICIN,2025-10-01,CN,0.789668,FlowForge synthetic (TradeStat not downloaded; see ingest/tradestat.py),,2026-09-27T00:00:00Z,SYNTH
API-RIFAMPICIN,2025-10-01,DE,0.210332,FlowForge synthetic (TradeStat not downloaded; see ingest/tradestat.py),,2026-09-27T00:00:00Z,SYNTH
API-RIFAMPICIN,2025-11-01,CN,0.797869,FlowForge synthetic (TradeStat not downloaded; see ingest/tradestat.py),,2026-09-27T00:00:00Z,SYNTH
API-RIFAMPICIN,2025-11-01,DE,0.202131,FlowForge synthetic (TradeStat not downloaded; see ingest/tradestat.py),,2026-09-27T00:00:00Z,SYNTH
API-RIFAMPICIN,2025-12-01,CN,0.841544,FlowForge synthetic (TradeStat not downloaded; see ingest/tradestat.py),,2026-09-27T00:00:00Z,SYNTH
API-RIFAMPICIN,2025-12-01,DE,0.158456,FlowForge synthetic (TradeStat not downloaded; see ingest/tradestat.py),,2026-09-27T00:00:00Z,SYNTH
API-RIFAMPICIN,2026-01-01,CN,0.821415,FlowForge synthetic (TradeStat not downloaded; see ingest/tradestat.py),,2026-09-27T00:00:00Z,SYNTH
API-RIFAMPICIN,2026-01-01,DE,0.178585,FlowForge synthetic (TradeStat not downloaded; see ingest/tradestat.py),,2026-09-27T00:00:00Z,SYNTH
API-RIFAMPICIN,2026-02-01,CN,0.797403,FlowForge synthetic (TradeStat not downloaded; see ingest/tradestat.py),,2026-09-27T00:00:00Z,SYNTH
API-RIFAMPICIN,2026-02-01,DE,0.202597,FlowForge synthetic (TradeStat not downloaded; see ingest/tradestat.py),,2026-09-27T00:00:00Z,SYNTH
API-RIFAMPICIN,2026-03-01,CN,0.820016,FlowForge synthetic (TradeStat not downloaded; see ingest/tradestat.py),,2026-09-27T00:00:00Z,SYNTH
API-RIFAMPICIN,2026-03-01,DE,0.179984,FlowForge synthetic (TradeStat not downloaded; see ingest/tradestat.py),,2026-09-27T00:00:00Z,SYNTH
API-RIFAMPICIN,2026-04-01,CN,0.818185,FlowForge synthetic (TradeStat not downloaded; see ingest/tradestat.py),,2026-09-27T00:00:00Z,SYNTH
API-RIFAMPICIN,2026-04-01,DE,0.181815,FlowForge synthetic (TradeStat not downloaded; see ingest/tradestat.py),,2026-09-27T00:00:00Z,SYNTH
API-RIFAMPICIN,2026-05-01,CN,0.846036,FlowForge synthetic (TradeStat not downloaded; see ingest/tradestat.py),,2026-09-27T00:00:00Z,SYNTH
API-RIFAMPICIN,2026-05-01,DE,0.153964,FlowForge synthetic (TradeStat not downloaded; see ingest/tradestat.py),,2026-09-27T00:00:00Z,SYNTH
API-RIFAMPICIN,2026-06-01,CN,0.800813,FlowForge synthetic (TradeStat not downloaded; see ingest/tradestat.py),,2026-09-27T00:00:00Z,SYNTH
API-RIFAMPICIN,2026-06-01,DE,0.199187,FlowForge synthetic (TradeStat not downloaded; see ingest/tradestat.py),,2026-09-27T00:00:00Z,SYNTH
API-RIFAMPICIN,2026-07-01,CN,0.787386,FlowForge synthetic (TradeStat not downloaded; see ingest/tradestat.py),,2026-09-27T00:00:00Z,SYNTH
API-RIFAMPICIN,2026-07-01,DE,0.212614,FlowForge synthetic (TradeStat not downloaded; see ingest/tradestat.py),,2026-09-27T00:00:00Z,SYNTH
API-RIFAMPICIN,2026-08-01,CN,0.829818,FlowForge synthetic (TradeStat not downloaded; see ingest/tradestat.py),,2026-09-27T00:00:00Z,SYNTH
API-RIFAMPICIN,2026-08-01,DE,0.170182,FlowForge synthetic (TradeStat not downloaded; see ingest/tradestat.py),,2026-09-27T00:00:00Z,SYNTH
API-RIFAMPICIN,2026-09-01,CN,0.79359,FlowForge synthetic (TradeStat not downloaded; see ingest/tradestat.py),,2026-09-27T00:00:00Z,SYNTH
API-RIFAMPICIN,2026-09-01,DE,0.20641,FlowForge synthetic (TradeStat not downloaded; see ingest/tradestat.py),,2026-09-27T00:00:00Z,SYNTH
API-SALBUTAMOL,2023-10-01,CN,0.506545,FlowForge synthetic (TradeStat not downloaded; see ingest/tradestat.py),,2026-09-27T00:00:00Z,SYNTH
API-SALBUTAMOL,2023-10-01,JP,0.493455,FlowForge synthetic (TradeStat not downloaded; see ingest/tradestat.py),,2026-09-27T00:00:00Z,SYNTH
API-SALBUTAMOL,2023-11-01,CN,0.50791,FlowForge synthetic (TradeStat not downloaded; see ingest/tradestat.py),,2026-09-27T00:00:00Z,SYNTH
API-SALBUTAMOL,2023-11-01,JP,0.49209,FlowForge synthetic (TradeStat not downloaded; see ingest/tradestat.py),,2026-09-27T00:00:00Z,SYNTH
API-SALBUTAMOL,2023-12-01,CN,0.461321,FlowForge synthetic (TradeStat not downloaded; see ingest/tradestat.py),,2026-09-27T00:00:00Z,SYNTH
API-SALBUTAMOL,2023-12-01,JP,0.538679,FlowForge synthetic (TradeStat not downloaded; see ingest/tradestat.py),,2026-09-27T00:00:00Z,SYNTH
API-SALBUTAMOL,2024-01-01,CN,0.493064,FlowForge synthetic (TradeStat not downloaded; see ingest/tradestat.py),,2026-09-27T00:00:00Z,SYNTH
API-SALBUTAMOL,2024-01-01,JP,0.506936,FlowForge synthetic (TradeStat not downloaded; see ingest/tradestat.py),,2026-09-27T00:00:00Z,SYNTH
API-SALBUTAMOL,2024-02-01,CN,0.493081,FlowForge synthetic (TradeStat not downloaded; see ingest/tradestat.py),,2026-09-27T00:00:00Z,SYNTH
API-SALBUTAMOL,2024-02-01,JP,0.506919,FlowForge synthetic (TradeStat not downloaded; see ingest/tradestat.py),,2026-09-27T00:00:00Z,SYNTH
API-SALBUTAMOL,2024-03-01,CN,0.454295,FlowForge synthetic (TradeStat not downloaded; see ingest/tradestat.py),,2026-09-27T00:00:00Z,SYNTH
API-SALBUTAMOL,2024-03-01,JP,0.545705,FlowForge synthetic (TradeStat not downloaded; see ingest/tradestat.py),,2026-09-27T00:00:00Z,SYNTH
API-SALBUTAMOL,2024-04-01,CN,0.495122,FlowForge synthetic (TradeStat not downloaded; see ingest/tradestat.py),,2026-09-27T00:00:00Z,SYNTH
API-SALBUTAMOL,2024-04-01,JP,0.504878,FlowForge synthetic (TradeStat not downloaded; see ingest/tradestat.py),,2026-09-27T00:00:00Z,SYNTH
API-SALBUTAMOL,2024-05-01,CN,0.478681,FlowForge synthetic (TradeStat not downloaded; see ingest/tradestat.py),,2026-09-27T00:00:00Z,SYNTH
API-SALBUTAMOL,2024-05-01,JP,0.521319,FlowForge synthetic (TradeStat not downloaded; see ingest/tradestat.py),,2026-09-27T00:00:00Z,SYNTH
API-SALBUTAMOL,2024-06-01,CN,0.455838,FlowForge synthetic (TradeStat not downloaded; see ingest/tradestat.py),,2026-09-27T00:00:00Z,SYNTH
API-SALBUTAMOL,2024-06-01,JP,0.544162,FlowForge synthetic (TradeStat not downloaded; see ingest/tradestat.py),,2026-09-27T00:00:00Z,SYNTH
API-SALBUTAMOL,2024-07-01,CN,0.468937,FlowForge synthetic (TradeStat not downloaded; see ingest/tradestat.py),,2026-09-27T00:00:00Z,SYNTH
API-SALBUTAMOL,2024-07-01,JP,0.531063,FlowForge synthetic (TradeStat not downloaded; see ingest/tradestat.py),,2026-09-27T00:00:00Z,SYNTH
API-SALBUTAMOL,2024-08-01,CN,0.455654,FlowForge synthetic (TradeStat not downloaded; see ingest/tradestat.py),,2026-09-27T00:00:00Z,SYNTH
API-SALBUTAMOL,2024-08-01,JP,0.544346,FlowForge synthetic (TradeStat not downloaded; see ingest/tradestat.py),,2026-09-27T00:00:00Z,SYNTH
API-SALBUTAMOL,2024-09-01,CN,0.487651,FlowForge synthetic (TradeStat not downloaded; see ingest/tradestat.py),,2026-09-27T00:00:00Z,SYNTH
API-SALBUTAMOL,2024-09-01,JP,0.512349,FlowForge synthetic (TradeStat not downloaded; see ingest/tradestat.py),,2026-09-27T00:00:00Z,SYNTH
API-SALBUTAMOL,2024-10-01,CN,0.459691,FlowForge synthetic (TradeStat not downloaded; see ingest/tradestat.py),,2026-09-27T00:00:00Z,SYNTH
API-SALBUTAMOL,2024-10-01,JP,0.540309,FlowForge synthetic (TradeStat not downloaded; see ingest/tradestat.py),,2026-09-27T00:00:00Z,SYNTH
API-SALBUTAMOL,2024-11-01,CN,0.50389,FlowForge synthetic (TradeStat not downloaded; see ingest/tradestat.py),,2026-09-27T00:00:00Z,SYNTH
API-SALBUTAMOL,2024-11-01,JP,0.49611,FlowForge synthetic (TradeStat not downloaded; see ingest/tradestat.py),,2026-09-27T00:00:00Z,SYNTH
API-SALBUTAMOL,2024-12-01,CN,0.445946,FlowForge synthetic (TradeStat not downloaded; see ingest/tradestat.py),,2026-09-27T00:00:00Z,SYNTH
API-SALBUTAMOL,2024-12-01,JP,0.554054,FlowForge synthetic (TradeStat not downloaded; see ingest/tradestat.py),,2026-09-27T00:00:00Z,SYNTH
API-SALBUTAMOL,2025-01-01,CN,0.50592,FlowForge synthetic (TradeStat not downloaded; see ingest/tradestat.py),,2026-09-27T00:00:00Z,SYNTH
API-SALBUTAMOL,2025-01-01,JP,0.49408,FlowForge synthetic (TradeStat not downloaded; see ingest/tradestat.py),,2026-09-27T00:00:00Z,SYNTH
API-SALBUTAMOL,2025-02-01,CN,0.466698,FlowForge synthetic (TradeStat not downloaded; see ingest/tradestat.py),,2026-09-27T00:00:00Z,SYNTH
API-SALBUTAMOL,2025-02-01,JP,0.533302,FlowForge synthetic (TradeStat not downloaded; see ingest/tradestat.py),,2026-09-27T00:00:00Z,SYNTH
API-SALBUTAMOL,2025-03-01,CN,0.525771,FlowForge synthetic (TradeStat not downloaded; see ingest/tradestat.py),,2026-09-27T00:00:00Z,SYNTH
API-SALBUTAMOL,2025-03-01,JP,0.474229,FlowForge synthetic (TradeStat not downloaded; see ingest/tradestat.py),,2026-09-27T00:00:00Z,SYNTH
API-SALBUTAMOL,2025-04-01,CN,0.505849,FlowForge synthetic (TradeStat not downloaded; see ingest/tradestat.py),,2026-09-27T00:00:00Z,SYNTH
API-SALBUTAMOL,2025-04-01,JP,0.494151,FlowForge synthetic (TradeStat not downloaded; see ingest/tradestat.py),,2026-09-27T00:00:00Z,SYNTH
API-SALBUTAMOL,2025-05-01,CN,0.491639,FlowForge synthetic (TradeStat not downloaded; see ingest/tradestat.py),,2026-09-27T00:00:00Z,SYNTH
API-SALBUTAMOL,2025-05-01,JP,0.508361,FlowForge synthetic (TradeStat not downloaded; see ingest/tradestat.py),,2026-09-27T00:00:00Z,SYNTH
API-SALBUTAMOL,2025-06-01,CN,0.509204,FlowForge synthetic (TradeStat not downloaded; see ingest/tradestat.py),,2026-09-27T00:00:00Z,SYNTH
API-SALBUTAMOL,2025-06-01,JP,0.490796,FlowForge synthetic (TradeStat not downloaded; see ingest/tradestat.py),,2026-09-27T00:00:00Z,SYNTH
API-SALBUTAMOL,2025-07-01,CN,0.521472,FlowForge synthetic (TradeStat not downloaded; see ingest/tradestat.py),,2026-09-27T00:00:00Z,SYNTH
API-SALBUTAMOL,2025-07-01,JP,0.478528,FlowForge synthetic (TradeStat not downloaded; see ingest/tradestat.py),,2026-09-27T00:00:00Z,SYNTH
API-SALBUTAMOL,2025-08-01,CN,0.477915,FlowForge synthetic (TradeStat not downloaded; see ingest/tradestat.py),,2026-09-27T00:00:00Z,SYNTH
API-SALBUTAMOL,2025-08-01,JP,0.522085,FlowForge synthetic (TradeStat not downloaded; see ingest/tradestat.py),,2026-09-27T00:00:00Z,SYNTH
API-SALBUTAMOL,2025-09-01,CN,0.503031,FlowForge synthetic (TradeStat not downloaded; see ingest/tradestat.py),,2026-09-27T00:00:00Z,SYNTH
API-SALBUTAMOL,2025-09-01,JP,0.496969,FlowForge synthetic (TradeStat not downloaded; see ingest/tradestat.py),,2026-09-27T00:00:00Z,SYNTH
API-SALBUTAMOL,2025-10-01,CN,0.538159,FlowForge synthetic (TradeStat not downloaded; see ingest/tradestat.py),,2026-09-27T00:00:00Z,SYNTH
API-SALBUTAMOL,2025-10-01,JP,0.461841,FlowForge synthetic (TradeStat not downloaded; see ingest/tradestat.py),,2026-09-27T00:00:00Z,SYNTH
API-SALBUTAMOL,2025-11-01,CN,0.488319,FlowForge synthetic (TradeStat not downloaded; see ingest/tradestat.py),,2026-09-27T00:00:00Z,SYNTH
API-SALBUTAMOL,2025-11-01,JP,0.511681,FlowForge synthetic (TradeStat not downloaded; see ingest/tradestat.py),,2026-09-27T00:00:00Z,SYNTH
API-SALBUTAMOL,2025-12-01,CN,0.45577,FlowForge synthetic (TradeStat not downloaded; see ingest/tradestat.py),,2026-09-27T00:00:00Z,SYNTH
API-SALBUTAMOL,2025-12-01,JP,0.54423,FlowForge synthetic (TradeStat not downloaded; see ingest/tradestat.py),,2026-09-27T00:00:00Z,SYNTH
API-SALBUTAMOL,2026-01-01,CN,0.455984,FlowForge synthetic (TradeStat not downloaded; see ingest/tradestat.py),,2026-09-27T00:00:00Z,SYNTH
API-SALBUTAMOL,2026-01-01,JP,0.544016,FlowForge synthetic (TradeStat not downloaded; see ingest/tradestat.py),,2026-09-27T00:00:00Z,SYNTH
API-SALBUTAMOL,2026-02-01,CN,0.487012,FlowForge synthetic (TradeStat not downloaded; see ingest/tradestat.py),,2026-09-27T00:00:00Z,SYNTH
API-SALBUTAMOL,2026-02-01,JP,0.512988,FlowForge synthetic (TradeStat not downloaded; see ingest/tradestat.py),,2026-09-27T00:00:00Z,SYNTH
API-SALBUTAMOL,2026-03-01,CN,0.459079,FlowForge synthetic (TradeStat not downloaded; see ingest/tradestat.py),,2026-09-27T00:00:00Z,SYNTH
API-SALBUTAMOL,2026-03-01,JP,0.540921,FlowForge synthetic (TradeStat not downloaded; see ingest/tradestat.py),,2026-09-27T00:00:00Z,SYNTH
API-SALBUTAMOL,2026-04-01,CN,0.507664,FlowForge synthetic (TradeStat not downloaded; see ingest/tradestat.py),,2026-09-27T00:00:00Z,SYNTH
API-SALBUTAMOL,2026-04-01,JP,0.492336,FlowForge synthetic (TradeStat not downloaded; see ingest/tradestat.py),,2026-09-27T00:00:00Z,SYNTH
API-SALBUTAMOL,2026-05-01,CN,0.472648,FlowForge synthetic (TradeStat not downloaded; see ingest/tradestat.py),,2026-09-27T00:00:00Z,SYNTH
API-SALBUTAMOL,2026-05-01,JP,0.527352,FlowForge synthetic (TradeStat not downloaded; see ingest/tradestat.py),,2026-09-27T00:00:00Z,SYNTH
API-SALBUTAMOL,2026-06-01,CN,0.458829,FlowForge synthetic (TradeStat not downloaded; see ingest/tradestat.py),,2026-09-27T00:00:00Z,SYNTH
API-SALBUTAMOL,2026-06-01,JP,0.541171,FlowForge synthetic (TradeStat not downloaded; see ingest/tradestat.py),,2026-09-27T00:00:00Z,SYNTH
API-SALBUTAMOL,2026-07-01,CN,0.46531,FlowForge synthetic (TradeStat not downloaded; see ingest/tradestat.py),,2026-09-27T00:00:00Z,SYNTH
API-SALBUTAMOL,2026-07-01,JP,0.53469,FlowForge synthetic (TradeStat not downloaded; see ingest/tradestat.py),,2026-09-27T00:00:00Z,SYNTH
API-SALBUTAMOL,2026-08-01,CN,0.476524,FlowForge synthetic (TradeStat not downloaded; see ingest/tradestat.py),,2026-09-27T00:00:00Z,SYNTH
API-SALBUTAMOL,2026-08-01,JP,0.523476,FlowForge synthetic (TradeStat not downloaded; see ingest/tradestat.py),,2026-09-27T00:00:00Z,SYNTH
API-SALBUTAMOL,2026-09-01,CN,0.488309,FlowForge synthetic (TradeStat not downloaded; see ingest/tradestat.py),,2026-09-27T00:00:00Z,SYNTH
API-SALBUTAMOL,2026-09-01,JP,0.511691,FlowForge synthetic (TradeStat not downloaded; see ingest/tradestat.py),,2026-09-27T00:00:00Z,SYNTH
API-STREPTOMYCIN,2023-10-01,KR,0.501672,FlowForge synthetic (TradeStat not downloaded; see ingest/tradestat.py),,2026-09-27T00:00:00Z,SYNTH
API-STREPTOMYCIN,2023-10-01,DE,0.058378,FlowForge synthetic (TradeStat not downloaded; see ingest/tradestat.py),,2026-09-27T00:00:00Z,SYNTH
API-STREPTOMYCIN,2023-10-01,JP,0.43995,FlowForge synthetic (TradeStat not downloaded; see ingest/tradestat.py),,2026-09-27T00:00:00Z,SYNTH
API-STREPTOMYCIN,2023-11-01,KR,0.468293,FlowForge synthetic (TradeStat not downloaded; see ingest/tradestat.py),,2026-09-27T00:00:00Z,SYNTH
API-STREPTOMYCIN,2023-11-01,DE,0.068045,FlowForge synthetic (TradeStat not downloaded; see ingest/tradestat.py),,2026-09-27T00:00:00Z,SYNTH
API-STREPTOMYCIN,2023-11-01,JP,0.463662,FlowForge synthetic (TradeStat not downloaded; see ingest/tradestat.py),,2026-09-27T00:00:00Z,SYNTH
API-STREPTOMYCIN,2023-12-01,KR,0.518626,FlowForge synthetic (TradeStat not downloaded; see ingest/tradestat.py),,2026-09-27T00:00:00Z,SYNTH
API-STREPTOMYCIN,2023-12-01,DE,0.053686,FlowForge synthetic (TradeStat not downloaded; see ingest/tradestat.py),,2026-09-27T00:00:00Z,SYNTH
API-STREPTOMYCIN,2023-12-01,JP,0.427689,FlowForge synthetic (TradeStat not downloaded; see ingest/tradestat.py),,2026-09-27T00:00:00Z,SYNTH
API-STREPTOMYCIN,2024-01-01,KR,0.487355,FlowForge synthetic (TradeStat not downloaded; see ingest/tradestat.py),,2026-09-27T00:00:00Z,SYNTH
API-STREPTOMYCIN,2024-01-01,DE,0.087274,FlowForge synthetic (TradeStat not downloaded; see ingest/tradestat.py),,2026-09-27T00:00:00Z,SYNTH
API-STREPTOMYCIN,2024-01-01,JP,0.425371,FlowForge synthetic (TradeStat not downloaded; see ingest/tradestat.py),,2026-09-27T00:00:00Z,SYNTH
API-STREPTOMYCIN,2024-02-01,KR,0.496047,FlowForge synthetic (TradeStat not downloaded; see ingest/tradestat.py),,2026-09-27T00:00:00Z,SYNTH
API-STREPTOMYCIN,2024-02-01,DE,0.018384,FlowForge synthetic (TradeStat not downloaded; see ingest/tradestat.py),,2026-09-27T00:00:00Z,SYNTH
API-STREPTOMYCIN,2024-02-01,JP,0.485569,FlowForge synthetic (TradeStat not downloaded; see ingest/tradestat.py),,2026-09-27T00:00:00Z,SYNTH
API-STREPTOMYCIN,2024-03-01,KR,0.450045,FlowForge synthetic (TradeStat not downloaded; see ingest/tradestat.py),,2026-09-27T00:00:00Z,SYNTH
API-STREPTOMYCIN,2024-03-01,DE,0.106735,FlowForge synthetic (TradeStat not downloaded; see ingest/tradestat.py),,2026-09-27T00:00:00Z,SYNTH
API-STREPTOMYCIN,2024-03-01,JP,0.44322,FlowForge synthetic (TradeStat not downloaded; see ingest/tradestat.py),,2026-09-27T00:00:00Z,SYNTH
API-STREPTOMYCIN,2024-04-01,KR,0.495274,FlowForge synthetic (TradeStat not downloaded; see ingest/tradestat.py),,2026-09-27T00:00:00Z,SYNTH
API-STREPTOMYCIN,2024-04-01,DE,0.084451,FlowForge synthetic (TradeStat not downloaded; see ingest/tradestat.py),,2026-09-27T00:00:00Z,SYNTH
API-STREPTOMYCIN,2024-04-01,JP,0.420275,FlowForge synthetic (TradeStat not downloaded; see ingest/tradestat.py),,2026-09-27T00:00:00Z,SYNTH
API-STREPTOMYCIN,2024-05-01,KR,0.487081,FlowForge synthetic (TradeStat not downloaded; see ingest/tradestat.py),,2026-09-27T00:00:00Z,SYNTH
API-STREPTOMYCIN,2024-05-01,DE,0.084851,FlowForge synthetic (TradeStat not downloaded; see ingest/tradestat.py),,2026-09-27T00:00:00Z,SYNTH
API-STREPTOMYCIN,2024-05-01,JP,0.428068,FlowForge synthetic (TradeStat not downloaded; see ingest/tradestat.py),,2026-09-27T00:00:00Z,SYNTH
API-STREPTOMYCIN,2024-06-01,KR,0.525137,FlowForge synthetic (TradeStat not downloaded; see ingest/tradestat.py),,2026-09-27T00:00:00Z,SYNTH
API-STREPTOMYCIN,2024-06-01,DE,0.0,FlowForge synthetic (TradeStat not downloaded; see ingest/tradestat.py),,2026-09-27T00:00:00Z,SYNTH
API-STREPTOMYCIN,2024-06-01,JP,0.474863,FlowForge synthetic (TradeStat not downloaded; see ingest/tradestat.py),,2026-09-27T00:00:00Z,SYNTH
API-STREPTOMYCIN,2024-07-01,KR,0.526055,FlowForge synthetic (TradeStat not downloaded; see ingest/tradestat.py),,2026-09-27T00:00:00Z,SYNTH
API-STREPTOMYCIN,2024-07-01,DE,0.026076,FlowForge synthetic (TradeStat not downloaded; see ingest/tradestat.py),,2026-09-27T00:00:00Z,SYNTH
API-STREPTOMYCIN,2024-07-01,JP,0.447869,FlowForge synthetic (TradeStat not downloaded; see ingest/tradestat.py),,2026-09-27T00:00:00Z,SYNTH
API-STREPTOMYCIN,2024-08-01,KR,0.517646,FlowForge synthetic (TradeStat not downloaded; see ingest/tradestat.py),,2026-09-27T00:00:00Z,SYNTH
API-STREPTOMYCIN,2024-08-01,DE,0.07947,FlowForge synthetic (TradeStat not downloaded; see ingest/tradestat.py),,2026-09-27T00:00:00Z,SYNTH
API-STREPTOMYCIN,2024-08-01,JP,0.402884,FlowForge synthetic (TradeStat not downloaded; see ingest/tradestat.py),,2026-09-27T00:00:00Z,SYNTH
API-STREPTOMYCIN,2024-09-01,KR,0.477055,FlowForge synthetic (TradeStat not downloaded; see ingest/tradestat.py),,2026-09-27T00:00:00Z,SYNTH
API-STREPTOMYCIN,2024-09-01,DE,0.065819,FlowForge synthetic (TradeStat not downloaded; see ingest/tradestat.py),,2026-09-27T00:00:00Z,SYNTH
API-STREPTOMYCIN,2024-09-01,JP,0.457126,FlowForge synthetic (TradeStat not downloaded; see ingest/tradestat.py),,2026-09-27T00:00:00Z,SYNTH
API-STREPTOMYCIN,2024-10-01,KR,0.501226,FlowForge synthetic (TradeStat not downloaded; see ingest/tradestat.py),,2026-09-27T00:00:00Z,SYNTH
API-STREPTOMYCIN,2024-10-01,DE,0.03452,FlowForge synthetic (TradeStat not downloaded; see ingest/tradestat.py),,2026-09-27T00:00:00Z,SYNTH
API-STREPTOMYCIN,2024-10-01,JP,0.464254,FlowForge synthetic (TradeStat not downloaded; see ingest/tradestat.py),,2026-09-27T00:00:00Z,SYNTH
API-STREPTOMYCIN,2024-11-01,KR,0.446181,FlowForge synthetic (TradeStat not downloaded; see ingest/tradestat.py),,2026-09-27T00:00:00Z,SYNTH
API-STREPTOMYCIN,2024-11-01,DE,0.07373,FlowForge synthetic (TradeStat not downloaded; see ingest/tradestat.py),,2026-09-27T00:00:00Z,SYNTH
API-STREPTOMYCIN,2024-11-01,JP,0.480088,FlowForge synthetic (TradeStat not downloaded; see ingest/tradestat.py),,2026-09-27T00:00:00Z,SYNTH
API-STREPTOMYCIN,2024-12-01,KR,0.516498,FlowForge synthetic (TradeStat not downloaded; see ingest/tradestat.py),,2026-09-27T00:00:00Z,SYNTH
API-STREPTOMYCIN,2024-12-01,DE,0.057416,FlowForge synthetic (TradeStat not downloaded; see ingest/tradestat.py),,2026-09-27T00:00:00Z,SYNTH
API-STREPTOMYCIN,2024-12-01,JP,0.426085,FlowForge synthetic (TradeStat not downloaded; see ingest/tradestat.py),,2026-09-27T00:00:00Z,SYNTH
API-STREPTOMYCIN,2025-01-01,KR,0.499018,FlowForge synthetic (TradeStat not downloaded; see ingest/tradestat.py),,2026-09-27T00:00:00Z,SYNTH
API-STREPTOMYCIN,2025-01-01,DE,0.039652,FlowForge synthetic (TradeStat not downloaded; see ingest/tradestat.py),,2026-09-27T00:00:00Z,SYNTH
API-STREPTOMYCIN,2025-01-01,JP,0.461331,FlowForge synthetic (TradeStat not downloaded; see ingest/tradestat.py),,2026-09-27T00:00:00Z,SYNTH
API-STREPTOMYCIN,2025-02-01,KR,0.480783,FlowForge synthetic (TradeStat not downloaded; see ingest/tradestat.py),,2026-09-27T00:00:00Z,SYNTH
API-STREPTOMYCIN,2025-02-01,DE,0.074358,FlowForge synthetic (TradeStat not downloaded; see ingest/tradestat.py),,2026-09-27T00:00:00Z,SYNTH
API-STREPTOMYCIN,2025-02-01,JP,0.444859,FlowForge synthetic (TradeStat not downloaded; see ingest/tradestat.py),,2026-09-27T00:00:00Z,SYNTH
API-STREPTOMYCIN,2025-03-01,KR,0.448081,FlowForge synthetic (TradeStat not downloaded; see ingest/tradestat.py),,2026-09-27T00:00:00Z,SYNTH
API-STREPTOMYCIN,2025-03-01,DE,0.060624,FlowForge synthetic (TradeStat not downloaded; see ingest/tradestat.py),,2026-09-27T00:00:00Z,SYNTH
API-STREPTOMYCIN,2025-03-01,JP,0.491295,FlowForge synthetic (TradeStat not downloaded; see ingest/tradestat.py),,2026-09-27T00:00:00Z,SYNTH
API-STREPTOMYCIN,2025-04-01,KR,0.504937,FlowForge synthetic (TradeStat not downloaded; see ingest/tradestat.py),,2026-09-27T00:00:00Z,SYNTH
API-STREPTOMYCIN,2025-04-01,DE,0.039596,FlowForge synthetic (TradeStat not downloaded; see ingest/tradestat.py),,2026-09-27T00:00:00Z,SYNTH
API-STREPTOMYCIN,2025-04-01,JP,0.455467,FlowForge synthetic (TradeStat not downloaded; see ingest/tradestat.py),,2026-09-27T00:00:00Z,SYNTH
API-STREPTOMYCIN,2025-05-01,KR,0.536755,FlowForge synthetic (TradeStat not downloaded; see ingest/tradestat.py),,2026-09-27T00:00:00Z,SYNTH
API-STREPTOMYCIN,2025-05-01,DE,0.058281,FlowForge synthetic (TradeStat not downloaded; see ingest/tradestat.py),,2026-09-27T00:00:00Z,SYNTH
API-STREPTOMYCIN,2025-05-01,JP,0.404964,FlowForge synthetic (TradeStat not downloaded; see ingest/tradestat.py),,2026-09-27T00:00:00Z,SYNTH
API-STREPTOMYCIN,2025-06-01,KR,0.509231,FlowForge synthetic (TradeStat not downloaded; see ingest/tradestat.py),,2026-09-27T00:00:00Z,SYNTH
API-STREPTOMYCIN,2025-06-01,DE,0.059056,FlowForge synthetic (TradeStat not downloaded; see ingest/tradestat.py),,2026-09-27T00:00:00Z,SYNTH
API-STREPTOMYCIN,2025-06-01,JP,0.431713,FlowForge synthetic (TradeStat not downloaded; see ingest/tradestat.py),,2026-09-27T00:00:00Z,SYNTH
API-STREPTOMYCIN,2025-07-01,KR,0.481789,FlowForge synthetic (TradeStat not downloaded; see ingest/tradestat.py),,2026-09-27T00:00:00Z,SYNTH
API-STREPTOMYCIN,2025-07-01,DE,0.089282,FlowForge synthetic (TradeStat not downloaded; see ingest/tradestat.py),,2026-09-27T00:00:00Z,SYNTH
API-STREPTOMYCIN,2025-07-01,JP,0.428929,FlowForge synthetic (TradeStat not downloaded; see ingest/tradestat.py),,2026-09-27T00:00:00Z,SYNTH
API-STREPTOMYCIN,2025-08-01,KR,0.479685,FlowForge synthetic (TradeStat not downloaded; see ingest/tradestat.py),,2026-09-27T00:00:00Z,SYNTH
API-STREPTOMYCIN,2025-08-01,DE,0.083108,FlowForge synthetic (TradeStat not downloaded; see ingest/tradestat.py),,2026-09-27T00:00:00Z,SYNTH
API-STREPTOMYCIN,2025-08-01,JP,0.437207,FlowForge synthetic (TradeStat not downloaded; see ingest/tradestat.py),,2026-09-27T00:00:00Z,SYNTH
API-STREPTOMYCIN,2025-09-01,KR,0.530798,FlowForge synthetic (TradeStat not downloaded; see ingest/tradestat.py),,2026-09-27T00:00:00Z,SYNTH
API-STREPTOMYCIN,2025-09-01,DE,0.027335,FlowForge synthetic (TradeStat not downloaded; see ingest/tradestat.py),,2026-09-27T00:00:00Z,SYNTH
API-STREPTOMYCIN,2025-09-01,JP,0.441867,FlowForge synthetic (TradeStat not downloaded; see ingest/tradestat.py),,2026-09-27T00:00:00Z,SYNTH
API-STREPTOMYCIN,2025-10-01,KR,0.485941,FlowForge synthetic (TradeStat not downloaded; see ingest/tradestat.py),,2026-09-27T00:00:00Z,SYNTH
API-STREPTOMYCIN,2025-10-01,DE,0.107423,FlowForge synthetic (TradeStat not downloaded; see ingest/tradestat.py),,2026-09-27T00:00:00Z,SYNTH
API-STREPTOMYCIN,2025-10-01,JP,0.406636,FlowForge synthetic (TradeStat not downloaded; see ingest/tradestat.py),,2026-09-27T00:00:00Z,SYNTH
API-STREPTOMYCIN,2025-11-01,KR,0.517801,FlowForge synthetic (TradeStat not downloaded; see ingest/tradestat.py),,2026-09-27T00:00:00Z,SYNTH
API-STREPTOMYCIN,2025-11-01,DE,0.063556,FlowForge synthetic (TradeStat not downloaded; see ingest/tradestat.py),,2026-09-27T00:00:00Z,SYNTH
API-STREPTOMYCIN,2025-11-01,JP,0.418642,FlowForge synthetic (TradeStat not downloaded; see ingest/tradestat.py),,2026-09-27T00:00:00Z,SYNTH
API-STREPTOMYCIN,2025-12-01,KR,0.530924,FlowForge synthetic (TradeStat not downloaded; see ingest/tradestat.py),,2026-09-27T00:00:00Z,SYNTH
API-STREPTOMYCIN,2025-12-01,DE,0.0,FlowForge synthetic (TradeStat not downloaded; see ingest/tradestat.py),,2026-09-27T00:00:00Z,SYNTH
API-STREPTOMYCIN,2025-12-01,JP,0.469076,FlowForge synthetic (TradeStat not downloaded; see ingest/tradestat.py),,2026-09-27T00:00:00Z,SYNTH
API-STREPTOMYCIN,2026-01-01,KR,0.489351,FlowForge synthetic (TradeStat not downloaded; see ingest/tradestat.py),,2026-09-27T00:00:00Z,SYNTH
API-STREPTOMYCIN,2026-01-01,DE,0.067484,FlowForge synthetic (TradeStat not downloaded; see ingest/tradestat.py),,2026-09-27T00:00:00Z,SYNTH
API-STREPTOMYCIN,2026-01-01,JP,0.443165,FlowForge synthetic (TradeStat not downloaded; see ingest/tradestat.py),,2026-09-27T00:00:00Z,SYNTH
API-STREPTOMYCIN,2026-02-01,KR,0.497732,FlowForge synthetic (TradeStat not downloaded; see ingest/tradestat.py),,2026-09-27T00:00:00Z,SYNTH
API-STREPTOMYCIN,2026-02-01,DE,0.06339,FlowForge synthetic (TradeStat not downloaded; see ingest/tradestat.py),,2026-09-27T00:00:00Z,SYNTH
API-STREPTOMYCIN,2026-02-01,JP,0.438878,FlowForge synthetic (TradeStat not downloaded; see ingest/tradestat.py),,2026-09-27T00:00:00Z,SYNTH
API-STREPTOMYCIN,2026-03-01,KR,0.490727,FlowForge synthetic (TradeStat not downloaded; see ingest/tradestat.py),,2026-09-27T00:00:00Z,SYNTH
API-STREPTOMYCIN,2026-03-01,DE,0.078583,FlowForge synthetic (TradeStat not downloaded; see ingest/tradestat.py),,2026-09-27T00:00:00Z,SYNTH
API-STREPTOMYCIN,2026-03-01,JP,0.43069,FlowForge synthetic (TradeStat not downloaded; see ingest/tradestat.py),,2026-09-27T00:00:00Z,SYNTH
API-STREPTOMYCIN,2026-04-01,KR,0.475283,FlowForge synthetic (TradeStat not downloaded; see ingest/tradestat.py),,2026-09-27T00:00:00Z,SYNTH
API-STREPTOMYCIN,2026-04-01,DE,0.072419,FlowForge synthetic (TradeStat not downloaded; see ingest/tradestat.py),,2026-09-27T00:00:00Z,SYNTH
API-STREPTOMYCIN,2026-04-01,JP,0.452298,FlowForge synthetic (TradeStat not downloaded; see ingest/tradestat.py),,2026-09-27T00:00:00Z,SYNTH
API-STREPTOMYCIN,2026-05-01,KR,0.485618,FlowForge synthetic (TradeStat not downloaded; see ingest/tradestat.py),,2026-09-27T00:00:00Z,SYNTH
API-STREPTOMYCIN,2026-05-01,DE,0.076466,FlowForge synthetic (TradeStat not downloaded; see ingest/tradestat.py),,2026-09-27T00:00:00Z,SYNTH
API-STREPTOMYCIN,2026-05-01,JP,0.437916,FlowForge synthetic (TradeStat not downloaded; see ingest/tradestat.py),,2026-09-27T00:00:00Z,SYNTH
API-STREPTOMYCIN,2026-06-01,KR,0.517266,FlowForge synthetic (TradeStat not downloaded; see ingest/tradestat.py),,2026-09-27T00:00:00Z,SYNTH
API-STREPTOMYCIN,2026-06-01,DE,0.061685,FlowForge synthetic (TradeStat not downloaded; see ingest/tradestat.py),,2026-09-27T00:00:00Z,SYNTH
API-STREPTOMYCIN,2026-06-01,JP,0.421049,FlowForge synthetic (TradeStat not downloaded; see ingest/tradestat.py),,2026-09-27T00:00:00Z,SYNTH
API-STREPTOMYCIN,2026-07-01,KR,0.470722,FlowForge synthetic (TradeStat not downloaded; see ingest/tradestat.py),,2026-09-27T00:00:00Z,SYNTH
API-STREPTOMYCIN,2026-07-01,DE,0.029627,FlowForge synthetic (TradeStat not downloaded; see ingest/tradestat.py),,2026-09-27T00:00:00Z,SYNTH
API-STREPTOMYCIN,2026-07-01,JP,0.49965,FlowForge synthetic (TradeStat not downloaded; see ingest/tradestat.py),,2026-09-27T00:00:00Z,SYNTH
API-STREPTOMYCIN,2026-08-01,KR,0.547575,FlowForge synthetic (TradeStat not downloaded; see ingest/tradestat.py),,2026-09-27T00:00:00Z,SYNTH
API-STREPTOMYCIN,2026-08-01,DE,0.0,FlowForge synthetic (TradeStat not downloaded; see ingest/tradestat.py),,2026-09-27T00:00:00Z,SYNTH
API-STREPTOMYCIN,2026-08-01,JP,0.452425,FlowForge synthetic (TradeStat not downloaded; see ingest/tradestat.py),,2026-09-27T00:00:00Z,SYNTH
API-STREPTOMYCIN,2026-09-01,KR,0.465353,FlowForge synthetic (TradeStat not downloaded; see ingest/tradestat.py),,2026-09-27T00:00:00Z,SYNTH
API-STREPTOMYCIN,2026-09-01,DE,0.090238,FlowForge synthetic (TradeStat not downloaded; see ingest/tradestat.py),,2026-09-27T00:00:00Z,SYNTH
API-STREPTOMYCIN,2026-09-01,JP,0.444409,FlowForge synthetic (TradeStat not downloaded; see ingest/tradestat.py),,2026-09-27T00:00:00Z,SYNTH
API-SULFAMETHOXAZOLE,2023-10-01,JP,0.883079,FlowForge synthetic (TradeStat not downloaded; see ingest/tradestat.py),,2026-09-27T00:00:00Z,SYNTH
API-SULFAMETHOXAZOLE,2023-10-01,KR,0.081134,FlowForge synthetic (TradeStat not downloaded; see ingest/tradestat.py),,2026-09-27T00:00:00Z,SYNTH
API-SULFAMETHOXAZOLE,2023-10-01,US,0.0,FlowForge synthetic (TradeStat not downloaded; see ingest/tradestat.py),,2026-09-27T00:00:00Z,SYNTH
API-SULFAMETHOXAZOLE,2023-10-01,CN,0.035787,FlowForge synthetic (TradeStat not downloaded; see ingest/tradestat.py),,2026-09-27T00:00:00Z,SYNTH
API-SULFAMETHOXAZOLE,2023-11-01,JP,0.894175,FlowForge synthetic (TradeStat not downloaded; see ingest/tradestat.py),,2026-09-27T00:00:00Z,SYNTH
API-SULFAMETHOXAZOLE,2023-11-01,KR,0.070987,FlowForge synthetic (TradeStat not downloaded; see ingest/tradestat.py),,2026-09-27T00:00:00Z,SYNTH
API-SULFAMETHOXAZOLE,2023-11-01,US,0.025112,FlowForge synthetic (TradeStat not downloaded; see ingest/tradestat.py),,2026-09-27T00:00:00Z,SYNTH
API-SULFAMETHOXAZOLE,2023-11-01,CN,0.009726,FlowForge synthetic (TradeStat not downloaded; see ingest/tradestat.py),,2026-09-27T00:00:00Z,SYNTH
API-SULFAMETHOXAZOLE,2023-12-01,JP,0.878528,FlowForge synthetic (TradeStat not downloaded; see ingest/tradestat.py),,2026-09-27T00:00:00Z,SYNTH
API-SULFAMETHOXAZOLE,2023-12-01,KR,0.055295,FlowForge synthetic (TradeStat not downloaded; see ingest/tradestat.py),,2026-09-27T00:00:00Z,SYNTH
API-SULFAMETHOXAZOLE,2023-12-01,US,0.0,FlowForge synthetic (TradeStat not downloaded; see ingest/tradestat.py),,2026-09-27T00:00:00Z,SYNTH
API-SULFAMETHOXAZOLE,2023-12-01,CN,0.066177,FlowForge synthetic (TradeStat not downloaded; see ingest/tradestat.py),,2026-09-27T00:00:00Z,SYNTH
API-SULFAMETHOXAZOLE,2024-01-01,JP,0.843133,FlowForge synthetic (TradeStat not downloaded; see ingest/tradestat.py),,2026-09-27T00:00:00Z,SYNTH
API-SULFAMETHOXAZOLE,2024-01-01,KR,0.082377,FlowForge synthetic (TradeStat not downloaded; see ingest/tradestat.py),,2026-09-27T00:00:00Z,SYNTH
API-SULFAMETHOXAZOLE,2024-01-01,US,0.031675,FlowForge synthetic (TradeStat not downloaded; see ingest/tradestat.py),,2026-09-27T00:00:00Z,SYNTH
API-SULFAMETHOXAZOLE,2024-01-01,CN,0.042815,FlowForge synthetic (TradeStat not downloaded; see ingest/tradestat.py),,2026-09-27T00:00:00Z,SYNTH
API-SULFAMETHOXAZOLE,2024-02-01,JP,0.920936,FlowForge synthetic (TradeStat not downloaded; see ingest/tradestat.py),,2026-09-27T00:00:00Z,SYNTH
API-SULFAMETHOXAZOLE,2024-02-01,KR,0.061155,FlowForge synthetic (TradeStat not downloaded; see ingest/tradestat.py),,2026-09-27T00:00:00Z,SYNTH
API-SULFAMETHOXAZOLE,2024-02-01,US,0.017909,FlowForge synthetic (TradeStat not downloaded; see ingest/tradestat.py),,2026-09-27T00:00:00Z,SYNTH
API-SULFAMETHOXAZOLE,2024-02-01,CN,0.0,FlowForge synthetic (TradeStat not downloaded; see ingest/tradestat.py),,2026-09-27T00:00:00Z,SYNTH
API-SULFAMETHOXAZOLE,2024-03-01,JP,0.928041,FlowForge synthetic (TradeStat not downloaded; see ingest/tradestat.py),,2026-09-27T00:00:00Z,SYNTH
API-SULFAMETHOXAZOLE,2024-03-01,KR,0.04959,FlowForge synthetic (TradeStat not downloaded; see ingest/tradestat.py),,2026-09-27T00:00:00Z,SYNTH
API-SULFAMETHOXAZOLE,2024-03-01,US,0.002025,FlowForge synthetic (TradeStat not downloaded; see ingest/tradestat.py),,2026-09-27T00:00:00Z,SYNTH
API-SULFAMETHOXAZOLE,2024-03-01,CN,0.020343,FlowForge synthetic (TradeStat not downloaded; see ingest/tradestat.py),,2026-09-27T00:00:00Z,SYNTH
API-SULFAMETHOXAZOLE,2024-04-01,JP,0.846478,FlowForge synthetic (TradeStat not downloaded; see ingest/tradestat.py),,2026-09-27T00:00:00Z,SYNTH
API-SULFAMETHOXAZOLE,2024-04-01,KR,0.079763,FlowForge synthetic (TradeStat not downloaded; see ingest/tradestat.py),,2026-09-27T00:00:00Z,SYNTH
API-SULFAMETHOXAZOLE,2024-04-01,US,0.045494,FlowForge synthetic (TradeStat not downloaded; see ingest/tradestat.py),,2026-09-27T00:00:00Z,SYNTH
API-SULFAMETHOXAZOLE,2024-04-01,CN,0.028265,FlowForge synthetic (TradeStat not downloaded; see ingest/tradestat.py),,2026-09-27T00:00:00Z,SYNTH
API-SULFAMETHOXAZOLE,2024-05-01,JP,0.921972,FlowForge synthetic (TradeStat not downloaded; see ingest/tradestat.py),,2026-09-27T00:00:00Z,SYNTH
API-SULFAMETHOXAZOLE,2024-05-01,KR,0.04758,FlowForge synthetic (TradeStat not downloaded; see ingest/tradestat.py),,2026-09-27T00:00:00Z,SYNTH
API-SULFAMETHOXAZOLE,2024-05-01,US,0.030448,FlowForge synthetic (TradeStat not downloaded; see ingest/tradestat.py),,2026-09-27T00:00:00Z,SYNTH
API-SULFAMETHOXAZOLE,2024-05-01,CN,0.0,FlowForge synthetic (TradeStat not downloaded; see ingest/tradestat.py),,2026-09-27T00:00:00Z,SYNTH
API-SULFAMETHOXAZOLE,2024-06-01,JP,0.892826,FlowForge synthetic (TradeStat not downloaded; see ingest/tradestat.py),,2026-09-27T00:00:00Z,SYNTH
API-SULFAMETHOXAZOLE,2024-06-01,KR,0.104273,FlowForge synthetic (TradeStat not downloaded; see ingest/tradestat.py),,2026-09-27T00:00:00Z,SYNTH
API-SULFAMETHOXAZOLE,2024-06-01,US,0.002901,FlowForge synthetic (TradeStat not downloaded; see ingest/tradestat.py),,2026-09-27T00:00:00Z,SYNTH
API-SULFAMETHOXAZOLE,2024-06-01,CN,0.0,FlowForge synthetic (TradeStat not downloaded; see ingest/tradestat.py),,2026-09-27T00:00:00Z,SYNTH
API-SULFAMETHOXAZOLE,2024-07-01,JP,0.850546,FlowForge synthetic (TradeStat not downloaded; see ingest/tradestat.py),,2026-09-27T00:00:00Z,SYNTH
API-SULFAMETHOXAZOLE,2024-07-01,KR,0.108798,FlowForge synthetic (TradeStat not downloaded; see ingest/tradestat.py),,2026-09-27T00:00:00Z,SYNTH
API-SULFAMETHOXAZOLE,2024-07-01,US,0.040142,FlowForge synthetic (TradeStat not downloaded; see ingest/tradestat.py),,2026-09-27T00:00:00Z,SYNTH
API-SULFAMETHOXAZOLE,2024-07-01,CN,0.000515,FlowForge synthetic (TradeStat not downloaded; see ingest/tradestat.py),,2026-09-27T00:00:00Z,SYNTH
API-SULFAMETHOXAZOLE,2024-08-01,JP,0.897169,FlowForge synthetic (TradeStat not downloaded; see ingest/tradestat.py),,2026-09-27T00:00:00Z,SYNTH
API-SULFAMETHOXAZOLE,2024-08-01,KR,0.077162,FlowForge synthetic (TradeStat not downloaded; see ingest/tradestat.py),,2026-09-27T00:00:00Z,SYNTH
API-SULFAMETHOXAZOLE,2024-08-01,US,0.0,FlowForge synthetic (TradeStat not downloaded; see ingest/tradestat.py),,2026-09-27T00:00:00Z,SYNTH
API-SULFAMETHOXAZOLE,2024-08-01,CN,0.025669,FlowForge synthetic (TradeStat not downloaded; see ingest/tradestat.py),,2026-09-27T00:00:00Z,SYNTH
API-SULFAMETHOXAZOLE,2024-09-01,JP,0.8844,FlowForge synthetic (TradeStat not downloaded; see ingest/tradestat.py),,2026-09-27T00:00:00Z,SYNTH
API-SULFAMETHOXAZOLE,2024-09-01,KR,0.064449,FlowForge synthetic (TradeStat not downloaded; see ingest/tradestat.py),,2026-09-27T00:00:00Z,SYNTH
API-SULFAMETHOXAZOLE,2024-09-01,US,0.032582,FlowForge synthetic (TradeStat not downloaded; see ingest/tradestat.py),,2026-09-27T00:00:00Z,SYNTH
API-SULFAMETHOXAZOLE,2024-09-01,CN,0.018569,FlowForge synthetic (TradeStat not downloaded; see ingest/tradestat.py),,2026-09-27T00:00:00Z,SYNTH
API-SULFAMETHOXAZOLE,2024-10-01,JP,0.940617,FlowForge synthetic (TradeStat not downloaded; see ingest/tradestat.py),,2026-09-27T00:00:00Z,SYNTH
API-SULFAMETHOXAZOLE,2024-10-01,KR,0.038794,FlowForge synthetic (TradeStat not downloaded; see ingest/tradestat.py),,2026-09-27T00:00:00Z,SYNTH
API-SULFAMETHOXAZOLE,2024-10-01,US,0.02059,FlowForge synthetic (TradeStat not downloaded; see ingest/tradestat.py),,2026-09-27T00:00:00Z,SYNTH
API-SULFAMETHOXAZOLE,2024-10-01,CN,0.0,FlowForge synthetic (TradeStat not downloaded; see ingest/tradestat.py),,2026-09-27T00:00:00Z,SYNTH
API-SULFAMETHOXAZOLE,2024-11-01,JP,0.860232,FlowForge synthetic (TradeStat not downloaded; see ingest/tradestat.py),,2026-09-27T00:00:00Z,SYNTH
API-SULFAMETHOXAZOLE,2024-11-01,KR,0.085911,FlowForge synthetic (TradeStat not downloaded; see ingest/tradestat.py),,2026-09-27T00:00:00Z,SYNTH
API-SULFAMETHOXAZOLE,2024-11-01,US,0.001828,FlowForge synthetic (TradeStat not downloaded; see ingest/tradestat.py),,2026-09-27T00:00:00Z,SYNTH
API-SULFAMETHOXAZOLE,2024-11-01,CN,0.05203,FlowForge synthetic (TradeStat not downloaded; see ingest/tradestat.py),,2026-09-27T00:00:00Z,SYNTH
API-SULFAMETHOXAZOLE,2024-12-01,JP,0.85917,FlowForge synthetic (TradeStat not downloaded; see ingest/tradestat.py),,2026-09-27T00:00:00Z,SYNTH
API-SULFAMETHOXAZOLE,2024-12-01,KR,0.084768,FlowForge synthetic (TradeStat not downloaded; see ingest/tradestat.py),,2026-09-27T00:00:00Z,SYNTH
API-SULFAMETHOXAZOLE,2024-12-01,US,0.0,FlowForge synthetic (TradeStat not downloaded; see ingest/tradestat.py),,2026-09-27T00:00:00Z,SYNTH
API-SULFAMETHOXAZOLE,2024-12-01,CN,0.056062,FlowForge synthetic (TradeStat not downloaded; see ingest/tradestat.py),,2026-09-27T00:00:00Z,SYNTH
API-SULFAMETHOXAZOLE,2025-01-01,JP,0.862631,FlowForge synthetic (TradeStat not downloaded; see ingest/tradestat.py),,2026-09-27T00:00:00Z,SYNTH
API-SULFAMETHOXAZOLE,2025-01-01,KR,0.072103,FlowForge synthetic (TradeStat not downloaded; see ingest/tradestat.py),,2026-09-27T00:00:00Z,SYNTH
API-SULFAMETHOXAZOLE,2025-01-01,US,0.026665,FlowForge synthetic (TradeStat not downloaded; see ingest/tradestat.py),,2026-09-27T00:00:00Z,SYNTH
API-SULFAMETHOXAZOLE,2025-01-01,CN,0.038602,FlowForge synthetic (TradeStat not downloaded; see ingest/tradestat.py),,2026-09-27T00:00:00Z,SYNTH
API-SULFAMETHOXAZOLE,2025-02-01,JP,0.897337,FlowForge synthetic (TradeStat not downloaded; see ingest/tradestat.py),,2026-09-27T00:00:00Z,SYNTH
API-SULFAMETHOXAZOLE,2025-02-01,KR,0.102663,FlowForge synthetic (TradeStat not downloaded; see ingest/tradestat.py),,2026-09-27T00:00:00Z,SYNTH
API-SULFAMETHOXAZOLE,2025-02-01,US,0.0,FlowForge synthetic (TradeStat not downloaded; see ingest/tradestat.py),,2026-09-27T00:00:00Z,SYNTH
API-SULFAMETHOXAZOLE,2025-02-01,CN,0.0,FlowForge synthetic (TradeStat not downloaded; see ingest/tradestat.py),,2026-09-27T00:00:00Z,SYNTH
API-SULFAMETHOXAZOLE,2025-03-01,JP,0.965415,FlowForge synthetic (TradeStat not downloaded; see ingest/tradestat.py),,2026-09-27T00:00:00Z,SYNTH
API-SULFAMETHOXAZOLE,2025-03-01,KR,0.013578,FlowForge synthetic (TradeStat not downloaded; see ingest/tradestat.py),,2026-09-27T00:00:00Z,SYNTH
API-SULFAMETHOXAZOLE,2025-03-01,US,0.000922,FlowForge synthetic (TradeStat not downloaded; see ingest/tradestat.py),,2026-09-27T00:00:00Z,SYNTH
API-SULFAMETHOXAZOLE,2025-03-01,CN,0.020086,FlowForge synthetic (TradeStat not downloaded; see ingest/tradestat.py),,2026-09-27T00:00:00Z,SYNTH
API-SULFAMETHOXAZOLE,2025-04-01,JP,0.922096,FlowForge synthetic (TradeStat not downloaded; see ingest/tradestat.py),,2026-09-27T00:00:00Z,SYNTH
API-SULFAMETHOXAZOLE,2025-04-01,KR,0.01393,FlowForge synthetic (TradeStat not downloaded; see ingest/tradestat.py),,2026-09-27T00:00:00Z,SYNTH
API-SULFAMETHOXAZOLE,2025-04-01,US,0.011814,FlowForge synthetic (TradeStat not downloaded; see ingest/tradestat.py),,2026-09-27T00:00:00Z,SYNTH
API-SULFAMETHOXAZOLE,2025-04-01,CN,0.052161,FlowForge synthetic (TradeStat not downloaded; see ingest/tradestat.py),,2026-09-27T00:00:00Z,SYNTH
API-SULFAMETHOXAZOLE,2025-05-01,JP,0.799615,FlowForge synthetic (TradeStat not downloaded; see ingest/tradestat.py),,2026-09-27T00:00:00Z,SYNTH
API-SULFAMETHOXAZOLE,2025-05-01,KR,0.167463,FlowForge synthetic (TradeStat not downloaded; see ingest/tradestat.py),,2026-09-27T00:00:00Z,SYNTH
API-SULFAMETHOXAZOLE,2025-05-01,US,0.032922,FlowForge synthetic (TradeStat not downloaded; see ingest/tradestat.py),,2026-09-27T00:00:00Z,SYNTH
API-SULFAMETHOXAZOLE,2025-05-01,CN,0.0,FlowForge synthetic (TradeStat not downloaded; see ingest/tradestat.py),,2026-09-27T00:00:00Z,SYNTH
API-SULFAMETHOXAZOLE,2025-06-01,JP,0.890758,FlowForge synthetic (TradeStat not downloaded; see ingest/tradestat.py),,2026-09-27T00:00:00Z,SYNTH
API-SULFAMETHOXAZOLE,2025-06-01,KR,0.065936,FlowForge synthetic (TradeStat not downloaded; see ingest/tradestat.py),,2026-09-27T00:00:00Z,SYNTH
API-SULFAMETHOXAZOLE,2025-06-01,US,0.000469,FlowForge synthetic (TradeStat not downloaded; see ingest/tradestat.py),,2026-09-27T00:00:00Z,SYNTH
API-SULFAMETHOXAZOLE,2025-06-01,CN,0.042837,FlowForge synthetic (TradeStat not downloaded; see ingest/tradestat.py),,2026-09-27T00:00:00Z,SYNTH
API-SULFAMETHOXAZOLE,2025-07-01,JP,0.847295,FlowForge synthetic (TradeStat not downloaded; see ingest/tradestat.py),,2026-09-27T00:00:00Z,SYNTH
API-SULFAMETHOXAZOLE,2025-07-01,KR,0.08063,FlowForge synthetic (TradeStat not downloaded; see ingest/tradestat.py),,2026-09-27T00:00:00Z,SYNTH
API-SULFAMETHOXAZOLE,2025-07-01,US,0.027081,FlowForge synthetic (TradeStat not downloaded; see ingest/tradestat.py),,2026-09-27T00:00:00Z,SYNTH
API-SULFAMETHOXAZOLE,2025-07-01,CN,0.044994,FlowForge synthetic (TradeStat not downloaded; see ingest/tradestat.py),,2026-09-27T00:00:00Z,SYNTH
API-SULFAMETHOXAZOLE,2025-08-01,JP,0.9125,FlowForge synthetic (TradeStat not downloaded; see ingest/tradestat.py),,2026-09-27T00:00:00Z,SYNTH
API-SULFAMETHOXAZOLE,2025-08-01,KR,0.084766,FlowForge synthetic (TradeStat not downloaded; see ingest/tradestat.py),,2026-09-27T00:00:00Z,SYNTH
API-SULFAMETHOXAZOLE,2025-08-01,US,0.002734,FlowForge synthetic (TradeStat not downloaded; see ingest/tradestat.py),,2026-09-27T00:00:00Z,SYNTH
API-SULFAMETHOXAZOLE,2025-08-01,CN,0.0,FlowForge synthetic (TradeStat not downloaded; see ingest/tradestat.py),,2026-09-27T00:00:00Z,SYNTH
API-SULFAMETHOXAZOLE,2025-09-01,JP,0.848036,FlowForge synthetic (TradeStat not downloaded; see ingest/tradestat.py),,2026-09-27T00:00:00Z,SYNTH
API-SULFAMETHOXAZOLE,2025-09-01,KR,0.14736,FlowForge synthetic (TradeStat not downloaded; see ingest/tradestat.py),,2026-09-27T00:00:00Z,SYNTH
API-SULFAMETHOXAZOLE,2025-09-01,US,0.004604,FlowForge synthetic (TradeStat not downloaded; see ingest/tradestat.py),,2026-09-27T00:00:00Z,SYNTH
API-SULFAMETHOXAZOLE,2025-09-01,CN,0.0,FlowForge synthetic (TradeStat not downloaded; see ingest/tradestat.py),,2026-09-27T00:00:00Z,SYNTH
API-SULFAMETHOXAZOLE,2025-10-01,JP,0.888499,FlowForge synthetic (TradeStat not downloaded; see ingest/tradestat.py),,2026-09-27T00:00:00Z,SYNTH
API-SULFAMETHOXAZOLE,2025-10-01,KR,0.07418,FlowForge synthetic (TradeStat not downloaded; see ingest/tradestat.py),,2026-09-27T00:00:00Z,SYNTH
API-SULFAMETHOXAZOLE,2025-10-01,US,0.0,FlowForge synthetic (TradeStat not downloaded; see ingest/tradestat.py),,2026-09-27T00:00:00Z,SYNTH
API-SULFAMETHOXAZOLE,2025-10-01,CN,0.037321,FlowForge synthetic (TradeStat not downloaded; see ingest/tradestat.py),,2026-09-27T00:00:00Z,SYNTH
API-SULFAMETHOXAZOLE,2025-11-01,JP,0.80514,FlowForge synthetic (TradeStat not downloaded; see ingest/tradestat.py),,2026-09-27T00:00:00Z,SYNTH
API-SULFAMETHOXAZOLE,2025-11-01,KR,0.093154,FlowForge synthetic (TradeStat not downloaded; see ingest/tradestat.py),,2026-09-27T00:00:00Z,SYNTH
API-SULFAMETHOXAZOLE,2025-11-01,US,0.063544,FlowForge synthetic (TradeStat not downloaded; see ingest/tradestat.py),,2026-09-27T00:00:00Z,SYNTH
API-SULFAMETHOXAZOLE,2025-11-01,CN,0.038162,FlowForge synthetic (TradeStat not downloaded; see ingest/tradestat.py),,2026-09-27T00:00:00Z,SYNTH
API-SULFAMETHOXAZOLE,2025-12-01,JP,0.871912,FlowForge synthetic (TradeStat not downloaded; see ingest/tradestat.py),,2026-09-27T00:00:00Z,SYNTH
API-SULFAMETHOXAZOLE,2025-12-01,KR,0.096524,FlowForge synthetic (TradeStat not downloaded; see ingest/tradestat.py),,2026-09-27T00:00:00Z,SYNTH
API-SULFAMETHOXAZOLE,2025-12-01,US,0.0,FlowForge synthetic (TradeStat not downloaded; see ingest/tradestat.py),,2026-09-27T00:00:00Z,SYNTH
API-SULFAMETHOXAZOLE,2025-12-01,CN,0.031564,FlowForge synthetic (TradeStat not downloaded; see ingest/tradestat.py),,2026-09-27T00:00:00Z,SYNTH
API-SULFAMETHOXAZOLE,2026-01-01,JP,0.893301,FlowForge synthetic (TradeStat not downloaded; see ingest/tradestat.py),,2026-09-27T00:00:00Z,SYNTH
API-SULFAMETHOXAZOLE,2026-01-01,KR,0.08086,FlowForge synthetic (TradeStat not downloaded; see ingest/tradestat.py),,2026-09-27T00:00:00Z,SYNTH
API-SULFAMETHOXAZOLE,2026-01-01,US,0.025839,FlowForge synthetic (TradeStat not downloaded; see ingest/tradestat.py),,2026-09-27T00:00:00Z,SYNTH
API-SULFAMETHOXAZOLE,2026-01-01,CN,0.0,FlowForge synthetic (TradeStat not downloaded; see ingest/tradestat.py),,2026-09-27T00:00:00Z,SYNTH
API-SULFAMETHOXAZOLE,2026-02-01,JP,0.917061,FlowForge synthetic (TradeStat not downloaded; see ingest/tradestat.py),,2026-09-27T00:00:00Z,SYNTH
API-SULFAMETHOXAZOLE,2026-02-01,KR,0.037575,FlowForge synthetic (TradeStat not downloaded; see ingest/tradestat.py),,2026-09-27T00:00:00Z,SYNTH
API-SULFAMETHOXAZOLE,2026-02-01,US,0.018218,FlowForge synthetic (TradeStat not downloaded; see ingest/tradestat.py),,2026-09-27T00:00:00Z,SYNTH
API-SULFAMETHOXAZOLE,2026-02-01,CN,0.027147,FlowForge synthetic (TradeStat not downloaded; see ingest/tradestat.py),,2026-09-27T00:00:00Z,SYNTH
API-SULFAMETHOXAZOLE,2026-03-01,JP,0.866419,FlowForge synthetic (TradeStat not downloaded; see ingest/tradestat.py),,2026-09-27T00:00:00Z,SYNTH
API-SULFAMETHOXAZOLE,2026-03-01,KR,0.047775,FlowForge synthetic (TradeStat not downloaded; see ingest/tradestat.py),,2026-09-27T00:00:00Z,SYNTH
API-SULFAMETHOXAZOLE,2026-03-01,US,0.030999,FlowForge synthetic (TradeStat not downloaded; see ingest/tradestat.py),,2026-09-27T00:00:00Z,SYNTH
API-SULFAMETHOXAZOLE,2026-03-01,CN,0.054807,FlowForge synthetic (TradeStat not downloaded; see ingest/tradestat.py),,2026-09-27T00:00:00Z,SYNTH
API-SULFAMETHOXAZOLE,2026-04-01,JP,0.864689,FlowForge synthetic (TradeStat not downloaded; see ingest/tradestat.py),,2026-09-27T00:00:00Z,SYNTH
API-SULFAMETHOXAZOLE,2026-04-01,KR,0.086657,FlowForge synthetic (TradeStat not downloaded; see ingest/tradestat.py),,2026-09-27T00:00:00Z,SYNTH
API-SULFAMETHOXAZOLE,2026-04-01,US,0.042202,FlowForge synthetic (TradeStat not downloaded; see ingest/tradestat.py),,2026-09-27T00:00:00Z,SYNTH
API-SULFAMETHOXAZOLE,2026-04-01,CN,0.006452,FlowForge synthetic (TradeStat not downloaded; see ingest/tradestat.py),,2026-09-27T00:00:00Z,SYNTH
API-SULFAMETHOXAZOLE,2026-05-01,JP,0.91227,FlowForge synthetic (TradeStat not downloaded; see ingest/tradestat.py),,2026-09-27T00:00:00Z,SYNTH
API-SULFAMETHOXAZOLE,2026-05-01,KR,0.084643,FlowForge synthetic (TradeStat not downloaded; see ingest/tradestat.py),,2026-09-27T00:00:00Z,SYNTH
API-SULFAMETHOXAZOLE,2026-05-01,US,0.0,FlowForge synthetic (TradeStat not downloaded; see ingest/tradestat.py),,2026-09-27T00:00:00Z,SYNTH
API-SULFAMETHOXAZOLE,2026-05-01,CN,0.003087,FlowForge synthetic (TradeStat not downloaded; see ingest/tradestat.py),,2026-09-27T00:00:00Z,SYNTH
API-SULFAMETHOXAZOLE,2026-06-01,JP,0.92319,FlowForge synthetic (TradeStat not downloaded; see ingest/tradestat.py),,2026-09-27T00:00:00Z,SYNTH
API-SULFAMETHOXAZOLE,2026-06-01,KR,0.0,FlowForge synthetic (TradeStat not downloaded; see ingest/tradestat.py),,2026-09-27T00:00:00Z,SYNTH
API-SULFAMETHOXAZOLE,2026-06-01,US,0.059456,FlowForge synthetic (TradeStat not downloaded; see ingest/tradestat.py),,2026-09-27T00:00:00Z,SYNTH
API-SULFAMETHOXAZOLE,2026-06-01,CN,0.017354,FlowForge synthetic (TradeStat not downloaded; see ingest/tradestat.py),,2026-09-27T00:00:00Z,SYNTH
API-SULFAMETHOXAZOLE,2026-07-01,JP,0.853177,FlowForge synthetic (TradeStat not downloaded; see ingest/tradestat.py),,2026-09-27T00:00:00Z,SYNTH
API-SULFAMETHOXAZOLE,2026-07-01,KR,0.067321,FlowForge synthetic (TradeStat not downloaded; see ingest/tradestat.py),,2026-09-27T00:00:00Z,SYNTH
API-SULFAMETHOXAZOLE,2026-07-01,US,0.033061,FlowForge synthetic (TradeStat not downloaded; see ingest/tradestat.py),,2026-09-27T00:00:00Z,SYNTH
API-SULFAMETHOXAZOLE,2026-07-01,CN,0.046441,FlowForge synthetic (TradeStat not downloaded; see ingest/tradestat.py),,2026-09-27T00:00:00Z,SYNTH
API-SULFAMETHOXAZOLE,2026-08-01,JP,0.848917,FlowForge synthetic (TradeStat not downloaded; see ingest/tradestat.py),,2026-09-27T00:00:00Z,SYNTH
API-SULFAMETHOXAZOLE,2026-08-01,KR,0.118717,FlowForge synthetic (TradeStat not downloaded; see ingest/tradestat.py),,2026-09-27T00:00:00Z,SYNTH
API-SULFAMETHOXAZOLE,2026-08-01,US,0.0,FlowForge synthetic (TradeStat not downloaded; see ingest/tradestat.py),,2026-09-27T00:00:00Z,SYNTH
API-SULFAMETHOXAZOLE,2026-08-01,CN,0.032366,FlowForge synthetic (TradeStat not downloaded; see ingest/tradestat.py),,2026-09-27T00:00:00Z,SYNTH
API-SULFAMETHOXAZOLE,2026-09-01,JP,0.935736,FlowForge synthetic (TradeStat not downloaded; see ingest/tradestat.py),,2026-09-27T00:00:00Z,SYNTH
API-SULFAMETHOXAZOLE,2026-09-01,KR,0.041552,FlowForge synthetic (TradeStat not downloaded; see ingest/tradestat.py),,2026-09-27T00:00:00Z,SYNTH
API-SULFAMETHOXAZOLE,2026-09-01,US,0.008499,FlowForge synthetic (TradeStat not downloaded; see ingest/tradestat.py),,2026-09-27T00:00:00Z,SYNTH
API-SULFAMETHOXAZOLE,2026-09-01,CN,0.014212,FlowForge synthetic (TradeStat not downloaded; see ingest/tradestat.py),,2026-09-27T00:00:00Z,SYNTH
API-TRIMETHOPRIM,2023-10-01,CN,0.816911,FlowForge synthetic (TradeStat not downloaded; see ingest/tradestat.py),,2026-09-27T00:00:00Z,SYNTH
API-TRIMETHOPRIM,2023-10-01,ES,0.028954,FlowForge synthetic (TradeStat not downloaded; see ingest/tradestat.py),,2026-09-27T00:00:00Z,SYNTH
API-TRIMETHOPRIM,2023-10-01,KR,0.137522,FlowForge synthetic (TradeStat not downloaded; see ingest/tradestat.py),,2026-09-27T00:00:00Z,SYNTH
API-TRIMETHOPRIM,2023-10-01,US,0.016613,FlowForge synthetic (TradeStat not downloaded; see ingest/tradestat.py),,2026-09-27T00:00:00Z,SYNTH
API-TRIMETHOPRIM,2023-11-01,CN,0.800303,FlowForge synthetic (TradeStat not downloaded; see ingest/tradestat.py),,2026-09-27T00:00:00Z,SYNTH
API-TRIMETHOPRIM,2023-11-01,ES,0.059193,FlowForge synthetic (TradeStat not downloaded; see ingest/tradestat.py),,2026-09-27T00:00:00Z,SYNTH
API-TRIMETHOPRIM,2023-11-01,KR,0.09378,FlowForge synthetic (TradeStat not downloaded; see ingest/tradestat.py),,2026-09-27T00:00:00Z,SYNTH
API-TRIMETHOPRIM,2023-11-01,US,0.046724,FlowForge synthetic (TradeStat not downloaded; see ingest/tradestat.py),,2026-09-27T00:00:00Z,SYNTH
API-TRIMETHOPRIM,2023-12-01,CN,0.879773,FlowForge synthetic (TradeStat not downloaded; see ingest/tradestat.py),,2026-09-27T00:00:00Z,SYNTH
API-TRIMETHOPRIM,2023-12-01,ES,0.064276,FlowForge synthetic (TradeStat not downloaded; see ingest/tradestat.py),,2026-09-27T00:00:00Z,SYNTH
API-TRIMETHOPRIM,2023-12-01,KR,0.033597,FlowForge synthetic (TradeStat not downloaded; see ingest/tradestat.py),,2026-09-27T00:00:00Z,SYNTH
API-TRIMETHOPRIM,2023-12-01,US,0.022355,FlowForge synthetic (TradeStat not downloaded; see ingest/tradestat.py),,2026-09-27T00:00:00Z,SYNTH
API-TRIMETHOPRIM,2024-01-01,CN,0.848997,FlowForge synthetic (TradeStat not downloaded; see ingest/tradestat.py),,2026-09-27T00:00:00Z,SYNTH
API-TRIMETHOPRIM,2024-01-01,ES,0.033668,FlowForge synthetic (TradeStat not downloaded; see ingest/tradestat.py),,2026-09-27T00:00:00Z,SYNTH
API-TRIMETHOPRIM,2024-01-01,KR,0.066514,FlowForge synthetic (TradeStat not downloaded; see ingest/tradestat.py),,2026-09-27T00:00:00Z,SYNTH
API-TRIMETHOPRIM,2024-01-01,US,0.050822,FlowForge synthetic (TradeStat not downloaded; see ingest/tradestat.py),,2026-09-27T00:00:00Z,SYNTH
API-TRIMETHOPRIM,2024-02-01,CN,0.798319,FlowForge synthetic (TradeStat not downloaded; see ingest/tradestat.py),,2026-09-27T00:00:00Z,SYNTH
API-TRIMETHOPRIM,2024-02-01,ES,0.080664,FlowForge synthetic (TradeStat not downloaded; see ingest/tradestat.py),,2026-09-27T00:00:00Z,SYNTH
API-TRIMETHOPRIM,2024-02-01,KR,0.083076,FlowForge synthetic (TradeStat not downloaded; see ingest/tradestat.py),,2026-09-27T00:00:00Z,SYNTH
API-TRIMETHOPRIM,2024-02-01,US,0.037941,FlowForge synthetic (TradeStat not downloaded; see ingest/tradestat.py),,2026-09-27T00:00:00Z,SYNTH
API-TRIMETHOPRIM,2024-03-01,CN,0.881459,FlowForge synthetic (TradeStat not downloaded; see ingest/tradestat.py),,2026-09-27T00:00:00Z,SYNTH
API-TRIMETHOPRIM,2024-03-01,ES,0.097017,FlowForge synthetic (TradeStat not downloaded; see ingest/tradestat.py),,2026-09-27T00:00:00Z,SYNTH
API-TRIMETHOPRIM,2024-03-01,KR,0.021524,FlowForge synthetic (TradeStat not downloaded; see ingest/tradestat.py),,2026-09-27T00:00:00Z,SYNTH
API-TRIMETHOPRIM,2024-03-01,US,0.0,FlowForge synthetic (TradeStat not downloaded; see ingest/tradestat.py),,2026-09-27T00:00:00Z,SYNTH
API-TRIMETHOPRIM,2024-04-01,CN,0.825835,FlowForge synthetic (TradeStat not downloaded; see ingest/tradestat.py),,2026-09-27T00:00:00Z,SYNTH
API-TRIMETHOPRIM,2024-04-01,ES,0.099248,FlowForge synthetic (TradeStat not downloaded; see ingest/tradestat.py),,2026-09-27T00:00:00Z,SYNTH
API-TRIMETHOPRIM,2024-04-01,KR,0.035887,FlowForge synthetic (TradeStat not downloaded; see ingest/tradestat.py),,2026-09-27T00:00:00Z,SYNTH
API-TRIMETHOPRIM,2024-04-01,US,0.03903,FlowForge synthetic (TradeStat not downloaded; see ingest/tradestat.py),,2026-09-27T00:00:00Z,SYNTH
API-TRIMETHOPRIM,2024-05-01,CN,0.831443,FlowForge synthetic (TradeStat not downloaded; see ingest/tradestat.py),,2026-09-27T00:00:00Z,SYNTH
API-TRIMETHOPRIM,2024-05-01,ES,0.048205,FlowForge synthetic (TradeStat not downloaded; see ingest/tradestat.py),,2026-09-27T00:00:00Z,SYNTH
API-TRIMETHOPRIM,2024-05-01,KR,0.08583,FlowForge synthetic (TradeStat not downloaded; see ingest/tradestat.py),,2026-09-27T00:00:00Z,SYNTH
API-TRIMETHOPRIM,2024-05-01,US,0.034522,FlowForge synthetic (TradeStat not downloaded; see ingest/tradestat.py),,2026-09-27T00:00:00Z,SYNTH
API-TRIMETHOPRIM,2024-06-01,CN,0.834257,FlowForge synthetic (TradeStat not downloaded; see ingest/tradestat.py),,2026-09-27T00:00:00Z,SYNTH
API-TRIMETHOPRIM,2024-06-01,ES,0.026689,FlowForge synthetic (TradeStat not downloaded; see ingest/tradestat.py),,2026-09-27T00:00:00Z,SYNTH
API-TRIMETHOPRIM,2024-06-01,KR,0.066464,FlowForge synthetic (TradeStat not downloaded; see ingest/tradestat.py),,2026-09-27T00:00:00Z,SYNTH
API-TRIMETHOPRIM,2024-06-01,US,0.07259,FlowForge synthetic (TradeStat not downloaded; see ingest/tradestat.py),,2026-09-27T00:00:00Z,SYNTH
API-TRIMETHOPRIM,2024-07-01,CN,0.90142,FlowForge synthetic (TradeStat not downloaded; see ingest/tradestat.py),,2026-09-27T00:00:00Z,SYNTH
API-TRIMETHOPRIM,2024-07-01,ES,0.02292,FlowForge synthetic (TradeStat not downloaded; see ingest/tradestat.py),,2026-09-27T00:00:00Z,SYNTH
API-TRIMETHOPRIM,2024-07-01,KR,0.047253,FlowForge synthetic (TradeStat not downloaded; see ingest/tradestat.py),,2026-09-27T00:00:00Z,SYNTH
API-TRIMETHOPRIM,2024-07-01,US,0.028407,FlowForge synthetic (TradeStat not downloaded; see ingest/tradestat.py),,2026-09-27T00:00:00Z,SYNTH
API-TRIMETHOPRIM,2024-08-01,CN,0.842376,FlowForge synthetic (TradeStat not downloaded; see ingest/tradestat.py),,2026-09-27T00:00:00Z,SYNTH
API-TRIMETHOPRIM,2024-08-01,ES,0.045953,FlowForge synthetic (TradeStat not downloaded; see ingest/tradestat.py),,2026-09-27T00:00:00Z,SYNTH
API-TRIMETHOPRIM,2024-08-01,KR,0.097881,FlowForge synthetic (TradeStat not downloaded; see ingest/tradestat.py),,2026-09-27T00:00:00Z,SYNTH
API-TRIMETHOPRIM,2024-08-01,US,0.01379,FlowForge synthetic (TradeStat not downloaded; see ingest/tradestat.py),,2026-09-27T00:00:00Z,SYNTH
API-TRIMETHOPRIM,2024-09-01,CN,0.804883,FlowForge synthetic (TradeStat not downloaded; see ingest/tradestat.py),,2026-09-27T00:00:00Z,SYNTH
API-TRIMETHOPRIM,2024-09-01,ES,0.040929,FlowForge synthetic (TradeStat not downloaded; see ingest/tradestat.py),,2026-09-27T00:00:00Z,SYNTH
API-TRIMETHOPRIM,2024-09-01,KR,0.087536,FlowForge synthetic (TradeStat not downloaded; see ingest/tradestat.py),,2026-09-27T00:00:00Z,SYNTH
API-TRIMETHOPRIM,2024-09-01,US,0.066652,FlowForge synthetic (TradeStat not downloaded; see ingest/tradestat.py),,2026-09-27T00:00:00Z,SYNTH
API-TRIMETHOPRIM,2024-10-01,CN,0.767541,FlowForge synthetic (TradeStat not downloaded; see ingest/tradestat.py),,2026-09-27T00:00:00Z,SYNTH
API-TRIMETHOPRIM,2024-10-01,ES,0.088547,FlowForge synthetic (TradeStat not downloaded; see ingest/tradestat.py),,2026-09-27T00:00:00Z,SYNTH
API-TRIMETHOPRIM,2024-10-01,KR,0.096581,FlowForge synthetic (TradeStat not downloaded; see ingest/tradestat.py),,2026-09-27T00:00:00Z,SYNTH
API-TRIMETHOPRIM,2024-10-01,US,0.047332,FlowForge synthetic (TradeStat not downloaded; see ingest/tradestat.py),,2026-09-27T00:00:00Z,SYNTH
API-TRIMETHOPRIM,2024-11-01,CN,0.850478,FlowForge synthetic (TradeStat not downloaded; see ingest/tradestat.py),,2026-09-27T00:00:00Z,SYNTH
API-TRIMETHOPRIM,2024-11-01,ES,0.046195,FlowForge synthetic (TradeStat not downloaded; see ingest/tradestat.py),,2026-09-27T00:00:00Z,SYNTH
API-TRIMETHOPRIM,2024-11-01,KR,0.096703,FlowForge synthetic (TradeStat not downloaded; see ingest/tradestat.py),,2026-09-27T00:00:00Z,SYNTH
API-TRIMETHOPRIM,2024-11-01,US,0.006625,FlowForge synthetic (TradeStat not downloaded; see ingest/tradestat.py),,2026-09-27T00:00:00Z,SYNTH
API-TRIMETHOPRIM,2024-12-01,CN,0.805627,FlowForge synthetic (TradeStat not downloaded; see ingest/tradestat.py),,2026-09-27T00:00:00Z,SYNTH
API-TRIMETHOPRIM,2024-12-01,ES,0.069759,FlowForge synthetic (TradeStat not downloaded; see ingest/tradestat.py),,2026-09-27T00:00:00Z,SYNTH
API-TRIMETHOPRIM,2024-12-01,KR,0.070925,FlowForge synthetic (TradeStat not downloaded; see ingest/tradestat.py),,2026-09-27T00:00:00Z,SYNTH
API-TRIMETHOPRIM,2024-12-01,US,0.053689,FlowForge synthetic (TradeStat not downloaded; see ingest/tradestat.py),,2026-09-27T00:00:00Z,SYNTH
API-TRIMETHOPRIM,2025-01-01,CN,0.831857,FlowForge synthetic (TradeStat not downloaded; see ingest/tradestat.py),,2026-09-27T00:00:00Z,SYNTH
API-TRIMETHOPRIM,2025-01-01,ES,0.043152,FlowForge synthetic (TradeStat not downloaded; see ingest/tradestat.py),,2026-09-27T00:00:00Z,SYNTH
API-TRIMETHOPRIM,2025-01-01,KR,0.067182,FlowForge synthetic (TradeStat not downloaded; see ingest/tradestat.py),,2026-09-27T00:00:00Z,SYNTH
API-TRIMETHOPRIM,2025-01-01,US,0.057809,FlowForge synthetic (TradeStat not downloaded; see ingest/tradestat.py),,2026-09-27T00:00:00Z,SYNTH
API-TRIMETHOPRIM,2025-02-01,CN,0.830346,FlowForge synthetic (TradeStat not downloaded; see ingest/tradestat.py),,2026-09-27T00:00:00Z,SYNTH
API-TRIMETHOPRIM,2025-02-01,ES,0.060327,FlowForge synthetic (TradeStat not downloaded; see ingest/tradestat.py),,2026-09-27T00:00:00Z,SYNTH
API-TRIMETHOPRIM,2025-02-01,KR,0.109327,FlowForge synthetic (TradeStat not downloaded; see ingest/tradestat.py),,2026-09-27T00:00:00Z,SYNTH
API-TRIMETHOPRIM,2025-02-01,US,0.0,FlowForge synthetic (TradeStat not downloaded; see ingest/tradestat.py),,2026-09-27T00:00:00Z,SYNTH
API-TRIMETHOPRIM,2025-03-01,CN,0.883568,FlowForge synthetic (TradeStat not downloaded; see ingest/tradestat.py),,2026-09-27T00:00:00Z,SYNTH
API-TRIMETHOPRIM,2025-03-01,ES,0.011751,FlowForge synthetic (TradeStat not downloaded; see ingest/tradestat.py),,2026-09-27T00:00:00Z,SYNTH
API-TRIMETHOPRIM,2025-03-01,KR,0.104681,FlowForge synthetic (TradeStat not downloaded; see ingest/tradestat.py),,2026-09-27T00:00:00Z,SYNTH
API-TRIMETHOPRIM,2025-03-01,US,0.0,FlowForge synthetic (TradeStat not downloaded; see ingest/tradestat.py),,2026-09-27T00:00:00Z,SYNTH
API-TRIMETHOPRIM,2025-04-01,CN,0.794754,FlowForge synthetic (TradeStat not downloaded; see ingest/tradestat.py),,2026-09-27T00:00:00Z,SYNTH
API-TRIMETHOPRIM,2025-04-01,ES,0.06816,FlowForge synthetic (TradeStat not downloaded; see ingest/tradestat.py),,2026-09-27T00:00:00Z,SYNTH
API-TRIMETHOPRIM,2025-04-01,KR,0.087985,FlowForge synthetic (TradeStat not downloaded; see ingest/tradestat.py),,2026-09-27T00:00:00Z,SYNTH
API-TRIMETHOPRIM,2025-04-01,US,0.049102,FlowForge synthetic (TradeStat not downloaded; see ingest/tradestat.py),,2026-09-27T00:00:00Z,SYNTH
API-TRIMETHOPRIM,2025-05-01,CN,0.821209,FlowForge synthetic (TradeStat not downloaded; see ingest/tradestat.py),,2026-09-27T00:00:00Z,SYNTH
API-TRIMETHOPRIM,2025-05-01,ES,0.015697,FlowForge synthetic (TradeStat not downloaded; see ingest/tradestat.py),,2026-09-27T00:00:00Z,SYNTH
API-TRIMETHOPRIM,2025-05-01,KR,0.093714,FlowForge synthetic (TradeStat not downloaded; see ingest/tradestat.py),,2026-09-27T00:00:00Z,SYNTH
API-TRIMETHOPRIM,2025-05-01,US,0.06938,FlowForge synthetic (TradeStat not downloaded; see ingest/tradestat.py),,2026-09-27T00:00:00Z,SYNTH
API-TRIMETHOPRIM,2025-06-01,CN,0.794901,FlowForge synthetic (TradeStat not downloaded; see ingest/tradestat.py),,2026-09-27T00:00:00Z,SYNTH
API-TRIMETHOPRIM,2025-06-01,ES,0.041191,FlowForge synthetic (TradeStat not downloaded; see ingest/tradestat.py),,2026-09-27T00:00:00Z,SYNTH
API-TRIMETHOPRIM,2025-06-01,KR,0.097769,FlowForge synthetic (TradeStat not downloaded; see ingest/tradestat.py),,2026-09-27T00:00:00Z,SYNTH
API-TRIMETHOPRIM,2025-06-01,US,0.066139,FlowForge synthetic (TradeStat not downloaded; see ingest/tradestat.py),,2026-09-27T00:00:00Z,SYNTH
API-TRIMETHOPRIM,2025-07-01,CN,0.804161,FlowForge synthetic (TradeStat not downloaded; see ingest/tradestat.py),,2026-09-27T00:00:00Z,SYNTH
API-TRIMETHOPRIM,2025-07-01,ES,0.062342,FlowForge synthetic (TradeStat not downloaded; see ingest/tradestat.py),,2026-09-27T00:00:00Z,SYNTH
API-TRIMETHOPRIM,2025-07-01,KR,0.046676,FlowForge synthetic (TradeStat not downloaded; see ingest/tradestat.py),,2026-09-27T00:00:00Z,SYNTH
API-TRIMETHOPRIM,2025-07-01,US,0.086821,FlowForge synthetic (TradeStat not downloaded; see ingest/tradestat.py),,2026-09-27T00:00:00Z,SYNTH
API-TRIMETHOPRIM,2025-08-01,CN,0.808313,FlowForge synthetic (TradeStat not downloaded; see ingest/tradestat.py),,2026-09-27T00:00:00Z,SYNTH
API-TRIMETHOPRIM,2025-08-01,ES,0.071709,FlowForge synthetic (TradeStat not downloaded; see ingest/tradestat.py),,2026-09-27T00:00:00Z,SYNTH
API-TRIMETHOPRIM,2025-08-01,KR,0.062696,FlowForge synthetic (TradeStat not downloaded; see ingest/tradestat.py),,2026-09-27T00:00:00Z,SYNTH
API-TRIMETHOPRIM,2025-08-01,US,0.057282,FlowForge synthetic (TradeStat not downloaded; see ingest/tradestat.py),,2026-09-27T00:00:00Z,SYNTH
API-TRIMETHOPRIM,2025-09-01,CN,0.799186,FlowForge synthetic (TradeStat not downloaded; see ingest/tradestat.py),,2026-09-27T00:00:00Z,SYNTH
API-TRIMETHOPRIM,2025-09-01,ES,0.033659,FlowForge synthetic (TradeStat not downloaded; see ingest/tradestat.py),,2026-09-27T00:00:00Z,SYNTH
API-TRIMETHOPRIM,2025-09-01,KR,0.114791,FlowForge synthetic (TradeStat not downloaded; see ingest/tradestat.py),,2026-09-27T00:00:00Z,SYNTH
API-TRIMETHOPRIM,2025-09-01,US,0.052365,FlowForge synthetic (TradeStat not downloaded; see ingest/tradestat.py),,2026-09-27T00:00:00Z,SYNTH
API-TRIMETHOPRIM,2025-10-01,CN,0.794765,FlowForge synthetic (TradeStat not downloaded; see ingest/tradestat.py),,2026-09-27T00:00:00Z,SYNTH
API-TRIMETHOPRIM,2025-10-01,ES,0.077253,FlowForge synthetic (TradeStat not downloaded; see ingest/tradestat.py),,2026-09-27T00:00:00Z,SYNTH
API-TRIMETHOPRIM,2025-10-01,KR,0.083699,FlowForge synthetic (TradeStat not downloaded; see ingest/tradestat.py),,2026-09-27T00:00:00Z,SYNTH
API-TRIMETHOPRIM,2025-10-01,US,0.044283,FlowForge synthetic (TradeStat not downloaded; see ingest/tradestat.py),,2026-09-27T00:00:00Z,SYNTH
API-TRIMETHOPRIM,2025-11-01,CN,0.85188,FlowForge synthetic (TradeStat not downloaded; see ingest/tradestat.py),,2026-09-27T00:00:00Z,SYNTH
API-TRIMETHOPRIM,2025-11-01,ES,0.011204,FlowForge synthetic (TradeStat not downloaded; see ingest/tradestat.py),,2026-09-27T00:00:00Z,SYNTH
API-TRIMETHOPRIM,2025-11-01,KR,0.130367,FlowForge synthetic (TradeStat not downloaded; see ingest/tradestat.py),,2026-09-27T00:00:00Z,SYNTH
API-TRIMETHOPRIM,2025-11-01,US,0.006549,FlowForge synthetic (TradeStat not downloaded; see ingest/tradestat.py),,2026-09-27T00:00:00Z,SYNTH
API-TRIMETHOPRIM,2025-12-01,CN,0.799249,FlowForge synthetic (TradeStat not downloaded; see ingest/tradestat.py),,2026-09-27T00:00:00Z,SYNTH
API-TRIMETHOPRIM,2025-12-01,ES,0.073151,FlowForge synthetic (TradeStat not downloaded; see ingest/tradestat.py),,2026-09-27T00:00:00Z,SYNTH
API-TRIMETHOPRIM,2025-12-01,KR,0.108837,FlowForge synthetic (TradeStat not downloaded; see ingest/tradestat.py),,2026-09-27T00:00:00Z,SYNTH
API-TRIMETHOPRIM,2025-12-01,US,0.018764,FlowForge synthetic (TradeStat not downloaded; see ingest/tradestat.py),,2026-09-27T00:00:00Z,SYNTH
API-TRIMETHOPRIM,2026-01-01,CN,0.845168,FlowForge synthetic (TradeStat not downloaded; see ingest/tradestat.py),,2026-09-27T00:00:00Z,SYNTH
API-TRIMETHOPRIM,2026-01-01,ES,0.076675,FlowForge synthetic (TradeStat not downloaded; see ingest/tradestat.py),,2026-09-27T00:00:00Z,SYNTH
API-TRIMETHOPRIM,2026-01-01,KR,0.069124,FlowForge synthetic (TradeStat not downloaded; see ingest/tradestat.py),,2026-09-27T00:00:00Z,SYNTH
API-TRIMETHOPRIM,2026-01-01,US,0.009033,FlowForge synthetic (TradeStat not downloaded; see ingest/tradestat.py),,2026-09-27T00:00:00Z,SYNTH
API-TRIMETHOPRIM,2026-02-01,CN,0.796616,FlowForge synthetic (TradeStat not downloaded; see ingest/tradestat.py),,2026-09-27T00:00:00Z,SYNTH
API-TRIMETHOPRIM,2026-02-01,ES,0.032817,FlowForge synthetic (TradeStat not downloaded; see ingest/tradestat.py),,2026-09-27T00:00:00Z,SYNTH
API-TRIMETHOPRIM,2026-02-01,KR,0.094337,FlowForge synthetic (TradeStat not downloaded; see ingest/tradestat.py),,2026-09-27T00:00:00Z,SYNTH
API-TRIMETHOPRIM,2026-02-01,US,0.07623,FlowForge synthetic (TradeStat not downloaded; see ingest/tradestat.py),,2026-09-27T00:00:00Z,SYNTH
API-TRIMETHOPRIM,2026-03-01,CN,0.880064,FlowForge synthetic (TradeStat not downloaded; see ingest/tradestat.py),,2026-09-27T00:00:00Z,SYNTH
API-TRIMETHOPRIM,2026-03-01,ES,0.040977,FlowForge synthetic (TradeStat not downloaded; see ingest/tradestat.py),,2026-09-27T00:00:00Z,SYNTH
API-TRIMETHOPRIM,2026-03-01,KR,0.071436,FlowForge synthetic (TradeStat not downloaded; see ingest/tradestat.py),,2026-09-27T00:00:00Z,SYNTH
API-TRIMETHOPRIM,2026-03-01,US,0.007522,FlowForge synthetic (TradeStat not downloaded; see ingest/tradestat.py),,2026-09-27T00:00:00Z,SYNTH
API-TRIMETHOPRIM,2026-04-01,CN,0.82283,FlowForge synthetic (TradeStat not downloaded; see ingest/tradestat.py),,2026-09-27T00:00:00Z,SYNTH
API-TRIMETHOPRIM,2026-04-01,ES,0.064266,FlowForge synthetic (TradeStat not downloaded; see ingest/tradestat.py),,2026-09-27T00:00:00Z,SYNTH
API-TRIMETHOPRIM,2026-04-01,KR,0.085293,FlowForge synthetic (TradeStat not downloaded; see ingest/tradestat.py),,2026-09-27T00:00:00Z,SYNTH
API-TRIMETHOPRIM,2026-04-01,US,0.027611,FlowForge synthetic (TradeStat not downloaded; see ingest/tradestat.py),,2026-09-27T00:00:00Z,SYNTH
API-TRIMETHOPRIM,2026-05-01,CN,0.807266,FlowForge synthetic (TradeStat not downloaded; see ingest/tradestat.py),,2026-09-27T00:00:00Z,SYNTH
API-TRIMETHOPRIM,2026-05-01,ES,0.048723,FlowForge synthetic (TradeStat not downloaded; see ingest/tradestat.py),,2026-09-27T00:00:00Z,SYNTH
API-TRIMETHOPRIM,2026-05-01,KR,0.083596,FlowForge synthetic (TradeStat not downloaded; see ingest/tradestat.py),,2026-09-27T00:00:00Z,SYNTH
API-TRIMETHOPRIM,2026-05-01,US,0.060415,FlowForge synthetic (TradeStat not downloaded; see ingest/tradestat.py),,2026-09-27T00:00:00Z,SYNTH
API-TRIMETHOPRIM,2026-06-01,CN,0.848679,FlowForge synthetic (TradeStat not downloaded; see ingest/tradestat.py),,2026-09-27T00:00:00Z,SYNTH
API-TRIMETHOPRIM,2026-06-01,ES,0.069287,FlowForge synthetic (TradeStat not downloaded; see ingest/tradestat.py),,2026-09-27T00:00:00Z,SYNTH
API-TRIMETHOPRIM,2026-06-01,KR,0.023125,FlowForge synthetic (TradeStat not downloaded; see ingest/tradestat.py),,2026-09-27T00:00:00Z,SYNTH
API-TRIMETHOPRIM,2026-06-01,US,0.058908,FlowForge synthetic (TradeStat not downloaded; see ingest/tradestat.py),,2026-09-27T00:00:00Z,SYNTH
API-TRIMETHOPRIM,2026-07-01,CN,0.798535,FlowForge synthetic (TradeStat not downloaded; see ingest/tradestat.py),,2026-09-27T00:00:00Z,SYNTH
API-TRIMETHOPRIM,2026-07-01,ES,0.063737,FlowForge synthetic (TradeStat not downloaded; see ingest/tradestat.py),,2026-09-27T00:00:00Z,SYNTH
API-TRIMETHOPRIM,2026-07-01,KR,0.06757,FlowForge synthetic (TradeStat not downloaded; see ingest/tradestat.py),,2026-09-27T00:00:00Z,SYNTH
API-TRIMETHOPRIM,2026-07-01,US,0.070159,FlowForge synthetic (TradeStat not downloaded; see ingest/tradestat.py),,2026-09-27T00:00:00Z,SYNTH
API-TRIMETHOPRIM,2026-08-01,CN,0.852653,FlowForge synthetic (TradeStat not downloaded; see ingest/tradestat.py),,2026-09-27T00:00:00Z,SYNTH
API-TRIMETHOPRIM,2026-08-01,ES,0.0,FlowForge synthetic (TradeStat not downloaded; see ingest/tradestat.py),,2026-09-27T00:00:00Z,SYNTH
API-TRIMETHOPRIM,2026-08-01,KR,0.097978,FlowForge synthetic (TradeStat not downloaded; see ingest/tradestat.py),,2026-09-27T00:00:00Z,SYNTH
API-TRIMETHOPRIM,2026-08-01,US,0.049369,FlowForge synthetic (TradeStat not downloaded; see ingest/tradestat.py),,2026-09-27T00:00:00Z,SYNTH
API-TRIMETHOPRIM,2026-09-01,CN,0.928997,FlowForge synthetic (TradeStat not downloaded; see ingest/tradestat.py),,2026-09-27T00:00:00Z,SYNTH
API-TRIMETHOPRIM,2026-09-01,ES,0.024962,FlowForge synthetic (TradeStat not downloaded; see ingest/tradestat.py),,2026-09-27T00:00:00Z,SYNTH
API-TRIMETHOPRIM,2026-09-01,KR,0.046041,FlowForge synthetic (TradeStat not downloaded; see ingest/tradestat.py),,2026-09-27T00:00:00Z,SYNTH
API-TRIMETHOPRIM,2026-09-01,US,0.0,FlowForge synthetic (TradeStat not downloaded; see ingest/tradestat.py),,2026-09-27T00:00:00Z,SYNTH
