FORM_ID,GENERIC,DOSAGE_FORM,STRENGTH,UNIT,NLEM_LEVEL,THERAPEUTIC_CLASS,SOURCE,SOURCE_URL,FETCHED_AT,IS_PROXY
5-AMINO-SALICYLIC-ACID-M-DEDBC17F,5-Amino Salicylic Acid (Mesalazine/Mesalamine),Suppository,500 mg,1 Suppository,"S,T",Gastrointestinal Medicines,NPPA S.O. 1575(E) dated 25.03.2026 (NLEM 2022 list) + NLEM 2022 (CDSCO),https://nppa.gov.in/storage/uploads/tender/0fd8be342c35d5a46a13b281cadc5e4f.pdf,2026-09-26T19:23:24Z,REAL
5-AMINO-SALICYLIC-ACID-M-A6663901,5-Amino Salicylic Acid (Mesalazine/Mesalamine),Retention Enema (Foam),,1 g,"S,T",Gastrointestinal Medicines,NPPA S.O. 1575(E) dated 25.03.2026 (NLEM 2022 list) + NLEM 2022 (CDSCO),https://nppa.gov.in/storage/uploads/tender/0fd8be342c35d5a46a13b281cadc5e4f.pdf,2026-09-26T19:23:24Z,REAL
5-AMINO-SALICYLIC-ACID-M-E593002B,5-Amino Salicylic Acid (Mesalazine/Mesalamine),Retention Enema (Liquid),,1 mL,"S,T",Gastrointestinal Medicines,NPPA S.O. 1575(E) dated 25.03.2026 (NLEM 2022 list) + NLEM 2022 (CDSCO),https://nppa.gov.in/storage/uploads/tender/0fd8be342c35d5a46a13b281cadc5e4f.pdf,2026-09-26T19:23:24Z,REAL
5-AMINOSALICYLIC-ACID-8B4B28D2,5-Aminosalicylic Acid,Tablet,400 mg,1 Tablet,"S,T",Gastrointestinal Medicines,NPPA S.O. 1575(E) dated 25.03.2026 (NLEM 2022 list) + NLEM 2022 (CDSCO),https://nppa.gov.in/storage/uploads/tender/0fd8be342c35d5a46a13b281cadc5e4f.pdf,2026-09-26T19:23:24Z,REAL
5-FLUOROURACIL-3669FB4E,5-Fluorouracil,Injection,250 mg/5 mL,1 mL,T,Anti-cancer agents including Immunosuppressives and Medicines used in Palliative Care,NPPA S.O. 1575(E) dated 25.03.2026 (NLEM 2022 list) + NLEM 2022 (CDSCO),https://nppa.gov.in/storage/uploads/tender/0fd8be342c35d5a46a13b281cadc5e4f.pdf,2026-09-26T19:23:24Z,REAL
6-MERCAPTOPURINE-D37D09E7,6-Mercaptopurine,Tablet,50 mg,1 Tablet,T,Anti-cancer agents including Immunosuppressives and Medicines used in Palliative Care,NPPA S.O. 1575(E) dated 25.03.2026 (NLEM 2022 list) + NLEM 2022 (CDSCO),https://nppa.gov.in/storage/uploads/tender/0fd8be342c35d5a46a13b281cadc5e4f.pdf,2026-09-26T19:23:24Z,REAL
ABACAVIR-A290966F,Abacavir,Tablet,300 mg,1 Tablet,"S,T",Anti-infective Medicines,NPPA S.O. 1575(E) dated 25.03.2026 (NLEM 2022 list) + NLEM 2022 (CDSCO),https://nppa.gov.in/storage/uploads/tender/0fd8be342c35d5a46a13b281cadc5e4f.pdf,2026-09-26T19:23:24Z,REAL
ABACAVIR-A-LAMIVUDINE-B-AA4A748A,Abacavir (A) + Lamivudine(B),Tablet,600 mg (A) + 300 mg (B),1 Tablet,"S,T",Anti-infective Medicines,NPPA S.O. 1575(E) dated 25.03.2026 (NLEM 2022 list) + NLEM 2022 (CDSCO),https://nppa.gov.in/storage/uploads/tender/0fd8be342c35d5a46a13b281cadc5e4f.pdf,2026-09-26T19:23:24Z,REAL
ACETAZOLAMIDE-DDC5FDD1,Acetazolamide,Tablet,250 mg,1 Tablet,"P,S,T",Ophthalmological Medicines,NPPA S.O. 1575(E) dated 25.03.2026 (NLEM 2022 list) + NLEM 2022 (CDSCO),https://nppa.gov.in/storage/uploads/tender/0fd8be342c35d5a46a13b281cadc5e4f.pdf,2026-09-26T19:23:24Z,REAL
ACETAZOLAMIDE-5193C096,Acetazolamide,Capsule,250 mg,1 Capsule,"P,S,T",Ophthalmological Medicines,NPPA S.O. 1575(E) dated 25.03.2026 (NLEM 2022 list) + NLEM 2022 (CDSCO),https://nppa.gov.in/storage/uploads/tender/0fd8be342c35d5a46a13b281cadc5e4f.pdf,2026-09-26T19:23:24Z,REAL
ACETYLSALICYLIC-ACID-6D822A71,Acetylsalicylic Acid,Enteric Coated Tablet,75 mg,1 Tablet,"P,S,T","Analgesics, Antipyretics, Non-steroidal Anti-inflammatory Drugs (NSAIDs), Medicines used to treat Gout and Disease Modifying Agents used in Rheumatoid Disorders",NPPA S.O. 1575(E) dated 25.03.2026 (NLEM 2022 list) + NLEM 2022 (CDSCO),https://nppa.gov.in/storage/uploads/tender/0fd8be342c35d5a46a13b281cadc5e4f.pdf,2026-09-26T19:23:24Z,REAL
ACETYLSALICYLIC-ACID-F010224D,Acetylsalicylic Acid,Conventional/Effervescent/Dispersible/ Enteric Coated Tablet,150 mg,1 Tablet,"P,S,T","Analgesics, Antipyretics, Non-steroidal Anti-inflammatory Drugs (NSAIDs), Medicines used to treat Gout and Disease Modifying Agents used in Rheumatoid Disorders",NPPA S.O. 1575(E) dated 25.03.2026 (NLEM 2022 list) + NLEM 2022 (CDSCO),https://nppa.gov.in/storage/uploads/tender/0fd8be342c35d5a46a13b281cadc5e4f.pdf,2026-09-26T19:23:24Z,REAL
ACETYLSALICYLIC-ACID-7ACA1DE7,Acetylsalicylic Acid,Conventional / Effervescent / Dispersible / Enteric Coated Tablet,325 mg,1 Tablet,"P,S,T","Analgesics, Antipyretics, Non-steroidal Anti-inflammatory Drugs (NSAIDs), Medicines used to treat Gout and Disease Modifying Agents used in Rheumatoid Disorders",NPPA S.O. 1575(E) dated 25.03.2026 (NLEM 2022 list) + NLEM 2022 (CDSCO),https://nppa.gov.in/storage/uploads/tender/0fd8be342c35d5a46a13b281cadc5e4f.pdf,2026-09-26T19:23:24Z,REAL
ACTINOMYCIN-D-D94774F0,Actinomycin D,Powder for Injection,0.5 mg,1 Vial,T,Anti-cancer agents including Immunosuppressives and Medicines used in Palliative Care,NPPA S.O. 1575(E) dated 25.03.2026 (NLEM 2022 list) + NLEM 2022 (CDSCO),https://nppa.gov.in/storage/uploads/tender/0fd8be342c35d5a46a13b281cadc5e4f.pdf,2026-09-26T19:23:24Z,REAL
ACYCLOVIR-A0A23C03,Acyclovir,Tablet,400 mg,1 Tablet,"P,S,T",Anti-infective Medicines,NPPA S.O. 1575(E) dated 25.03.2026 (NLEM 2022 list) + NLEM 2022 (CDSCO),https://nppa.gov.in/storage/uploads/tender/0fd8be342c35d5a46a13b281cadc5e4f.pdf,2026-09-26T19:23:24Z,REAL
ACYCLOVIR-F8F1A344,Acyclovir,Tablet,200 mg,1 Tablet,"P,S,T",Anti-infective Medicines,NPPA S.O. 1575(E) dated 25.03.2026 (NLEM 2022 list) + NLEM 2022 (CDSCO),https://nppa.gov.in/storage/uploads/tender/0fd8be342c35d5a46a13b281cadc5e4f.pdf,2026-09-26T19:23:24Z,REAL
ACYCLOVIR-8FD566E2,Acyclovir,Powder for Injection,250 mg,1 Vial,"P,S,T",Anti-infective Medicines,NPPA S.O. 1575(E) dated 25.03.2026 (NLEM 2022 list) + NLEM 2022 (CDSCO),https://nppa.gov.in/storage/uploads/tender/0fd8be342c35d5a46a13b281cadc5e4f.pdf,2026-09-26T19:23:24Z,REAL
ACYCLOVIR-945AB68C,Acyclovir,Powder for Injection,500 mg,1 Vial,"P,S,T",Anti-infective Medicines,NPPA S.O. 1575(E) dated 25.03.2026 (NLEM 2022 list) + NLEM 2022 (CDSCO),https://nppa.gov.in/storage/uploads/tender/0fd8be342c35d5a46a13b281cadc5e4f.pdf,2026-09-26T19:23:24Z,REAL
ACYCLOVIR-A65E5F51,Acyclovir,Tablet,800 mg,1 Tablet,"P,S,T",Anti-infective Medicines,NPPA S.O. 1575(E) dated 25.03.2026 (NLEM 2022 list) + NLEM 2022 (CDSCO),https://nppa.gov.in/storage/uploads/tender/0fd8be342c35d5a46a13b281cadc5e4f.pdf,2026-09-26T19:23:24Z,REAL
ACYCLOVIR-03253F29,Acyclovir,Ointment,3 %,1 g,"P,S,T",Anti-infective Medicines,NPPA S.O. 1575(E) dated 25.03.2026 (NLEM 2022 list) + NLEM 2022 (CDSCO),https://nppa.gov.in/storage/uploads/tender/0fd8be342c35d5a46a13b281cadc5e4f.pdf,2026-09-26T19:23:24Z,REAL
ACYCLOVIR-0BBFE2C5,Acyclovir,Oral Liquid,400 mg/5 mL (p),1 mL,"P,S,T",Anti-infective Medicines,NPPA S.O. 1575(E) dated 25.03.2026 (NLEM 2022 list) + NLEM 2022 (CDSCO),https://nppa.gov.in/storage/uploads/tender/0fd8be342c35d5a46a13b281cadc5e4f.pdf,2026-09-26T19:23:24Z,REAL
ADENOSINE-882B1B0F,Adenosine,Injection,3 mg/mL,1 mL,"S,T",Cardiovascular Medicines,NPPA S.O. 1575(E) dated 25.03.2026 (NLEM 2022 list) + NLEM 2022 (CDSCO),https://nppa.gov.in/storage/uploads/tender/0fd8be342c35d5a46a13b281cadc5e4f.pdf,2026-09-26T19:23:24Z,REAL
ADRENALINE-6742CFF2,Adrenaline,Injection,1 mg/mL,1 mL,"P,S,T",Antiallergics and Medicines used in Anaphylaxis,NPPA S.O. 1575(E) dated 25.03.2026 (NLEM 2022 list) + NLEM 2022 (CDSCO),https://nppa.gov.in/storage/uploads/tender/0fd8be342c35d5a46a13b281cadc5e4f.pdf,2026-09-26T19:23:24Z,REAL
ALBENDAZOLE-A6D91B84,Albendazole,Oral Liquid,200 mg/5 mL(p),1 mL,"P,S,T",Anti-infective Medicines,NPPA S.O. 1575(E) dated 25.03.2026 (NLEM 2022 list) + NLEM 2022 (CDSCO),https://nppa.gov.in/storage/uploads/tender/0fd8be342c35d5a46a13b281cadc5e4f.pdf,2026-09-26T19:23:24Z,REAL
ALBENDAZOLE-94C3BACA,Albendazole,Tablet,400 mg,1 Tablet,"P,S,T",Anti-infective Medicines,NPPA S.O. 1575(E) dated 25.03.2026 (NLEM 2022 list) + NLEM 2022 (CDSCO),https://nppa.gov.in/storage/uploads/tender/0fd8be342c35d5a46a13b281cadc5e4f.pdf,2026-09-26T19:23:24Z,REAL
ALBENDAZOLE-807E2E9E,Albendazole,Chewable Tablet,400 mg,1 Tablet,"P,S,T",Anti-infective Medicines,NPPA S.O. 1575(E) dated 25.03.2026 (NLEM 2022 list) + NLEM 2022 (CDSCO),https://nppa.gov.in/storage/uploads/tender/0fd8be342c35d5a46a13b281cadc5e4f.pdf,2026-09-26T19:23:24Z,REAL
ALLOPURINOL-1CFC3038,Allopurinol,Tablet,300 mg,1 Tablet,"P,S,T","Analgesics, Antipyretics, Non-steroidal Anti-inflammatory Drugs (NSAIDs), Medicines used to treat Gout and Disease Modifying Agents used in Rheumatoid Disorders",NPPA S.O. 1575(E) dated 25.03.2026 (NLEM 2022 list) + NLEM 2022 (CDSCO),https://nppa.gov.in/storage/uploads/tender/0fd8be342c35d5a46a13b281cadc5e4f.pdf,2026-09-26T19:23:24Z,REAL
ALLOPURINOL-B23BD69F,Allopurinol,Tablet,100 mg,1 Tablet,"P,S,T","Analgesics, Antipyretics, Non-steroidal Anti-inflammatory Drugs (NSAIDs), Medicines used to treat Gout and Disease Modifying Agents used in Rheumatoid Disorders",NPPA S.O. 1575(E) dated 25.03.2026 (NLEM 2022 list) + NLEM 2022 (CDSCO),https://nppa.gov.in/storage/uploads/tender/0fd8be342c35d5a46a13b281cadc5e4f.pdf,2026-09-26T19:23:24Z,REAL
ALPROSTADIL-6214F215,Alprostadil,Injection,0.5 mg/mL,1 mL,"S,T",Medicines for Neonatal Care,NPPA S.O. 1575(E) dated 25.03.2026 (NLEM 2022 list) + NLEM 2022 (CDSCO),https://nppa.gov.in/storage/uploads/tender/0fd8be342c35d5a46a13b281cadc5e4f.pdf,2026-09-26T19:23:24Z,REAL
AMIKACIN-ED68AE37,Amikacin,Injection,250 mg/mL,1 mL,"S,T",Anti-infective Medicines,NPPA S.O. 1575(E) dated 25.03.2026 (NLEM 2022 list) + NLEM 2022 (CDSCO),https://nppa.gov.in/storage/uploads/tender/0fd8be342c35d5a46a13b281cadc5e4f.pdf,2026-09-26T19:23:24Z,REAL
AMIODARONE-5A8CD43D,Amiodarone,Tablet,200 mg,1 Tablet,"S,T",Cardiovascular Medicines,NPPA S.O. 1575(E) dated 25.03.2026 (NLEM 2022 list) + NLEM 2022 (CDSCO),https://nppa.gov.in/storage/uploads/tender/0fd8be342c35d5a46a13b281cadc5e4f.pdf,2026-09-26T19:23:24Z,REAL
AMIODARONE-92BF27DC,Amiodarone,Tablet,100 mg,1 Tablet,"S,T",Cardiovascular Medicines,NPPA S.O. 1575(E) dated 25.03.2026 (NLEM 2022 list) + NLEM 2022 (CDSCO),https://nppa.gov.in/storage/uploads/tender/0fd8be342c35d5a46a13b281cadc5e4f.pdf,2026-09-26T19:23:24Z,REAL
AMIODARONE-3E982FD3,Amiodarone,Injection,50 mg/mL,1 mL,"S,T",Cardiovascular Medicines,NPPA S.O. 1575(E) dated 25.03.2026 (NLEM 2022 list) + NLEM 2022 (CDSCO),https://nppa.gov.in/storage/uploads/tender/0fd8be342c35d5a46a13b281cadc5e4f.pdf,2026-09-26T19:23:24Z,REAL
AMITRIPTYLINE-4D0E6820,Amitriptyline,Tablet,50 mg,1 Tablet,"P,S,T",Medicines used in Neurological Disorders,NPPA S.O. 1575(E) dated 25.03.2026 (NLEM 2022 list) + NLEM 2022 (CDSCO),https://nppa.gov.in/storage/uploads/tender/0fd8be342c35d5a46a13b281cadc5e4f.pdf,2026-09-26T19:23:24Z,REAL
AMITRIPTYLINE-06BACC90,Amitriptyline,Tablet,75 mg,1 Tablet,"P,S,T",Medicines used in Neurological Disorders,NPPA S.O. 1575(E) dated 25.03.2026 (NLEM 2022 list) + NLEM 2022 (CDSCO),https://nppa.gov.in/storage/uploads/tender/0fd8be342c35d5a46a13b281cadc5e4f.pdf,2026-09-26T19:23:24Z,REAL
AMITRIPTYLINE-1BAE476B,Amitriptyline,Tablet,25 mg,1 Tablet,"P,S,T",Medicines used in Neurological Disorders,NPPA S.O. 1575(E) dated 25.03.2026 (NLEM 2022 list) + NLEM 2022 (CDSCO),https://nppa.gov.in/storage/uploads/tender/0fd8be342c35d5a46a13b281cadc5e4f.pdf,2026-09-26T19:23:24Z,REAL
AMITRIPTYLINE-68C05414,Amitriptyline,Tablet,10 mg,1 Tablet,"P,S,T",Medicines used in Neurological Disorders,NPPA S.O. 1575(E) dated 25.03.2026 (NLEM 2022 list) + NLEM 2022 (CDSCO),https://nppa.gov.in/storage/uploads/tender/0fd8be342c35d5a46a13b281cadc5e4f.pdf,2026-09-26T19:23:24Z,REAL
AMLODIPINE-B090D790,Amlodipine,Tablet,2.5 mg,1 Tablet,"P,S,T",Cardiovascular Medicines,NPPA S.O. 1575(E) dated 25.03.2026 (NLEM 2022 list) + NLEM 2022 (CDSCO),https://nppa.gov.in/storage/uploads/tender/0fd8be342c35d5a46a13b281cadc5e4f.pdf,2026-09-26T19:23:24Z,REAL
AMLODIPINE-B4311439,Amlodipine,Tablet,5 mg,1 Tablet,"P,S,T",Cardiovascular Medicines,NPPA S.O. 1575(E) dated 25.03.2026 (NLEM 2022 list) + NLEM 2022 (CDSCO),https://nppa.gov.in/storage/uploads/tender/0fd8be342c35d5a46a13b281cadc5e4f.pdf,2026-09-26T19:23:24Z,REAL
AMLODIPINE-0929205F,Amlodipine,Tablet,10 mg,1 Tablet,"P,S,T",Cardiovascular Medicines,NPPA S.O. 1575(E) dated 25.03.2026 (NLEM 2022 list) + NLEM 2022 (CDSCO),https://nppa.gov.in/storage/uploads/tender/0fd8be342c35d5a46a13b281cadc5e4f.pdf,2026-09-26T19:23:24Z,REAL
AMOXICILLIN-5349FFD7,Amoxicillin,Capsule,250 mg,1 Capsule,"P,S,T",Anti-infective Medicines,NPPA S.O. 1575(E) dated 25.03.2026 (NLEM 2022 list) + NLEM 2022 (CDSCO),https://nppa.gov.in/storage/uploads/tender/0fd8be342c35d5a46a13b281cadc5e4f.pdf,2026-09-26T19:23:24Z,REAL
AMOXICILLIN-0D6327FE,Amoxicillin,Capsule,500 mg,1 Capsule,"P,S,T",Anti-infective Medicines,NPPA S.O. 1575(E) dated 25.03.2026 (NLEM 2022 list) + NLEM 2022 (CDSCO),https://nppa.gov.in/storage/uploads/tender/0fd8be342c35d5a46a13b281cadc5e4f.pdf,2026-09-26T19:23:24Z,REAL
AMOXICILLIN-F8F01D40,Amoxicillin,Oral Liquid,250 mg/5 mL (p),1 mL,"P,S,T",Anti-infective Medicines,NPPA S.O. 1575(E) dated 25.03.2026 (NLEM 2022 list) + NLEM 2022 (CDSCO),https://nppa.gov.in/storage/uploads/tender/0fd8be342c35d5a46a13b281cadc5e4f.pdf,2026-09-26T19:23:24Z,REAL
AMOXICILLIN-F3DE1709,Amoxicillin,Powder for Injection,250 mg,1 Vial,"P,S,T",Anti-infective Medicines,NPPA S.O. 1575(E) dated 25.03.2026 (NLEM 2022 list) + NLEM 2022 (CDSCO),https://nppa.gov.in/storage/uploads/tender/0fd8be342c35d5a46a13b281cadc5e4f.pdf,2026-09-26T19:23:24Z,REAL
AMOXICILLIN-80C30C73,Amoxicillin,Powder for Injection,500 mg,1 Vial,"P,S,T",Anti-infective Medicines,NPPA S.O. 1575(E) dated 25.03.2026 (NLEM 2022 list) + NLEM 2022 (CDSCO),https://nppa.gov.in/storage/uploads/tender/0fd8be342c35d5a46a13b281cadc5e4f.pdf,2026-09-26T19:23:24Z,REAL
AMOXICILLIN-E49AA4DC,Amoxicillin,Oral Liquid,125 mg/5 mL (p),1 mL,"P,S,T",Anti-infective Medicines,NPPA S.O. 1575(E) dated 25.03.2026 (NLEM 2022 list) + NLEM 2022 (CDSCO),https://nppa.gov.in/storage/uploads/tender/0fd8be342c35d5a46a13b281cadc5e4f.pdf,2026-09-26T19:23:24Z,REAL
AMOXICILLIN-A-CLAVULANIC-D8666D68,Amoxicillin (A) + Clavulanic Acid (B),Powder for Injection,500 mg (A) + 100 mg (B),1 Vial,"P,S,T",Anti-infective Medicines,NPPA S.O. 1575(E) dated 25.03.2026 (NLEM 2022 list) + NLEM 2022 (CDSCO),https://nppa.gov.in/storage/uploads/tender/0fd8be342c35d5a46a13b281cadc5e4f.pdf,2026-09-26T19:23:24Z,REAL
AMOXICILLIN-A-CLAVULANIC-29D738B2,Amoxicillin (A) + Clavulanic Acid (B),Dry Syrup,125 mg (A) + 31.25 (B)/5 mL(p),1 mL,"P,S,T",Anti-infective Medicines,NPPA S.O. 1575(E) dated 25.03.2026 (NLEM 2022 list) + NLEM 2022 (CDSCO),https://nppa.gov.in/storage/uploads/tender/0fd8be342c35d5a46a13b281cadc5e4f.pdf,2026-09-26T19:23:24Z,REAL
AMOXICILLIN-A-CLAVULANIC-3A34ED98,Amoxicillin (A) + Clavulanic Acid (B),Powder for Injection,1 g (A) + 200 mg (B),1 Vial,"P,S,T",Anti-infective Medicines,NPPA S.O. 1575(E) dated 25.03.2026 (NLEM 2022 list) + NLEM 2022 (CDSCO),https://nppa.gov.in/storage/uploads/tender/0fd8be342c35d5a46a13b281cadc5e4f.pdf,2026-09-26T19:23:24Z,REAL
AMOXICILLIN-A-CLAVULANIC-B3BE9AC2,Amoxicillin (A) + Clavulanic Acid (B),Tablet,500 mg (A) + 125 mg (B),1 Tablet,"P,S,T",Anti-infective Medicines,NPPA S.O. 1575(E) dated 25.03.2026 (NLEM 2022 list) + NLEM 2022 (CDSCO),https://nppa.gov.in/storage/uploads/tender/0fd8be342c35d5a46a13b281cadc5e4f.pdf,2026-09-26T19:23:24Z,REAL
AMOXICILLIN-A-CLAVULANIC-93CC3844,Amoxicillin (A) + Clavulanic Acid (B),Oral Liquid,200 mg (A) + 28.5 mg(B)/5 mL(p),1 mL,"P,S,T",Anti-infective Medicines,NPPA S.O. 1575(E) dated 25.03.2026 (NLEM 2022 list) + NLEM 2022 (CDSCO),https://nppa.gov.in/storage/uploads/tender/0fd8be342c35d5a46a13b281cadc5e4f.pdf,2026-09-26T19:23:24Z,REAL
AMPHOTERICIN-B-639F6C85,Amphotericin B,Amphotericin B(conventional) - Injection,50 mg/vial,1 Vial,"S,T",Anti-infective Medicines,NPPA S.O. 1575(E) dated 25.03.2026 (NLEM 2022 list) + NLEM 2022 (CDSCO),https://nppa.gov.in/storage/uploads/tender/0fd8be342c35d5a46a13b281cadc5e4f.pdf,2026-09-26T19:23:24Z,REAL
AMPHOTERICIN-B-LIPID-DF61D999,Amphotericin B Lipid,Injection,50 mg/vial,1 Vial,"S,T",Anti-infective Medicines,NPPA S.O. 1575(E) dated 25.03.2026 (NLEM 2022 list) + NLEM 2022 (CDSCO),https://nppa.gov.in/storage/uploads/tender/0fd8be342c35d5a46a13b281cadc5e4f.pdf,2026-09-26T19:23:24Z,REAL
AMPHOTERICIN-B-LIPOSOMAL-4F144C8B,Amphotericin B Liposomal,Injection,50 mg/vial,1 Vial,"S,T",Anti-infective Medicines,NPPA S.O. 1575(E) dated 25.03.2026 (NLEM 2022 list) + NLEM 2022 (CDSCO),https://nppa.gov.in/storage/uploads/tender/0fd8be342c35d5a46a13b281cadc5e4f.pdf,2026-09-26T19:23:24Z,REAL
AMPICILLIN-0FB71DE1,Ampicillin,Powder for Injection,500 mg,1 Vial,"P,S,T",Anti-infective Medicines,NPPA S.O. 1575(E) dated 25.03.2026 (NLEM 2022 list) + NLEM 2022 (CDSCO),https://nppa.gov.in/storage/uploads/tender/0fd8be342c35d5a46a13b281cadc5e4f.pdf,2026-09-26T19:23:24Z,REAL
AMPICILLIN-A3D3A4B2,Ampicillin,Powder for Injection,1 g,1 Vial,"P,S,T",Anti-infective Medicines,NPPA S.O. 1575(E) dated 25.03.2026 (NLEM 2022 list) + NLEM 2022 (CDSCO),https://nppa.gov.in/storage/uploads/tender/0fd8be342c35d5a46a13b281cadc5e4f.pdf,2026-09-26T19:23:24Z,REAL
ANTI-RABIES-IMMUNOGLOBUL-2A7F6D5C,Anti-Rabies Immunoglobulin,Injection,150 IU/mL,1 mL,"P,S,T",Immunologicals,NPPA S.O. 1575(E) dated 25.03.2026 (NLEM 2022 list) + NLEM 2022 (CDSCO),https://nppa.gov.in/storage/uploads/tender/0fd8be342c35d5a46a13b281cadc5e4f.pdf,2026-09-26T19:23:24Z,REAL
ANTI-RABIES-IMMUNOGLOBUL-7F0BAE4F,Anti-Rabies Immunoglobulin,Injection,300 IU/mL,1 mL,"P,S,T",Immunologicals,NPPA S.O. 1575(E) dated 25.03.2026 (NLEM 2022 list) + NLEM 2022 (CDSCO),https://nppa.gov.in/storage/uploads/tender/0fd8be342c35d5a46a13b281cadc5e4f.pdf,2026-09-26T19:23:24Z,REAL
ANTI-TETANUS-IMMUNOGLOBU-D77E974E,Anti-Tetanus Immunoglobulin,As Licensed,(250 IU),1 Vial,"P,S,T",Immunologicals,NPPA S.O. 1575(E) dated 25.03.2026 (NLEM 2022 list) + NLEM 2022 (CDSCO),https://nppa.gov.in/storage/uploads/tender/0fd8be342c35d5a46a13b281cadc5e4f.pdf,2026-09-26T19:23:24Z,REAL
ANTI-TETANUS-IMMUNOGLOBU-7F67B0A3,Anti-Tetanus Immunoglobulin,As Licensed,(500 IU),1 Vial,"P,S,T",Immunologicals,NPPA S.O. 1575(E) dated 25.03.2026 (NLEM 2022 list) + NLEM 2022 (CDSCO),https://nppa.gov.in/storage/uploads/tender/0fd8be342c35d5a46a13b281cadc5e4f.pdf,2026-09-26T19:23:24Z,REAL
ANTI-TETANUS-IMMUNOGLOBU-FAF72ADA,Anti-Tetanus Immunoglobulin,As Licensed,(1000 IU),1 Vial,"P,S,T",Immunologicals,NPPA S.O. 1575(E) dated 25.03.2026 (NLEM 2022 list) + NLEM 2022 (CDSCO),https://nppa.gov.in/storage/uploads/tender/0fd8be342c35d5a46a13b281cadc5e4f.pdf,2026-09-26T19:23:24Z,REAL
ARSENIC-TRIOXIDE-9F2FE9D3,Arsenic Trioxide,Injection,1 mg/mL,1 mL,T,Anti-cancer agents including Immunosuppressives and Medicines used in Palliative Care,NPPA S.O. 1575(E) dated 25.03.2026 (NLEM 2022 list) + NLEM 2022 (CDSCO),https://nppa.gov.in/storage/uploads/tender/0fd8be342c35d5a46a13b281cadc5e4f.pdf,2026-09-26T19:23:24Z,REAL
ARTEMETHER-A-LUMEFANTRIN-1AC5828D,Artemether (A) + Lumefantrine(B),Tablet,40 mg (A) + 240 mg (B),1 Tablet,"P,S,T",Anti-infective Medicines,NPPA S.O. 1575(E) dated 25.03.2026 (NLEM 2022 list) + NLEM 2022 (CDSCO),https://nppa.gov.in/storage/uploads/tender/0fd8be342c35d5a46a13b281cadc5e4f.pdf,2026-09-26T19:23:24Z,REAL
ARTEMETHER-A-LUMEFANTRIN-753705EC,Artemether (A) + Lumefantrine(B),Tablet,80 mg(A) + 480 mg(B),1 Tablet,"P,S,T",Anti-infective Medicines,NPPA S.O. 1575(E) dated 25.03.2026 (NLEM 2022 list) + NLEM 2022 (CDSCO),https://nppa.gov.in/storage/uploads/tender/0fd8be342c35d5a46a13b281cadc5e4f.pdf,2026-09-26T19:23:24Z,REAL
ARTEMETHER-A-LUMEFANTRIN-D2D3CA7D,Artemether (A) + Lumefantrine(B),Tablet,20 mg (A) + 120 mg (B),1 Tablet,"P,S,T",Anti-infective Medicines,NPPA S.O. 1575(E) dated 25.03.2026 (NLEM 2022 list) + NLEM 2022 (CDSCO),https://nppa.gov.in/storage/uploads/tender/0fd8be342c35d5a46a13b281cadc5e4f.pdf,2026-09-26T19:23:24Z,REAL
ARTESUNATE-FE93F9ED,Artesunate,Powder for Injection,60 mg,1 Vial,"P,S,T",Anti-infective Medicines,NPPA S.O. 1575(E) dated 25.03.2026 (NLEM 2022 list) + NLEM 2022 (CDSCO),https://nppa.gov.in/storage/uploads/tender/0fd8be342c35d5a46a13b281cadc5e4f.pdf,2026-09-26T19:23:24Z,REAL
ARTESUNATE-5378E388,Artesunate,Powder for Injection,120 mg,1 Vial,"P,S,T",Anti-infective Medicines,NPPA S.O. 1575(E) dated 25.03.2026 (NLEM 2022 list) + NLEM 2022 (CDSCO),https://nppa.gov.in/storage/uploads/tender/0fd8be342c35d5a46a13b281cadc5e4f.pdf,2026-09-26T19:23:24Z,REAL
ARTESUNATE-A-SULPHADOXIN-AD33F95D,Artesunate (A) + Sulphadoxine - Pyrimethamine (B),Combi Pack (A+B),1 Tablet 50 mg (A) + 1Tablet (500 mg + 25 mg) (B),1 Combi Pack,"P,S,T",Anti-infective Medicines,NPPA S.O. 1575(E) dated 25.03.2026 (NLEM 2022 list) + NLEM 2022 (CDSCO),https://nppa.gov.in/storage/uploads/tender/0fd8be342c35d5a46a13b281cadc5e4f.pdf,2026-09-26T19:23:24Z,REAL
ASCORBIC-ACID-VITAMIN-C-2B3CA217,Ascorbic Acid (Vitamin C),Tablet,100 mg,1 Tablet,"P,S,T",Vitamins and Minerals,NPPA S.O. 1575(E) dated 25.03.2026 (NLEM 2022 list) + NLEM 2022 (CDSCO),https://nppa.gov.in/storage/uploads/tender/0fd8be342c35d5a46a13b281cadc5e4f.pdf,2026-09-26T19:23:24Z,REAL
ASCORBIC-ACID-VITAMINC-76AF4E47,Ascorbic Acid (Vitaminc),Tablet,500 mg,1 Tablet,"P,S,T",Vitamins and Minerals,NPPA S.O. 1575(E) dated 25.03.2026 (NLEM 2022 list) + NLEM 2022 (CDSCO),https://nppa.gov.in/storage/uploads/tender/0fd8be342c35d5a46a13b281cadc5e4f.pdf,2026-09-26T19:23:24Z,REAL
ATAZANAVIR-A-RITONAVIR-B-A81A09E8,Atazanavir (A) + Ritonavir(B),Tablet,300 mg(A) + Tablet 100 mg(B),1 Tablet,"S,T",Anti-infective Medicines,NPPA S.O. 1575(E) dated 25.03.2026 (NLEM 2022 list) + NLEM 2022 (CDSCO),https://nppa.gov.in/storage/uploads/tender/0fd8be342c35d5a46a13b281cadc5e4f.pdf,2026-09-26T19:23:24Z,REAL
ATORVASTATIN-C16857EC,Atorvastatin,Tablet,40 mg,1 Tablet,"P,S,T",Cardiovascular Medicines,NPPA S.O. 1575(E) dated 25.03.2026 (NLEM 2022 list) + NLEM 2022 (CDSCO),https://nppa.gov.in/storage/uploads/tender/0fd8be342c35d5a46a13b281cadc5e4f.pdf,2026-09-26T19:23:24Z,REAL
ATORVASTATIN-7A4876AE,Atorvastatin,Tablet,20 mg,1 Tablet,"P,S,T",Cardiovascular Medicines,NPPA S.O. 1575(E) dated 25.03.2026 (NLEM 2022 list) + NLEM 2022 (CDSCO),https://nppa.gov.in/storage/uploads/tender/0fd8be342c35d5a46a13b281cadc5e4f.pdf,2026-09-26T19:23:24Z,REAL
ATORVASTATIN-4E13D520,Atorvastatin,Tablet,80 mg,1 Tablet,"P,S,T",Cardiovascular Medicines,NPPA S.O. 1575(E) dated 25.03.2026 (NLEM 2022 list) + NLEM 2022 (CDSCO),https://nppa.gov.in/storage/uploads/tender/0fd8be342c35d5a46a13b281cadc5e4f.pdf,2026-09-26T19:23:24Z,REAL
ATORVASTATIN-AEC38AF9,Atorvastatin,Tablet,10 mg,1 Tablet,"P,S,T",Cardiovascular Medicines,NPPA S.O. 1575(E) dated 25.03.2026 (NLEM 2022 list) + NLEM 2022 (CDSCO),https://nppa.gov.in/storage/uploads/tender/0fd8be342c35d5a46a13b281cadc5e4f.pdf,2026-09-26T19:23:24Z,REAL
ATRACURIUM-E20D3F8B,Atracurium,Injection,10 mg/mL,1 mL,"S,T",Medicines used in Anaesthesia,NPPA S.O. 1575(E) dated 25.03.2026 (NLEM 2022 list) + NLEM 2022 (CDSCO),https://nppa.gov.in/storage/uploads/tender/0fd8be342c35d5a46a13b281cadc5e4f.pdf,2026-09-26T19:23:24Z,REAL
ATROPINE-FE8B71B9,Atropine,Drops,1 %,1 mL,"P,S,T",Medicines used in Anaesthesia,NPPA S.O. 1575(E) dated 25.03.2026 (NLEM 2022 list) + NLEM 2022 (CDSCO),https://nppa.gov.in/storage/uploads/tender/0fd8be342c35d5a46a13b281cadc5e4f.pdf,2026-09-26T19:23:24Z,REAL
ATROPINE-05E78EE2,Atropine,Ointment,1 %,1 g,"P,S,T",Medicines used in Anaesthesia,NPPA S.O. 1575(E) dated 25.03.2026 (NLEM 2022 list) + NLEM 2022 (CDSCO),https://nppa.gov.in/storage/uploads/tender/0fd8be342c35d5a46a13b281cadc5e4f.pdf,2026-09-26T19:23:24Z,REAL
ATROPINE-6BCEA471,Atropine,Injection,0.6 mg/mL,1 mL,"P,S,T",Medicines used in Anaesthesia,NPPA S.O. 1575(E) dated 25.03.2026 (NLEM 2022 list) + NLEM 2022 (CDSCO),https://nppa.gov.in/storage/uploads/tender/0fd8be342c35d5a46a13b281cadc5e4f.pdf,2026-09-26T19:23:24Z,REAL
AZATHIOPRINE-0485C5E7,Azathioprine,Tablet,50 mg,1 Tablet,"S,T","Analgesics, Antipyretics, Non-steroidal Anti-inflammatory Drugs (NSAIDs), Medicines used to treat Gout and Disease Modifying Agents used in Rheumatoid Disorders",NPPA S.O. 1575(E) dated 25.03.2026 (NLEM 2022 list) + NLEM 2022 (CDSCO),https://nppa.gov.in/storage/uploads/tender/0fd8be342c35d5a46a13b281cadc5e4f.pdf,2026-09-26T19:23:24Z,REAL
AZATHIOPRINE-2E29E923,Azathioprine,Tablet,25 mg(p),1 Tablet,"S,T","Analgesics, Antipyretics, Non-steroidal Anti-inflammatory Drugs (NSAIDs), Medicines used to treat Gout and Disease Modifying Agents used in Rheumatoid Disorders",NPPA S.O. 1575(E) dated 25.03.2026 (NLEM 2022 list) + NLEM 2022 (CDSCO),https://nppa.gov.in/storage/uploads/tender/0fd8be342c35d5a46a13b281cadc5e4f.pdf,2026-09-26T19:23:24Z,REAL
AZITHROMYCIN-7A837AC4,Azithromycin,Powder for Injection,500 mg,1 Vial,"P,S,T",Anti-infective Medicines,NPPA S.O. 1575(E) dated 25.03.2026 (NLEM 2022 list) + NLEM 2022 (CDSCO),https://nppa.gov.in/storage/uploads/tender/0fd8be342c35d5a46a13b281cadc5e4f.pdf,2026-09-26T19:23:24Z,REAL
AZITHROMYCIN-179E461A,Azithromycin,Tablet,500 mg,1 Tablet,"P,S,T",Anti-infective Medicines,NPPA S.O. 1575(E) dated 25.03.2026 (NLEM 2022 list) + NLEM 2022 (CDSCO),https://nppa.gov.in/storage/uploads/tender/0fd8be342c35d5a46a13b281cadc5e4f.pdf,2026-09-26T19:23:24Z,REAL
AZITHROMYCIN-5301F4D4,Azithromycin,Oral Liquid,200 mg/5 mL (p),1 mL,"P,S,T",Anti-infective Medicines,NPPA S.O. 1575(E) dated 25.03.2026 (NLEM 2022 list) + NLEM 2022 (CDSCO),https://nppa.gov.in/storage/uploads/tender/0fd8be342c35d5a46a13b281cadc5e4f.pdf,2026-09-26T19:23:24Z,REAL
AZITHROMYCIN-F6EA97C2,Azithromycin,Capsule,250 mg,1 Capsule,"P,S,T",Anti-infective Medicines,NPPA S.O. 1575(E) dated 25.03.2026 (NLEM 2022 list) + NLEM 2022 (CDSCO),https://nppa.gov.in/storage/uploads/tender/0fd8be342c35d5a46a13b281cadc5e4f.pdf,2026-09-26T19:23:24Z,REAL
AZITHROMYCIN-14BDBBD6,Azithromycin,Tablet,1000 mg,1 Tablet,"P,S,T",Anti-infective Medicines,NPPA S.O. 1575(E) dated 25.03.2026 (NLEM 2022 list) + NLEM 2022 (CDSCO),https://nppa.gov.in/storage/uploads/tender/0fd8be342c35d5a46a13b281cadc5e4f.pdf,2026-09-26T19:23:24Z,REAL
AZITHROMYCIN-AA671A01,Azithromycin,Capsule,500 mg,1 Capsule,"P,S,T",Anti-infective Medicines,NPPA S.O. 1575(E) dated 25.03.2026 (NLEM 2022 list) + NLEM 2022 (CDSCO),https://nppa.gov.in/storage/uploads/tender/0fd8be342c35d5a46a13b281cadc5e4f.pdf,2026-09-26T19:23:24Z,REAL
AZITHROMYCIN-2199048D,Azithromycin,Tablet,250 mg,1 Tablet,"P,S,T",Anti-infective Medicines,NPPA S.O. 1575(E) dated 25.03.2026 (NLEM 2022 list) + NLEM 2022 (CDSCO),https://nppa.gov.in/storage/uploads/tender/0fd8be342c35d5a46a13b281cadc5e4f.pdf,2026-09-26T19:23:24Z,REAL
BACLOFEN-68AAF7CF,Baclofen,Tablet,20 mg,1 Tablet,"S,T",Medicines used in Anaesthesia,NPPA S.O. 1575(E) dated 25.03.2026 (NLEM 2022 list) + NLEM 2022 (CDSCO),https://nppa.gov.in/storage/uploads/tender/0fd8be342c35d5a46a13b281cadc5e4f.pdf,2026-09-26T19:23:24Z,REAL
BACLOFEN-ED5EB600,Baclofen,Tablet,10 mg,1 Tablet,"S,T",Medicines used in Anaesthesia,NPPA S.O. 1575(E) dated 25.03.2026 (NLEM 2022 list) + NLEM 2022 (CDSCO),https://nppa.gov.in/storage/uploads/tender/0fd8be342c35d5a46a13b281cadc5e4f.pdf,2026-09-26T19:23:24Z,REAL
BACLOFEN-E794BD11,Baclofen,Tablet,5 mg,1 Tablet,"S,T",Medicines used in Anaesthesia,NPPA S.O. 1575(E) dated 25.03.2026 (NLEM 2022 list) + NLEM 2022 (CDSCO),https://nppa.gov.in/storage/uploads/tender/0fd8be342c35d5a46a13b281cadc5e4f.pdf,2026-09-26T19:23:24Z,REAL
BCG-VACCINE-961273DA,BCG Vaccine,As Licensed,,Each Dose (0.10 mL),"P,S,T",Immunologicals,NPPA S.O. 1575(E) dated 25.03.2026 (NLEM 2022 list) + NLEM 2022 (CDSCO),https://nppa.gov.in/storage/uploads/tender/0fd8be342c35d5a46a13b281cadc5e4f.pdf,2026-09-26T19:23:24Z,REAL
BENDAMUSTINE-HYDROCHLORI-ADE1B3AE,Bendamustine Hydrochloride,Injection,100 mg/vial,1 Vial,T,Anti-cancer agents including Immunosuppressives and Medicines used in Palliative Care,NPPA S.O. 1575(E) dated 25.03.2026 (NLEM 2022 list) + NLEM 2022 (CDSCO),https://nppa.gov.in/storage/uploads/tender/0fd8be342c35d5a46a13b281cadc5e4f.pdf,2026-09-26T19:23:24Z,REAL
BENZATHINE-BENZYLPENICIL-5E7D1810,Benzathine Benzylpenicillin,Powder for Injection,12 lac units,1 Vial,"P,S,T",Anti-infective Medicines,NPPA S.O. 1575(E) dated 25.03.2026 (NLEM 2022 list) + NLEM 2022 (CDSCO),https://nppa.gov.in/storage/uploads/tender/0fd8be342c35d5a46a13b281cadc5e4f.pdf,2026-09-26T19:23:24Z,REAL
BENZATHINE-BENZYLPENICIL-4178E7F7,Benzathine Benzylpenicillin,Powder for Injection,6 lac units,1 Vial,"P,S,T",Anti-infective Medicines,NPPA S.O. 1575(E) dated 25.03.2026 (NLEM 2022 list) + NLEM 2022 (CDSCO),https://nppa.gov.in/storage/uploads/tender/0fd8be342c35d5a46a13b281cadc5e4f.pdf,2026-09-26T19:23:24Z,REAL
BENZOYL-PEROXIDE-FEB4A0F5,Benzoyl Peroxide,Gel,2.5,1 g,"P,S,T",Dermatological Medicines (Topical),NPPA S.O. 1575(E) dated 25.03.2026 (NLEM 2022 list) + NLEM 2022 (CDSCO),https://nppa.gov.in/storage/uploads/tender/0fd8be342c35d5a46a13b281cadc5e4f.pdf,2026-09-26T19:23:24Z,REAL
BENZOYL-PEROXIDE-C12317E3,Benzoyl Peroxide,Gel,5 %,1 g,"P,S,T",Dermatological Medicines (Topical),NPPA S.O. 1575(E) dated 25.03.2026 (NLEM 2022 list) + NLEM 2022 (CDSCO),https://nppa.gov.in/storage/uploads/tender/0fd8be342c35d5a46a13b281cadc5e4f.pdf,2026-09-26T19:23:24Z,REAL
BENZOYL-PEROXIDE-4AD957DC,Benzoyl Peroxide,Gel,3.5 %,1 g,"P,S,T",Dermatological Medicines (Topical),NPPA S.O. 1575(E) dated 25.03.2026 (NLEM 2022 list) + NLEM 2022 (CDSCO),https://nppa.gov.in/storage/uploads/tender/0fd8be342c35d5a46a13b281cadc5e4f.pdf,2026-09-26T19:23:24Z,REAL
BETAMETHASONE-6B04DD57,Betamethasone,Injection,4 mg/mL,1 mL,"P,S,T",Oxytocics and Antioxytocics,NPPA S.O. 1575(E) dated 25.03.2026 (NLEM 2022 list) + NLEM 2022 (CDSCO),https://nppa.gov.in/storage/uploads/tender/0fd8be342c35d5a46a13b281cadc5e4f.pdf,2026-09-26T19:23:24Z,REAL
BETAMETHASONE-VALERATE-DB882A90,Betamethasone Valerate,Cream,0.05 %,1 g,"P,S,T",Dermatological Medicines (Topical),NPPA S.O. 1575(E) dated 25.03.2026 (NLEM 2022 list) + NLEM 2022 (CDSCO),https://nppa.gov.in/storage/uploads/tender/0fd8be342c35d5a46a13b281cadc5e4f.pdf,2026-09-26T19:23:24Z,REAL
BETAMETHASONE-VALERATE-D4FA00CE,Betamethasone Valerate,Lotion,0.05 %,1 mL,"P,S,T",Dermatological Medicines (Topical),NPPA S.O. 1575(E) dated 25.03.2026 (NLEM 2022 list) + NLEM 2022 (CDSCO),https://nppa.gov.in/storage/uploads/tender/0fd8be342c35d5a46a13b281cadc5e4f.pdf,2026-09-26T19:23:24Z,REAL
BETAMETHASONE-VALERATE-6DE7C163,Betamethasone Valerate,Gel,0.05 %,1 g,"P,S,T",Dermatological Medicines (Topical),NPPA S.O. 1575(E) dated 25.03.2026 (NLEM 2022 list) + NLEM 2022 (CDSCO),https://nppa.gov.in/storage/uploads/tender/0fd8be342c35d5a46a13b281cadc5e4f.pdf,2026-09-26T19:23:24Z,REAL
BETAMETHASONE-VALERATE-ABE3D81B,Betamethasone Valerate,Cream,0.1 %,1 g,"P,S,T",Dermatological Medicines (Topical),NPPA S.O. 1575(E) dated 25.03.2026 (NLEM 2022 list) + NLEM 2022 (CDSCO),https://nppa.gov.in/storage/uploads/tender/0fd8be342c35d5a46a13b281cadc5e4f.pdf,2026-09-26T19:23:24Z,REAL
BICALUTAMIDE-45BD2A86,Bicalutamide,Tablet,50 mg,1 Tablet,,,NPPA S.O. 1575(E) dated 25.03.2026 (NLEM 2022 list),https://nppa.gov.in/storage/uploads/tender/0fd8be342c35d5a46a13b281cadc5e4f.pdf,2026-09-26T19:23:24Z,REAL
BISACODYL-B7B936CD,Bisacodyl,Tablet,5 mg,1 Tablet,"P,S,T",Gastrointestinal Medicines,NPPA S.O. 1575(E) dated 25.03.2026 (NLEM 2022 list) + NLEM 2022 (CDSCO),https://nppa.gov.in/storage/uploads/tender/0fd8be342c35d5a46a13b281cadc5e4f.pdf,2026-09-26T19:23:24Z,REAL
BISACODYL-B274D806,Bisacodyl,Suppository,5 mg,1 Suppository,"P,S,T",Gastrointestinal Medicines,NPPA S.O. 1575(E) dated 25.03.2026 (NLEM 2022 list) + NLEM 2022 (CDSCO),https://nppa.gov.in/storage/uploads/tender/0fd8be342c35d5a46a13b281cadc5e4f.pdf,2026-09-26T19:23:24Z,REAL
BLEOMYCIN-2E42B9EC,Bleomycin,Powder for Injection,15units,1 Vial,T,Anti-cancer agents including Immunosuppressives and Medicines used in Palliative Care,NPPA S.O. 1575(E) dated 25.03.2026 (NLEM 2022 list) + NLEM 2022 (CDSCO),https://nppa.gov.in/storage/uploads/tender/0fd8be342c35d5a46a13b281cadc5e4f.pdf,2026-09-26T19:23:24Z,REAL
BORTEZOMIB-6F37A815,Bortezomib,Powder for Injection,2 mg,1 Vial,T,Anti-cancer agents including Immunosuppressives and Medicines used in Palliative Care,NPPA S.O. 1575(E) dated 25.03.2026 (NLEM 2022 list) + NLEM 2022 (CDSCO),https://nppa.gov.in/storage/uploads/tender/0fd8be342c35d5a46a13b281cadc5e4f.pdf,2026-09-26T19:23:24Z,REAL
BUDESONIDE-F59CE74F,Budesonide,Respirator Solution for use in Nebulizer,0.5 mg/mL,1 mL,"P,S,T","Ear, Nose and Throat Medicines",NPPA S.O. 1575(E) dated 25.03.2026 (NLEM 2022 list) + NLEM 2022 (CDSCO),https://nppa.gov.in/storage/uploads/tender/0fd8be342c35d5a46a13b281cadc5e4f.pdf,2026-09-26T19:23:24Z,REAL
BUDESONIDE-DF404EF9,Budesonide,Respirator Solution for use in Nebulizer,1 mg/mL,1 mL,"P,S,T","Ear, Nose and Throat Medicines",NPPA S.O. 1575(E) dated 25.03.2026 (NLEM 2022 list) + NLEM 2022 (CDSCO),https://nppa.gov.in/storage/uploads/tender/0fd8be342c35d5a46a13b281cadc5e4f.pdf,2026-09-26T19:23:24Z,REAL
BUDESONIDE-7AF545B5,Budesonide,Inhalation (MDI),100 mcg/dose,1 Metered Dose,"P,S,T","Ear, Nose and Throat Medicines",NPPA S.O. 1575(E) dated 25.03.2026 (NLEM 2022 list) + NLEM 2022 (CDSCO),https://nppa.gov.in/storage/uploads/tender/0fd8be342c35d5a46a13b281cadc5e4f.pdf,2026-09-26T19:23:24Z,REAL
BUDESONIDE-6341B0B0,Budesonide,Inhalation (MDI),200 mcg/dose,1 Metered Dose,"P,S,T","Ear, Nose and Throat Medicines",NPPA S.O. 1575(E) dated 25.03.2026 (NLEM 2022 list) + NLEM 2022 (CDSCO),https://nppa.gov.in/storage/uploads/tender/0fd8be342c35d5a46a13b281cadc5e4f.pdf,2026-09-26T19:23:24Z,REAL
BUDESONIDE-60496BC0,Budesonide,Inhalation (DPI),200 mcg/dose,1 Dose,"P,S,T","Ear, Nose and Throat Medicines",NPPA S.O. 1575(E) dated 25.03.2026 (NLEM 2022 list) + NLEM 2022 (CDSCO),https://nppa.gov.in/storage/uploads/tender/0fd8be342c35d5a46a13b281cadc5e4f.pdf,2026-09-26T19:23:24Z,REAL
BUDESONIDE-1CEF4F2C,Budesonide,Nasal Spray,100 mcg/dose,1 Dose,"P,S,T","Ear, Nose and Throat Medicines",NPPA S.O. 1575(E) dated 25.03.2026 (NLEM 2022 list) + NLEM 2022 (CDSCO),https://nppa.gov.in/storage/uploads/tender/0fd8be342c35d5a46a13b281cadc5e4f.pdf,2026-09-26T19:23:24Z,REAL
BUDESONIDE-A-FORMOTEROL-07D281D9,Budesonide (A) + Formoterol (B),Inhalation (DPI),400 mcg (A) + 6 mcg (B),1 Dose,"P,S,T",Medicines acting on the Respiratory tract,NPPA S.O. 1575(E) dated 25.03.2026 (NLEM 2022 list) + NLEM 2022 (CDSCO),https://nppa.gov.in/storage/uploads/tender/0fd8be342c35d5a46a13b281cadc5e4f.pdf,2026-09-26T19:23:24Z,REAL
BUDESONIDE-A-FORMOTEROL-7A8E2A78,Budesonide (A) + Formoterol (B),Inhalation (MDI),100 mcg (A) + 6 mcg (B),1 Metered Dose,"P,S,T",Medicines acting on the Respiratory tract,NPPA S.O. 1575(E) dated 25.03.2026 (NLEM 2022 list) + NLEM 2022 (CDSCO),https://nppa.gov.in/storage/uploads/tender/0fd8be342c35d5a46a13b281cadc5e4f.pdf,2026-09-26T19:23:24Z,REAL
BUDESONIDE-A-FORMOTEROL-269C8456,Budesonide (A) + Formoterol (B),Inhalation (DPI),100 mcg (A) + 6 mcg (B),1 Dose,"P,S,T",Medicines acting on the Respiratory tract,NPPA S.O. 1575(E) dated 25.03.2026 (NLEM 2022 list) + NLEM 2022 (CDSCO),https://nppa.gov.in/storage/uploads/tender/0fd8be342c35d5a46a13b281cadc5e4f.pdf,2026-09-26T19:23:24Z,REAL
BUDESONIDE-A-FORMOTEROL-387ADFAE,Budesonide (A) + Formoterol (B),Inhalation (DPI),200 mcg (A) + 6 mcg (B),1 Dose,"P,S,T",Medicines acting on the Respiratory tract,NPPA S.O. 1575(E) dated 25.03.2026 (NLEM 2022 list) + NLEM 2022 (CDSCO),https://nppa.gov.in/storage/uploads/tender/0fd8be342c35d5a46a13b281cadc5e4f.pdf,2026-09-26T19:23:24Z,REAL
BUDESONIDE-A-FORMOTEROL-B7D67EDF,Budesonide (A) + Formoterol (B),Inhalation (MDI),200 mcg (A) + 6 mcg (B),1 Metered Dose,"P,S,T",Medicines acting on the Respiratory tract,NPPA S.O. 1575(E) dated 25.03.2026 (NLEM 2022 list) + NLEM 2022 (CDSCO),https://nppa.gov.in/storage/uploads/tender/0fd8be342c35d5a46a13b281cadc5e4f.pdf,2026-09-26T19:23:24Z,REAL
BUDESONIDE-A-FORMOTEROL-C33D5CC6,Budesonide (A) + Formoterol (B),Inhalation (MDI),400 mcg (A) + 6 mcg (B),1 Metered Dose,"P,S,T",Medicines acting on the Respiratory tract,NPPA S.O. 1575(E) dated 25.03.2026 (NLEM 2022 list) + NLEM 2022 (CDSCO),https://nppa.gov.in/storage/uploads/tender/0fd8be342c35d5a46a13b281cadc5e4f.pdf,2026-09-26T19:23:24Z,REAL
BUPIVACAINE-84BBEDE9,Bupivacaine,Injection,0.5 % with 7.5 % glucose,1 mL,"S,T",Medicines used in Anaesthesia,NPPA S.O. 1575(E) dated 25.03.2026 (NLEM 2022 list) + NLEM 2022 (CDSCO),https://nppa.gov.in/storage/uploads/tender/0fd8be342c35d5a46a13b281cadc5e4f.pdf,2026-09-26T19:23:24Z,REAL
BUPIVACAINE-62AE43BD,Bupivacaine,Injection,0.5 %,1 mL,"S,T",Medicines used in Anaesthesia,NPPA S.O. 1575(E) dated 25.03.2026 (NLEM 2022 list) + NLEM 2022 (CDSCO),https://nppa.gov.in/storage/uploads/tender/0fd8be342c35d5a46a13b281cadc5e4f.pdf,2026-09-26T19:23:24Z,REAL
BUPIVACAINE-F136EBA8,Bupivacaine,Injection,0.25 %,1 mL,"S,T",Medicines used in Anaesthesia,NPPA S.O. 1575(E) dated 25.03.2026 (NLEM 2022 list) + NLEM 2022 (CDSCO),https://nppa.gov.in/storage/uploads/tender/0fd8be342c35d5a46a13b281cadc5e4f.pdf,2026-09-26T19:23:24Z,REAL
BUPRENORPHINE-1E1AC82A,Buprenorphine,Tablet (Sub-lingual),0.4 mg,1 Tablet,"P,S,T",Medicines used in treatment of Psychiatric Disorders,NPPA S.O. 1575(E) dated 25.03.2026 (NLEM 2022 list) + NLEM 2022 (CDSCO),https://nppa.gov.in/storage/uploads/tender/0fd8be342c35d5a46a13b281cadc5e4f.pdf,2026-09-26T19:23:24Z,REAL
BUPRENORPHINE-A-NALOXONE-ACFD548E,Buprenorphine (A) + Naloxone (B),Tablet (Sub-lingual),2 mg(A) + 0.5 mg(B),1 Tablet,"P,S,T",Medicines used in treatment of Psychiatric Disorders,NPPA S.O. 1575(E) dated 25.03.2026 (NLEM 2022 list) + NLEM 2022 (CDSCO),https://nppa.gov.in/storage/uploads/tender/0fd8be342c35d5a46a13b281cadc5e4f.pdf,2026-09-26T19:23:24Z,REAL
BUPRENORPHINE-A-NALOXONE-1A4F856D,Buprenorphine (A) + Naloxone (B),Tablet (Sub-lingual),0.4 mg(A) + 0.1 mg(B),1 Tablet,"P,S,T",Medicines used in treatment of Psychiatric Disorders,NPPA S.O. 1575(E) dated 25.03.2026 (NLEM 2022 list) + NLEM 2022 (CDSCO),https://nppa.gov.in/storage/uploads/tender/0fd8be342c35d5a46a13b281cadc5e4f.pdf,2026-09-26T19:23:24Z,REAL
CAFFEINE-15CEA7E8,Caffeine,Oral Liquid,20 mg/mL,1 mL,"S,T",Medicines for Neonatal Care,NPPA S.O. 1575(E) dated 25.03.2026 (NLEM 2022 list) + NLEM 2022 (CDSCO),https://nppa.gov.in/storage/uploads/tender/0fd8be342c35d5a46a13b281cadc5e4f.pdf,2026-09-26T19:23:24Z,REAL
CAFFEINE-FA6DCC81,Caffeine,Injection,20 mg/mL,1 mL,"S,T",Medicines for Neonatal Care,NPPA S.O. 1575(E) dated 25.03.2026 (NLEM 2022 list) + NLEM 2022 (CDSCO),https://nppa.gov.in/storage/uploads/tender/0fd8be342c35d5a46a13b281cadc5e4f.pdf,2026-09-26T19:23:24Z,REAL
CALAMINE-3BC7178C,Calamine,Lotion (As per IP),,1 mL,"P,S,T",Dermatological Medicines (Topical),NPPA S.O. 1575(E) dated 25.03.2026 (NLEM 2022 list) + NLEM 2022 (CDSCO),https://nppa.gov.in/storage/uploads/tender/0fd8be342c35d5a46a13b281cadc5e4f.pdf,2026-09-26T19:23:24Z,REAL
CALCIUM-FOLINATE-71B1E637,Calcium Folinate,Tablet,15 mg,1 Tablet,T,Anti-cancer agents including Immunosuppressives and Medicines used in Palliative Care,NPPA S.O. 1575(E) dated 25.03.2026 (NLEM 2022 list) + NLEM 2022 (CDSCO),https://nppa.gov.in/storage/uploads/tender/0fd8be342c35d5a46a13b281cadc5e4f.pdf,2026-09-26T19:23:24Z,REAL
CAPECITABINE-EBD79DD6,Capecitabine,Tablet,500 mg,1 Tablet,T,Anti-cancer agents including Immunosuppressives and Medicines used in Palliative Care,NPPA S.O. 1575(E) dated 25.03.2026 (NLEM 2022 list) + NLEM 2022 (CDSCO),https://nppa.gov.in/storage/uploads/tender/0fd8be342c35d5a46a13b281cadc5e4f.pdf,2026-09-26T19:23:24Z,REAL
CARBAMAZEPINE-7B57EB0A,Carbamazepine,Modified Release – Tablet,200 mg,1 Tablet,"P,S,T",Medicines used in Neurological Disorders,NPPA S.O. 1575(E) dated 25.03.2026 (NLEM 2022 list) + NLEM 2022 (CDSCO),https://nppa.gov.in/storage/uploads/tender/0fd8be342c35d5a46a13b281cadc5e4f.pdf,2026-09-26T19:23:24Z,REAL
CARBAMAZEPINE-090B0448,Carbamazepine,Modified Release – Tablet,400 mg,1 Tablet,"P,S,T",Medicines used in Neurological Disorders,NPPA S.O. 1575(E) dated 25.03.2026 (NLEM 2022 list) + NLEM 2022 (CDSCO),https://nppa.gov.in/storage/uploads/tender/0fd8be342c35d5a46a13b281cadc5e4f.pdf,2026-09-26T19:23:24Z,REAL
CARBAMAZEPINE-C043E75F,Carbamazepine,Tablet,400 mg,1 Tablet,"P,S,T",Medicines used in Neurological Disorders,NPPA S.O. 1575(E) dated 25.03.2026 (NLEM 2022 list) + NLEM 2022 (CDSCO),https://nppa.gov.in/storage/uploads/tender/0fd8be342c35d5a46a13b281cadc5e4f.pdf,2026-09-26T19:23:24Z,REAL
CARBAMAZEPINE-DEBEA124,Carbamazepine,Tablet,200 mg,1 Tablet,"P,S,T",Medicines used in Neurological Disorders,NPPA S.O. 1575(E) dated 25.03.2026 (NLEM 2022 list) + NLEM 2022 (CDSCO),https://nppa.gov.in/storage/uploads/tender/0fd8be342c35d5a46a13b281cadc5e4f.pdf,2026-09-26T19:23:24Z,REAL
CARBAMAZEPINE-782D5F67,Carbamazepine,Oral Liquid,100 mg/5 mL(p),1 mL,"P,S,T",Medicines used in Neurological Disorders,NPPA S.O. 1575(E) dated 25.03.2026 (NLEM 2022 list) + NLEM 2022 (CDSCO),https://nppa.gov.in/storage/uploads/tender/0fd8be342c35d5a46a13b281cadc5e4f.pdf,2026-09-26T19:23:24Z,REAL
CARBAMAZEPINE-D20CC5B1,Carbamazepine,Tablet,100 mg,1 Tablet,"P,S,T",Medicines used in Neurological Disorders,NPPA S.O. 1575(E) dated 25.03.2026 (NLEM 2022 list) + NLEM 2022 (CDSCO),https://nppa.gov.in/storage/uploads/tender/0fd8be342c35d5a46a13b281cadc5e4f.pdf,2026-09-26T19:23:24Z,REAL
CARBIMAZOLE-C128B2D3,Carbimazole,Tablet,10 mg,1 Tablet,"P,S,T","Hormones, other Endocrine Medicines and Contraceptives",NPPA S.O. 1575(E) dated 25.03.2026 (NLEM 2022 list) + NLEM 2022 (CDSCO),https://nppa.gov.in/storage/uploads/tender/0fd8be342c35d5a46a13b281cadc5e4f.pdf,2026-09-26T19:23:24Z,REAL
CARBIMAZOLE-256326D8,Carbimazole,Tablet,5 mg,1 Tablet,"P,S,T","Hormones, other Endocrine Medicines and Contraceptives",NPPA S.O. 1575(E) dated 25.03.2026 (NLEM 2022 list) + NLEM 2022 (CDSCO),https://nppa.gov.in/storage/uploads/tender/0fd8be342c35d5a46a13b281cadc5e4f.pdf,2026-09-26T19:23:24Z,REAL
CARBIMAZOLE-C0B79C7C,Carbimazole,Tablet,20 mg,1 Tablet,"P,S,T","Hormones, other Endocrine Medicines and Contraceptives",NPPA S.O. 1575(E) dated 25.03.2026 (NLEM 2022 list) + NLEM 2022 (CDSCO),https://nppa.gov.in/storage/uploads/tender/0fd8be342c35d5a46a13b281cadc5e4f.pdf,2026-09-26T19:23:24Z,REAL
CARBOPLATIN-49C2E049,Carboplatin,Injection,10 mg/mL,1 mL,T,Anti-cancer agents including Immunosuppressives and Medicines used in Palliative Care,NPPA S.O. 1575(E) dated 25.03.2026 (NLEM 2022 list) + NLEM 2022 (CDSCO),https://nppa.gov.in/storage/uploads/tender/0fd8be342c35d5a46a13b281cadc5e4f.pdf,2026-09-26T19:23:24Z,REAL
CARBOXYMETHYL-CELLULOSE-F23C8AEE,Carboxymethyl Cellulose,Drops,0.5 %,1 mL,"P,S,T",Ophthalmological Medicines,NPPA S.O. 1575(E) dated 25.03.2026 (NLEM 2022 list) + NLEM 2022 (CDSCO),https://nppa.gov.in/storage/uploads/tender/0fd8be342c35d5a46a13b281cadc5e4f.pdf,2026-09-26T19:23:24Z,REAL
CARBOXYMETHYL-CELLULOSE-265EED2E,Carboxymethyl Cellulose,Drops,1 %,1 mL,"P,S,T",Ophthalmological Medicines,NPPA S.O. 1575(E) dated 25.03.2026 (NLEM 2022 list) + NLEM 2022 (CDSCO),https://nppa.gov.in/storage/uploads/tender/0fd8be342c35d5a46a13b281cadc5e4f.pdf,2026-09-26T19:23:24Z,REAL
CEFADROXIL-6BAADD66,Cefadroxil,Tablet,500 mg,1 Tablet,"P,S,T",Anti-infective Medicines,NPPA S.O. 1575(E) dated 25.03.2026 (NLEM 2022 list) + NLEM 2022 (CDSCO),https://nppa.gov.in/storage/uploads/tender/0fd8be342c35d5a46a13b281cadc5e4f.pdf,2026-09-26T19:23:24Z,REAL
CEFADROXIL-797868F7,Cefadroxil,Oral Liquid,125 mg/5 mL(p),1 mL,"P,S,T",Anti-infective Medicines,NPPA S.O. 1575(E) dated 25.03.2026 (NLEM 2022 list) + NLEM 2022 (CDSCO),https://nppa.gov.in/storage/uploads/tender/0fd8be342c35d5a46a13b281cadc5e4f.pdf,2026-09-26T19:23:24Z,REAL
CEFIXIME-895D735C,Cefixime,Tablet,400 mg,1 Tablet,"S,T",Anti-infective Medicines,NPPA S.O. 1575(E) dated 25.03.2026 (NLEM 2022 list) + NLEM 2022 (CDSCO),https://nppa.gov.in/storage/uploads/tender/0fd8be342c35d5a46a13b281cadc5e4f.pdf,2026-09-26T19:23:24Z,REAL
CEFIXIME-2395E6C0,Cefixime,Tablet,200 mg,1 Tablet,"S,T",Anti-infective Medicines,NPPA S.O. 1575(E) dated 25.03.2026 (NLEM 2022 list) + NLEM 2022 (CDSCO),https://nppa.gov.in/storage/uploads/tender/0fd8be342c35d5a46a13b281cadc5e4f.pdf,2026-09-26T19:23:24Z,REAL
CEFIXIME-6D72C3C0,Cefixime,Oral Liquid,50 mg/5 mL (p),1 mL,"S,T",Anti-infective Medicines,NPPA S.O. 1575(E) dated 25.03.2026 (NLEM 2022 list) + NLEM 2022 (CDSCO),https://nppa.gov.in/storage/uploads/tender/0fd8be342c35d5a46a13b281cadc5e4f.pdf,2026-09-26T19:23:24Z,REAL
CEFIXIME-8D67D750,Cefixime,Oral Liquid,100 mg/5 mL(p),1 mL,"S,T",Anti-infective Medicines,NPPA S.O. 1575(E) dated 25.03.2026 (NLEM 2022 list) + NLEM 2022 (CDSCO),https://nppa.gov.in/storage/uploads/tender/0fd8be342c35d5a46a13b281cadc5e4f.pdf,2026-09-26T19:23:24Z,REAL
CEFIXIME-5F954296,Cefixime,Capsule,200 mg,1 Capsule,"S,T",Anti-infective Medicines,NPPA S.O. 1575(E) dated 25.03.2026 (NLEM 2022 list) + NLEM 2022 (CDSCO),https://nppa.gov.in/storage/uploads/tender/0fd8be342c35d5a46a13b281cadc5e4f.pdf,2026-09-26T19:23:24Z,REAL
CEFOTAXIME-1B559F78,Cefotaxime,Powder for Injection,250 mg,1 Vial,"S,T",Anti-infective Medicines,NPPA S.O. 1575(E) dated 25.03.2026 (NLEM 2022 list) + NLEM 2022 (CDSCO),https://nppa.gov.in/storage/uploads/tender/0fd8be342c35d5a46a13b281cadc5e4f.pdf,2026-09-26T19:23:24Z,REAL
CEFOTAXIME-A61BCF33,Cefotaxime,Powder for Injection,500 mg,1 Vial,"S,T",Anti-infective Medicines,NPPA S.O. 1575(E) dated 25.03.2026 (NLEM 2022 list) + NLEM 2022 (CDSCO),https://nppa.gov.in/storage/uploads/tender/0fd8be342c35d5a46a13b281cadc5e4f.pdf,2026-09-26T19:23:24Z,REAL
CEFOTAXIME-C89581AB,Cefotaxime,Powder for Injection,1000 mg,1 Vial,"S,T",Anti-infective Medicines,NPPA S.O. 1575(E) dated 25.03.2026 (NLEM 2022 list) + NLEM 2022 (CDSCO),https://nppa.gov.in/storage/uploads/tender/0fd8be342c35d5a46a13b281cadc5e4f.pdf,2026-09-26T19:23:24Z,REAL
CEFTAZIDIME-B10C4EED,Ceftazidime,Powder for Injection,1000 mg,1 Vial,"S,T",Anti-infective Medicines,NPPA S.O. 1575(E) dated 25.03.2026 (NLEM 2022 list) + NLEM 2022 (CDSCO),https://nppa.gov.in/storage/uploads/tender/0fd8be342c35d5a46a13b281cadc5e4f.pdf,2026-09-26T19:23:24Z,REAL
CEFTAZIDIME-CDCAD391,Ceftazidime,Powder for Injection,250 mg,1 Vial,"S,T",Anti-infective Medicines,NPPA S.O. 1575(E) dated 25.03.2026 (NLEM 2022 list) + NLEM 2022 (CDSCO),https://nppa.gov.in/storage/uploads/tender/0fd8be342c35d5a46a13b281cadc5e4f.pdf,2026-09-26T19:23:24Z,REAL
CEFTRIAXONE-30552F04,Ceftriaxone,Powder for Injection,500 mg,1 Vial,"S,T",Anti-infective Medicines,NPPA S.O. 1575(E) dated 25.03.2026 (NLEM 2022 list) + NLEM 2022 (CDSCO),https://nppa.gov.in/storage/uploads/tender/0fd8be342c35d5a46a13b281cadc5e4f.pdf,2026-09-26T19:23:24Z,REAL
CEFTRIAXONE-2F015B63,Ceftriaxone,Powder for Injection,250 mg,1 Vial,"S,T",Anti-infective Medicines,NPPA S.O. 1575(E) dated 25.03.2026 (NLEM 2022 list) + NLEM 2022 (CDSCO),https://nppa.gov.in/storage/uploads/tender/0fd8be342c35d5a46a13b281cadc5e4f.pdf,2026-09-26T19:23:24Z,REAL
CEFTRIAXONE-813A5FEE,Ceftriaxone,Powder for Injection,1000 mg,1 Vial,"S,T",Anti-infective Medicines,NPPA S.O. 1575(E) dated 25.03.2026 (NLEM 2022 list) + NLEM 2022 (CDSCO),https://nppa.gov.in/storage/uploads/tender/0fd8be342c35d5a46a13b281cadc5e4f.pdf,2026-09-26T19:23:24Z,REAL
CEFTRIAXONE-98C5456D,Ceftriaxone,Powder for Injection,2000 mg,1 Vial,"S,T",Anti-infective Medicines,NPPA S.O. 1575(E) dated 25.03.2026 (NLEM 2022 list) + NLEM 2022 (CDSCO),https://nppa.gov.in/storage/uploads/tender/0fd8be342c35d5a46a13b281cadc5e4f.pdf,2026-09-26T19:23:24Z,REAL
CEFUROXIME-14E2CFC5,Cefuroxime,Oral Liquid,125 mg/5 mL(p),1 mL,"P,S,T",Anti-infective Medicines,NPPA S.O. 1575(E) dated 25.03.2026 (NLEM 2022 list) + NLEM 2022 (CDSCO),https://nppa.gov.in/storage/uploads/tender/0fd8be342c35d5a46a13b281cadc5e4f.pdf,2026-09-26T19:23:24Z,REAL
CEFUROXIME-3F81C773,Cefuroxime,Tablet,500 mg,1 Tablet,"P,S,T",Anti-infective Medicines,NPPA S.O. 1575(E) dated 25.03.2026 (NLEM 2022 list) + NLEM 2022 (CDSCO),https://nppa.gov.in/storage/uploads/tender/0fd8be342c35d5a46a13b281cadc5e4f.pdf,2026-09-26T19:23:24Z,REAL
CEFUROXIME-7555C0FE,Cefuroxime,Injection,1500 mg,1 Vial,"P,S,T",Anti-infective Medicines,NPPA S.O. 1575(E) dated 25.03.2026 (NLEM 2022 list) + NLEM 2022 (CDSCO),https://nppa.gov.in/storage/uploads/tender/0fd8be342c35d5a46a13b281cadc5e4f.pdf,2026-09-26T19:23:24Z,REAL
CETIRIZINE-A4FD20CC,Cetirizine,Tablet,10 mg,1 Tablet,"P,S,T",Antiallergics and Medicines used in Anaphylaxis,NPPA S.O. 1575(E) dated 25.03.2026 (NLEM 2022 list) + NLEM 2022 (CDSCO),https://nppa.gov.in/storage/uploads/tender/0fd8be342c35d5a46a13b281cadc5e4f.pdf,2026-09-26T19:23:24Z,REAL
CETIRIZINE-2A469F5E,Cetirizine,Oral Liquid,5 mg/5 mL(p),1 mL,"P,S,T",Antiallergics and Medicines used in Anaphylaxis,NPPA S.O. 1575(E) dated 25.03.2026 (NLEM 2022 list) + NLEM 2022 (CDSCO),https://nppa.gov.in/storage/uploads/tender/0fd8be342c35d5a46a13b281cadc5e4f.pdf,2026-09-26T19:23:24Z,REAL
CHLORAMBUCIL-C3A2700B,Chlorambucil,Tablet,2 mg,1 Tablet,T,Anti-cancer agents including Immunosuppressives and Medicines used in Palliative Care,NPPA S.O. 1575(E) dated 25.03.2026 (NLEM 2022 list) + NLEM 2022 (CDSCO),https://nppa.gov.in/storage/uploads/tender/0fd8be342c35d5a46a13b281cadc5e4f.pdf,2026-09-26T19:23:24Z,REAL
CHLORAMBUCIL-6513B69A,Chlorambucil,Tablet,5 mg,1 Tablet,T,Anti-cancer agents including Immunosuppressives and Medicines used in Palliative Care,NPPA S.O. 1575(E) dated 25.03.2026 (NLEM 2022 list) + NLEM 2022 (CDSCO),https://nppa.gov.in/storage/uploads/tender/0fd8be342c35d5a46a13b281cadc5e4f.pdf,2026-09-26T19:23:24Z,REAL
CHLOROQUINE-0E9C6F84,Chloroquine,Tablet,150 mg,1 Tablet,"P,S,T",Anti-infective Medicines,NPPA S.O. 1575(E) dated 25.03.2026 (NLEM 2022 list) + NLEM 2022 (CDSCO),https://nppa.gov.in/storage/uploads/tender/0fd8be342c35d5a46a13b281cadc5e4f.pdf,2026-09-26T19:23:24Z,REAL
CHLOROQUINE-FCD2DAEE,Chloroquine,Oral Liquid,50 mg/5 mL,1 mL,"P,S,T",Anti-infective Medicines,NPPA S.O. 1575(E) dated 25.03.2026 (NLEM 2022 list) + NLEM 2022 (CDSCO),https://nppa.gov.in/storage/uploads/tender/0fd8be342c35d5a46a13b281cadc5e4f.pdf,2026-09-26T19:23:24Z,REAL
CHOLECALCIFEROL-ACF3F5AA,Cholecalciferol,Tablet,1000 IU,1 Tablet,"P,S,T",Vitamins and Minerals,NPPA S.O. 1575(E) dated 25.03.2026 (NLEM 2022 list) + NLEM 2022 (CDSCO),https://nppa.gov.in/storage/uploads/tender/0fd8be342c35d5a46a13b281cadc5e4f.pdf,2026-09-26T19:23:24Z,REAL
CHOLECALCIFEROL-A23E0716,Cholecalciferol,Oral Liquid,400 IU/mL,1 mL,"P,S,T",Vitamins and Minerals,NPPA S.O. 1575(E) dated 25.03.2026 (NLEM 2022 list) + NLEM 2022 (CDSCO),https://nppa.gov.in/storage/uploads/tender/0fd8be342c35d5a46a13b281cadc5e4f.pdf,2026-09-26T19:23:24Z,REAL
CHOLECALCIFEROL-D41ED455,Cholecalciferol,Tablet,60000 IU,1 Tablet,"P,S,T",Vitamins and Minerals,NPPA S.O. 1575(E) dated 25.03.2026 (NLEM 2022 list) + NLEM 2022 (CDSCO),https://nppa.gov.in/storage/uploads/tender/0fd8be342c35d5a46a13b281cadc5e4f.pdf,2026-09-26T19:23:24Z,REAL
CHOLECALCIFEROL-DD871A3E,Cholecalciferol,Capsule,60000 IU,1 Capsule,"P,S,T",Vitamins and Minerals,NPPA S.O. 1575(E) dated 25.03.2026 (NLEM 2022 list) + NLEM 2022 (CDSCO),https://nppa.gov.in/storage/uploads/tender/0fd8be342c35d5a46a13b281cadc5e4f.pdf,2026-09-26T19:23:24Z,REAL
CHOLECALCIFEROL-85FDA5D9,Cholecalciferol,Capsule,1000 IU,1 Capsule,"P,S,T",Vitamins and Minerals,NPPA S.O. 1575(E) dated 25.03.2026 (NLEM 2022 list) + NLEM 2022 (CDSCO),https://nppa.gov.in/storage/uploads/tender/0fd8be342c35d5a46a13b281cadc5e4f.pdf,2026-09-26T19:23:24Z,REAL
CHOLECALCIFEROL-2D5139E2,Cholecalciferol,Solid Oral Dosage Form,60000 IU Sachet/Granuels/Powder,1 g,"P,S,T",Vitamins and Minerals,NPPA S.O. 1575(E) dated 25.03.2026 (NLEM 2022 list) + NLEM 2022 (CDSCO),https://nppa.gov.in/storage/uploads/tender/0fd8be342c35d5a46a13b281cadc5e4f.pdf,2026-09-26T19:23:24Z,REAL
CHOLECALCIFEROL-44775D15,Cholecalciferol,Solid Oral Dosage Form,1000 IU Sachet/Granuels/Powder,1 g,"P,S,T",Vitamins and Minerals,NPPA S.O. 1575(E) dated 25.03.2026 (NLEM 2022 list) + NLEM 2022 (CDSCO),https://nppa.gov.in/storage/uploads/tender/0fd8be342c35d5a46a13b281cadc5e4f.pdf,2026-09-26T19:23:24Z,REAL
CIPROFLOXACIN-52DA1565,Ciprofloxacin,Tablet,250 mg,1 Tablet,"P,S,T",Anti-infective Medicines,NPPA S.O. 1575(E) dated 25.03.2026 (NLEM 2022 list) + NLEM 2022 (CDSCO),https://nppa.gov.in/storage/uploads/tender/0fd8be342c35d5a46a13b281cadc5e4f.pdf,2026-09-26T19:23:24Z,REAL
CIPROFLOXACIN-E81C4CD3,Ciprofloxacin,Tablet,500 mg,1 Tablet,"P,S,T",Anti-infective Medicines,NPPA S.O. 1575(E) dated 25.03.2026 (NLEM 2022 list) + NLEM 2022 (CDSCO),https://nppa.gov.in/storage/uploads/tender/0fd8be342c35d5a46a13b281cadc5e4f.pdf,2026-09-26T19:23:24Z,REAL
CIPROFLOXACIN-29F57D17,Ciprofloxacin,Drops,0.3 %,1 mL,"P,S,T",Anti-infective Medicines,NPPA S.O. 1575(E) dated 25.03.2026 (NLEM 2022 list) + NLEM 2022 (CDSCO),https://nppa.gov.in/storage/uploads/tender/0fd8be342c35d5a46a13b281cadc5e4f.pdf,2026-09-26T19:23:24Z,REAL
CIPROFLOXACIN-B1FA88CF,Ciprofloxacin,Injection,200 mg/100 mL,1 mL,"P,S,T",Anti-infective Medicines,NPPA S.O. 1575(E) dated 25.03.2026 (NLEM 2022 list) + NLEM 2022 (CDSCO),https://nppa.gov.in/storage/uploads/tender/0fd8be342c35d5a46a13b281cadc5e4f.pdf,2026-09-26T19:23:24Z,REAL
CIPROFLOXACIN-595D3CAE,Ciprofloxacin,Oral Liquid,250 mg/5 mL(p),1 mL,"P,S,T",Anti-infective Medicines,NPPA S.O. 1575(E) dated 25.03.2026 (NLEM 2022 list) + NLEM 2022 (CDSCO),https://nppa.gov.in/storage/uploads/tender/0fd8be342c35d5a46a13b281cadc5e4f.pdf,2026-09-26T19:23:24Z,REAL
CIPROFLOXACIN-16B32BB9,Ciprofloxacin,Ointment,0.3 %,1 g,"P,S,T",Anti-infective Medicines,NPPA S.O. 1575(E) dated 25.03.2026 (NLEM 2022 list) + NLEM 2022 (CDSCO),https://nppa.gov.in/storage/uploads/tender/0fd8be342c35d5a46a13b281cadc5e4f.pdf,2026-09-26T19:23:24Z,REAL
CISPLATIN-1C3AF2A6,Cisplatin,Injection,1 mg/mL,1 mL,T,Anti-cancer agents including Immunosuppressives and Medicines used in Palliative Care,NPPA S.O. 1575(E) dated 25.03.2026 (NLEM 2022 list) + NLEM 2022 (CDSCO),https://nppa.gov.in/storage/uploads/tender/0fd8be342c35d5a46a13b281cadc5e4f.pdf,2026-09-26T19:23:24Z,REAL
CLARITHROMYCIN-2ACF3D00,Clarithromycin,Tablet,500 mg,1 Tablet,"S,T",Anti-infective Medicines,NPPA S.O. 1575(E) dated 25.03.2026 (NLEM 2022 list) + NLEM 2022 (CDSCO),https://nppa.gov.in/storage/uploads/tender/0fd8be342c35d5a46a13b281cadc5e4f.pdf,2026-09-26T19:23:24Z,REAL
CLARITHROMYCIN-A5EFF04B,Clarithromycin,Tablet,250 mg,1 Tablet,"S,T",Anti-infective Medicines,NPPA S.O. 1575(E) dated 25.03.2026 (NLEM 2022 list) + NLEM 2022 (CDSCO),https://nppa.gov.in/storage/uploads/tender/0fd8be342c35d5a46a13b281cadc5e4f.pdf,2026-09-26T19:23:24Z,REAL
CLARITHROMYCIN-5CA9CC06,Clarithromycin,Oral Liquid,125 mg/5 mL(p),1 mL,"S,T",Anti-infective Medicines,NPPA S.O. 1575(E) dated 25.03.2026 (NLEM 2022 list) + NLEM 2022 (CDSCO),https://nppa.gov.in/storage/uploads/tender/0fd8be342c35d5a46a13b281cadc5e4f.pdf,2026-09-26T19:23:24Z,REAL
CLINDAMYCIN-D72B2149,Clindamycin,Capsule,150 mg,1 Capsule,"P,S,T",Anti-infective Medicines,NPPA S.O. 1575(E) dated 25.03.2026 (NLEM 2022 list) + NLEM 2022 (CDSCO),https://nppa.gov.in/storage/uploads/tender/0fd8be342c35d5a46a13b281cadc5e4f.pdf,2026-09-26T19:23:24Z,REAL
CLINDAMYCIN-FB65CE3B,Clindamycin,Capsule,300 mg,1 Capsule,"P,S,T",Anti-infective Medicines,NPPA S.O. 1575(E) dated 25.03.2026 (NLEM 2022 list) + NLEM 2022 (CDSCO),https://nppa.gov.in/storage/uploads/tender/0fd8be342c35d5a46a13b281cadc5e4f.pdf,2026-09-26T19:23:24Z,REAL
CLINDAMYCIN-D00AD83D,Clindamycin,Tablet,300 mg,1 Tablet,"P,S,T",Anti-infective Medicines,NPPA S.O. 1575(E) dated 25.03.2026 (NLEM 2022 list) + NLEM 2022 (CDSCO),https://nppa.gov.in/storage/uploads/tender/0fd8be342c35d5a46a13b281cadc5e4f.pdf,2026-09-26T19:23:24Z,REAL
CLINDAMYCIN-0B9B9968,Clindamycin,Injection,150 mg/mL,1 mL,"P,S,T",Anti-infective Medicines,NPPA S.O. 1575(E) dated 25.03.2026 (NLEM 2022 list) + NLEM 2022 (CDSCO),https://nppa.gov.in/storage/uploads/tender/0fd8be342c35d5a46a13b281cadc5e4f.pdf,2026-09-26T19:23:24Z,REAL
CLOBAZAM-071F7140,Clobazam,Tablet,5 mg,1 Tablet,"S,T",Medicines used in Neurological Disorders,NPPA S.O. 1575(E) dated 25.03.2026 (NLEM 2022 list) + NLEM 2022 (CDSCO),https://nppa.gov.in/storage/uploads/tender/0fd8be342c35d5a46a13b281cadc5e4f.pdf,2026-09-26T19:23:24Z,REAL
CLOBAZAM-5D47C125,Clobazam,Tablet,10 mg,1 Tablet,"S,T",Medicines used in Neurological Disorders,NPPA S.O. 1575(E) dated 25.03.2026 (NLEM 2022 list) + NLEM 2022 (CDSCO),https://nppa.gov.in/storage/uploads/tender/0fd8be342c35d5a46a13b281cadc5e4f.pdf,2026-09-26T19:23:24Z,REAL
CLOFAZIMINE-F8BE6A2B,Clofazimine,Capsule,100 mg,1 Capsule,"P,S,T",Anti-infective Medicines,NPPA S.O. 1575(E) dated 25.03.2026 (NLEM 2022 list) + NLEM 2022 (CDSCO),https://nppa.gov.in/storage/uploads/tender/0fd8be342c35d5a46a13b281cadc5e4f.pdf,2026-09-26T19:23:24Z,REAL
CLOFAZIMINE-9B463B1C,Clofazimine,Capsule,50 mg,1 Capsule,"P,S,T",Anti-infective Medicines,NPPA S.O. 1575(E) dated 25.03.2026 (NLEM 2022 list) + NLEM 2022 (CDSCO),https://nppa.gov.in/storage/uploads/tender/0fd8be342c35d5a46a13b281cadc5e4f.pdf,2026-09-26T19:23:24Z,REAL
CLOMIPHENE-CITRATE-32B3E595,Clomiphene Citrate,Capsule,50 mg,1 Capsule,T,"Hormones, other Endocrine Medicines and Contraceptives",NPPA S.O. 1575(E) dated 25.03.2026 (NLEM 2022 list) + NLEM 2022 (CDSCO),https://nppa.gov.in/storage/uploads/tender/0fd8be342c35d5a46a13b281cadc5e4f.pdf,2026-09-26T19:23:24Z,REAL
CLOMIPHENE-CITRATE-C852F3D4,Clomiphene Citrate,Capsule,100 mg,1 Capsule,T,"Hormones, other Endocrine Medicines and Contraceptives",NPPA S.O. 1575(E) dated 25.03.2026 (NLEM 2022 list) + NLEM 2022 (CDSCO),https://nppa.gov.in/storage/uploads/tender/0fd8be342c35d5a46a13b281cadc5e4f.pdf,2026-09-26T19:23:24Z,REAL
CLOMIPHENECITRATE-24689230,Clomiphenecitrate,Tablet,100 mg,1 Tablet,T,"Hormones, other Endocrine Medicines and Contraceptives",NPPA S.O. 1575(E) dated 25.03.2026 (NLEM 2022 list) + NLEM 2022 (CDSCO),https://nppa.gov.in/storage/uploads/tender/0fd8be342c35d5a46a13b281cadc5e4f.pdf,2026-09-26T19:23:24Z,REAL
CLOMIPHENECITRATE-58DC13DB,Clomiphenecitrate,Tablet,50 mg,1 Tablet,T,"Hormones, other Endocrine Medicines and Contraceptives",NPPA S.O. 1575(E) dated 25.03.2026 (NLEM 2022 list) + NLEM 2022 (CDSCO),https://nppa.gov.in/storage/uploads/tender/0fd8be342c35d5a46a13b281cadc5e4f.pdf,2026-09-26T19:23:24Z,REAL
CLOMIPRAMINE-AF29F4EF,Clomipramine,Tablet,10 mg,1 Tablet,"P,S,T",Medicines used in treatment of Psychiatric Disorders,NPPA S.O. 1575(E) dated 25.03.2026 (NLEM 2022 list) + NLEM 2022 (CDSCO),https://nppa.gov.in/storage/uploads/tender/0fd8be342c35d5a46a13b281cadc5e4f.pdf,2026-09-26T19:23:24Z,REAL
CLOMIPRAMINE-98193BCC,Clomipramine,Tablet,25 mg,1 Tablet,"P,S,T",Medicines used in treatment of Psychiatric Disorders,NPPA S.O. 1575(E) dated 25.03.2026 (NLEM 2022 list) + NLEM 2022 (CDSCO),https://nppa.gov.in/storage/uploads/tender/0fd8be342c35d5a46a13b281cadc5e4f.pdf,2026-09-26T19:23:24Z,REAL
CLOMIPRAMINE-495CFD09,Clomipramine,Tablet,75 mg,1 Tablet,"P,S,T",Medicines used in treatment of Psychiatric Disorders,NPPA S.O. 1575(E) dated 25.03.2026 (NLEM 2022 list) + NLEM 2022 (CDSCO),https://nppa.gov.in/storage/uploads/tender/0fd8be342c35d5a46a13b281cadc5e4f.pdf,2026-09-26T19:23:24Z,REAL
CLONAZEPAM-21A7CEB5,Clonazepam,Tablet,0.25 mg,1 Tablet,"P,S,T",Medicines used in treatment of Psychiatric Disorders,NPPA S.O. 1575(E) dated 25.03.2026 (NLEM 2022 list) + NLEM 2022 (CDSCO),https://nppa.gov.in/storage/uploads/tender/0fd8be342c35d5a46a13b281cadc5e4f.pdf,2026-09-26T19:23:24Z,REAL
CLONAZEPAM-0A44DC8B,Clonazepam,Tablet,0.5 mg,1 Tablet,"P,S,T",Medicines used in treatment of Psychiatric Disorders,NPPA S.O. 1575(E) dated 25.03.2026 (NLEM 2022 list) + NLEM 2022 (CDSCO),https://nppa.gov.in/storage/uploads/tender/0fd8be342c35d5a46a13b281cadc5e4f.pdf,2026-09-26T19:23:24Z,REAL
CLONAZEPAM-9601BD4C,Clonazepam,Tablet,1 mg,1 Tablet,"P,S,T",Medicines used in treatment of Psychiatric Disorders,NPPA S.O. 1575(E) dated 25.03.2026 (NLEM 2022 list) + NLEM 2022 (CDSCO),https://nppa.gov.in/storage/uploads/tender/0fd8be342c35d5a46a13b281cadc5e4f.pdf,2026-09-26T19:23:24Z,REAL
CLOPIDOGREL-4607B51C,Clopidogrel,Tablet,75 mg,1 Tablet,"P,S,T",Cardiovascular Medicines,NPPA S.O. 1575(E) dated 25.03.2026 (NLEM 2022 list) + NLEM 2022 (CDSCO),https://nppa.gov.in/storage/uploads/tender/0fd8be342c35d5a46a13b281cadc5e4f.pdf,2026-09-26T19:23:24Z,REAL
CLOPIDOGREL-F7218C6B,Clopidogrel,Tablet,150 mg,1 Tablet,"P,S,T",Cardiovascular Medicines,NPPA S.O. 1575(E) dated 25.03.2026 (NLEM 2022 list) + NLEM 2022 (CDSCO),https://nppa.gov.in/storage/uploads/tender/0fd8be342c35d5a46a13b281cadc5e4f.pdf,2026-09-26T19:23:24Z,REAL
CLOTRIMAZOLE-FE2FE904,Clotrimazole,Lotion,1 %,1 mL,"P,S,T",Anti-infective Medicines,NPPA S.O. 1575(E) dated 25.03.2026 (NLEM 2022 list) + NLEM 2022 (CDSCO),https://nppa.gov.in/storage/uploads/tender/0fd8be342c35d5a46a13b281cadc5e4f.pdf,2026-09-26T19:23:24Z,REAL
CLOTRIMAZOLE-726AD3EC,Clotrimazole,Pessary,100 mg,1 Pessary,"P,S,T",Anti-infective Medicines,NPPA S.O. 1575(E) dated 25.03.2026 (NLEM 2022 list) + NLEM 2022 (CDSCO),https://nppa.gov.in/storage/uploads/tender/0fd8be342c35d5a46a13b281cadc5e4f.pdf,2026-09-26T19:23:24Z,REAL
CLOTRIMAZOLE-76D56868,Clotrimazole,Drops,1 %,1 mL,"P,S,T",Anti-infective Medicines,NPPA S.O. 1575(E) dated 25.03.2026 (NLEM 2022 list) + NLEM 2022 (CDSCO),https://nppa.gov.in/storage/uploads/tender/0fd8be342c35d5a46a13b281cadc5e4f.pdf,2026-09-26T19:23:24Z,REAL
CLOTRIMAZOLE-BE3E71B1,Clotrimazole,Cream,1 %,1 g,"P,S,T",Anti-infective Medicines,NPPA S.O. 1575(E) dated 25.03.2026 (NLEM 2022 list) + NLEM 2022 (CDSCO),https://nppa.gov.in/storage/uploads/tender/0fd8be342c35d5a46a13b281cadc5e4f.pdf,2026-09-26T19:23:24Z,REAL
CLOXACILLIN-D282FF1C,Cloxacillin,Capsule,500 mg,1 Capsule,"P,S,T",Anti-infective Medicines,NPPA S.O. 1575(E) dated 25.03.2026 (NLEM 2022 list) + NLEM 2022 (CDSCO),https://nppa.gov.in/storage/uploads/tender/0fd8be342c35d5a46a13b281cadc5e4f.pdf,2026-09-26T19:23:24Z,REAL
CLOXACILLIN-E33D9ED8,Cloxacillin,Capsule,250 mg,1 Capsule,"P,S,T",Anti-infective Medicines,NPPA S.O. 1575(E) dated 25.03.2026 (NLEM 2022 list) + NLEM 2022 (CDSCO),https://nppa.gov.in/storage/uploads/tender/0fd8be342c35d5a46a13b281cadc5e4f.pdf,2026-09-26T19:23:24Z,REAL
CLOZAPINE-48105AED,Clozapine,Tablet,25 mg,1 Tablet,T,Medicines used in treatment of Psychiatric Disorders,NPPA S.O. 1575(E) dated 25.03.2026 (NLEM 2022 list) + NLEM 2022 (CDSCO),https://nppa.gov.in/storage/uploads/tender/0fd8be342c35d5a46a13b281cadc5e4f.pdf,2026-09-26T19:23:24Z,REAL
CLOZAPINE-5306C84A,Clozapine,Tablet,50 mg,1 Tablet,T,Medicines used in treatment of Psychiatric Disorders,NPPA S.O. 1575(E) dated 25.03.2026 (NLEM 2022 list) + NLEM 2022 (CDSCO),https://nppa.gov.in/storage/uploads/tender/0fd8be342c35d5a46a13b281cadc5e4f.pdf,2026-09-26T19:23:24Z,REAL
CLOZAPINE-4A1DF70A,Clozapine,Tablet,100 mg,1 Tablet,T,Medicines used in treatment of Psychiatric Disorders,NPPA S.O. 1575(E) dated 25.03.2026 (NLEM 2022 list) + NLEM 2022 (CDSCO),https://nppa.gov.in/storage/uploads/tender/0fd8be342c35d5a46a13b281cadc5e4f.pdf,2026-09-26T19:23:24Z,REAL
COLCHICINE-27556B88,Colchicine,Tablet,0.5 mg,1 Tablet,"P,S,T","Analgesics, Antipyretics, Non-steroidal Anti-inflammatory Drugs (NSAIDs), Medicines used to treat Gout and Disease Modifying Agents used in Rheumatoid Disorders",NPPA S.O. 1575(E) dated 25.03.2026 (NLEM 2022 list) + NLEM 2022 (CDSCO),https://nppa.gov.in/storage/uploads/tender/0fd8be342c35d5a46a13b281cadc5e4f.pdf,2026-09-26T19:23:24Z,REAL
CO-TRIMOXAZOLE-SULPHAMET-933D8B76,Co-Trimoxazole [Sulphamethoxazole (A) + Trimethoprim(B)],Tablet,400 mg (A) + 80 mg (B),1 Tablet,"P,S,T",Anti-infective Medicines,NPPA S.O. 1575(E) dated 25.03.2026 (NLEM 2022 list) + NLEM 2022 (CDSCO),https://nppa.gov.in/storage/uploads/tender/0fd8be342c35d5a46a13b281cadc5e4f.pdf,2026-09-26T19:23:24Z,REAL
CO-TRIMOXAZOLE-SULPHAMET-D73CB4D5,Co-Trimoxazole [Sulphamethoxazole (A) + Trimethoprim (B)],Tablet,800 mg (A) + 160 mg (B),1 Tablet,"P,S,T",Anti-infective Medicines,NPPA S.O. 1575(E) dated 25.03.2026 (NLEM 2022 list) + NLEM 2022 (CDSCO),https://nppa.gov.in/storage/uploads/tender/0fd8be342c35d5a46a13b281cadc5e4f.pdf,2026-09-26T19:23:24Z,REAL
CO-TRIMOXAZOLE-SULPHAMET-564BEAA7,Co-Trimoxazole [Sulphamethoxazole(A) + Trimethoprim(B)],Oral Liquid,200 mg (A) + 40 mg(B)/5 mL(p),1 mL,"P,S,T",Anti-infective Medicines,NPPA S.O. 1575(E) dated 25.03.2026 (NLEM 2022 list) + NLEM 2022 (CDSCO),https://nppa.gov.in/storage/uploads/tender/0fd8be342c35d5a46a13b281cadc5e4f.pdf,2026-09-26T19:23:24Z,REAL
CYCLOPHOSPHAMIDE-5790BBDC,Cyclophosphamide,Powder for Injection,500 mg,1 Vial,T,Anti-cancer agents including Immunosuppressives and Medicines used in Palliative Care,NPPA S.O. 1575(E) dated 25.03.2026 (NLEM 2022 list) + NLEM 2022 (CDSCO),https://nppa.gov.in/storage/uploads/tender/0fd8be342c35d5a46a13b281cadc5e4f.pdf,2026-09-26T19:23:24Z,REAL
CYCLOPHOSPHAMIDE-8293511A,Cyclophosphamide,Tablet,50 mg,1 Tablet,T,Anti-cancer agents including Immunosuppressives and Medicines used in Palliative Care,NPPA S.O. 1575(E) dated 25.03.2026 (NLEM 2022 list) + NLEM 2022 (CDSCO),https://nppa.gov.in/storage/uploads/tender/0fd8be342c35d5a46a13b281cadc5e4f.pdf,2026-09-26T19:23:24Z,REAL
CYCLOSERINE-7930842B,Cycloserine,Capsule,250 mg,1 Capsule,"S,T",Anti-infective Medicines,NPPA S.O. 1575(E) dated 25.03.2026 (NLEM 2022 list) + NLEM 2022 (CDSCO),https://nppa.gov.in/storage/uploads/tender/0fd8be342c35d5a46a13b281cadc5e4f.pdf,2026-09-26T19:23:24Z,REAL
CYCLOSERINE-CC803F7F,Cycloserine,Tablet,250 mg,1 Tablet,"S,T",Anti-infective Medicines,NPPA S.O. 1575(E) dated 25.03.2026 (NLEM 2022 list) + NLEM 2022 (CDSCO),https://nppa.gov.in/storage/uploads/tender/0fd8be342c35d5a46a13b281cadc5e4f.pdf,2026-09-26T19:23:24Z,REAL
CYCLOSPORINE-66F52304,Cyclosporine,Capsule,25 mg,1 Capsule,T,Anti-cancer agents including Immunosuppressives and Medicines used in Palliative Care,NPPA S.O. 1575(E) dated 25.03.2026 (NLEM 2022 list) + NLEM 2022 (CDSCO),https://nppa.gov.in/storage/uploads/tender/0fd8be342c35d5a46a13b281cadc5e4f.pdf,2026-09-26T19:23:24Z,REAL
CYCLOSPORINE-F5A11858,Cyclosporine,Oral Liquid,100 mg/mL(p),1 mL,T,Anti-cancer agents including Immunosuppressives and Medicines used in Palliative Care,NPPA S.O. 1575(E) dated 25.03.2026 (NLEM 2022 list) + NLEM 2022 (CDSCO),https://nppa.gov.in/storage/uploads/tender/0fd8be342c35d5a46a13b281cadc5e4f.pdf,2026-09-26T19:23:24Z,REAL
CYCLOSPORINE-64F92B88,Cyclosporine,Capsule,50 mg,1 Capsule,T,Anti-cancer agents including Immunosuppressives and Medicines used in Palliative Care,NPPA S.O. 1575(E) dated 25.03.2026 (NLEM 2022 list) + NLEM 2022 (CDSCO),https://nppa.gov.in/storage/uploads/tender/0fd8be342c35d5a46a13b281cadc5e4f.pdf,2026-09-26T19:23:24Z,REAL
CYCLOSPORINE-A3571818,Cyclosporine,Capsule,100 mg,1 Capsule,T,Anti-cancer agents including Immunosuppressives and Medicines used in Palliative Care,NPPA S.O. 1575(E) dated 25.03.2026 (NLEM 2022 list) + NLEM 2022 (CDSCO),https://nppa.gov.in/storage/uploads/tender/0fd8be342c35d5a46a13b281cadc5e4f.pdf,2026-09-26T19:23:24Z,REAL
CYTOSINE-ARABINOSIDE-FC660206,Cytosine Arabinoside,Injection,1000 mg/vial,1 Vial,T,Anti-cancer agents including Immunosuppressives and Medicines used in Palliative Care,NPPA S.O. 1575(E) dated 25.03.2026 (NLEM 2022 list) + NLEM 2022 (CDSCO),https://nppa.gov.in/storage/uploads/tender/0fd8be342c35d5a46a13b281cadc5e4f.pdf,2026-09-26T19:23:24Z,REAL
CYTOSINE-ARABINOSIDE-31E0FA29,Cytosine Arabinoside,Injection,100 mg/vial,1 Vial,T,Anti-cancer agents including Immunosuppressives and Medicines used in Palliative Care,NPPA S.O. 1575(E) dated 25.03.2026 (NLEM 2022 list) + NLEM 2022 (CDSCO),https://nppa.gov.in/storage/uploads/tender/0fd8be342c35d5a46a13b281cadc5e4f.pdf,2026-09-26T19:23:24Z,REAL
CYTOSINE-ARABINOSIDE-40D6AD87,Cytosine Arabinoside,Injection,500 mg/vial,1 Vial,T,Anti-cancer agents including Immunosuppressives and Medicines used in Palliative Care,NPPA S.O. 1575(E) dated 25.03.2026 (NLEM 2022 list) + NLEM 2022 (CDSCO),https://nppa.gov.in/storage/uploads/tender/0fd8be342c35d5a46a13b281cadc5e4f.pdf,2026-09-26T19:23:24Z,REAL
DABIGATRAN-3D01F704,Dabigatran,Capsule,110 mg,1 Capsule,"S,T",Cardiovascular Medicines,NPPA S.O. 1575(E) dated 25.03.2026 (NLEM 2022 list) + NLEM 2022 (CDSCO),https://nppa.gov.in/storage/uploads/tender/0fd8be342c35d5a46a13b281cadc5e4f.pdf,2026-09-26T19:23:24Z,REAL
DABIGATRAN-29F1BDDD,Dabigatran,Capsule,150 mg,1 Capsule,"S,T",Cardiovascular Medicines,NPPA S.O. 1575(E) dated 25.03.2026 (NLEM 2022 list) + NLEM 2022 (CDSCO),https://nppa.gov.in/storage/uploads/tender/0fd8be342c35d5a46a13b281cadc5e4f.pdf,2026-09-26T19:23:24Z,REAL
DACARBAZINE-F21044E2,Dacarbazine,Powder for Injection,200 mg,1 Vial,T,Anti-cancer agents including Immunosuppressives and Medicines used in Palliative Care,NPPA S.O. 1575(E) dated 25.03.2026 (NLEM 2022 list) + NLEM 2022 (CDSCO),https://nppa.gov.in/storage/uploads/tender/0fd8be342c35d5a46a13b281cadc5e4f.pdf,2026-09-26T19:23:24Z,REAL
DACARBAZINE-79E9F23F,Dacarbazine,Powder for Injection,500 mg,1 Vial,T,Anti-cancer agents including Immunosuppressives and Medicines used in Palliative Care,NPPA S.O. 1575(E) dated 25.03.2026 (NLEM 2022 list) + NLEM 2022 (CDSCO),https://nppa.gov.in/storage/uploads/tender/0fd8be342c35d5a46a13b281cadc5e4f.pdf,2026-09-26T19:23:24Z,REAL
DACLATASVIR-E6AAB6E9,Daclatasvir,Tablet,60 mg,1 Tablet,"S,T",Anti-infective Medicines,NPPA S.O. 1575(E) dated 25.03.2026 (NLEM 2022 list) + NLEM 2022 (CDSCO),https://nppa.gov.in/storage/uploads/tender/0fd8be342c35d5a46a13b281cadc5e4f.pdf,2026-09-26T19:23:24Z,REAL
DAPSONE-9EAD7BD9,Dapsone,Tablet,100 mg,1 Tablet,"P,S,T",Anti-infective Medicines,NPPA S.O. 1575(E) dated 25.03.2026 (NLEM 2022 list) + NLEM 2022 (CDSCO),https://nppa.gov.in/storage/uploads/tender/0fd8be342c35d5a46a13b281cadc5e4f.pdf,2026-09-26T19:23:24Z,REAL
DARUNAVIR-AD8E08F7,Darunavir,Tablet,600 mg,1 Tablet,"S,T",Anti-infective Medicines,NPPA S.O. 1575(E) dated 25.03.2026 (NLEM 2022 list) + NLEM 2022 (CDSCO),https://nppa.gov.in/storage/uploads/tender/0fd8be342c35d5a46a13b281cadc5e4f.pdf,2026-09-26T19:23:24Z,REAL
DARUNAVIR-A-RITONAVIR-B-9FD50AE6,Darunavir (A) + Ritonavir (B),Tablet,600 mg (A) + 100 mg (B),1 Tablet,"S,T",Anti-infective Medicines,NPPA S.O. 1575(E) dated 25.03.2026 (NLEM 2022 list) + NLEM 2022 (CDSCO),https://nppa.gov.in/storage/uploads/tender/0fd8be342c35d5a46a13b281cadc5e4f.pdf,2026-09-26T19:23:24Z,REAL
DESFERRIOXAMINE-D4E309B9,Desferrioxamine,Powder for Injection,500 mg,1 Vial,"S,T",Antidotes and Other Substances used in Management of Poisonings/Envenomation,NPPA S.O. 1575(E) dated 25.03.2026 (NLEM 2022 list) + NLEM 2022 (CDSCO),https://nppa.gov.in/storage/uploads/tender/0fd8be342c35d5a46a13b281cadc5e4f.pdf,2026-09-26T19:23:24Z,REAL
DEXAMETHASONE-419DA0D1,Dexamethasone,Tablet,0.5 mg,1 Tablet,"P,S,T",Antiallergics and Medicines used in Anaphylaxis,NPPA S.O. 1575(E) dated 25.03.2026 (NLEM 2022 list) + NLEM 2022 (CDSCO),https://nppa.gov.in/storage/uploads/tender/0fd8be342c35d5a46a13b281cadc5e4f.pdf,2026-09-26T19:23:24Z,REAL
DEXAMETHASONE-4D07D567,Dexamethasone,Tablet,4 mg,1 Tablet,"P,S,T",Antiallergics and Medicines used in Anaphylaxis,NPPA S.O. 1575(E) dated 25.03.2026 (NLEM 2022 list) + NLEM 2022 (CDSCO),https://nppa.gov.in/storage/uploads/tender/0fd8be342c35d5a46a13b281cadc5e4f.pdf,2026-09-26T19:23:24Z,REAL
DEXAMETHASONE-67DBF819,Dexamethasone,Injection,4 mg/mL (2 mL),1 mL,"P,S,T",Antiallergics and Medicines used in Anaphylaxis,NPPA S.O. 1575(E) dated 25.03.2026 (NLEM 2022 list) + NLEM 2022 (CDSCO),https://nppa.gov.in/storage/uploads/tender/0fd8be342c35d5a46a13b281cadc5e4f.pdf,2026-09-26T19:23:24Z,REAL
DEXAMETHASONE-3E4CC24E,Dexamethasone,Injection,4 mg/mL (5 mL),1 mL,"P,S,T",Antiallergics and Medicines used in Anaphylaxis,NPPA S.O. 1575(E) dated 25.03.2026 (NLEM 2022 list) + NLEM 2022 (CDSCO),https://nppa.gov.in/storage/uploads/tender/0fd8be342c35d5a46a13b281cadc5e4f.pdf,2026-09-26T19:23:24Z,REAL
DEXAMETHASONE-7763D836,Dexamethasone,Injection,4 mg/mL (Pack of 10 mL),1 mL,"P,S,T",Antiallergics and Medicines used in Anaphylaxis,NPPA S.O. 1575(E) dated 25.03.2026 (NLEM 2022 list) + NLEM 2022 (CDSCO),https://nppa.gov.in/storage/uploads/tender/0fd8be342c35d5a46a13b281cadc5e4f.pdf,2026-09-26T19:23:24Z,REAL
DEXAMETHASONE-72FD4477,Dexamethasone,Injection,4 mg/mL (Pack of 20 mL),1 mL,"P,S,T",Antiallergics and Medicines used in Anaphylaxis,NPPA S.O. 1575(E) dated 25.03.2026 (NLEM 2022 list) + NLEM 2022 (CDSCO),https://nppa.gov.in/storage/uploads/tender/0fd8be342c35d5a46a13b281cadc5e4f.pdf,2026-09-26T19:23:24Z,REAL
DEXAMETHASONE-8361F6E7,Dexamethasone,Injection,4 mg/mL (Pack of 30 mL),1 mL,"P,S,T",Antiallergics and Medicines used in Anaphylaxis,NPPA S.O. 1575(E) dated 25.03.2026 (NLEM 2022 list) + NLEM 2022 (CDSCO),https://nppa.gov.in/storage/uploads/tender/0fd8be342c35d5a46a13b281cadc5e4f.pdf,2026-09-26T19:23:24Z,REAL
DIAZEPAM-8699EAB8,Diazepam,Tablet,5 mg,1 Tablet,"P,S,T",Medicines used in Neurological Disorders,NPPA S.O. 1575(E) dated 25.03.2026 (NLEM 2022 list) + NLEM 2022 (CDSCO),https://nppa.gov.in/storage/uploads/tender/0fd8be342c35d5a46a13b281cadc5e4f.pdf,2026-09-26T19:23:24Z,REAL
DIAZEPAM-F69C73E4,Diazepam,Injection,5 mg/mL,1 mL,"P,S,T",Medicines used in Neurological Disorders,NPPA S.O. 1575(E) dated 25.03.2026 (NLEM 2022 list) + NLEM 2022 (CDSCO),https://nppa.gov.in/storage/uploads/tender/0fd8be342c35d5a46a13b281cadc5e4f.pdf,2026-09-26T19:23:24Z,REAL
DIAZEPAM-268752FA,Diazepam,Tablet,2 mg,1 Tablet,"P,S,T",Medicines used in Neurological Disorders,NPPA S.O. 1575(E) dated 25.03.2026 (NLEM 2022 list) + NLEM 2022 (CDSCO),https://nppa.gov.in/storage/uploads/tender/0fd8be342c35d5a46a13b281cadc5e4f.pdf,2026-09-26T19:23:24Z,REAL
DIAZEPAM-A66FED3F,Diazepam,Suppository,5 mg,1 Suppository,"P,S,T",Medicines used in Neurological Disorders,NPPA S.O. 1575(E) dated 25.03.2026 (NLEM 2022 list) + NLEM 2022 (CDSCO),https://nppa.gov.in/storage/uploads/tender/0fd8be342c35d5a46a13b281cadc5e4f.pdf,2026-09-26T19:23:24Z,REAL
DICLOFENAC-12DD1F92,Diclofenac,Tablet,50 mg,1 Tablet,"P,S,T","Analgesics, Antipyretics, Non-steroidal Anti-inflammatory Drugs (NSAIDs), Medicines used to treat Gout and Disease Modifying Agents used in Rheumatoid Disorders",NPPA S.O. 1575(E) dated 25.03.2026 (NLEM 2022 list) + NLEM 2022 (CDSCO),https://nppa.gov.in/storage/uploads/tender/0fd8be342c35d5a46a13b281cadc5e4f.pdf,2026-09-26T19:23:24Z,REAL
DICLOFENAC-C7A3A0FC,Diclofenac,Injection,25 mg/mL,1 mL,"P,S,T","Analgesics, Antipyretics, Non-steroidal Anti-inflammatory Drugs (NSAIDs), Medicines used to treat Gout and Disease Modifying Agents used in Rheumatoid Disorders",NPPA S.O. 1575(E) dated 25.03.2026 (NLEM 2022 list) + NLEM 2022 (CDSCO),https://nppa.gov.in/storage/uploads/tender/0fd8be342c35d5a46a13b281cadc5e4f.pdf,2026-09-26T19:23:24Z,REAL
DICYCLOMINE-FA648184,Dicyclomine,Injection,10 mg/mL (Less than 10 mL Pack),1 mL,"P,S,T",Gastrointestinal Medicines,NPPA S.O. 1575(E) dated 25.03.2026 (NLEM 2022 list) + NLEM 2022 (CDSCO),https://nppa.gov.in/storage/uploads/tender/0fd8be342c35d5a46a13b281cadc5e4f.pdf,2026-09-26T19:23:24Z,REAL
DICYCLOMINE-D68EA667,Dicyclomine,Injection,10 mg/mL (10 mL & more pack)),1 mL,"P,S,T",Gastrointestinal Medicines,NPPA S.O. 1575(E) dated 25.03.2026 (NLEM 2022 list) + NLEM 2022 (CDSCO),https://nppa.gov.in/storage/uploads/tender/0fd8be342c35d5a46a13b281cadc5e4f.pdf,2026-09-26T19:23:24Z,REAL
DIETHYLCARBAMAZINE-DEC-9485F4CF,Diethylcarbamazine (DEC),Tablet,100 mg,1 Tablet,"P,S,T",Anti-infective Medicines,NPPA S.O. 1575(E) dated 25.03.2026 (NLEM 2022 list) + NLEM 2022 (CDSCO),https://nppa.gov.in/storage/uploads/tender/0fd8be342c35d5a46a13b281cadc5e4f.pdf,2026-09-26T19:23:24Z,REAL
DIETHYLCARBAMAZINE-DEC-90E1B299,Diethylcarbamazine (DEC),Tablet,50 mg,1 Tablet,"P,S,T",Anti-infective Medicines,NPPA S.O. 1575(E) dated 25.03.2026 (NLEM 2022 list) + NLEM 2022 (CDSCO),https://nppa.gov.in/storage/uploads/tender/0fd8be342c35d5a46a13b281cadc5e4f.pdf,2026-09-26T19:23:24Z,REAL
DIETHYLCARBAMAZINE-DEC-877ABC52,Diethylcarbamazine (DEC),Oral Liquid,120 mg/5 mL(p),1 mL,"P,S,T",Anti-infective Medicines,NPPA S.O. 1575(E) dated 25.03.2026 (NLEM 2022 list) + NLEM 2022 (CDSCO),https://nppa.gov.in/storage/uploads/tender/0fd8be342c35d5a46a13b281cadc5e4f.pdf,2026-09-26T19:23:24Z,REAL
DIGOXIN-905411CD,Digoxin,Tablet,0.25 mg,1 Tablet,"S,T",Cardiovascular Medicines,NPPA S.O. 1575(E) dated 25.03.2026 (NLEM 2022 list) + NLEM 2022 (CDSCO),https://nppa.gov.in/storage/uploads/tender/0fd8be342c35d5a46a13b281cadc5e4f.pdf,2026-09-26T19:23:24Z,REAL
DIGOXIN-A64AC9FC,Digoxin,Oral Liquid,0.05 mg/mL,1 mL,"S,T",Cardiovascular Medicines,NPPA S.O. 1575(E) dated 25.03.2026 (NLEM 2022 list) + NLEM 2022 (CDSCO),https://nppa.gov.in/storage/uploads/tender/0fd8be342c35d5a46a13b281cadc5e4f.pdf,2026-09-26T19:23:24Z,REAL
DIGOXIN-E6B63C04,Digoxin,Injection,0.25 mg/mL,1 mL,"S,T",Cardiovascular Medicines,NPPA S.O. 1575(E) dated 25.03.2026 (NLEM 2022 list) + NLEM 2022 (CDSCO),https://nppa.gov.in/storage/uploads/tender/0fd8be342c35d5a46a13b281cadc5e4f.pdf,2026-09-26T19:23:24Z,REAL
DILTIAZEM-4CD2BBC6,Diltiazem,Tablet,60 mg,1 Tablet,"P,S,T",Cardiovascular Medicines,NPPA S.O. 1575(E) dated 25.03.2026 (NLEM 2022 list) + NLEM 2022 (CDSCO),https://nppa.gov.in/storage/uploads/tender/0fd8be342c35d5a46a13b281cadc5e4f.pdf,2026-09-26T19:23:24Z,REAL
DILTIAZEM-DAD597A3,Diltiazem,Tablet,30 mg,1 Tablet,"P,S,T",Cardiovascular Medicines,NPPA S.O. 1575(E) dated 25.03.2026 (NLEM 2022 list) + NLEM 2022 (CDSCO),https://nppa.gov.in/storage/uploads/tender/0fd8be342c35d5a46a13b281cadc5e4f.pdf,2026-09-26T19:23:24Z,REAL
DILTIAZEM-99C9E65B,Diltiazem,Injection,5 mg/mL,1 mL,"P,S,T",Cardiovascular Medicines,NPPA S.O. 1575(E) dated 25.03.2026 (NLEM 2022 list) + NLEM 2022 (CDSCO),https://nppa.gov.in/storage/uploads/tender/0fd8be342c35d5a46a13b281cadc5e4f.pdf,2026-09-26T19:23:24Z,REAL
DILTIAZEM-F87EFCBA,Diltiazem,Modified Release Capsule,180 mg,1 Capsule,"P,S,T",Cardiovascular Medicines,NPPA S.O. 1575(E) dated 25.03.2026 (NLEM 2022 list) + NLEM 2022 (CDSCO),https://nppa.gov.in/storage/uploads/tender/0fd8be342c35d5a46a13b281cadc5e4f.pdf,2026-09-26T19:23:24Z,REAL
DINOPROSTONE-BB152D60,Dinoprostone,Gel,0.5 mg,1 g,"S,T",Oxytocics and Antioxytocics,NPPA S.O. 1575(E) dated 25.03.2026 (NLEM 2022 list) + NLEM 2022 (CDSCO),https://nppa.gov.in/storage/uploads/tender/0fd8be342c35d5a46a13b281cadc5e4f.pdf,2026-09-26T19:23:24Z,REAL
DISPOSABLE-PEN-CONTAININ-94854736,Disposable Pen Containing Insulin Glargine,Injection,100 IU/mL,1 mL,,,NPPA S.O. 1575(E) dated 25.03.2026 (NLEM 2022 list),https://nppa.gov.in/storage/uploads/tender/0fd8be342c35d5a46a13b281cadc5e4f.pdf,2026-09-26T19:23:24Z,REAL
DOBUTAMINE-94560DE3,Dobutamine,Injection,50 mg/mL,1 mL,"S,T",Cardiovascular Medicines,NPPA S.O. 1575(E) dated 25.03.2026 (NLEM 2022 list) + NLEM 2022 (CDSCO),https://nppa.gov.in/storage/uploads/tender/0fd8be342c35d5a46a13b281cadc5e4f.pdf,2026-09-26T19:23:24Z,REAL
DOCETAXEL-9F0B0B36,Docetaxel,Powder for Injection,20 mg,1 Vial,T,Anti-cancer agents including Immunosuppressives and Medicines used in Palliative Care,NPPA S.O. 1575(E) dated 25.03.2026 (NLEM 2022 list) + NLEM 2022 (CDSCO),https://nppa.gov.in/storage/uploads/tender/0fd8be342c35d5a46a13b281cadc5e4f.pdf,2026-09-26T19:23:24Z,REAL
DOCETAXEL-D1107EDA,Docetaxel,Powder for Injection,80 mg,1 Vial,T,Anti-cancer agents including Immunosuppressives and Medicines used in Palliative Care,NPPA S.O. 1575(E) dated 25.03.2026 (NLEM 2022 list) + NLEM 2022 (CDSCO),https://nppa.gov.in/storage/uploads/tender/0fd8be342c35d5a46a13b281cadc5e4f.pdf,2026-09-26T19:23:24Z,REAL
DOLUTEGRAVIR-292B6BFD,Dolutegravir,Tablet,50 mg,1 Tablet,"S,T",Anti-infective Medicines,NPPA S.O. 1575(E) dated 25.03.2026 (NLEM 2022 list) + NLEM 2022 (CDSCO),https://nppa.gov.in/storage/uploads/tender/0fd8be342c35d5a46a13b281cadc5e4f.pdf,2026-09-26T19:23:24Z,REAL
DOMPERIDONE-BEE7309B,Domperidone,Tablet,10 mg,1 Tablet,"P,S,T",Gastrointestinal Medicines,NPPA S.O. 1575(E) dated 25.03.2026 (NLEM 2022 list) + NLEM 2022 (CDSCO),https://nppa.gov.in/storage/uploads/tender/0fd8be342c35d5a46a13b281cadc5e4f.pdf,2026-09-26T19:23:24Z,REAL
DOMPERIDONE-936BB8E8,Domperidone,Oral Liquid,1 mg/mL,1 mL,"P,S,T",Gastrointestinal Medicines,NPPA S.O. 1575(E) dated 25.03.2026 (NLEM 2022 list) + NLEM 2022 (CDSCO),https://nppa.gov.in/storage/uploads/tender/0fd8be342c35d5a46a13b281cadc5e4f.pdf,2026-09-26T19:23:24Z,REAL
DONEPEZIL-1183EEB7,Donepezil,Tablet,10 mg,1 Tablet,"S,T",Medicines used in Neurological Disorders,NPPA S.O. 1575(E) dated 25.03.2026 (NLEM 2022 list) + NLEM 2022 (CDSCO),https://nppa.gov.in/storage/uploads/tender/0fd8be342c35d5a46a13b281cadc5e4f.pdf,2026-09-26T19:23:24Z,REAL
DONEPEZIL-38052CEB,Donepezil,Tablet,5 mg,1 Tablet,"S,T",Medicines used in Neurological Disorders,NPPA S.O. 1575(E) dated 25.03.2026 (NLEM 2022 list) + NLEM 2022 (CDSCO),https://nppa.gov.in/storage/uploads/tender/0fd8be342c35d5a46a13b281cadc5e4f.pdf,2026-09-26T19:23:24Z,REAL
DOPAMINE-2445DEFD,Dopamine,Injection,40 mg/mL,1 mL,"S,T",Cardiovascular Medicines,NPPA S.O. 1575(E) dated 25.03.2026 (NLEM 2022 list) + NLEM 2022 (CDSCO),https://nppa.gov.in/storage/uploads/tender/0fd8be342c35d5a46a13b281cadc5e4f.pdf,2026-09-26T19:23:24Z,REAL
DOXORUBICIN-088BB480,Doxorubicin,Injection,2 mg/mL,1 mL,T,Anti-cancer agents including Immunosuppressives and Medicines used in Palliative Care,NPPA S.O. 1575(E) dated 25.03.2026 (NLEM 2022 list) + NLEM 2022 (CDSCO),https://nppa.gov.in/storage/uploads/tender/0fd8be342c35d5a46a13b281cadc5e4f.pdf,2026-09-26T19:23:24Z,REAL
DOXYCYCLINE-565014F8,Doxycycline,Capsule,100 mg,1 Capsule,"P,S,T",Anti-infective Medicines,NPPA S.O. 1575(E) dated 25.03.2026 (NLEM 2022 list) + NLEM 2022 (CDSCO),https://nppa.gov.in/storage/uploads/tender/0fd8be342c35d5a46a13b281cadc5e4f.pdf,2026-09-26T19:23:24Z,REAL
DOXYCYCLINE-DA24A1C1,Doxycycline,Tablet,100 mg,1 Tablet,"P,S,T",Anti-infective Medicines,NPPA S.O. 1575(E) dated 25.03.2026 (NLEM 2022 list) + NLEM 2022 (CDSCO),https://nppa.gov.in/storage/uploads/tender/0fd8be342c35d5a46a13b281cadc5e4f.pdf,2026-09-26T19:23:24Z,REAL
DOXYCYCLINE-2E60B83A,Doxycycline,Powder for Injection,100 mg,1 Vial,"P,S,T",Anti-infective Medicines,NPPA S.O. 1575(E) dated 25.03.2026 (NLEM 2022 list) + NLEM 2022 (CDSCO),https://nppa.gov.in/storage/uploads/tender/0fd8be342c35d5a46a13b281cadc5e4f.pdf,2026-09-26T19:23:24Z,REAL
D-PENICILLAMINE-80DDF8FD,D-Penicillamine,Capsule,250 mg,1 Capsule,"P,S,T",Antidotes and Other Substances used in Management of Poisonings/Envenomation,NPPA S.O. 1575(E) dated 25.03.2026 (NLEM 2022 list) + NLEM 2022 (CDSCO),https://nppa.gov.in/storage/uploads/tender/0fd8be342c35d5a46a13b281cadc5e4f.pdf,2026-09-26T19:23:24Z,REAL
DPT-HIB-HEP-B-VACCINE-C8DEAE23,DPT + Hib + Hep B Vaccine,As Licensed,,Per 0.1 mL,"P,S,T",Immunologicals,NPPA S.O. 1575(E) dated 25.03.2026 (NLEM 2022 list) + NLEM 2022 (CDSCO),https://nppa.gov.in/storage/uploads/tender/0fd8be342c35d5a46a13b281cadc5e4f.pdf,2026-09-26T19:23:24Z,REAL
EFAVIRENZ-6C86A172,Efavirenz,Tablet,600 mg,1 Tablet,"S,T",Anti-infective Medicines,NPPA S.O. 1575(E) dated 25.03.2026 (NLEM 2022 list) + NLEM 2022 (CDSCO),https://nppa.gov.in/storage/uploads/tender/0fd8be342c35d5a46a13b281cadc5e4f.pdf,2026-09-26T19:23:24Z,REAL
EFAVIRENZ-84DA37FF,Efavirenz,Tablet,200 mg (p),1 Tablet,"S,T",Anti-infective Medicines,NPPA S.O. 1575(E) dated 25.03.2026 (NLEM 2022 list) + NLEM 2022 (CDSCO),https://nppa.gov.in/storage/uploads/tender/0fd8be342c35d5a46a13b281cadc5e4f.pdf,2026-09-26T19:23:24Z,REAL
EFAVIRENZ-4438F0A1,Efavirenz,Capsule,200 mg,1 Capsule,"S,T",Anti-infective Medicines,NPPA S.O. 1575(E) dated 25.03.2026 (NLEM 2022 list) + NLEM 2022 (CDSCO),https://nppa.gov.in/storage/uploads/tender/0fd8be342c35d5a46a13b281cadc5e4f.pdf,2026-09-26T19:23:24Z,REAL
EFAVIRENZ-61323F4F,Efavirenz,Capsule,600 mg,1 Capsule,"S,T",Anti-infective Medicines,NPPA S.O. 1575(E) dated 25.03.2026 (NLEM 2022 list) + NLEM 2022 (CDSCO),https://nppa.gov.in/storage/uploads/tender/0fd8be342c35d5a46a13b281cadc5e4f.pdf,2026-09-26T19:23:24Z,REAL
ENALAPRIL-48A40641,Enalapril,Tablet,5 mg,1 Tablet,"P,S,T",Cardiovascular Medicines,NPPA S.O. 1575(E) dated 25.03.2026 (NLEM 2022 list) + NLEM 2022 (CDSCO),https://nppa.gov.in/storage/uploads/tender/0fd8be342c35d5a46a13b281cadc5e4f.pdf,2026-09-26T19:23:24Z,REAL
ENALAPRIL-AD2781E9,Enalapril,Tablet,2.5 mg,1 Tablet,"P,S,T",Cardiovascular Medicines,NPPA S.O. 1575(E) dated 25.03.2026 (NLEM 2022 list) + NLEM 2022 (CDSCO),https://nppa.gov.in/storage/uploads/tender/0fd8be342c35d5a46a13b281cadc5e4f.pdf,2026-09-26T19:23:24Z,REAL
ENOXAPARIN-33294239,Enoxaparin,Injection,"40 mg/0.4 mL, Injection 60 mg/0.6 mL",Per 0.10 mL,"S,T",Medicines affecting Blood,NPPA S.O. 1575(E) dated 25.03.2026 (NLEM 2022 list) + NLEM 2022 (CDSCO),https://nppa.gov.in/storage/uploads/tender/0fd8be342c35d5a46a13b281cadc5e4f.pdf,2026-09-26T19:23:24Z,REAL
ENTECAVIR-B9128A44,Entecavir,Tablet,1 mg,1 Tablet,"S,T",Anti-infective Medicines,NPPA S.O. 1575(E) dated 25.03.2026 (NLEM 2022 list) + NLEM 2022 (CDSCO),https://nppa.gov.in/storage/uploads/tender/0fd8be342c35d5a46a13b281cadc5e4f.pdf,2026-09-26T19:23:24Z,REAL
ENTECAVIR-0D77B4CF,Entecavir,Tablet,0.5 mg,1 Tablet,"S,T",Anti-infective Medicines,NPPA S.O. 1575(E) dated 25.03.2026 (NLEM 2022 list) + NLEM 2022 (CDSCO),https://nppa.gov.in/storage/uploads/tender/0fd8be342c35d5a46a13b281cadc5e4f.pdf,2026-09-26T19:23:24Z,REAL
ERYTHROPOIETIN-C4476030,Erythropoietin,Injection,2000 IU/mL,1 mL,"S,T",Medicines affecting Blood,NPPA S.O. 1575(E) dated 25.03.2026 (NLEM 2022 list) + NLEM 2022 (CDSCO),https://nppa.gov.in/storage/uploads/tender/0fd8be342c35d5a46a13b281cadc5e4f.pdf,2026-09-26T19:23:24Z,REAL
ERYTHROPOIETIN-E889154F,Erythropoietin,Injection,10000 IU/mL,1 mL,"S,T",Medicines affecting Blood,NPPA S.O. 1575(E) dated 25.03.2026 (NLEM 2022 list) + NLEM 2022 (CDSCO),https://nppa.gov.in/storage/uploads/tender/0fd8be342c35d5a46a13b281cadc5e4f.pdf,2026-09-26T19:23:24Z,REAL
ESCITALOPRAM-485B8A34,Escitalopram,Tablet,5 mg,1 Tablet,"P,S,T",Medicines used in treatment of Psychiatric Disorders,NPPA S.O. 1575(E) dated 25.03.2026 (NLEM 2022 list) + NLEM 2022 (CDSCO),https://nppa.gov.in/storage/uploads/tender/0fd8be342c35d5a46a13b281cadc5e4f.pdf,2026-09-26T19:23:24Z,REAL
ESCITALOPRAM-17D2E0CF,Escitalopram,Tablet,10 mg,1 Tablet,"P,S,T",Medicines used in treatment of Psychiatric Disorders,NPPA S.O. 1575(E) dated 25.03.2026 (NLEM 2022 list) + NLEM 2022 (CDSCO),https://nppa.gov.in/storage/uploads/tender/0fd8be342c35d5a46a13b281cadc5e4f.pdf,2026-09-26T19:23:24Z,REAL
ESCITALOPRAM-9F29E276,Escitalopram,Tablet,20 mg,1 Tablet,"P,S,T",Medicines used in treatment of Psychiatric Disorders,NPPA S.O. 1575(E) dated 25.03.2026 (NLEM 2022 list) + NLEM 2022 (CDSCO),https://nppa.gov.in/storage/uploads/tender/0fd8be342c35d5a46a13b281cadc5e4f.pdf,2026-09-26T19:23:24Z,REAL
ESMOLOL-87BA86F1,Esmolol,Injection,10 mg/mL,1 mL,"S,T",Cardiovascular Medicines,NPPA S.O. 1575(E) dated 25.03.2026 (NLEM 2022 list) + NLEM 2022 (CDSCO),https://nppa.gov.in/storage/uploads/tender/0fd8be342c35d5a46a13b281cadc5e4f.pdf,2026-09-26T19:23:24Z,REAL
ETHAMBUTOL-0564B919,Ethambutol,Tablet,600 mg,1 Tablet,"P,S,T",Anti-infective Medicines,NPPA S.O. 1575(E) dated 25.03.2026 (NLEM 2022 list) + NLEM 2022 (CDSCO),https://nppa.gov.in/storage/uploads/tender/0fd8be342c35d5a46a13b281cadc5e4f.pdf,2026-09-26T19:23:24Z,REAL
ETHAMBUTOL-149DB1CF,Ethambutol,Tablet,800 mg,1 Tablet,"P,S,T",Anti-infective Medicines,NPPA S.O. 1575(E) dated 25.03.2026 (NLEM 2022 list) + NLEM 2022 (CDSCO),https://nppa.gov.in/storage/uploads/tender/0fd8be342c35d5a46a13b281cadc5e4f.pdf,2026-09-26T19:23:24Z,REAL
ETHAMBUTOL-B44F3915,Ethambutol,Tablet,400 mg,1 Tablet,"P,S,T",Anti-infective Medicines,NPPA S.O. 1575(E) dated 25.03.2026 (NLEM 2022 list) + NLEM 2022 (CDSCO),https://nppa.gov.in/storage/uploads/tender/0fd8be342c35d5a46a13b281cadc5e4f.pdf,2026-09-26T19:23:24Z,REAL
ETHAMBUTOL-C4262985,Ethambutol,Tablet,200 mg,1 Tablet,"P,S,T",Anti-infective Medicines,NPPA S.O. 1575(E) dated 25.03.2026 (NLEM 2022 list) + NLEM 2022 (CDSCO),https://nppa.gov.in/storage/uploads/tender/0fd8be342c35d5a46a13b281cadc5e4f.pdf,2026-09-26T19:23:24Z,REAL
ETHINYLESTRADIOL-A-LEVON-2FB782FA,Ethinylestradiol (A) + Levonorgestrel (B),Tablet,0.03 mg(A) + Tablet 0.15 mg(B),1 Tablet,"P,S,T","Hormones, other Endocrine Medicines and Contraceptives",NPPA S.O. 1575(E) dated 25.03.2026 (NLEM 2022 list) + NLEM 2022 (CDSCO),https://nppa.gov.in/storage/uploads/tender/0fd8be342c35d5a46a13b281cadc5e4f.pdf,2026-09-26T19:23:24Z,REAL
ETHIONAMIDE-48635C82,Ethionamide,Tablet,250 mg,1 Tablet,"S,T",Anti-infective Medicines,NPPA S.O. 1575(E) dated 25.03.2026 (NLEM 2022 list) + NLEM 2022 (CDSCO),https://nppa.gov.in/storage/uploads/tender/0fd8be342c35d5a46a13b281cadc5e4f.pdf,2026-09-26T19:23:24Z,REAL
ETHYL-ALCOHOL-DENATURED-03D98770,Ethyl Alcohol (Denatured),Solution,70 %,1 mL,"P,S,T",Antiseptics and Disinfectants,NPPA S.O. 1575(E) dated 25.03.2026 (NLEM 2022 list) + NLEM 2022 (CDSCO),https://nppa.gov.in/storage/uploads/tender/0fd8be342c35d5a46a13b281cadc5e4f.pdf,2026-09-26T19:23:24Z,REAL
ETOPOSIDE-EF341206,Etoposide,Capsule,50 mg,1 Capsule,T,Anti-cancer agents including Immunosuppressives and Medicines used in Palliative Care,NPPA S.O. 1575(E) dated 25.03.2026 (NLEM 2022 list) + NLEM 2022 (CDSCO),https://nppa.gov.in/storage/uploads/tender/0fd8be342c35d5a46a13b281cadc5e4f.pdf,2026-09-26T19:23:24Z,REAL
ETOPOSIDE-1298B0D7,Etoposide,Injection,20 mg/mL,1 mL,T,Anti-cancer agents including Immunosuppressives and Medicines used in Palliative Care,NPPA S.O. 1575(E) dated 25.03.2026 (NLEM 2022 list) + NLEM 2022 (CDSCO),https://nppa.gov.in/storage/uploads/tender/0fd8be342c35d5a46a13b281cadc5e4f.pdf,2026-09-26T19:23:24Z,REAL
FENTANYL-E3DD5753,Fentanyl,Injection,50 mcg/mL,1 mL,"S,T","Analgesics, Antipyretics, Non-steroidal Anti-inflammatory Drugs (NSAIDs), Medicines used to treat Gout and Disease Modifying Agents used in Rheumatoid Disorders",NPPA S.O. 1575(E) dated 25.03.2026 (NLEM 2022 list) + NLEM 2022 (CDSCO),https://nppa.gov.in/storage/uploads/tender/0fd8be342c35d5a46a13b281cadc5e4f.pdf,2026-09-26T19:23:24Z,REAL
FILGRASTIM-7400C830,Filgrastim,Injection,300 mcg,1 Vial,T,Anti-cancer agents including Immunosuppressives and Medicines used in Palliative Care,NPPA S.O. 1575(E) dated 25.03.2026 (NLEM 2022 list) + NLEM 2022 (CDSCO),https://nppa.gov.in/storage/uploads/tender/0fd8be342c35d5a46a13b281cadc5e4f.pdf,2026-09-26T19:23:24Z,REAL
FLUCONAZOLE-E1CE95B9,Fluconazole,Tablet,400 mg,1 Tablet,"P,S,T",Anti-infective Medicines,NPPA S.O. 1575(E) dated 25.03.2026 (NLEM 2022 list) + NLEM 2022 (CDSCO),https://nppa.gov.in/storage/uploads/tender/0fd8be342c35d5a46a13b281cadc5e4f.pdf,2026-09-26T19:23:24Z,REAL
FLUCONAZOLE-51747F78,Fluconazole,Tablet,200 mg,1 Tablet,"P,S,T",Anti-infective Medicines,NPPA S.O. 1575(E) dated 25.03.2026 (NLEM 2022 list) + NLEM 2022 (CDSCO),https://nppa.gov.in/storage/uploads/tender/0fd8be342c35d5a46a13b281cadc5e4f.pdf,2026-09-26T19:23:24Z,REAL
FLUCONAZOLE-0E0F6D9C,Fluconazole,Tablet,100 mg,1 Tablet,"P,S,T",Anti-infective Medicines,NPPA S.O. 1575(E) dated 25.03.2026 (NLEM 2022 list) + NLEM 2022 (CDSCO),https://nppa.gov.in/storage/uploads/tender/0fd8be342c35d5a46a13b281cadc5e4f.pdf,2026-09-26T19:23:24Z,REAL
FLUCONAZOLE-1DD5ED00,Fluconazole,Tablet,150 mg,1 Tablet,"P,S,T",Anti-infective Medicines,NPPA S.O. 1575(E) dated 25.03.2026 (NLEM 2022 list) + NLEM 2022 (CDSCO),https://nppa.gov.in/storage/uploads/tender/0fd8be342c35d5a46a13b281cadc5e4f.pdf,2026-09-26T19:23:24Z,REAL
FLUCONAZOLE-5D745416,Fluconazole,Tablet,50 mg,1 Tablet,"P,S,T",Anti-infective Medicines,NPPA S.O. 1575(E) dated 25.03.2026 (NLEM 2022 list) + NLEM 2022 (CDSCO),https://nppa.gov.in/storage/uploads/tender/0fd8be342c35d5a46a13b281cadc5e4f.pdf,2026-09-26T19:23:24Z,REAL
FLUCONAZOLE-5DADB56D,Fluconazole,Capsule,200 mg,1 Capsule,"P,S,T",Anti-infective Medicines,NPPA S.O. 1575(E) dated 25.03.2026 (NLEM 2022 list) + NLEM 2022 (CDSCO),https://nppa.gov.in/storage/uploads/tender/0fd8be342c35d5a46a13b281cadc5e4f.pdf,2026-09-26T19:23:24Z,REAL
FLUCONAZOLE-92E707EE,Fluconazole,Capsule,150 mg,1 Capsule,"P,S,T",Anti-infective Medicines,NPPA S.O. 1575(E) dated 25.03.2026 (NLEM 2022 list) + NLEM 2022 (CDSCO),https://nppa.gov.in/storage/uploads/tender/0fd8be342c35d5a46a13b281cadc5e4f.pdf,2026-09-26T19:23:24Z,REAL
FLUCONAZOLE-D4056F14,Fluconazole,Injection,200 mg/100 mL,Per 100 mL Vial,"P,S,T",Anti-infective Medicines,NPPA S.O. 1575(E) dated 25.03.2026 (NLEM 2022 list) + NLEM 2022 (CDSCO),https://nppa.gov.in/storage/uploads/tender/0fd8be342c35d5a46a13b281cadc5e4f.pdf,2026-09-26T19:23:24Z,REAL
FLUCONAZOLE-E1B12433,Fluconazole,Capsule,100 mg,1 Capsule,"P,S,T",Anti-infective Medicines,NPPA S.O. 1575(E) dated 25.03.2026 (NLEM 2022 list) + NLEM 2022 (CDSCO),https://nppa.gov.in/storage/uploads/tender/0fd8be342c35d5a46a13b281cadc5e4f.pdf,2026-09-26T19:23:24Z,REAL
FLUDROCORTISONE-D2FF45ED,Fludrocortisone,Tablet,0.1 mg,1 Tablet,"S,T","Hormones, other Endocrine Medicines and Contraceptives",NPPA S.O. 1575(E) dated 25.03.2026 (NLEM 2022 list) + NLEM 2022 (CDSCO),https://nppa.gov.in/storage/uploads/tender/0fd8be342c35d5a46a13b281cadc5e4f.pdf,2026-09-26T19:23:24Z,REAL
FLUNARIZINE-E64B1EA5,Flunarizine,Tablet,5 mg,1 Tablet,"P,S,T",Medicines used in Neurological Disorders,NPPA S.O. 1575(E) dated 25.03.2026 (NLEM 2022 list) + NLEM 2022 (CDSCO),https://nppa.gov.in/storage/uploads/tender/0fd8be342c35d5a46a13b281cadc5e4f.pdf,2026-09-26T19:23:24Z,REAL
FLUNARIZINE-7939B008,Flunarizine,Tablet,10 mg,1 Tablet,"P,S,T",Medicines used in Neurological Disorders,NPPA S.O. 1575(E) dated 25.03.2026 (NLEM 2022 list) + NLEM 2022 (CDSCO),https://nppa.gov.in/storage/uploads/tender/0fd8be342c35d5a46a13b281cadc5e4f.pdf,2026-09-26T19:23:24Z,REAL
FLUOXETINE-50169ABF,Fluoxetine,Capsule,20 mg,1 Capsule,"S,T",Anti-cancer agents including Immunosuppressives and Medicines used in Palliative Care,NPPA S.O. 1575(E) dated 25.03.2026 (NLEM 2022 list) + NLEM 2022 (CDSCO),https://nppa.gov.in/storage/uploads/tender/0fd8be342c35d5a46a13b281cadc5e4f.pdf,2026-09-26T19:23:24Z,REAL
FLUOXETINE-C51A5C79,Fluoxetine,Capsule,60 mg,1 Capsule,"S,T",Anti-cancer agents including Immunosuppressives and Medicines used in Palliative Care,NPPA S.O. 1575(E) dated 25.03.2026 (NLEM 2022 list) + NLEM 2022 (CDSCO),https://nppa.gov.in/storage/uploads/tender/0fd8be342c35d5a46a13b281cadc5e4f.pdf,2026-09-26T19:23:24Z,REAL
FLUOXETINE-5606498D,Fluoxetine,Capsule,40 mg,1 Capsule,"S,T",Anti-cancer agents including Immunosuppressives and Medicines used in Palliative Care,NPPA S.O. 1575(E) dated 25.03.2026 (NLEM 2022 list) + NLEM 2022 (CDSCO),https://nppa.gov.in/storage/uploads/tender/0fd8be342c35d5a46a13b281cadc5e4f.pdf,2026-09-26T19:23:24Z,REAL
FLUOXETINE-40312C92,Fluoxetine,Capsule,10 mg,1 Capsule,"S,T",Anti-cancer agents including Immunosuppressives and Medicines used in Palliative Care,NPPA S.O. 1575(E) dated 25.03.2026 (NLEM 2022 list) + NLEM 2022 (CDSCO),https://nppa.gov.in/storage/uploads/tender/0fd8be342c35d5a46a13b281cadc5e4f.pdf,2026-09-26T19:23:24Z,REAL
FLUOXETINE-1EE0855E,Fluoxetine,Tablet,10 mg,1 Tablet,"S,T",Anti-cancer agents including Immunosuppressives and Medicines used in Palliative Care,NPPA S.O. 1575(E) dated 25.03.2026 (NLEM 2022 list) + NLEM 2022 (CDSCO),https://nppa.gov.in/storage/uploads/tender/0fd8be342c35d5a46a13b281cadc5e4f.pdf,2026-09-26T19:23:24Z,REAL
FLUOXETINE-35731B78,Fluoxetine,Tablet,40 mg,1 Tablet,"S,T",Anti-cancer agents including Immunosuppressives and Medicines used in Palliative Care,NPPA S.O. 1575(E) dated 25.03.2026 (NLEM 2022 list) + NLEM 2022 (CDSCO),https://nppa.gov.in/storage/uploads/tender/0fd8be342c35d5a46a13b281cadc5e4f.pdf,2026-09-26T19:23:24Z,REAL
FLUOXETINE-CD5DB794,Fluoxetine,Tablet,60 mg,1 Tablet,"S,T",Anti-cancer agents including Immunosuppressives and Medicines used in Palliative Care,NPPA S.O. 1575(E) dated 25.03.2026 (NLEM 2022 list) + NLEM 2022 (CDSCO),https://nppa.gov.in/storage/uploads/tender/0fd8be342c35d5a46a13b281cadc5e4f.pdf,2026-09-26T19:23:24Z,REAL
FLUOXETINE-86DDBC03,Fluoxetine,Tablet,20 mg,1 Tablet,"S,T",Anti-cancer agents including Immunosuppressives and Medicines used in Palliative Care,NPPA S.O. 1575(E) dated 25.03.2026 (NLEM 2022 list) + NLEM 2022 (CDSCO),https://nppa.gov.in/storage/uploads/tender/0fd8be342c35d5a46a13b281cadc5e4f.pdf,2026-09-26T19:23:24Z,REAL
FLUPHENAZINE-FABD4174,Fluphenazine,Injection,25 mg/mL,1 mL,"P,S,T",Medicines used in treatment of Psychiatric Disorders,NPPA S.O. 1575(E) dated 25.03.2026 (NLEM 2022 list) + NLEM 2022 (CDSCO),https://nppa.gov.in/storage/uploads/tender/0fd8be342c35d5a46a13b281cadc5e4f.pdf,2026-09-26T19:23:24Z,REAL
FOLIC-ACID-951BCEDA,Folic Acid,Tablet,5 mg,1 Tablet,"P,S,T",Medicines affecting Blood,NPPA S.O. 1575(E) dated 25.03.2026 (NLEM 2022 list) + NLEM 2022 (CDSCO),https://nppa.gov.in/storage/uploads/tender/0fd8be342c35d5a46a13b281cadc5e4f.pdf,2026-09-26T19:23:24Z,REAL
FOLIC-ACID-F5A53924,Folic Acid,Capsule,5 mg,1 Capsule,"P,S,T",Medicines affecting Blood,NPPA S.O. 1575(E) dated 25.03.2026 (NLEM 2022 list) + NLEM 2022 (CDSCO),https://nppa.gov.in/storage/uploads/tender/0fd8be342c35d5a46a13b281cadc5e4f.pdf,2026-09-26T19:23:24Z,REAL
FRAMYCETIN-16C4AB88,Framycetin,Cream,1 %,1 g,"P,S,T",Dermatological Medicines (Topical),NPPA S.O. 1575(E) dated 25.03.2026 (NLEM 2022 list) + NLEM 2022 (CDSCO),https://nppa.gov.in/storage/uploads/tender/0fd8be342c35d5a46a13b281cadc5e4f.pdf,2026-09-26T19:23:24Z,REAL
FUROSEMIDE-D5024F1A,Furosemide,Tablet,40 mg,1 Tablet,"P,S,T",Diuretics,NPPA S.O. 1575(E) dated 25.03.2026 (NLEM 2022 list) + NLEM 2022 (CDSCO),https://nppa.gov.in/storage/uploads/tender/0fd8be342c35d5a46a13b281cadc5e4f.pdf,2026-09-26T19:23:24Z,REAL
FUROSEMIDE-AB0E6076,Furosemide,Injection,10 mg/mL,1 mL,"P,S,T",Diuretics,NPPA S.O. 1575(E) dated 25.03.2026 (NLEM 2022 list) + NLEM 2022 (CDSCO),https://nppa.gov.in/storage/uploads/tender/0fd8be342c35d5a46a13b281cadc5e4f.pdf,2026-09-26T19:23:24Z,REAL
FUROSEMIDE-98F931E2,Furosemide,Oral Liquid,10 mg/mL,1 mL,"P,S,T",Diuretics,NPPA S.O. 1575(E) dated 25.03.2026 (NLEM 2022 list) + NLEM 2022 (CDSCO),https://nppa.gov.in/storage/uploads/tender/0fd8be342c35d5a46a13b281cadc5e4f.pdf,2026-09-26T19:23:24Z,REAL
FUSIDIC-ACID-06D0F0DF,Fusidic Acid,Cream,2 %,1 g,"P,S,T",Dermatological Medicines (Topical),NPPA S.O. 1575(E) dated 25.03.2026 (NLEM 2022 list) + NLEM 2022 (CDSCO),https://nppa.gov.in/storage/uploads/tender/0fd8be342c35d5a46a13b281cadc5e4f.pdf,2026-09-26T19:23:24Z,REAL
GEFITINIB-DA5888A6,Gefitinib,Tablet,250 mg,1 Tablet,T,Anti-cancer agents including Immunosuppressives and Medicines used in Palliative Care,NPPA S.O. 1575(E) dated 25.03.2026 (NLEM 2022 list) + NLEM 2022 (CDSCO),https://nppa.gov.in/storage/uploads/tender/0fd8be342c35d5a46a13b281cadc5e4f.pdf,2026-09-26T19:23:24Z,REAL
GEMCITABINE-6EAE2833,Gemcitabine,Powder for Injection,1000 mg,1 Vial,T,Anti-cancer agents including Immunosuppressives and Medicines used in Palliative Care,NPPA S.O. 1575(E) dated 25.03.2026 (NLEM 2022 list) + NLEM 2022 (CDSCO),https://nppa.gov.in/storage/uploads/tender/0fd8be342c35d5a46a13b281cadc5e4f.pdf,2026-09-26T19:23:24Z,REAL
GEMCITABINE-483BFDC5,Gemcitabine,Powder for Injection,200 mg,1 Vial,T,Anti-cancer agents including Immunosuppressives and Medicines used in Palliative Care,NPPA S.O. 1575(E) dated 25.03.2026 (NLEM 2022 list) + NLEM 2022 (CDSCO),https://nppa.gov.in/storage/uploads/tender/0fd8be342c35d5a46a13b281cadc5e4f.pdf,2026-09-26T19:23:24Z,REAL
GENTAMICIN-DEDF7CEC,Gentamicin,Injection,40 mg/mL (1.5 mL),1 mL,"P,S,T",Anti-infective Medicines,NPPA S.O. 1575(E) dated 25.03.2026 (NLEM 2022 list) + NLEM 2022 (CDSCO),https://nppa.gov.in/storage/uploads/tender/0fd8be342c35d5a46a13b281cadc5e4f.pdf,2026-09-26T19:23:24Z,REAL
GENTAMICIN-60F52C0E,Gentamicin,Injection,10 mg/mL,1 mL,"P,S,T",Anti-infective Medicines,NPPA S.O. 1575(E) dated 25.03.2026 (NLEM 2022 list) + NLEM 2022 (CDSCO),https://nppa.gov.in/storage/uploads/tender/0fd8be342c35d5a46a13b281cadc5e4f.pdf,2026-09-26T19:23:24Z,REAL
GENTAMICIN-71C830E2,Gentamicin,Injection,40 mg/mL (Pack of 10 mL),1 mL,"P,S,T",Anti-infective Medicines,NPPA S.O. 1575(E) dated 25.03.2026 (NLEM 2022 list) + NLEM 2022 (CDSCO),https://nppa.gov.in/storage/uploads/tender/0fd8be342c35d5a46a13b281cadc5e4f.pdf,2026-09-26T19:23:24Z,REAL
GENTAMICIN-A2C2C493,Gentamicin,Injection,40 mg/mL (Pack of 20 mL),1 mL,"P,S,T",Anti-infective Medicines,NPPA S.O. 1575(E) dated 25.03.2026 (NLEM 2022 list) + NLEM 2022 (CDSCO),https://nppa.gov.in/storage/uploads/tender/0fd8be342c35d5a46a13b281cadc5e4f.pdf,2026-09-26T19:23:24Z,REAL
GENTAMICIN-6B8E4015,Gentamicin,Injection,40 mg/mL (Pack of 30 mL),1 mL,"P,S,T",Anti-infective Medicines,NPPA S.O. 1575(E) dated 25.03.2026 (NLEM 2022 list) + NLEM 2022 (CDSCO),https://nppa.gov.in/storage/uploads/tender/0fd8be342c35d5a46a13b281cadc5e4f.pdf,2026-09-26T19:23:24Z,REAL
GENTAMICIN-BC45877A,Gentamicin,Injection,40 mg/mL (2 mL),1 mL,"P,S,T",Anti-infective Medicines,NPPA S.O. 1575(E) dated 25.03.2026 (NLEM 2022 list) + NLEM 2022 (CDSCO),https://nppa.gov.in/storage/uploads/tender/0fd8be342c35d5a46a13b281cadc5e4f.pdf,2026-09-26T19:23:24Z,REAL
GLIMEPIRIDE-C0A7172B,Glimepiride,Tablet,2 mg,1 Tablet,"P,S,T","Hormones, other Endocrine Medicines and Contraceptives",NPPA S.O. 1575(E) dated 25.03.2026 (NLEM 2022 list) + NLEM 2022 (CDSCO),https://nppa.gov.in/storage/uploads/tender/0fd8be342c35d5a46a13b281cadc5e4f.pdf,2026-09-26T19:23:24Z,REAL
GLIMEPIRIDE-246429AA,Glimepiride,Tablet,1 mg,1 Tablet,"P,S,T","Hormones, other Endocrine Medicines and Contraceptives",NPPA S.O. 1575(E) dated 25.03.2026 (NLEM 2022 list) + NLEM 2022 (CDSCO),https://nppa.gov.in/storage/uploads/tender/0fd8be342c35d5a46a13b281cadc5e4f.pdf,2026-09-26T19:23:24Z,REAL
GLUCOSE-C61CB669,Glucose,Injection,25 %,1 mL,"P,S,T","Hormones, other Endocrine Medicines and Contraceptives",NPPA S.O. 1575(E) dated 25.03.2026 (NLEM 2022 list) + NLEM 2022 (CDSCO),https://nppa.gov.in/storage/uploads/tender/0fd8be342c35d5a46a13b281cadc5e4f.pdf,2026-09-26T19:23:24Z,REAL
GLYCERIN-GLYCEROL-AS-MEN-DAF76DAB,Glycerin/Glycerol (As Mentioned In IP),Topical - Lotion,,1 mL,"P,S,T",Dermatological Medicines (Topical),NPPA S.O. 1575(E) dated 25.03.2026 (NLEM 2022 list) + NLEM 2022 (CDSCO),https://nppa.gov.in/storage/uploads/tender/0fd8be342c35d5a46a13b281cadc5e4f.pdf,2026-09-26T19:23:24Z,REAL
GLYCERIN-GLYCEROL-AS-MEN-FA8A9753,Glycerin/Glycerol (As Mentioned In IP),Topical - Cream,,1 g,"P,S,T",Dermatological Medicines (Topical),NPPA S.O. 1575(E) dated 25.03.2026 (NLEM 2022 list) + NLEM 2022 (CDSCO),https://nppa.gov.in/storage/uploads/tender/0fd8be342c35d5a46a13b281cadc5e4f.pdf,2026-09-26T19:23:24Z,REAL
GLYCERYL-TRINITRATE-3A91EB37,Glyceryl Trinitrate,Injection,5 mg/mL,1 mL,"P,S,T",Cardiovascular Medicines,NPPA S.O. 1575(E) dated 25.03.2026 (NLEM 2022 list) + NLEM 2022 (CDSCO),https://nppa.gov.in/storage/uploads/tender/0fd8be342c35d5a46a13b281cadc5e4f.pdf,2026-09-26T19:23:24Z,REAL
GLYCERYL-TRINITRATE-E8345718,Glyceryl Trinitrate,Sublingual Tablet,0.5 mg,1 Tablet,"P,S,T",Cardiovascular Medicines,NPPA S.O. 1575(E) dated 25.03.2026 (NLEM 2022 list) + NLEM 2022 (CDSCO),https://nppa.gov.in/storage/uploads/tender/0fd8be342c35d5a46a13b281cadc5e4f.pdf,2026-09-26T19:23:24Z,REAL
GLYCOPYRROLATE-702193EB,Glycopyrrolate,Injection,0.2 mg/mL,1 mL,"S,T",Medicines used in Anaesthesia,NPPA S.O. 1575(E) dated 25.03.2026 (NLEM 2022 list) + NLEM 2022 (CDSCO),https://nppa.gov.in/storage/uploads/tender/0fd8be342c35d5a46a13b281cadc5e4f.pdf,2026-09-26T19:23:24Z,REAL
GRISEOFULVIN-C0671C34,Griseofulvin,Tablet,250 mg,1 Tablet,"P,S,T",Anti-infective Medicines,NPPA S.O. 1575(E) dated 25.03.2026 (NLEM 2022 list) + NLEM 2022 (CDSCO),https://nppa.gov.in/storage/uploads/tender/0fd8be342c35d5a46a13b281cadc5e4f.pdf,2026-09-26T19:23:24Z,REAL
HALOPERIDOL-18BC5FA9,Haloperidol,Tablet,5 mg,1 Tablet,"S,T",Anti-cancer agents including Immunosuppressives and Medicines used in Palliative Care,NPPA S.O. 1575(E) dated 25.03.2026 (NLEM 2022 list) + NLEM 2022 (CDSCO),https://nppa.gov.in/storage/uploads/tender/0fd8be342c35d5a46a13b281cadc5e4f.pdf,2026-09-26T19:23:24Z,REAL
HALOPERIDOL-EE20C752,Haloperidol,Tablet,10 mg,1 Tablet,"S,T",Anti-cancer agents including Immunosuppressives and Medicines used in Palliative Care,NPPA S.O. 1575(E) dated 25.03.2026 (NLEM 2022 list) + NLEM 2022 (CDSCO),https://nppa.gov.in/storage/uploads/tender/0fd8be342c35d5a46a13b281cadc5e4f.pdf,2026-09-26T19:23:24Z,REAL
HALOPERIDOL-239DC47E,Haloperidol,Oral Liquid,2 mg/5 mL,1 mL,"S,T",Anti-cancer agents including Immunosuppressives and Medicines used in Palliative Care,NPPA S.O. 1575(E) dated 25.03.2026 (NLEM 2022 list) + NLEM 2022 (CDSCO),https://nppa.gov.in/storage/uploads/tender/0fd8be342c35d5a46a13b281cadc5e4f.pdf,2026-09-26T19:23:24Z,REAL
HALOPERIDOL-4D3BBAFD,Haloperidol,Injection,5 mg/mL,1 mL,"S,T",Anti-cancer agents including Immunosuppressives and Medicines used in Palliative Care,NPPA S.O. 1575(E) dated 25.03.2026 (NLEM 2022 list) + NLEM 2022 (CDSCO),https://nppa.gov.in/storage/uploads/tender/0fd8be342c35d5a46a13b281cadc5e4f.pdf,2026-09-26T19:23:24Z,REAL
HALOPERIDOL-1977902B,Haloperidol,Tablet,20 mg,1 Tablet,"S,T",Anti-cancer agents including Immunosuppressives and Medicines used in Palliative Care,NPPA S.O. 1575(E) dated 25.03.2026 (NLEM 2022 list) + NLEM 2022 (CDSCO),https://nppa.gov.in/storage/uploads/tender/0fd8be342c35d5a46a13b281cadc5e4f.pdf,2026-09-26T19:23:24Z,REAL
HALOPERIDOL-D040E319,Haloperidol,Tablet,1.5 mg,1 Tablet,"S,T",Anti-cancer agents including Immunosuppressives and Medicines used in Palliative Care,NPPA S.O. 1575(E) dated 25.03.2026 (NLEM 2022 list) + NLEM 2022 (CDSCO),https://nppa.gov.in/storage/uploads/tender/0fd8be342c35d5a46a13b281cadc5e4f.pdf,2026-09-26T19:23:24Z,REAL
HALOTHANE-95AFB24A,Halothane,Liquid for Inhalation,,1 mL,"S,T",Medicines used in Anaesthesia,NPPA S.O. 1575(E) dated 25.03.2026 (NLEM 2022 list) + NLEM 2022 (CDSCO),https://nppa.gov.in/storage/uploads/tender/0fd8be342c35d5a46a13b281cadc5e4f.pdf,2026-09-26T19:23:24Z,REAL
HEPARIN-B9A75C90,Heparin,Injection,1000 IU/mL,1 mL,"S,T",Medicines affecting Blood,NPPA S.O. 1575(E) dated 25.03.2026 (NLEM 2022 list) + NLEM 2022 (CDSCO),https://nppa.gov.in/storage/uploads/tender/0fd8be342c35d5a46a13b281cadc5e4f.pdf,2026-09-26T19:23:24Z,REAL
HEPARIN-5C85406B,Heparin,Injection,5000 IU/mL,1 mL,"S,T",Medicines affecting Blood,NPPA S.O. 1575(E) dated 25.03.2026 (NLEM 2022 list) + NLEM 2022 (CDSCO),https://nppa.gov.in/storage/uploads/tender/0fd8be342c35d5a46a13b281cadc5e4f.pdf,2026-09-26T19:23:24Z,REAL
HEPATITIS-B-IMMUNOGLOBUL-8ECADDAD,Hepatitis B Immunoglobulin,As Licensed,,1 Vial,"S,T",Immunologicals,NPPA S.O. 1575(E) dated 25.03.2026 (NLEM 2022 list) + NLEM 2022 (CDSCO),https://nppa.gov.in/storage/uploads/tender/0fd8be342c35d5a46a13b281cadc5e4f.pdf,2026-09-26T19:23:24Z,REAL
HEPATITIS-B-VACCINE-4828B13A,Hepatitis B Vaccine,As Licensed,,1 mL,"P,S,T",Immunologicals,NPPA S.O. 1575(E) dated 25.03.2026 (NLEM 2022 list) + NLEM 2022 (CDSCO),https://nppa.gov.in/storage/uploads/tender/0fd8be342c35d5a46a13b281cadc5e4f.pdf,2026-09-26T19:23:24Z,REAL
HOMATROPINE-E35BB3E2,Homatropine,Drops,2 %,1 mL,"P,S,T",Ophthalmological Medicines,NPPA S.O. 1575(E) dated 25.03.2026 (NLEM 2022 list) + NLEM 2022 (CDSCO),https://nppa.gov.in/storage/uploads/tender/0fd8be342c35d5a46a13b281cadc5e4f.pdf,2026-09-26T19:23:24Z,REAL
HORMONE-RELEASING-IUD-534FDE8A,Hormone Releasing IUD,Contains,52 mg of Levonorgestrel,1 IUD,T,"Hormones, other Endocrine Medicines and Contraceptives",NPPA S.O. 1575(E) dated 25.03.2026 (NLEM 2022 list) + NLEM 2022 (CDSCO),https://nppa.gov.in/storage/uploads/tender/0fd8be342c35d5a46a13b281cadc5e4f.pdf,2026-09-26T19:23:24Z,REAL
HUMAN-CHORIONIC-GONADO-T-8355D614,Human Chorionic Gonado Tropin,Injection,5000 IU,1 Vial,"S,T","Hormones, other Endocrine Medicines and Contraceptives",NPPA S.O. 1575(E) dated 25.03.2026 (NLEM 2022 list) + NLEM 2022 (CDSCO),https://nppa.gov.in/storage/uploads/tender/0fd8be342c35d5a46a13b281cadc5e4f.pdf,2026-09-26T19:23:24Z,REAL
HUMAN-CHORIONIC-GONADO-T-D6B387F5,Human Chorionic Gonado Tropin,Injection,10000 IU,1 Vial,"S,T","Hormones, other Endocrine Medicines and Contraceptives",NPPA S.O. 1575(E) dated 25.03.2026 (NLEM 2022 list) + NLEM 2022 (CDSCO),https://nppa.gov.in/storage/uploads/tender/0fd8be342c35d5a46a13b281cadc5e4f.pdf,2026-09-26T19:23:24Z,REAL
HUMAN-CHORIONIC-GONADO-T-2D3BC316,Human Chorionic Gonado Tropin,Injection,2000 IU,1 Vial,"S,T","Hormones, other Endocrine Medicines and Contraceptives",NPPA S.O. 1575(E) dated 25.03.2026 (NLEM 2022 list) + NLEM 2022 (CDSCO),https://nppa.gov.in/storage/uploads/tender/0fd8be342c35d5a46a13b281cadc5e4f.pdf,2026-09-26T19:23:24Z,REAL
HUMAN-NORMAL-IMMUNOGLOBU-C0991D63,Human Normal Immunoglobulin,Solution for Infusion,(16.5 %),1 mL,T,Immunologicals,NPPA S.O. 1575(E) dated 25.03.2026 (NLEM 2022 list) + NLEM 2022 (CDSCO),https://nppa.gov.in/storage/uploads/tender/0fd8be342c35d5a46a13b281cadc5e4f.pdf,2026-09-26T19:23:24Z,REAL
HUMAN-NORMAL-IMMUNOGLOBU-977CDB88,Human Normal Immunoglobulin,Solution for Infusion,(10 %),1 mL,T,Immunologicals,NPPA S.O. 1575(E) dated 25.03.2026 (NLEM 2022 list) + NLEM 2022 (CDSCO),https://nppa.gov.in/storage/uploads/tender/0fd8be342c35d5a46a13b281cadc5e4f.pdf,2026-09-26T19:23:24Z,REAL
HUMAN-NORMAL-IMMUNOGLOBU-6EC3182A,Human Normal Immunoglobulin,Solution for Infusion,(5 %),1 mL,T,Immunologicals,NPPA S.O. 1575(E) dated 25.03.2026 (NLEM 2022 list) + NLEM 2022 (CDSCO),https://nppa.gov.in/storage/uploads/tender/0fd8be342c35d5a46a13b281cadc5e4f.pdf,2026-09-26T19:23:24Z,REAL
HYDROCHLOROTHIAZIDE-92EE01FF,Hydrochlorothiazide,Tablet,25 mg,1 Tablet,"P,S,T",Cardiovascular Medicines,NPPA S.O. 1575(E) dated 25.03.2026 (NLEM 2022 list) + NLEM 2022 (CDSCO),https://nppa.gov.in/storage/uploads/tender/0fd8be342c35d5a46a13b281cadc5e4f.pdf,2026-09-26T19:23:24Z,REAL
HYDROCHLOROTHIAZIDE-0E6008FC,Hydrochlorothiazide,Tablet,12.5 mg,1 Tablet,"P,S,T",Cardiovascular Medicines,NPPA S.O. 1575(E) dated 25.03.2026 (NLEM 2022 list) + NLEM 2022 (CDSCO),https://nppa.gov.in/storage/uploads/tender/0fd8be342c35d5a46a13b281cadc5e4f.pdf,2026-09-26T19:23:24Z,REAL
HYDROCORTISONE-01F3828C,Hydrocortisone,Powder for Injection,100 mg,1 Vial,"P,S,T",Antiallergics and Medicines used in Anaphylaxis,NPPA S.O. 1575(E) dated 25.03.2026 (NLEM 2022 list) + NLEM 2022 (CDSCO),https://nppa.gov.in/storage/uploads/tender/0fd8be342c35d5a46a13b281cadc5e4f.pdf,2026-09-26T19:23:24Z,REAL
HYDROCORTISONE-40B9DE6F,Hydrocortisone,Tablet,10 mg,1 Tablet,"P,S,T",Antiallergics and Medicines used in Anaphylaxis,NPPA S.O. 1575(E) dated 25.03.2026 (NLEM 2022 list) + NLEM 2022 (CDSCO),https://nppa.gov.in/storage/uploads/tender/0fd8be342c35d5a46a13b281cadc5e4f.pdf,2026-09-26T19:23:24Z,REAL
HYDROCORTISONE-6EF7B0FE,Hydrocortisone,Powder for Injection,200 mg,1 Vial,"P,S,T",Antiallergics and Medicines used in Anaphylaxis,NPPA S.O. 1575(E) dated 25.03.2026 (NLEM 2022 list) + NLEM 2022 (CDSCO),https://nppa.gov.in/storage/uploads/tender/0fd8be342c35d5a46a13b281cadc5e4f.pdf,2026-09-26T19:23:24Z,REAL
HYDROCORTISONE-379862F6,Hydrocortisone,Tablet,5 mg,1 Tablet,"P,S,T",Antiallergics and Medicines used in Anaphylaxis,NPPA S.O. 1575(E) dated 25.03.2026 (NLEM 2022 list) + NLEM 2022 (CDSCO),https://nppa.gov.in/storage/uploads/tender/0fd8be342c35d5a46a13b281cadc5e4f.pdf,2026-09-26T19:23:24Z,REAL
HYDROCORTISONE-4F17F0B7,Hydrocortisone,Tablet,20 mg,1 Tablet,"P,S,T",Antiallergics and Medicines used in Anaphylaxis,NPPA S.O. 1575(E) dated 25.03.2026 (NLEM 2022 list) + NLEM 2022 (CDSCO),https://nppa.gov.in/storage/uploads/tender/0fd8be342c35d5a46a13b281cadc5e4f.pdf,2026-09-26T19:23:24Z,REAL
HYDROXY-PROPYLMETHYL-CEL-1366FE81,Hydroxy Propylmethyl Cellulose,Injection,2 %,1 mL,T,Ophthalmological Medicines,NPPA S.O. 1575(E) dated 25.03.2026 (NLEM 2022 list) + NLEM 2022 (CDSCO),https://nppa.gov.in/storage/uploads/tender/0fd8be342c35d5a46a13b281cadc5e4f.pdf,2026-09-26T19:23:24Z,REAL
HYDROXYCHLOROQUINE-9F95BAAF,Hydroxychloroquine,Tablet,400 mg,1 Tablet,"P,S,T","Analgesics, Antipyretics, Non-steroidal Anti-inflammatory Drugs (NSAIDs), Medicines used to treat Gout and Disease Modifying Agents used in Rheumatoid Disorders",NPPA S.O. 1575(E) dated 25.03.2026 (NLEM 2022 list) + NLEM 2022 (CDSCO),https://nppa.gov.in/storage/uploads/tender/0fd8be342c35d5a46a13b281cadc5e4f.pdf,2026-09-26T19:23:24Z,REAL
HYDROXYCHLOROQUINE-69477E36,Hydroxychloroquine,Tablet,200 mg,1 Tablet,"P,S,T","Analgesics, Antipyretics, Non-steroidal Anti-inflammatory Drugs (NSAIDs), Medicines used to treat Gout and Disease Modifying Agents used in Rheumatoid Disorders",NPPA S.O. 1575(E) dated 25.03.2026 (NLEM 2022 list) + NLEM 2022 (CDSCO),https://nppa.gov.in/storage/uploads/tender/0fd8be342c35d5a46a13b281cadc5e4f.pdf,2026-09-26T19:23:24Z,REAL
HYDROXYUREA-DD703DA7,Hydroxyurea,Capsule,500 mg,1 Capsule,T,Anti-cancer agents including Immunosuppressives and Medicines used in Palliative Care,NPPA S.O. 1575(E) dated 25.03.2026 (NLEM 2022 list) + NLEM 2022 (CDSCO),https://nppa.gov.in/storage/uploads/tender/0fd8be342c35d5a46a13b281cadc5e4f.pdf,2026-09-26T19:23:24Z,REAL
HYOSCINE-BUTYLBROMIDE-E5A6866C,Hyoscine Butylbromide,Injection,20 mg/mL,1 mL,"P,S,T",Gastrointestinal Medicines,NPPA S.O. 1575(E) dated 25.03.2026 (NLEM 2022 list) + NLEM 2022 (CDSCO),https://nppa.gov.in/storage/uploads/tender/0fd8be342c35d5a46a13b281cadc5e4f.pdf,2026-09-26T19:23:24Z,REAL
IBUPROFEN-B2BE1F6E,Ibuprofen,Tablet,200 mg,1 Tablet,"P,S,T","Analgesics, Antipyretics, Non-steroidal Anti-inflammatory Drugs (NSAIDs), Medicines used to treat Gout and Disease Modifying Agents used in Rheumatoid Disorders",NPPA S.O. 1575(E) dated 25.03.2026 (NLEM 2022 list) + NLEM 2022 (CDSCO),https://nppa.gov.in/storage/uploads/tender/0fd8be342c35d5a46a13b281cadc5e4f.pdf,2026-09-26T19:23:24Z,REAL
IBUPROFEN-EDEDFD13,Ibuprofen,Tablet,400 mg,1 Tablet,"P,S,T","Analgesics, Antipyretics, Non-steroidal Anti-inflammatory Drugs (NSAIDs), Medicines used to treat Gout and Disease Modifying Agents used in Rheumatoid Disorders",NPPA S.O. 1575(E) dated 25.03.2026 (NLEM 2022 list) + NLEM 2022 (CDSCO),https://nppa.gov.in/storage/uploads/tender/0fd8be342c35d5a46a13b281cadc5e4f.pdf,2026-09-26T19:23:24Z,REAL
IBUPROFEN-A7CCE715,Ibuprofen,Oral Liquid,100 mg/5 mL(p),1 mL,"P,S,T","Analgesics, Antipyretics, Non-steroidal Anti-inflammatory Drugs (NSAIDs), Medicines used to treat Gout and Disease Modifying Agents used in Rheumatoid Disorders",NPPA S.O. 1575(E) dated 25.03.2026 (NLEM 2022 list) + NLEM 2022 (CDSCO),https://nppa.gov.in/storage/uploads/tender/0fd8be342c35d5a46a13b281cadc5e4f.pdf,2026-09-26T19:23:24Z,REAL
IBUPROFEN-DC81C6FB,Ibuprofen,Capsule,400 mg,1 Capsule,"P,S,T","Analgesics, Antipyretics, Non-steroidal Anti-inflammatory Drugs (NSAIDs), Medicines used to treat Gout and Disease Modifying Agents used in Rheumatoid Disorders",NPPA S.O. 1575(E) dated 25.03.2026 (NLEM 2022 list) + NLEM 2022 (CDSCO),https://nppa.gov.in/storage/uploads/tender/0fd8be342c35d5a46a13b281cadc5e4f.pdf,2026-09-26T19:23:24Z,REAL
IFOSFAMIDE-148DB136,Ifosfamide,Powder for Injection,2000 mg,1 Vial,T,Anti-cancer agents including Immunosuppressives and Medicines used in Palliative Care,NPPA S.O. 1575(E) dated 25.03.2026 (NLEM 2022 list) + NLEM 2022 (CDSCO),https://nppa.gov.in/storage/uploads/tender/0fd8be342c35d5a46a13b281cadc5e4f.pdf,2026-09-26T19:23:24Z,REAL
IFOSFAMIDE-AC196A92,Ifosfamide,Powder for Injection,1000 mg,1 Vial,T,Anti-cancer agents including Immunosuppressives and Medicines used in Palliative Care,NPPA S.O. 1575(E) dated 25.03.2026 (NLEM 2022 list) + NLEM 2022 (CDSCO),https://nppa.gov.in/storage/uploads/tender/0fd8be342c35d5a46a13b281cadc5e4f.pdf,2026-09-26T19:23:24Z,REAL
IMATINIB-1387F793,Imatinib,Tablet,100 mg,1 Tablet,T,Anti-cancer agents including Immunosuppressives and Medicines used in Palliative Care,NPPA S.O. 1575(E) dated 25.03.2026 (NLEM 2022 list) + NLEM 2022 (CDSCO),https://nppa.gov.in/storage/uploads/tender/0fd8be342c35d5a46a13b281cadc5e4f.pdf,2026-09-26T19:23:24Z,REAL
IMATINIB-91D6A9F8,Imatinib,Tablet,400 mg,1 Tablet,T,Anti-cancer agents including Immunosuppressives and Medicines used in Palliative Care,NPPA S.O. 1575(E) dated 25.03.2026 (NLEM 2022 list) + NLEM 2022 (CDSCO),https://nppa.gov.in/storage/uploads/tender/0fd8be342c35d5a46a13b281cadc5e4f.pdf,2026-09-26T19:23:24Z,REAL
IMATINIB-32AB7C0A,Imatinib,Capsule,100 mg,1 Capsule,T,Anti-cancer agents including Immunosuppressives and Medicines used in Palliative Care,NPPA S.O. 1575(E) dated 25.03.2026 (NLEM 2022 list) + NLEM 2022 (CDSCO),https://nppa.gov.in/storage/uploads/tender/0fd8be342c35d5a46a13b281cadc5e4f.pdf,2026-09-26T19:23:24Z,REAL
INSULIN-SOLUBLE-9AF58BBF,Insulin (Soluble),Injection,40 IU/mL,1 mL,"P,S,T","Hormones, other Endocrine Medicines and Contraceptives",NPPA S.O. 1575(E) dated 25.03.2026 (NLEM 2022 list) + NLEM 2022 (CDSCO),https://nppa.gov.in/storage/uploads/tender/0fd8be342c35d5a46a13b281cadc5e4f.pdf,2026-09-26T19:23:24Z,REAL
INSULIN-GLARGINE-DB8E7994,Insulin Glargine,Injection,100 IU/mL,1 mL,"P,S,T","Hormones, other Endocrine Medicines and Contraceptives",NPPA S.O. 1575(E) dated 25.03.2026 (NLEM 2022 list) + NLEM 2022 (CDSCO),https://nppa.gov.in/storage/uploads/tender/0fd8be342c35d5a46a13b281cadc5e4f.pdf,2026-09-26T19:23:24Z,REAL
INSULIN-INTERMEDIATE-ACT-58C6D5D2,Insulin Intermediate Acting (NPH),Injection,40 IU/mL,1 mL,"P,S,T","Hormones, other Endocrine Medicines and Contraceptives",NPPA S.O. 1575(E) dated 25.03.2026 (NLEM 2022 list) + NLEM 2022 (CDSCO),https://nppa.gov.in/storage/uploads/tender/0fd8be342c35d5a46a13b281cadc5e4f.pdf,2026-09-26T19:23:24Z,REAL
IOHEXOL-EB6D0685,Iohexol,Injection,300 mg iodine/mL,1 mL,"S,T",Diagnostic agents,NPPA S.O. 1575(E) dated 25.03.2026 (NLEM 2022 list) + NLEM 2022 (CDSCO),https://nppa.gov.in/storage/uploads/tender/0fd8be342c35d5a46a13b281cadc5e4f.pdf,2026-09-26T19:23:24Z,REAL
IOHEXOL-5BE3C1D1,Iohexol,Injection,350 mg iodine/mL,1 mL,"S,T",Diagnostic agents,NPPA S.O. 1575(E) dated 25.03.2026 (NLEM 2022 list) + NLEM 2022 (CDSCO),https://nppa.gov.in/storage/uploads/tender/0fd8be342c35d5a46a13b281cadc5e4f.pdf,2026-09-26T19:23:24Z,REAL
IPRATROPIUM-7B684404,Ipratropium,Respirator Solution for use in Nebulizer,250 mcg/mL,1 mL,"P,S,T",Medicines acting on the Respiratory tract,NPPA S.O. 1575(E) dated 25.03.2026 (NLEM 2022 list) + NLEM 2022 (CDSCO),https://nppa.gov.in/storage/uploads/tender/0fd8be342c35d5a46a13b281cadc5e4f.pdf,2026-09-26T19:23:24Z,REAL
IRINOTECAN-HCLTRIHYDRATE-9176A33C,Irinotecan Hcltrihydrate,Solution for Injection,20 mg/mL,1 mL,T,Anti-cancer agents including Immunosuppressives and Medicines used in Palliative Care,NPPA S.O. 1575(E) dated 25.03.2026 (NLEM 2022 list) + NLEM 2022 (CDSCO),https://nppa.gov.in/storage/uploads/tender/0fd8be342c35d5a46a13b281cadc5e4f.pdf,2026-09-26T19:23:24Z,REAL
IRON-SUCROSE-049F2BE2,Iron Sucrose,Injection,20 mg/mL,1 mL,"S,T",Medicines affecting Blood,NPPA S.O. 1575(E) dated 25.03.2026 (NLEM 2022 list) + NLEM 2022 (CDSCO),https://nppa.gov.in/storage/uploads/tender/0fd8be342c35d5a46a13b281cadc5e4f.pdf,2026-09-26T19:23:24Z,REAL
ISOFLURANE-CFE04AE8,Isoflurane,Liquid for Inhalation,,1 mL,"S,T",Medicines used in Anaesthesia,NPPA S.O. 1575(E) dated 25.03.2026 (NLEM 2022 list) + NLEM 2022 (CDSCO),https://nppa.gov.in/storage/uploads/tender/0fd8be342c35d5a46a13b281cadc5e4f.pdf,2026-09-26T19:23:24Z,REAL
ISONIAZID-6F6538C0,Isoniazid,Tablet,100 mg,1 Tablet,"P,S,T",Anti-infective Medicines,NPPA S.O. 1575(E) dated 25.03.2026 (NLEM 2022 list) + NLEM 2022 (CDSCO),https://nppa.gov.in/storage/uploads/tender/0fd8be342c35d5a46a13b281cadc5e4f.pdf,2026-09-26T19:23:24Z,REAL
ISONIAZID-807E2A29,Isoniazid,Tablet,300 mg,1 Tablet,"P,S,T",Anti-infective Medicines,NPPA S.O. 1575(E) dated 25.03.2026 (NLEM 2022 list) + NLEM 2022 (CDSCO),https://nppa.gov.in/storage/uploads/tender/0fd8be342c35d5a46a13b281cadc5e4f.pdf,2026-09-26T19:23:24Z,REAL
ISOSORBIDE-DINITRATE-9935B6B6,Isosorbide Dinitrate,Tablet,5 mg,1 Tablet,"P,S,T",Cardiovascular Medicines,NPPA S.O. 1575(E) dated 25.03.2026 (NLEM 2022 list) + NLEM 2022 (CDSCO),https://nppa.gov.in/storage/uploads/tender/0fd8be342c35d5a46a13b281cadc5e4f.pdf,2026-09-26T19:23:24Z,REAL
ISOSORBIDE-DINITRATE-B44BA057,Isosorbide Dinitrate,Tablet,10 mg,1 Tablet,"P,S,T",Cardiovascular Medicines,NPPA S.O. 1575(E) dated 25.03.2026 (NLEM 2022 list) + NLEM 2022 (CDSCO),https://nppa.gov.in/storage/uploads/tender/0fd8be342c35d5a46a13b281cadc5e4f.pdf,2026-09-26T19:23:24Z,REAL
ISPAGHULA-0DD91D6C,Ispaghula,Granules/Husk/Powder,,1 g,"P,S,T",Gastrointestinal Medicines,NPPA S.O. 1575(E) dated 25.03.2026 (NLEM 2022 list) + NLEM 2022 (CDSCO),https://nppa.gov.in/storage/uploads/tender/0fd8be342c35d5a46a13b281cadc5e4f.pdf,2026-09-26T19:23:24Z,REAL
ITRACONAZOLE-E560F693,Itraconazole,Oral Liquid,10 mg/mL,1 mL,"S,T",Anti-infective Medicines,NPPA S.O. 1575(E) dated 25.03.2026 (NLEM 2022 list) + NLEM 2022 (CDSCO),https://nppa.gov.in/storage/uploads/tender/0fd8be342c35d5a46a13b281cadc5e4f.pdf,2026-09-26T19:23:24Z,REAL
ITRACONAZOLE-A4F62D5D,Itraconazole,Capsule,100 mg,1 Capsule,"S,T",Anti-infective Medicines,NPPA S.O. 1575(E) dated 25.03.2026 (NLEM 2022 list) + NLEM 2022 (CDSCO),https://nppa.gov.in/storage/uploads/tender/0fd8be342c35d5a46a13b281cadc5e4f.pdf,2026-09-26T19:23:24Z,REAL
ITRACONAZOLE-27CA1D73,Itraconazole,Capsule,200 mg,1 Capsule,"S,T",Anti-infective Medicines,NPPA S.O. 1575(E) dated 25.03.2026 (NLEM 2022 list) + NLEM 2022 (CDSCO),https://nppa.gov.in/storage/uploads/tender/0fd8be342c35d5a46a13b281cadc5e4f.pdf,2026-09-26T19:23:24Z,REAL
IUD-CONTAINING-COPPER-A55C26DB,IUD Containing Copper,As Licensed,,1 IUD,"P,S,T","Hormones, other Endocrine Medicines and Contraceptives",NPPA S.O. 1575(E) dated 25.03.2026 (NLEM 2022 list) + NLEM 2022 (CDSCO),https://nppa.gov.in/storage/uploads/tender/0fd8be342c35d5a46a13b281cadc5e4f.pdf,2026-09-26T19:23:24Z,REAL
IVERMECTIN-98EE0119,Ivermectin,Tablet,6 mg,1 Tablet,"P,S,T",Anti-infective Medicines,NPPA S.O. 1575(E) dated 25.03.2026 (NLEM 2022 list) + NLEM 2022 (CDSCO),https://nppa.gov.in/storage/uploads/tender/0fd8be342c35d5a46a13b281cadc5e4f.pdf,2026-09-26T19:23:24Z,REAL
IVERMECTIN-685ECA52,Ivermectin,Tablet,12 mg,1 Tablet,"P,S,T",Anti-infective Medicines,NPPA S.O. 1575(E) dated 25.03.2026 (NLEM 2022 list) + NLEM 2022 (CDSCO),https://nppa.gov.in/storage/uploads/tender/0fd8be342c35d5a46a13b281cadc5e4f.pdf,2026-09-26T19:23:24Z,REAL
JAPANESE-ENCEPHALITIS-VA-34618ADE,Japanese Encephalitis Vaccine,As Licensed,(4 mcg to 6 mcg),1 Vial,"P,S,T",Immunologicals,NPPA S.O. 1575(E) dated 25.03.2026 (NLEM 2022 list) + NLEM 2022 (CDSCO),https://nppa.gov.in/storage/uploads/tender/0fd8be342c35d5a46a13b281cadc5e4f.pdf,2026-09-26T19:23:24Z,REAL
JAPANESE-ENCEPHALITIS-VA-CE6059A8,Japanese Encephalitis Vaccine,As Licensed (Upto),3 mcg,1 Vial,"P,S,T",Immunologicals,NPPA S.O. 1575(E) dated 25.03.2026 (NLEM 2022 list) + NLEM 2022 (CDSCO),https://nppa.gov.in/storage/uploads/tender/0fd8be342c35d5a46a13b281cadc5e4f.pdf,2026-09-26T19:23:24Z,REAL
KETAMINE-8B4285F1,Ketamine,Injection,50 mg/mL,1 mL,"P,S,T",Medicines used in Anaesthesia,NPPA S.O. 1575(E) dated 25.03.2026 (NLEM 2022 list) + NLEM 2022 (CDSCO),https://nppa.gov.in/storage/uploads/tender/0fd8be342c35d5a46a13b281cadc5e4f.pdf,2026-09-26T19:23:24Z,REAL
LABETALOL-612221C1,Labetalol,Injection,5 mg/mL,1 mL,"P,S,T",Cardiovascular Medicines,NPPA S.O. 1575(E) dated 25.03.2026 (NLEM 2022 list) + NLEM 2022 (CDSCO),https://nppa.gov.in/storage/uploads/tender/0fd8be342c35d5a46a13b281cadc5e4f.pdf,2026-09-26T19:23:24Z,REAL
LABETALOL-4EE13727,Labetalol,Tablet,100 mg,1 Tablet,"P,S,T",Cardiovascular Medicines,NPPA S.O. 1575(E) dated 25.03.2026 (NLEM 2022 list) + NLEM 2022 (CDSCO),https://nppa.gov.in/storage/uploads/tender/0fd8be342c35d5a46a13b281cadc5e4f.pdf,2026-09-26T19:23:24Z,REAL
LACTULOSE-BD23DC8B,Lactulose,Oral Liquid,10 g/15 mL,1 mL,"S,T",Anti-cancer agents including Immunosuppressives and Medicines used in Palliative Care,NPPA S.O. 1575(E) dated 25.03.2026 (NLEM 2022 list) + NLEM 2022 (CDSCO),https://nppa.gov.in/storage/uploads/tender/0fd8be342c35d5a46a13b281cadc5e4f.pdf,2026-09-26T19:23:24Z,REAL
LAMIVUDINE-293E0147,Lamivudine,Tablet,100 mg,1 Tablet,"S,T",Anti-infective Medicines,NPPA S.O. 1575(E) dated 25.03.2026 (NLEM 2022 list) + NLEM 2022 (CDSCO),https://nppa.gov.in/storage/uploads/tender/0fd8be342c35d5a46a13b281cadc5e4f.pdf,2026-09-26T19:23:24Z,REAL
LAMIVUDINE-1FE69903,Lamivudine,Tablet,150 mg,1 Tablet,"S,T",Anti-infective Medicines,NPPA S.O. 1575(E) dated 25.03.2026 (NLEM 2022 list) + NLEM 2022 (CDSCO),https://nppa.gov.in/storage/uploads/tender/0fd8be342c35d5a46a13b281cadc5e4f.pdf,2026-09-26T19:23:24Z,REAL
L-ASPARAGINASE-34D51D20,L-Asparaginase,Powder for Injection,5000 KU,1 Vial,T,Anti-cancer agents including Immunosuppressives and Medicines used in Palliative Care,NPPA S.O. 1575(E) dated 25.03.2026 (NLEM 2022 list) + NLEM 2022 (CDSCO),https://nppa.gov.in/storage/uploads/tender/0fd8be342c35d5a46a13b281cadc5e4f.pdf,2026-09-26T19:23:24Z,REAL
L-ASPARAGINASE-7CDCE0D5,L-Asparaginase,Powder for Injection,10000KU,1 Vial,T,Anti-cancer agents including Immunosuppressives and Medicines used in Palliative Care,NPPA S.O. 1575(E) dated 25.03.2026 (NLEM 2022 list) + NLEM 2022 (CDSCO),https://nppa.gov.in/storage/uploads/tender/0fd8be342c35d5a46a13b281cadc5e4f.pdf,2026-09-26T19:23:24Z,REAL
LATANOPROST-7F28FB91,Latanoprost,Drops,0.005 %,1 mL,"P,S,T",Ophthalmological Medicines,NPPA S.O. 1575(E) dated 25.03.2026 (NLEM 2022 list) + NLEM 2022 (CDSCO),https://nppa.gov.in/storage/uploads/tender/0fd8be342c35d5a46a13b281cadc5e4f.pdf,2026-09-26T19:23:24Z,REAL
LENALIDOMIDE-D3A88D4A,Lenalidomide,Capsule,5 mg,1 Capsule,T,Anti-cancer agents including Immunosuppressives and Medicines used in Palliative Care,NPPA S.O. 1575(E) dated 25.03.2026 (NLEM 2022 list) + NLEM 2022 (CDSCO),https://nppa.gov.in/storage/uploads/tender/0fd8be342c35d5a46a13b281cadc5e4f.pdf,2026-09-26T19:23:24Z,REAL
LENALIDOMIDE-A88E894D,Lenalidomide,Capsule,25 mg,1 Capsule,T,Anti-cancer agents including Immunosuppressives and Medicines used in Palliative Care,NPPA S.O. 1575(E) dated 25.03.2026 (NLEM 2022 list) + NLEM 2022 (CDSCO),https://nppa.gov.in/storage/uploads/tender/0fd8be342c35d5a46a13b281cadc5e4f.pdf,2026-09-26T19:23:24Z,REAL
LETROZOLE-864AB71C,Letrozole,Tablet,2.5 mg,1 Tablet,,,NPPA S.O. 1575(E) dated 25.03.2026 (NLEM 2022 list),https://nppa.gov.in/storage/uploads/tender/0fd8be342c35d5a46a13b281cadc5e4f.pdf,2026-09-26T19:23:24Z,REAL
LEUPROLIDE-ACETATE-D6F4FB81,Leuprolide Acetate,Powder for Injection,22.5 mg,1 Vial,T,Anti-cancer agents including Immunosuppressives and Medicines used in Palliative Care,NPPA S.O. 1575(E) dated 25.03.2026 (NLEM 2022 list) + NLEM 2022 (CDSCO),https://nppa.gov.in/storage/uploads/tender/0fd8be342c35d5a46a13b281cadc5e4f.pdf,2026-09-26T19:23:24Z,REAL
LEUPROLIDE-ACETATE-BD560B48,Leuprolide Acetate,Powder for Injection,11.25 mg,1 Vial,T,Anti-cancer agents including Immunosuppressives and Medicines used in Palliative Care,NPPA S.O. 1575(E) dated 25.03.2026 (NLEM 2022 list) + NLEM 2022 (CDSCO),https://nppa.gov.in/storage/uploads/tender/0fd8be342c35d5a46a13b281cadc5e4f.pdf,2026-09-26T19:23:24Z,REAL
LEUPROLIDE-ACETATE-396B5CDD,Leuprolide Acetate,Powder for Injection,3.75 mg,1 Vial,T,Anti-cancer agents including Immunosuppressives and Medicines used in Palliative Care,NPPA S.O. 1575(E) dated 25.03.2026 (NLEM 2022 list) + NLEM 2022 (CDSCO),https://nppa.gov.in/storage/uploads/tender/0fd8be342c35d5a46a13b281cadc5e4f.pdf,2026-09-26T19:23:24Z,REAL
LEVETIRACETAM-B8116873,Levetiracetam,Tablet,250 mg,1 Tablet,"S,T",Medicines used in Neurological Disorders,NPPA S.O. 1575(E) dated 25.03.2026 (NLEM 2022 list) + NLEM 2022 (CDSCO),https://nppa.gov.in/storage/uploads/tender/0fd8be342c35d5a46a13b281cadc5e4f.pdf,2026-09-26T19:23:24Z,REAL
LEVETIRACETAM-7DC77AEA,Levetiracetam,Tablet,500 mg,1 Tablet,"S,T",Medicines used in Neurological Disorders,NPPA S.O. 1575(E) dated 25.03.2026 (NLEM 2022 list) + NLEM 2022 (CDSCO),https://nppa.gov.in/storage/uploads/tender/0fd8be342c35d5a46a13b281cadc5e4f.pdf,2026-09-26T19:23:24Z,REAL
LEVETIRACETAM-C61A01F8,Levetiracetam,Modified Release Tablet,750 mg,1 Tablet,"S,T",Medicines used in Neurological Disorders,NPPA S.O. 1575(E) dated 25.03.2026 (NLEM 2022 list) + NLEM 2022 (CDSCO),https://nppa.gov.in/storage/uploads/tender/0fd8be342c35d5a46a13b281cadc5e4f.pdf,2026-09-26T19:23:24Z,REAL
LEVETIRACETAM-4B8A7AAE,Levetiracetam,Tablet,750 mg,1 Tablet,"S,T",Medicines used in Neurological Disorders,NPPA S.O. 1575(E) dated 25.03.2026 (NLEM 2022 list) + NLEM 2022 (CDSCO),https://nppa.gov.in/storage/uploads/tender/0fd8be342c35d5a46a13b281cadc5e4f.pdf,2026-09-26T19:23:24Z,REAL
LEVETIRACETAM-CEF1B444,Levetiracetam,Oral Liquid,100 mg/mL (p),1 mL,"S,T",Medicines used in Neurological Disorders,NPPA S.O. 1575(E) dated 25.03.2026 (NLEM 2022 list) + NLEM 2022 (CDSCO),https://nppa.gov.in/storage/uploads/tender/0fd8be342c35d5a46a13b281cadc5e4f.pdf,2026-09-26T19:23:24Z,REAL
LEVETIRACETAM-59C63026,Levetiracetam,Injection,100 mg/mL,1 mL,"S,T",Medicines used in Neurological Disorders,NPPA S.O. 1575(E) dated 25.03.2026 (NLEM 2022 list) + NLEM 2022 (CDSCO),https://nppa.gov.in/storage/uploads/tender/0fd8be342c35d5a46a13b281cadc5e4f.pdf,2026-09-26T19:23:24Z,REAL
LEVODOPA-A-CARBIDOPA-B-1E8668FA,Levodopa (A) + Carbidopa (B),Modified Release–Tablet,200 mg (A) + 50 mg (B),1 Tablet,"P,S,T",Medicines used in Neurological Disorders,NPPA S.O. 1575(E) dated 25.03.2026 (NLEM 2022 list) + NLEM 2022 (CDSCO),https://nppa.gov.in/storage/uploads/tender/0fd8be342c35d5a46a13b281cadc5e4f.pdf,2026-09-26T19:23:24Z,REAL
LEVODOPA-A-CARBIDOPA-B-46A17B0D,Levodopa (A) + Carbidopa(B),Tablet,100 mg (A) + 25 mg (B),1 Tablet,"P,S,T",Medicines used in Neurological Disorders,NPPA S.O. 1575(E) dated 25.03.2026 (NLEM 2022 list) + NLEM 2022 (CDSCO),https://nppa.gov.in/storage/uploads/tender/0fd8be342c35d5a46a13b281cadc5e4f.pdf,2026-09-26T19:23:24Z,REAL
LEVODOPA-A-CARBIDOPA-B-1B3727F2,Levodopa (A) + Carbidopa(B),Tablet,100 mg (A) + 10 mg (B),1 Tablet,"P,S,T",Medicines used in Neurological Disorders,NPPA S.O. 1575(E) dated 25.03.2026 (NLEM 2022 list) + NLEM 2022 (CDSCO),https://nppa.gov.in/storage/uploads/tender/0fd8be342c35d5a46a13b281cadc5e4f.pdf,2026-09-26T19:23:24Z,REAL
LEVODOPA-A-CARBIDOPA-B-CFF93250,Levodopa (A) + Carbidopa(B),Tablet,250 mg(A) + 25 mg(B),1 Tablet,"P,S,T",Medicines used in Neurological Disorders,NPPA S.O. 1575(E) dated 25.03.2026 (NLEM 2022 list) + NLEM 2022 (CDSCO),https://nppa.gov.in/storage/uploads/tender/0fd8be342c35d5a46a13b281cadc5e4f.pdf,2026-09-26T19:23:24Z,REAL
LEVODOPA-A-CARBIDOPA-B-05B192A5,Levodopa (A) + Carbidopa(B),Modified Release–Tablet,100 mg (A) + 25 mg (B),1 Tablet,"P,S,T",Medicines used in Neurological Disorders,NPPA S.O. 1575(E) dated 25.03.2026 (NLEM 2022 list) + NLEM 2022 (CDSCO),https://nppa.gov.in/storage/uploads/tender/0fd8be342c35d5a46a13b281cadc5e4f.pdf,2026-09-26T19:23:24Z,REAL
LEVOFLOXACIN-53F38734,Levofloxacin,Tablet,750 mg,1 Tablet,"P,S,T",Anti-infective Medicines,NPPA S.O. 1575(E) dated 25.03.2026 (NLEM 2022 list) + NLEM 2022 (CDSCO),https://nppa.gov.in/storage/uploads/tender/0fd8be342c35d5a46a13b281cadc5e4f.pdf,2026-09-26T19:23:24Z,REAL
LEVOFLOXACIN-321F7986,Levofloxacin,Tablet,250 mg,1 Tablet,"P,S,T",Anti-infective Medicines,NPPA S.O. 1575(E) dated 25.03.2026 (NLEM 2022 list) + NLEM 2022 (CDSCO),https://nppa.gov.in/storage/uploads/tender/0fd8be342c35d5a46a13b281cadc5e4f.pdf,2026-09-26T19:23:24Z,REAL
LEVOFLOXACIN-C72A00D5,Levofloxacin,Tablet,500 mg,1 Tablet,"P,S,T",Anti-infective Medicines,NPPA S.O. 1575(E) dated 25.03.2026 (NLEM 2022 list) + NLEM 2022 (CDSCO),https://nppa.gov.in/storage/uploads/tender/0fd8be342c35d5a46a13b281cadc5e4f.pdf,2026-09-26T19:23:24Z,REAL
LEVONORGESTREL-A8C03B1E,Levonorgestrel,Tablet,1.5 mg,1 Tablet,"P,S,T","Hormones, other Endocrine Medicines and Contraceptives",NPPA S.O. 1575(E) dated 25.03.2026 (NLEM 2022 list) + NLEM 2022 (CDSCO),https://nppa.gov.in/storage/uploads/tender/0fd8be342c35d5a46a13b281cadc5e4f.pdf,2026-09-26T19:23:24Z,REAL
LEVOTHYROXINE-A89A5AE4,Levothyroxine,Tablet,50 mcg,1 Tablet,"P,S,T","Hormones, other Endocrine Medicines and Contraceptives",NPPA S.O. 1575(E) dated 25.03.2026 (NLEM 2022 list) + NLEM 2022 (CDSCO),https://nppa.gov.in/storage/uploads/tender/0fd8be342c35d5a46a13b281cadc5e4f.pdf,2026-09-26T19:23:24Z,REAL
LEVOTHYROXINE-7F8C6202,Levothyroxine,Tablet,75 mcg,1 Tablet,"P,S,T","Hormones, other Endocrine Medicines and Contraceptives",NPPA S.O. 1575(E) dated 25.03.2026 (NLEM 2022 list) + NLEM 2022 (CDSCO),https://nppa.gov.in/storage/uploads/tender/0fd8be342c35d5a46a13b281cadc5e4f.pdf,2026-09-26T19:23:24Z,REAL
LEVOTHYROXINE-89494CF1,Levothyroxine,Tablet,88 mcg,1 Tablet,"P,S,T","Hormones, other Endocrine Medicines and Contraceptives",NPPA S.O. 1575(E) dated 25.03.2026 (NLEM 2022 list) + NLEM 2022 (CDSCO),https://nppa.gov.in/storage/uploads/tender/0fd8be342c35d5a46a13b281cadc5e4f.pdf,2026-09-26T19:23:24Z,REAL
LEVOTHYROXINE-1D9826FD,Levothyroxine,Tablet,112 mcg,1 Tablet,"P,S,T","Hormones, other Endocrine Medicines and Contraceptives",NPPA S.O. 1575(E) dated 25.03.2026 (NLEM 2022 list) + NLEM 2022 (CDSCO),https://nppa.gov.in/storage/uploads/tender/0fd8be342c35d5a46a13b281cadc5e4f.pdf,2026-09-26T19:23:24Z,REAL
LEVOTHYROXINE-876AC200,Levothyroxine,Tablet,25 mcg,1 Tablet,"P,S,T","Hormones, other Endocrine Medicines and Contraceptives",NPPA S.O. 1575(E) dated 25.03.2026 (NLEM 2022 list) + NLEM 2022 (CDSCO),https://nppa.gov.in/storage/uploads/tender/0fd8be342c35d5a46a13b281cadc5e4f.pdf,2026-09-26T19:23:24Z,REAL
LEVOTHYROXINE-139F0218,Levothyroxine,Tablet,62.5 mcg,1 Tablet,"P,S,T","Hormones, other Endocrine Medicines and Contraceptives",NPPA S.O. 1575(E) dated 25.03.2026 (NLEM 2022 list) + NLEM 2022 (CDSCO),https://nppa.gov.in/storage/uploads/tender/0fd8be342c35d5a46a13b281cadc5e4f.pdf,2026-09-26T19:23:24Z,REAL
LEVOTHYROXINE-A0026601,Levothyroxine,Tablet,12.5 mcg,1 Tablet,"P,S,T","Hormones, other Endocrine Medicines and Contraceptives",NPPA S.O. 1575(E) dated 25.03.2026 (NLEM 2022 list) + NLEM 2022 (CDSCO),https://nppa.gov.in/storage/uploads/tender/0fd8be342c35d5a46a13b281cadc5e4f.pdf,2026-09-26T19:23:24Z,REAL
LEVOTHYROXINE-0BCF5AE9,Levothyroxine,Tablet,100 mcg,1 Tablet,"P,S,T","Hormones, other Endocrine Medicines and Contraceptives",NPPA S.O. 1575(E) dated 25.03.2026 (NLEM 2022 list) + NLEM 2022 (CDSCO),https://nppa.gov.in/storage/uploads/tender/0fd8be342c35d5a46a13b281cadc5e4f.pdf,2026-09-26T19:23:24Z,REAL
LEVOTHYROXINE-CB58023F,Levothyroxine,Tablet,125 mcg,1 Tablet,"P,S,T","Hormones, other Endocrine Medicines and Contraceptives",NPPA S.O. 1575(E) dated 25.03.2026 (NLEM 2022 list) + NLEM 2022 (CDSCO),https://nppa.gov.in/storage/uploads/tender/0fd8be342c35d5a46a13b281cadc5e4f.pdf,2026-09-26T19:23:24Z,REAL
LEVOTHYROXINE-C69CE7DF,Levothyroxine,Tablet,150 mcg,1 Tablet,"P,S,T","Hormones, other Endocrine Medicines and Contraceptives",NPPA S.O. 1575(E) dated 25.03.2026 (NLEM 2022 list) + NLEM 2022 (CDSCO),https://nppa.gov.in/storage/uploads/tender/0fd8be342c35d5a46a13b281cadc5e4f.pdf,2026-09-26T19:23:24Z,REAL
LIGNOCAINE-B93D01A5,Lignocaine,Injection,1 %,1 mL,"P,S,T",Medicines used in Anaesthesia,NPPA S.O. 1575(E) dated 25.03.2026 (NLEM 2022 list) + NLEM 2022 (CDSCO),https://nppa.gov.in/storage/uploads/tender/0fd8be342c35d5a46a13b281cadc5e4f.pdf,2026-09-26T19:23:24Z,REAL
LIGNOCAINE-D654963C,Lignocaine,Injection,5 % with 7.5 % glucose,1 mL,"P,S,T",Medicines used in Anaesthesia,NPPA S.O. 1575(E) dated 25.03.2026 (NLEM 2022 list) + NLEM 2022 (CDSCO),https://nppa.gov.in/storage/uploads/tender/0fd8be342c35d5a46a13b281cadc5e4f.pdf,2026-09-26T19:23:24Z,REAL
LIGNOCAINE-92468229,Lignocaine,Topical Forms,2-5 %,1 g Or 1 mL,"P,S,T",Medicines used in Anaesthesia,NPPA S.O. 1575(E) dated 25.03.2026 (NLEM 2022 list) + NLEM 2022 (CDSCO),https://nppa.gov.in/storage/uploads/tender/0fd8be342c35d5a46a13b281cadc5e4f.pdf,2026-09-26T19:23:24Z,REAL
LIGNOCAINE-631A8050,Lignocaine,Injection,2 %,1 mL,"P,S,T",Medicines used in Anaesthesia,NPPA S.O. 1575(E) dated 25.03.2026 (NLEM 2022 list) + NLEM 2022 (CDSCO),https://nppa.gov.in/storage/uploads/tender/0fd8be342c35d5a46a13b281cadc5e4f.pdf,2026-09-26T19:23:24Z,REAL
LIGNOCAINE-A-ADRENALINE-679A3813,Lignocaine (A) + Adrenaline(B),Injection,2 %(A) + 1:200000(5 mcg/mL)(B),1 mL,"P,S,T",Medicines used in Anaesthesia,NPPA S.O. 1575(E) dated 25.03.2026 (NLEM 2022 list) + NLEM 2022 (CDSCO),https://nppa.gov.in/storage/uploads/tender/0fd8be342c35d5a46a13b281cadc5e4f.pdf,2026-09-26T19:23:24Z,REAL
LINEZOLID-8F4E288B,Linezolid,Tablet,600 mg,1 Tablet,"P,S,T",Anti-infective Medicines,NPPA S.O. 1575(E) dated 25.03.2026 (NLEM 2022 list) + NLEM 2022 (CDSCO),https://nppa.gov.in/storage/uploads/tender/0fd8be342c35d5a46a13b281cadc5e4f.pdf,2026-09-26T19:23:24Z,REAL
LINEZOLID-C5856B28,Linezolid,Tablet,300 mg,1 Tablet,"P,S,T",Anti-infective Medicines,NPPA S.O. 1575(E) dated 25.03.2026 (NLEM 2022 list) + NLEM 2022 (CDSCO),https://nppa.gov.in/storage/uploads/tender/0fd8be342c35d5a46a13b281cadc5e4f.pdf,2026-09-26T19:23:24Z,REAL
LITHIUM-2AA5768E,Lithium,Tablet,300 mg,1 Tablet,"S,T",Medicines used in treatment of Psychiatric Disorders,NPPA S.O. 1575(E) dated 25.03.2026 (NLEM 2022 list) + NLEM 2022 (CDSCO),https://nppa.gov.in/storage/uploads/tender/0fd8be342c35d5a46a13b281cadc5e4f.pdf,2026-09-26T19:23:24Z,REAL
LOPERAMIDE-3E89896A,Loperamide,Tablet,2 mg,1 Tablet,"S,T",Anti-cancer agents including Immunosuppressives and Medicines used in Palliative Care,NPPA S.O. 1575(E) dated 25.03.2026 (NLEM 2022 list) + NLEM 2022 (CDSCO),https://nppa.gov.in/storage/uploads/tender/0fd8be342c35d5a46a13b281cadc5e4f.pdf,2026-09-26T19:23:24Z,REAL
LOPERAMIDE-607C3B4A,Loperamide,Capsule,2 mg,1 Capsule,"S,T",Anti-cancer agents including Immunosuppressives and Medicines used in Palliative Care,NPPA S.O. 1575(E) dated 25.03.2026 (NLEM 2022 list) + NLEM 2022 (CDSCO),https://nppa.gov.in/storage/uploads/tender/0fd8be342c35d5a46a13b281cadc5e4f.pdf,2026-09-26T19:23:24Z,REAL
LOPINAVIR-A-RITONAVIR-B-9D4160CC,Lopinavir (A) + Ritonavir(B),Tablet,200 mg (A) + 50 mg (B),1 Tablet,"S,T",Anti-infective Medicines,NPPA S.O. 1575(E) dated 25.03.2026 (NLEM 2022 list) + NLEM 2022 (CDSCO),https://nppa.gov.in/storage/uploads/tender/0fd8be342c35d5a46a13b281cadc5e4f.pdf,2026-09-26T19:23:24Z,REAL
LORAZEPAM-4058402B,Lorazepam,Tablet,1 mg,1 Tablet,"P,S,T",Medicines used in Neurological Disorders,NPPA S.O. 1575(E) dated 25.03.2026 (NLEM 2022 list) + NLEM 2022 (CDSCO),https://nppa.gov.in/storage/uploads/tender/0fd8be342c35d5a46a13b281cadc5e4f.pdf,2026-09-26T19:23:24Z,REAL
LORAZEPAM-CBB679BD,Lorazepam,Tablet,2 mg,1 Tablet,"P,S,T",Medicines used in Neurological Disorders,NPPA S.O. 1575(E) dated 25.03.2026 (NLEM 2022 list) + NLEM 2022 (CDSCO),https://nppa.gov.in/storage/uploads/tender/0fd8be342c35d5a46a13b281cadc5e4f.pdf,2026-09-26T19:23:24Z,REAL
LORAZEPAM-5BFC9821,Lorazepam,Injection,2 mg/mL,1 mL,"P,S,T",Medicines used in Neurological Disorders,NPPA S.O. 1575(E) dated 25.03.2026 (NLEM 2022 list) + NLEM 2022 (CDSCO),https://nppa.gov.in/storage/uploads/tender/0fd8be342c35d5a46a13b281cadc5e4f.pdf,2026-09-26T19:23:24Z,REAL
MAGNESIUM-SULPHATE-78ED7D19,Magnesium Sulphate,Injection,500 mg/mL,1 mL,"S,T",Medicines used in Neurological Disorders,NPPA S.O. 1575(E) dated 25.03.2026 (NLEM 2022 list) + NLEM 2022 (CDSCO),https://nppa.gov.in/storage/uploads/tender/0fd8be342c35d5a46a13b281cadc5e4f.pdf,2026-09-26T19:23:24Z,REAL
MANNITOL-D1633569,Mannitol,Injection,20 %,1 mL,"P,S,T",Diuretics,NPPA S.O. 1575(E) dated 25.03.2026 (NLEM 2022 list) + NLEM 2022 (CDSCO),https://nppa.gov.in/storage/uploads/tender/0fd8be342c35d5a46a13b281cadc5e4f.pdf,2026-09-26T19:23:24Z,REAL
MANNITOL-A3F2C61F,Mannitol,Injection,10 %,1 mL,"P,S,T",Diuretics,NPPA S.O. 1575(E) dated 25.03.2026 (NLEM 2022 list) + NLEM 2022 (CDSCO),https://nppa.gov.in/storage/uploads/tender/0fd8be342c35d5a46a13b281cadc5e4f.pdf,2026-09-26T19:23:24Z,REAL
MEASLES-RUBELLA-VACCINE-167F0074,Measles Rubella Vaccine,As Licensed,,Each Vial Of 0.5 mL,,,NPPA S.O. 1575(E) dated 25.03.2026 (NLEM 2022 list),https://nppa.gov.in/storage/uploads/tender/0fd8be342c35d5a46a13b281cadc5e4f.pdf,2026-09-26T19:23:24Z,REAL
MEASLES-VACCINE-94806A0B,Measles Vaccine,As Licensed,,Each Vial Of 0.5 mL,"P,S,T",Immunologicals,NPPA S.O. 1575(E) dated 25.03.2026 (NLEM 2022 list) + NLEM 2022 (CDSCO),https://nppa.gov.in/storage/uploads/tender/0fd8be342c35d5a46a13b281cadc5e4f.pdf,2026-09-26T19:23:24Z,REAL
MEBENDAZOLE-8CBAD7E6,Mebendazole,Tablet,100 mg,1 Tablet,"P,S,T",Anti-infective Medicines,NPPA S.O. 1575(E) dated 25.03.2026 (NLEM 2022 list) + NLEM 2022 (CDSCO),https://nppa.gov.in/storage/uploads/tender/0fd8be342c35d5a46a13b281cadc5e4f.pdf,2026-09-26T19:23:24Z,REAL
MEBENDAZOLE-D0785830,Mebendazole,Oral Liquid,100 mg/5 mL(p),1 mL,"P,S,T",Anti-infective Medicines,NPPA S.O. 1575(E) dated 25.03.2026 (NLEM 2022 list) + NLEM 2022 (CDSCO),https://nppa.gov.in/storage/uploads/tender/0fd8be342c35d5a46a13b281cadc5e4f.pdf,2026-09-26T19:23:24Z,REAL
MEDROXYPROGESTERONE-ACET-08D8FC43,Medroxyprogesterone Acetate,Tablet,10 mg,1 Tablet,"P,S,T","Hormones, other Endocrine Medicines and Contraceptives",NPPA S.O. 1575(E) dated 25.03.2026 (NLEM 2022 list) + NLEM 2022 (CDSCO),https://nppa.gov.in/storage/uploads/tender/0fd8be342c35d5a46a13b281cadc5e4f.pdf,2026-09-26T19:23:24Z,REAL
MEDROXYPROGESTERONE-ACET-412D93FF,Medroxyprogesterone Acetate,Injection,150 mg/mL,1 mL,"P,S,T","Hormones, other Endocrine Medicines and Contraceptives",NPPA S.O. 1575(E) dated 25.03.2026 (NLEM 2022 list) + NLEM 2022 (CDSCO),https://nppa.gov.in/storage/uploads/tender/0fd8be342c35d5a46a13b281cadc5e4f.pdf,2026-09-26T19:23:24Z,REAL
MEFENAMIC-ACID-8C44E12C,Mefenamic Acid,Oral Liquid,100 mg/5 mL(p),1 mL,"P,S,T","Analgesics, Antipyretics, Non-steroidal Anti-inflammatory Drugs (NSAIDs), Medicines used to treat Gout and Disease Modifying Agents used in Rheumatoid Disorders",NPPA S.O. 1575(E) dated 25.03.2026 (NLEM 2022 list) + NLEM 2022 (CDSCO),https://nppa.gov.in/storage/uploads/tender/0fd8be342c35d5a46a13b281cadc5e4f.pdf,2026-09-26T19:23:24Z,REAL
MEFENAMIC-ACID-2D87CE09,Mefenamic Acid,Tablet,250 mg,1 Tablet,"P,S,T","Analgesics, Antipyretics, Non-steroidal Anti-inflammatory Drugs (NSAIDs), Medicines used to treat Gout and Disease Modifying Agents used in Rheumatoid Disorders",NPPA S.O. 1575(E) dated 25.03.2026 (NLEM 2022 list) + NLEM 2022 (CDSCO),https://nppa.gov.in/storage/uploads/tender/0fd8be342c35d5a46a13b281cadc5e4f.pdf,2026-09-26T19:23:24Z,REAL
MEFLOQUINE-0B77B8EB,Mefloquine,Tablet,250 mg,1 Tablet,T,Anti-infective Medicines,NPPA S.O. 1575(E) dated 25.03.2026 (NLEM 2022 list) + NLEM 2022 (CDSCO),https://nppa.gov.in/storage/uploads/tender/0fd8be342c35d5a46a13b281cadc5e4f.pdf,2026-09-26T19:23:24Z,REAL
MEGLUMINE-DIATRIZOATE-2E328DFF,Meglumine Diatrizoate,Injection,60%w/v,1 mL,"S,T",Diagnostic agents,NPPA S.O. 1575(E) dated 25.03.2026 (NLEM 2022 list) + NLEM 2022 (CDSCO),https://nppa.gov.in/storage/uploads/tender/0fd8be342c35d5a46a13b281cadc5e4f.pdf,2026-09-26T19:23:24Z,REAL
MEGLUMINE-DIATRIZOATE-2058C847,Meglumine Diatrizoate,Injection,76%w/v,1 mL,"S,T",Diagnostic agents,NPPA S.O. 1575(E) dated 25.03.2026 (NLEM 2022 list) + NLEM 2022 (CDSCO),https://nppa.gov.in/storage/uploads/tender/0fd8be342c35d5a46a13b281cadc5e4f.pdf,2026-09-26T19:23:24Z,REAL
MELPHALAN-1AFD9CEE,Melphalan,Tablet,2 mg,1 Tablet,T,Anti-cancer agents including Immunosuppressives and Medicines used in Palliative Care,NPPA S.O. 1575(E) dated 25.03.2026 (NLEM 2022 list) + NLEM 2022 (CDSCO),https://nppa.gov.in/storage/uploads/tender/0fd8be342c35d5a46a13b281cadc5e4f.pdf,2026-09-26T19:23:24Z,REAL
MELPHALAN-047A61F8,Melphalan,Tablet,5 mg,1 Tablet,T,Anti-cancer agents including Immunosuppressives and Medicines used in Palliative Care,NPPA S.O. 1575(E) dated 25.03.2026 (NLEM 2022 list) + NLEM 2022 (CDSCO),https://nppa.gov.in/storage/uploads/tender/0fd8be342c35d5a46a13b281cadc5e4f.pdf,2026-09-26T19:23:24Z,REAL
MEROPENEM-7E23E6E4,Meropenem,Powder for Injection,500 mg (as trihydrate),1 Vial,T,Anti-infective Medicines,NPPA S.O. 1575(E) dated 25.03.2026 (NLEM 2022 list) + NLEM 2022 (CDSCO),https://nppa.gov.in/storage/uploads/tender/0fd8be342c35d5a46a13b281cadc5e4f.pdf,2026-09-26T19:23:24Z,REAL
MEROPENEM-E4CC262C,Meropenem,Powder for Injection,1000 mg (as trihydrate),1 Vial,T,Anti-infective Medicines,NPPA S.O. 1575(E) dated 25.03.2026 (NLEM 2022 list) + NLEM 2022 (CDSCO),https://nppa.gov.in/storage/uploads/tender/0fd8be342c35d5a46a13b281cadc5e4f.pdf,2026-09-26T19:23:24Z,REAL
MESNA-CA282DA7,Mesna,Injection,100 mg/mL,1 mL,T,Anti-cancer agents including Immunosuppressives and Medicines used in Palliative Care,NPPA S.O. 1575(E) dated 25.03.2026 (NLEM 2022 list) + NLEM 2022 (CDSCO),https://nppa.gov.in/storage/uploads/tender/0fd8be342c35d5a46a13b281cadc5e4f.pdf,2026-09-26T19:23:24Z,REAL
METFORMIN-A5536951,Metformin,Tablet,1000 mg,1 Tablet,"P,S,T","Hormones, other Endocrine Medicines and Contraceptives",NPPA S.O. 1575(E) dated 25.03.2026 (NLEM 2022 list) + NLEM 2022 (CDSCO),https://nppa.gov.in/storage/uploads/tender/0fd8be342c35d5a46a13b281cadc5e4f.pdf,2026-09-26T19:23:24Z,REAL
METFORMIN-68E5ADE9,Metformin,Tablet,500 mg,1 Tablet,"P,S,T","Hormones, other Endocrine Medicines and Contraceptives",NPPA S.O. 1575(E) dated 25.03.2026 (NLEM 2022 list) + NLEM 2022 (CDSCO),https://nppa.gov.in/storage/uploads/tender/0fd8be342c35d5a46a13b281cadc5e4f.pdf,2026-09-26T19:23:24Z,REAL
METFORMIN-637C36A8,Metformin,Modified Release Tablet,1000 mg,1 Tablet,"P,S,T","Hormones, other Endocrine Medicines and Contraceptives",NPPA S.O. 1575(E) dated 25.03.2026 (NLEM 2022 list) + NLEM 2022 (CDSCO),https://nppa.gov.in/storage/uploads/tender/0fd8be342c35d5a46a13b281cadc5e4f.pdf,2026-09-26T19:23:24Z,REAL
METHOTREXATE-830C5B46,Methotrexate,Tablet,10 mg,1 Tablet,"P,S,T","Analgesics, Antipyretics, Non-steroidal Anti-inflammatory Drugs (NSAIDs), Medicines used to treat Gout and Disease Modifying Agents used in Rheumatoid Disorders",NPPA S.O. 1575(E) dated 25.03.2026 (NLEM 2022 list) + NLEM 2022 (CDSCO),https://nppa.gov.in/storage/uploads/tender/0fd8be342c35d5a46a13b281cadc5e4f.pdf,2026-09-26T19:23:24Z,REAL
METHOTREXATE-95194072,Methotrexate,Tablet,2.5 mg,1 Tablet,"P,S,T","Analgesics, Antipyretics, Non-steroidal Anti-inflammatory Drugs (NSAIDs), Medicines used to treat Gout and Disease Modifying Agents used in Rheumatoid Disorders",NPPA S.O. 1575(E) dated 25.03.2026 (NLEM 2022 list) + NLEM 2022 (CDSCO),https://nppa.gov.in/storage/uploads/tender/0fd8be342c35d5a46a13b281cadc5e4f.pdf,2026-09-26T19:23:24Z,REAL
METHOTREXATE-96435804,Methotrexate,Tablet,5 mg,1 Tablet,"P,S,T","Analgesics, Antipyretics, Non-steroidal Anti-inflammatory Drugs (NSAIDs), Medicines used to treat Gout and Disease Modifying Agents used in Rheumatoid Disorders",NPPA S.O. 1575(E) dated 25.03.2026 (NLEM 2022 list) + NLEM 2022 (CDSCO),https://nppa.gov.in/storage/uploads/tender/0fd8be342c35d5a46a13b281cadc5e4f.pdf,2026-09-26T19:23:24Z,REAL
METHYLERGOMETRINE-E66325B6,Methylergometrine,Tablet,0.125 mg,1 Tablet,"P,S,T",Oxytocics and Antioxytocics,NPPA S.O. 1575(E) dated 25.03.2026 (NLEM 2022 list) + NLEM 2022 (CDSCO),https://nppa.gov.in/storage/uploads/tender/0fd8be342c35d5a46a13b281cadc5e4f.pdf,2026-09-26T19:23:24Z,REAL
METHYLERGOMETRINE-2C47691C,Methylergometrine,Injection,0.2 mg/mL,1 mL,"P,S,T",Oxytocics and Antioxytocics,NPPA S.O. 1575(E) dated 25.03.2026 (NLEM 2022 list) + NLEM 2022 (CDSCO),https://nppa.gov.in/storage/uploads/tender/0fd8be342c35d5a46a13b281cadc5e4f.pdf,2026-09-26T19:23:24Z,REAL
METHYLPREDNISOLONE-A43985BA,Methylprednisolone,Injection,40 mg/mL,1 mL,"S,T","Hormones, other Endocrine Medicines and Contraceptives",NPPA S.O. 1575(E) dated 25.03.2026 (NLEM 2022 list) + NLEM 2022 (CDSCO),https://nppa.gov.in/storage/uploads/tender/0fd8be342c35d5a46a13b281cadc5e4f.pdf,2026-09-26T19:23:24Z,REAL
METOCLOPRAMIDE-0A25392D,Metoclopramide,Tablet,10 mg,1 Tablet,"S,T",Anti-cancer agents including Immunosuppressives and Medicines used in Palliative Care,NPPA S.O. 1575(E) dated 25.03.2026 (NLEM 2022 list) + NLEM 2022 (CDSCO),https://nppa.gov.in/storage/uploads/tender/0fd8be342c35d5a46a13b281cadc5e4f.pdf,2026-09-26T19:23:24Z,REAL
METOCLOPRAMIDE-C0054A46,Metoclopramide,Injection,5 mg/mL (Less than 10 mL Pack),1 mL,"S,T",Anti-cancer agents including Immunosuppressives and Medicines used in Palliative Care,NPPA S.O. 1575(E) dated 25.03.2026 (NLEM 2022 list) + NLEM 2022 (CDSCO),https://nppa.gov.in/storage/uploads/tender/0fd8be342c35d5a46a13b281cadc5e4f.pdf,2026-09-26T19:23:24Z,REAL
METOCLOPRAMIDE-11F14F30,Metoclopramide,Injection,5 mg/mL (10 mL & More Pack),1 mL,"S,T",Anti-cancer agents including Immunosuppressives and Medicines used in Palliative Care,NPPA S.O. 1575(E) dated 25.03.2026 (NLEM 2022 list) + NLEM 2022 (CDSCO),https://nppa.gov.in/storage/uploads/tender/0fd8be342c35d5a46a13b281cadc5e4f.pdf,2026-09-26T19:23:24Z,REAL
METOCLOPRAMIDE-7C12CAB5,Metoclopramide,Oral Liquid,5 mg/5 mL(p),1 mL,"S,T",Anti-cancer agents including Immunosuppressives and Medicines used in Palliative Care,NPPA S.O. 1575(E) dated 25.03.2026 (NLEM 2022 list) + NLEM 2022 (CDSCO),https://nppa.gov.in/storage/uploads/tender/0fd8be342c35d5a46a13b281cadc5e4f.pdf,2026-09-26T19:23:24Z,REAL
METOPROLOL-27851E55,Metoprolol,Tablet,25 mg,1 Tablet,"P,S,T",Cardiovascular Medicines,NPPA S.O. 1575(E) dated 25.03.2026 (NLEM 2022 list) + NLEM 2022 (CDSCO),https://nppa.gov.in/storage/uploads/tender/0fd8be342c35d5a46a13b281cadc5e4f.pdf,2026-09-26T19:23:24Z,REAL
METOPROLOL-F9986911,Metoprolol,Tablet,50 mg,1 Tablet,"P,S,T",Cardiovascular Medicines,NPPA S.O. 1575(E) dated 25.03.2026 (NLEM 2022 list) + NLEM 2022 (CDSCO),https://nppa.gov.in/storage/uploads/tender/0fd8be342c35d5a46a13b281cadc5e4f.pdf,2026-09-26T19:23:24Z,REAL
METOPROLOL-40CB470A,Metoprolol,Modified Release Tablet,100 mg,1 Tablet,"P,S,T",Cardiovascular Medicines,NPPA S.O. 1575(E) dated 25.03.2026 (NLEM 2022 list) + NLEM 2022 (CDSCO),https://nppa.gov.in/storage/uploads/tender/0fd8be342c35d5a46a13b281cadc5e4f.pdf,2026-09-26T19:23:24Z,REAL
METOPROLOL-03760D7F,Metoprolol,Tablet,100 mg,1 Tablet,"P,S,T",Cardiovascular Medicines,NPPA S.O. 1575(E) dated 25.03.2026 (NLEM 2022 list) + NLEM 2022 (CDSCO),https://nppa.gov.in/storage/uploads/tender/0fd8be342c35d5a46a13b281cadc5e4f.pdf,2026-09-26T19:23:24Z,REAL
METOPROLOL-F9911244,Metoprolol,Capsule,25 mg,1 Capsule,"P,S,T",Cardiovascular Medicines,NPPA S.O. 1575(E) dated 25.03.2026 (NLEM 2022 list) + NLEM 2022 (CDSCO),https://nppa.gov.in/storage/uploads/tender/0fd8be342c35d5a46a13b281cadc5e4f.pdf,2026-09-26T19:23:24Z,REAL
METOPROLOL-1727994D,Metoprolol,Capsule,50 mg,1 Capsule,"P,S,T",Cardiovascular Medicines,NPPA S.O. 1575(E) dated 25.03.2026 (NLEM 2022 list) + NLEM 2022 (CDSCO),https://nppa.gov.in/storage/uploads/tender/0fd8be342c35d5a46a13b281cadc5e4f.pdf,2026-09-26T19:23:24Z,REAL
METOPROLOL-B55F90E0,Metoprolol,Injection,1 mg/mL,1 mL,"P,S,T",Cardiovascular Medicines,NPPA S.O. 1575(E) dated 25.03.2026 (NLEM 2022 list) + NLEM 2022 (CDSCO),https://nppa.gov.in/storage/uploads/tender/0fd8be342c35d5a46a13b281cadc5e4f.pdf,2026-09-26T19:23:24Z,REAL
METRONIDAZOLE-20FC29C5,Metronidazole,Tablet,200 mg,1 Tablet,"P,S,T",Anti-infective Medicines,NPPA S.O. 1575(E) dated 25.03.2026 (NLEM 2022 list) + NLEM 2022 (CDSCO),https://nppa.gov.in/storage/uploads/tender/0fd8be342c35d5a46a13b281cadc5e4f.pdf,2026-09-26T19:23:24Z,REAL
METRONIDAZOLE-013A41E8,Metronidazole,Tablet,400 mg,1 Tablet,"P,S,T",Anti-infective Medicines,NPPA S.O. 1575(E) dated 25.03.2026 (NLEM 2022 list) + NLEM 2022 (CDSCO),https://nppa.gov.in/storage/uploads/tender/0fd8be342c35d5a46a13b281cadc5e4f.pdf,2026-09-26T19:23:24Z,REAL
METRONIDAZOLE-827E5B80,Metronidazole,Injection,500 mg/100 mL,1 mL,"P,S,T",Anti-infective Medicines,NPPA S.O. 1575(E) dated 25.03.2026 (NLEM 2022 list) + NLEM 2022 (CDSCO),https://nppa.gov.in/storage/uploads/tender/0fd8be342c35d5a46a13b281cadc5e4f.pdf,2026-09-26T19:23:24Z,REAL
METRONIDAZOLE-4ACA45DE,Metronidazole,Oral Liquid,200 mg/5 mL(p),1 mL,"P,S,T",Anti-infective Medicines,NPPA S.O. 1575(E) dated 25.03.2026 (NLEM 2022 list) + NLEM 2022 (CDSCO),https://nppa.gov.in/storage/uploads/tender/0fd8be342c35d5a46a13b281cadc5e4f.pdf,2026-09-26T19:23:24Z,REAL
MIDAZOLAM-E16D891E,Midazolam,Nasal Spray,1.25 mg/actuation,1 mL,"P,S,T",Medicines used in Anaesthesia,NPPA S.O. 1575(E) dated 25.03.2026 (NLEM 2022 list) + NLEM 2022 (CDSCO),https://nppa.gov.in/storage/uploads/tender/0fd8be342c35d5a46a13b281cadc5e4f.pdf,2026-09-26T19:23:24Z,REAL
MIDAZOLAM-B91C9E27,Midazolam,Nasal Spray,0.5 mg/actuation,1 mL,"P,S,T",Medicines used in Anaesthesia,NPPA S.O. 1575(E) dated 25.03.2026 (NLEM 2022 list) + NLEM 2022 (CDSCO),https://nppa.gov.in/storage/uploads/tender/0fd8be342c35d5a46a13b281cadc5e4f.pdf,2026-09-26T19:23:24Z,REAL
MIDAZOLAM-E8668C59,Midazolam,Injection,1 mg/mL,1 mL,"P,S,T",Medicines used in Anaesthesia,NPPA S.O. 1575(E) dated 25.03.2026 (NLEM 2022 list) + NLEM 2022 (CDSCO),https://nppa.gov.in/storage/uploads/tender/0fd8be342c35d5a46a13b281cadc5e4f.pdf,2026-09-26T19:23:24Z,REAL
MIDAZOLAM-490CBE4F,Midazolam,Injection,5 mg/mL,1 mL,"P,S,T",Medicines used in Anaesthesia,NPPA S.O. 1575(E) dated 25.03.2026 (NLEM 2022 list) + NLEM 2022 (CDSCO),https://nppa.gov.in/storage/uploads/tender/0fd8be342c35d5a46a13b281cadc5e4f.pdf,2026-09-26T19:23:24Z,REAL
MIFEPRISTONE-0AD8BE57,Mifepristone,Tablet,200 mg,1 Tablet,"P,S,T",Oxytocics and Antioxytocics,NPPA S.O. 1575(E) dated 25.03.2026 (NLEM 2022 list) + NLEM 2022 (CDSCO),https://nppa.gov.in/storage/uploads/tender/0fd8be342c35d5a46a13b281cadc5e4f.pdf,2026-09-26T19:23:24Z,REAL
MISOPROSTOL-7091E6AC,Misoprostol,Tablet,200 mcg,1 Tablet,"P,S,T",Oxytocics and Antioxytocics,NPPA S.O. 1575(E) dated 25.03.2026 (NLEM 2022 list) + NLEM 2022 (CDSCO),https://nppa.gov.in/storage/uploads/tender/0fd8be342c35d5a46a13b281cadc5e4f.pdf,2026-09-26T19:23:24Z,REAL
MISOPROSTOL-58C192AA,Misoprostol,Tablet,100 mcg,1 Tablet,"P,S,T",Oxytocics and Antioxytocics,NPPA S.O. 1575(E) dated 25.03.2026 (NLEM 2022 list) + NLEM 2022 (CDSCO),https://nppa.gov.in/storage/uploads/tender/0fd8be342c35d5a46a13b281cadc5e4f.pdf,2026-09-26T19:23:24Z,REAL
MONTELUKAST-2F3670CA,Montelukast,Tablet,5 mg (including chewable Tablet),1 Tablet,"S,T",Medicines acting on the Respiratory tract,NPPA S.O. 1575(E) dated 25.03.2026 (NLEM 2022 list) + NLEM 2022 (CDSCO),https://nppa.gov.in/storage/uploads/tender/0fd8be342c35d5a46a13b281cadc5e4f.pdf,2026-09-26T19:23:24Z,REAL
MONTELUKAST-9C4D46BF,Montelukast,Tablet,4 mg,1 Tablet,"S,T",Medicines acting on the Respiratory tract,NPPA S.O. 1575(E) dated 25.03.2026 (NLEM 2022 list) + NLEM 2022 (CDSCO),https://nppa.gov.in/storage/uploads/tender/0fd8be342c35d5a46a13b281cadc5e4f.pdf,2026-09-26T19:23:24Z,REAL
MONTELUKAST-C4305B14,Montelukast,Tablet,10 mg,1 Tablet,"S,T",Medicines acting on the Respiratory tract,NPPA S.O. 1575(E) dated 25.03.2026 (NLEM 2022 list) + NLEM 2022 (CDSCO),https://nppa.gov.in/storage/uploads/tender/0fd8be342c35d5a46a13b281cadc5e4f.pdf,2026-09-26T19:23:24Z,REAL
MORPHINE-E883D918,Morphine,Injection,10 mg/mL,1 mL,"P,S,T",Medicines used in Anaesthesia,NPPA S.O. 1575(E) dated 25.03.2026 (NLEM 2022 list) + NLEM 2022 (CDSCO),https://nppa.gov.in/storage/uploads/tender/0fd8be342c35d5a46a13b281cadc5e4f.pdf,2026-09-26T19:23:24Z,REAL
MORPHINE-744AAEEB,Morphine,Injection,15 mg/mL,1 mL,"P,S,T",Medicines used in Anaesthesia,NPPA S.O. 1575(E) dated 25.03.2026 (NLEM 2022 list) + NLEM 2022 (CDSCO),https://nppa.gov.in/storage/uploads/tender/0fd8be342c35d5a46a13b281cadc5e4f.pdf,2026-09-26T19:23:24Z,REAL
MOXIFLOXACIN-274BABD8,Moxifloxacin,Tablet,400 mg,1 Tablet,"P,S,T",Anti-infective Medicines,NPPA S.O. 1575(E) dated 25.03.2026 (NLEM 2022 list) + NLEM 2022 (CDSCO),https://nppa.gov.in/storage/uploads/tender/0fd8be342c35d5a46a13b281cadc5e4f.pdf,2026-09-26T19:23:24Z,REAL
MUPIROCIN-3808AA95,Mupirocin,Ointment,2 %,1 g,"P,S,T",Anti-infective Medicines,NPPA S.O. 1575(E) dated 25.03.2026 (NLEM 2022 list) + NLEM 2022 (CDSCO),https://nppa.gov.in/storage/uploads/tender/0fd8be342c35d5a46a13b281cadc5e4f.pdf,2026-09-26T19:23:24Z,REAL
MYCOPHENOLATE-MOFETIL-E36400E4,Mycophenolate Mofetil,Tablet,500 mg,1 Tablet,T,Anti-cancer agents including Immunosuppressives and Medicines used in Palliative Care,NPPA S.O. 1575(E) dated 25.03.2026 (NLEM 2022 list) + NLEM 2022 (CDSCO),https://nppa.gov.in/storage/uploads/tender/0fd8be342c35d5a46a13b281cadc5e4f.pdf,2026-09-26T19:23:24Z,REAL
MYCOPHENOLATE-MOFETIL-E3708860,Mycophenolate Mofetil,Tablet,250 mg,1 Tablet,T,Anti-cancer agents including Immunosuppressives and Medicines used in Palliative Care,NPPA S.O. 1575(E) dated 25.03.2026 (NLEM 2022 list) + NLEM 2022 (CDSCO),https://nppa.gov.in/storage/uploads/tender/0fd8be342c35d5a46a13b281cadc5e4f.pdf,2026-09-26T19:23:24Z,REAL
N-ACETYLCYSTEINE-897FAC42,N-Acetylcysteine,Injection,200 mg/mL,1 mL,"P,S,T",Antidotes and Other Substances used in Management of Poisonings/Envenomation,NPPA S.O. 1575(E) dated 25.03.2026 (NLEM 2022 list) + NLEM 2022 (CDSCO),https://nppa.gov.in/storage/uploads/tender/0fd8be342c35d5a46a13b281cadc5e4f.pdf,2026-09-26T19:23:24Z,REAL
NALOXONE-910108E1,Naloxone,Injection,0.4 mg/mL,1 mL,"P,S,T",Antidotes and Other Substances used in Management of Poisonings/Envenomation,NPPA S.O. 1575(E) dated 25.03.2026 (NLEM 2022 list) + NLEM 2022 (CDSCO),https://nppa.gov.in/storage/uploads/tender/0fd8be342c35d5a46a13b281cadc5e4f.pdf,2026-09-26T19:23:24Z,REAL
NATAMYCIN-3FFFB2D6,Natamycin,Drops,5 %,1 mL,"P,S,T",Ophthalmological Medicines,NPPA S.O. 1575(E) dated 25.03.2026 (NLEM 2022 list) + NLEM 2022 (CDSCO),https://nppa.gov.in/storage/uploads/tender/0fd8be342c35d5a46a13b281cadc5e4f.pdf,2026-09-26T19:23:24Z,REAL
NEOSTIGMINE-D50055EC,Neostigmine,Injection,0.5 mg/mL,1 mL,"S,T",Medicines used in Anaesthesia,NPPA S.O. 1575(E) dated 25.03.2026 (NLEM 2022 list) + NLEM 2022 (CDSCO),https://nppa.gov.in/storage/uploads/tender/0fd8be342c35d5a46a13b281cadc5e4f.pdf,2026-09-26T19:23:24Z,REAL
NEOSTIGMINE-098FAD04,Neostigmine,Tablet,15 mg,1 Tablet,"S,T",Medicines used in Anaesthesia,NPPA S.O. 1575(E) dated 25.03.2026 (NLEM 2022 list) + NLEM 2022 (CDSCO),https://nppa.gov.in/storage/uploads/tender/0fd8be342c35d5a46a13b281cadc5e4f.pdf,2026-09-26T19:23:24Z,REAL
NEVIRAPINE-8BF9DF78,Nevirapine,Tablet,200 mg,1 Tablet,"P,S,T",Anti-infective Medicines,NPPA S.O. 1575(E) dated 25.03.2026 (NLEM 2022 list) + NLEM 2022 (CDSCO),https://nppa.gov.in/storage/uploads/tender/0fd8be342c35d5a46a13b281cadc5e4f.pdf,2026-09-26T19:23:24Z,REAL
NICOTINE-FOR-NICOTINE-RE-DCBE5C29,Nicotine (For Nicotine Replacement Therapy),Lozenge,2 mg,1 Lozenges,"P,S,T",Medicines used in treatment of Psychiatric Disorders,NPPA S.O. 1575(E) dated 25.03.2026 (NLEM 2022 list) + NLEM 2022 (CDSCO),https://nppa.gov.in/storage/uploads/tender/0fd8be342c35d5a46a13b281cadc5e4f.pdf,2026-09-26T19:23:24Z,REAL
NICOTINE-FOR-NICOTINE-RE-A309A57A,Nicotine (For Nicotine Replacement Therapy),Gum,2 mg,1 Gum,"P,S,T",Medicines used in treatment of Psychiatric Disorders,NPPA S.O. 1575(E) dated 25.03.2026 (NLEM 2022 list) + NLEM 2022 (CDSCO),https://nppa.gov.in/storage/uploads/tender/0fd8be342c35d5a46a13b281cadc5e4f.pdf,2026-09-26T19:23:24Z,REAL
NICOTINE-FOR-NICOTINE-RE-996639C2,Nicotine (For Nicotine Replacement Therapy),Gum,4 mg,1 Gum,"P,S,T",Medicines used in treatment of Psychiatric Disorders,NPPA S.O. 1575(E) dated 25.03.2026 (NLEM 2022 list) + NLEM 2022 (CDSCO),https://nppa.gov.in/storage/uploads/tender/0fd8be342c35d5a46a13b281cadc5e4f.pdf,2026-09-26T19:23:24Z,REAL
NICOTINE-FOR-NICOTINE-RE-4A33F9A9,Nicotine (For Nicotine Replacement Therapy),Lozenge,4 mg,1 Lozenges,"P,S,T",Medicines used in treatment of Psychiatric Disorders,NPPA S.O. 1575(E) dated 25.03.2026 (NLEM 2022 list) + NLEM 2022 (CDSCO),https://nppa.gov.in/storage/uploads/tender/0fd8be342c35d5a46a13b281cadc5e4f.pdf,2026-09-26T19:23:24Z,REAL
NICOTINE-FOR-NICOTINE-RE-A6D4BE0C,Nicotine (For Nicotine Replacement Therapy),Oral Dosage Forms,2 mg Pastille,1 Pastille,"P,S,T",Medicines used in treatment of Psychiatric Disorders,NPPA S.O. 1575(E) dated 25.03.2026 (NLEM 2022 list) + NLEM 2022 (CDSCO),https://nppa.gov.in/storage/uploads/tender/0fd8be342c35d5a46a13b281cadc5e4f.pdf,2026-09-26T19:23:24Z,REAL
NICOTINE-FOR-NICOTINE-RE-4A81D2D2,Nicotine (For Nicotine Replacement Therapy),Oral Dosage Forms,4 mg Pastille,1 Pastille,"P,S,T",Medicines used in treatment of Psychiatric Disorders,NPPA S.O. 1575(E) dated 25.03.2026 (NLEM 2022 list) + NLEM 2022 (CDSCO),https://nppa.gov.in/storage/uploads/tender/0fd8be342c35d5a46a13b281cadc5e4f.pdf,2026-09-26T19:23:24Z,REAL
NIFEDIPINE-328563FC,Nifedipine,Tablet,10 mg,1 Tablet,"S,T",Oxytocics and Antioxytocics,NPPA S.O. 1575(E) dated 25.03.2026 (NLEM 2022 list) + NLEM 2022 (CDSCO),https://nppa.gov.in/storage/uploads/tender/0fd8be342c35d5a46a13b281cadc5e4f.pdf,2026-09-26T19:23:24Z,REAL
NIFEDIPINE-A258FCD7,Nifedipine,Capsule,10 mg,1 Capsule,"S,T",Oxytocics and Antioxytocics,NPPA S.O. 1575(E) dated 25.03.2026 (NLEM 2022 list) + NLEM 2022 (CDSCO),https://nppa.gov.in/storage/uploads/tender/0fd8be342c35d5a46a13b281cadc5e4f.pdf,2026-09-26T19:23:24Z,REAL
NITROFURANTOIN-BDF506E5,Nitrofurantoin,Tablet,100 mg,1 Tablet,"P,S,T",Anti-infective Medicines,NPPA S.O. 1575(E) dated 25.03.2026 (NLEM 2022 list) + NLEM 2022 (CDSCO),https://nppa.gov.in/storage/uploads/tender/0fd8be342c35d5a46a13b281cadc5e4f.pdf,2026-09-26T19:23:24Z,REAL
NITROFURANTOIN-571F2CBB,Nitrofurantoin,Capsule,100 mg,1 Capsule,"P,S,T",Anti-infective Medicines,NPPA S.O. 1575(E) dated 25.03.2026 (NLEM 2022 list) + NLEM 2022 (CDSCO),https://nppa.gov.in/storage/uploads/tender/0fd8be342c35d5a46a13b281cadc5e4f.pdf,2026-09-26T19:23:24Z,REAL
NITROFURANTOIN-49DF8DD3,Nitrofurantoin,Oral Liquid,25 mg/5 mL(p),1 mL,"P,S,T",Anti-infective Medicines,NPPA S.O. 1575(E) dated 25.03.2026 (NLEM 2022 list) + NLEM 2022 (CDSCO),https://nppa.gov.in/storage/uploads/tender/0fd8be342c35d5a46a13b281cadc5e4f.pdf,2026-09-26T19:23:24Z,REAL
NITROUS-OXIDE-BEA20524,Nitrous Oxide,As Licensed for Medical Purpose,,1 Cubic Meter,"P,S,T",Medicines used in Anaesthesia,NPPA S.O. 1575(E) dated 25.03.2026 (NLEM 2022 list) + NLEM 2022 (CDSCO),https://nppa.gov.in/storage/uploads/tender/0fd8be342c35d5a46a13b281cadc5e4f.pdf,2026-09-26T19:23:24Z,REAL
NORADRENALINE-C82B2D8C,Noradrenaline,Injection,2 mg/mL,1 mL,"S,T",Cardiovascular Medicines,NPPA S.O. 1575(E) dated 25.03.2026 (NLEM 2022 list) + NLEM 2022 (CDSCO),https://nppa.gov.in/storage/uploads/tender/0fd8be342c35d5a46a13b281cadc5e4f.pdf,2026-09-26T19:23:24Z,REAL
NORETHISTERONE-F176F410,Norethisterone,Tablet,5 mg,1 Tablet,"P,S,T","Hormones, other Endocrine Medicines and Contraceptives",NPPA S.O. 1575(E) dated 25.03.2026 (NLEM 2022 list) + NLEM 2022 (CDSCO),https://nppa.gov.in/storage/uploads/tender/0fd8be342c35d5a46a13b281cadc5e4f.pdf,2026-09-26T19:23:24Z,REAL
OMEPRAZOLE-37BEEC16,Omeprazole,Capsule,20 mg,1 Capsule,"P,S,T",Gastrointestinal Medicines,NPPA S.O. 1575(E) dated 25.03.2026 (NLEM 2022 list) + NLEM 2022 (CDSCO),https://nppa.gov.in/storage/uploads/tender/0fd8be342c35d5a46a13b281cadc5e4f.pdf,2026-09-26T19:23:24Z,REAL
OMEPRAZOLE-8690A72E,Omeprazole,Tablet,20 mg,1 Tablet,"P,S,T",Gastrointestinal Medicines,NPPA S.O. 1575(E) dated 25.03.2026 (NLEM 2022 list) + NLEM 2022 (CDSCO),https://nppa.gov.in/storage/uploads/tender/0fd8be342c35d5a46a13b281cadc5e4f.pdf,2026-09-26T19:23:24Z,REAL
OMEPRAZOLE-21BC9A73,Omeprazole,Capsule,10 mg,1 Capsule,"P,S,T",Gastrointestinal Medicines,NPPA S.O. 1575(E) dated 25.03.2026 (NLEM 2022 list) + NLEM 2022 (CDSCO),https://nppa.gov.in/storage/uploads/tender/0fd8be342c35d5a46a13b281cadc5e4f.pdf,2026-09-26T19:23:24Z,REAL
OMEPRAZOLE-80BECA1C,Omeprazole,Powder for Oral Liquid,20 mg,1 g,"P,S,T",Gastrointestinal Medicines,NPPA S.O. 1575(E) dated 25.03.2026 (NLEM 2022 list) + NLEM 2022 (CDSCO),https://nppa.gov.in/storage/uploads/tender/0fd8be342c35d5a46a13b281cadc5e4f.pdf,2026-09-26T19:23:24Z,REAL
OMEPRAZOLE-FB8740BD,Omeprazole,Tablet,40 mg,1 Tablet,"P,S,T",Gastrointestinal Medicines,NPPA S.O. 1575(E) dated 25.03.2026 (NLEM 2022 list) + NLEM 2022 (CDSCO),https://nppa.gov.in/storage/uploads/tender/0fd8be342c35d5a46a13b281cadc5e4f.pdf,2026-09-26T19:23:24Z,REAL
OMEPRAZOLE-8B672144,Omeprazole,Capsule,40 mg,1 Capsule,"P,S,T",Gastrointestinal Medicines,NPPA S.O. 1575(E) dated 25.03.2026 (NLEM 2022 list) + NLEM 2022 (CDSCO),https://nppa.gov.in/storage/uploads/tender/0fd8be342c35d5a46a13b281cadc5e4f.pdf,2026-09-26T19:23:24Z,REAL
ONDANSETRON-90FD0AA4,Ondansetron,Tablet,4 mg,1 Tablet,"S,T",Anti-cancer agents including Immunosuppressives and Medicines used in Palliative Care,NPPA S.O. 1575(E) dated 25.03.2026 (NLEM 2022 list) + NLEM 2022 (CDSCO),https://nppa.gov.in/storage/uploads/tender/0fd8be342c35d5a46a13b281cadc5e4f.pdf,2026-09-26T19:23:24Z,REAL
ONDANSETRON-629E9046,Ondansetron,Oral Liquid,2 mg/5 mL(p),1 mL,"S,T",Anti-cancer agents including Immunosuppressives and Medicines used in Palliative Care,NPPA S.O. 1575(E) dated 25.03.2026 (NLEM 2022 list) + NLEM 2022 (CDSCO),https://nppa.gov.in/storage/uploads/tender/0fd8be342c35d5a46a13b281cadc5e4f.pdf,2026-09-26T19:23:24Z,REAL
ONDANSETRON-0C4C8D20,Ondansetron,Injection,2 mg/mL,1 mL,"S,T",Anti-cancer agents including Immunosuppressives and Medicines used in Palliative Care,NPPA S.O. 1575(E) dated 25.03.2026 (NLEM 2022 list) + NLEM 2022 (CDSCO),https://nppa.gov.in/storage/uploads/tender/0fd8be342c35d5a46a13b281cadc5e4f.pdf,2026-09-26T19:23:24Z,REAL
ONDANSETRON-BBF6BBF5,Ondansetron,Tablet,8 mg,1 Tablet,"S,T",Anti-cancer agents including Immunosuppressives and Medicines used in Palliative Care,NPPA S.O. 1575(E) dated 25.03.2026 (NLEM 2022 list) + NLEM 2022 (CDSCO),https://nppa.gov.in/storage/uploads/tender/0fd8be342c35d5a46a13b281cadc5e4f.pdf,2026-09-26T19:23:24Z,REAL
ORAL-REHYDRATION-SALTS-F8FAEE70,Oral Rehydration Salts,As Licensed,,1 g,"P,S,T",Gastrointestinal Medicines,NPPA S.O. 1575(E) dated 25.03.2026 (NLEM 2022 list) + NLEM 2022 (CDSCO),https://nppa.gov.in/storage/uploads/tender/0fd8be342c35d5a46a13b281cadc5e4f.pdf,2026-09-26T19:23:24Z,REAL
ORAL-REHYDRATION-SALTS-F7732499,Oral Rehydration Salts,As Licensed,,1 mL,"P,S,T",Gastrointestinal Medicines,NPPA S.O. 1575(E) dated 25.03.2026 (NLEM 2022 list) + NLEM 2022 (CDSCO),https://nppa.gov.in/storage/uploads/tender/0fd8be342c35d5a46a13b281cadc5e4f.pdf,2026-09-26T19:23:24Z,REAL
ORMELOXIFENE-CENTCHROMAN-238C670A,Ormeloxifene (Centchroman),Tablet,30 mg,1 Tablet,"P,S,T","Hormones, other Endocrine Medicines and Contraceptives",NPPA S.O. 1575(E) dated 25.03.2026 (NLEM 2022 list) + NLEM 2022 (CDSCO),https://nppa.gov.in/storage/uploads/tender/0fd8be342c35d5a46a13b281cadc5e4f.pdf,2026-09-26T19:23:24Z,REAL
OXALIPLATIN-26A14319,Oxaliplatin,Injection,100 mg(as licensed),1 Vial,,,NPPA S.O. 1575(E) dated 25.03.2026 (NLEM 2022 list),https://nppa.gov.in/storage/uploads/tender/0fd8be342c35d5a46a13b281cadc5e4f.pdf,2026-09-26T19:23:24Z,REAL
OXALIPLATIN-FFED6079,Oxaliplatin,Injection,5 mg/mL in 10 mL vial,1 Vial,,,NPPA S.O. 1575(E) dated 25.03.2026 (NLEM 2022 list),https://nppa.gov.in/storage/uploads/tender/0fd8be342c35d5a46a13b281cadc5e4f.pdf,2026-09-26T19:23:24Z,REAL
OXYGEN-LIQUID-MEDICAL-OX-5635FD57,Oxygen – Liquid Medical Oxygen,As Licensed for Medical Purpose,,1 Cubic Meter,"P,S,T",Medicines used in Anaesthesia,NPPA S.O. 1575(E) dated 25.03.2026 (NLEM 2022 list) + NLEM 2022 (CDSCO),https://nppa.gov.in/storage/uploads/tender/0fd8be342c35d5a46a13b281cadc5e4f.pdf,2026-09-26T19:23:24Z,REAL
OXYGEN-IN-CYLINDER-41B1FCCE,Oxygen (In Cylinder),As Licensed for Medical Purpose,,1 Cubic Meter,"P,S,T",Medicines used in Anaesthesia,NPPA S.O. 1575(E) dated 25.03.2026 (NLEM 2022 list) + NLEM 2022 (CDSCO),https://nppa.gov.in/storage/uploads/tender/0fd8be342c35d5a46a13b281cadc5e4f.pdf,2026-09-26T19:23:24Z,REAL
OXYTOCIN-9D30EC50,Oxytocin,Injection,5 IU/mL,1 mL,"P,S,T",Oxytocics and Antioxytocics,NPPA S.O. 1575(E) dated 25.03.2026 (NLEM 2022 list) + NLEM 2022 (CDSCO),https://nppa.gov.in/storage/uploads/tender/0fd8be342c35d5a46a13b281cadc5e4f.pdf,2026-09-26T19:23:24Z,REAL
OXYTOCIN-8920711D,Oxytocin,Injection,10 IU/mL,1 mL,"P,S,T",Oxytocics and Antioxytocics,NPPA S.O. 1575(E) dated 25.03.2026 (NLEM 2022 list) + NLEM 2022 (CDSCO),https://nppa.gov.in/storage/uploads/tender/0fd8be342c35d5a46a13b281cadc5e4f.pdf,2026-09-26T19:23:24Z,REAL
PACLITAXEL-22F703DC,Paclitaxel,Injection,"30 mg/5 mL, injection 100 mg/16.7 mL",1 mL,,,NPPA S.O. 1575(E) dated 25.03.2026 (NLEM 2022 list),https://nppa.gov.in/storage/uploads/tender/0fd8be342c35d5a46a13b281cadc5e4f.pdf,2026-09-26T19:23:24Z,REAL
PANTOPRAZOLE-0F1EA4CC,Pantoprazole,Injection,40 mg,1 Vial,"S,T",Gastrointestinal Medicines,NPPA S.O. 1575(E) dated 25.03.2026 (NLEM 2022 list) + NLEM 2022 (CDSCO),https://nppa.gov.in/storage/uploads/tender/0fd8be342c35d5a46a13b281cadc5e4f.pdf,2026-09-26T19:23:24Z,REAL
PARACETAMOL-5D2DEBA3,Paracetamol,Tablet,650 mg,1 Tablet,"P,S,T","Analgesics, Antipyretics, Non-steroidal Anti-inflammatory Drugs (NSAIDs), Medicines used to treat Gout and Disease Modifying Agents used in Rheumatoid Disorders",NPPA S.O. 1575(E) dated 25.03.2026 (NLEM 2022 list) + NLEM 2022 (CDSCO),https://nppa.gov.in/storage/uploads/tender/0fd8be342c35d5a46a13b281cadc5e4f.pdf,2026-09-26T19:23:24Z,REAL
PARACETAMOL-1F320513,Paracetamol,Oral Liquid,125 mg/5 mL (p),1 mL,"P,S,T","Analgesics, Antipyretics, Non-steroidal Anti-inflammatory Drugs (NSAIDs), Medicines used to treat Gout and Disease Modifying Agents used in Rheumatoid Disorders",NPPA S.O. 1575(E) dated 25.03.2026 (NLEM 2022 list) + NLEM 2022 (CDSCO),https://nppa.gov.in/storage/uploads/tender/0fd8be342c35d5a46a13b281cadc5e4f.pdf,2026-09-26T19:23:24Z,REAL
PARACETAMOL-E129D8C8,Paracetamol,Oral Liquid,250 mg/5 mL (p),1 mL,"P,S,T","Analgesics, Antipyretics, Non-steroidal Anti-inflammatory Drugs (NSAIDs), Medicines used to treat Gout and Disease Modifying Agents used in Rheumatoid Disorders",NPPA S.O. 1575(E) dated 25.03.2026 (NLEM 2022 list) + NLEM 2022 (CDSCO),https://nppa.gov.in/storage/uploads/tender/0fd8be342c35d5a46a13b281cadc5e4f.pdf,2026-09-26T19:23:24Z,REAL
PARACETAMOL-D8D024AD,Paracetamol,Oral Liquid,120 mg/5 mL (p),1 mL,"P,S,T","Analgesics, Antipyretics, Non-steroidal Anti-inflammatory Drugs (NSAIDs), Medicines used to treat Gout and Disease Modifying Agents used in Rheumatoid Disorders",NPPA S.O. 1575(E) dated 25.03.2026 (NLEM 2022 list) + NLEM 2022 (CDSCO),https://nppa.gov.in/storage/uploads/tender/0fd8be342c35d5a46a13b281cadc5e4f.pdf,2026-09-26T19:23:24Z,REAL
PARACETAMOL-D3093EF3,Paracetamol,Tablet,500 mg,1 Tablet,"P,S,T","Analgesics, Antipyretics, Non-steroidal Anti-inflammatory Drugs (NSAIDs), Medicines used to treat Gout and Disease Modifying Agents used in Rheumatoid Disorders",NPPA S.O. 1575(E) dated 25.03.2026 (NLEM 2022 list) + NLEM 2022 (CDSCO),https://nppa.gov.in/storage/uploads/tender/0fd8be342c35d5a46a13b281cadc5e4f.pdf,2026-09-26T19:23:24Z,REAL
PARACETAMOL-067D5E73,Paracetamol,Suppository,80 mg,1 Suppository,"P,S,T","Analgesics, Antipyretics, Non-steroidal Anti-inflammatory Drugs (NSAIDs), Medicines used to treat Gout and Disease Modifying Agents used in Rheumatoid Disorders",NPPA S.O. 1575(E) dated 25.03.2026 (NLEM 2022 list) + NLEM 2022 (CDSCO),https://nppa.gov.in/storage/uploads/tender/0fd8be342c35d5a46a13b281cadc5e4f.pdf,2026-09-26T19:23:24Z,REAL
PARACETAMOL-E26CDB2C,Paracetamol,Suppository,170 mg,1 Suppository,"P,S,T","Analgesics, Antipyretics, Non-steroidal Anti-inflammatory Drugs (NSAIDs), Medicines used to treat Gout and Disease Modifying Agents used in Rheumatoid Disorders",NPPA S.O. 1575(E) dated 25.03.2026 (NLEM 2022 list) + NLEM 2022 (CDSCO),https://nppa.gov.in/storage/uploads/tender/0fd8be342c35d5a46a13b281cadc5e4f.pdf,2026-09-26T19:23:24Z,REAL
PARACETAMOL-CD6E2539,Paracetamol,Injection,150 mg/mL (2 mL),1 mL,"P,S,T","Analgesics, Antipyretics, Non-steroidal Anti-inflammatory Drugs (NSAIDs), Medicines used to treat Gout and Disease Modifying Agents used in Rheumatoid Disorders",NPPA S.O. 1575(E) dated 25.03.2026 (NLEM 2022 list) + NLEM 2022 (CDSCO),https://nppa.gov.in/storage/uploads/tender/0fd8be342c35d5a46a13b281cadc5e4f.pdf,2026-09-26T19:23:24Z,REAL
PARACETAMOL-390B822B,Paracetamol,Injection,150 mg/mL (100 mL),1 mL,"P,S,T","Analgesics, Antipyretics, Non-steroidal Anti-inflammatory Drugs (NSAIDs), Medicines used to treat Gout and Disease Modifying Agents used in Rheumatoid Disorders",NPPA S.O. 1575(E) dated 25.03.2026 (NLEM 2022 list) + NLEM 2022 (CDSCO),https://nppa.gov.in/storage/uploads/tender/0fd8be342c35d5a46a13b281cadc5e4f.pdf,2026-09-26T19:23:24Z,REAL
PERITONEAL-DIALYSIS-SOLU-D6A53629,Peritoneal Dialysis Solution,As Licensed,,1 mL,"S,T",Dialysis components (Haemodialysis and Peritoneal Dialysis),NPPA S.O. 1575(E) dated 25.03.2026 (NLEM 2022 list) + NLEM 2022 (CDSCO),https://nppa.gov.in/storage/uploads/tender/0fd8be342c35d5a46a13b281cadc5e4f.pdf,2026-09-26T19:23:24Z,REAL
PERMETHRIN-1A6BD38E,Permethrin,Cream,5 %,1 g,"P,S,T",Dermatological Medicines (Topical),NPPA S.O. 1575(E) dated 25.03.2026 (NLEM 2022 list) + NLEM 2022 (CDSCO),https://nppa.gov.in/storage/uploads/tender/0fd8be342c35d5a46a13b281cadc5e4f.pdf,2026-09-26T19:23:24Z,REAL
PERMETHRIN-1A4254CD,Permethrin,Lotion,1 %,1 mL,"P,S,T",Dermatological Medicines (Topical),NPPA S.O. 1575(E) dated 25.03.2026 (NLEM 2022 list) + NLEM 2022 (CDSCO),https://nppa.gov.in/storage/uploads/tender/0fd8be342c35d5a46a13b281cadc5e4f.pdf,2026-09-26T19:23:24Z,REAL
PERMETHRIN-9CDFEBC8,Permethrin,Cream,1 %,1 g,"P,S,T",Dermatological Medicines (Topical),NPPA S.O. 1575(E) dated 25.03.2026 (NLEM 2022 list) + NLEM 2022 (CDSCO),https://nppa.gov.in/storage/uploads/tender/0fd8be342c35d5a46a13b281cadc5e4f.pdf,2026-09-26T19:23:24Z,REAL
PERMETHRIN-51D80480,Permethrin,Lotion,5 %,1 mL Or 1 g,"P,S,T",Dermatological Medicines (Topical),NPPA S.O. 1575(E) dated 25.03.2026 (NLEM 2022 list) + NLEM 2022 (CDSCO),https://nppa.gov.in/storage/uploads/tender/0fd8be342c35d5a46a13b281cadc5e4f.pdf,2026-09-26T19:23:24Z,REAL
PERMETHRIN-D76AC120,Permethrin,Gel,5 %,1 g,"P,S,T",Dermatological Medicines (Topical),NPPA S.O. 1575(E) dated 25.03.2026 (NLEM 2022 list) + NLEM 2022 (CDSCO),https://nppa.gov.in/storage/uploads/tender/0fd8be342c35d5a46a13b281cadc5e4f.pdf,2026-09-26T19:23:24Z,REAL
PHENIRAMINE-BD282031,Pheniramine,Injection,22.75 mg/mL (2 mL),1 mL,"P,S,T",Antiallergics and Medicines used in Anaphylaxis,NPPA S.O. 1575(E) dated 25.03.2026 (NLEM 2022 list) + NLEM 2022 (CDSCO),https://nppa.gov.in/storage/uploads/tender/0fd8be342c35d5a46a13b281cadc5e4f.pdf,2026-09-26T19:23:24Z,REAL
PHENIRAMINE-262699FD,Pheniramine,Injection,22.75 mg/mL (10 mL),1 mL,"P,S,T",Antiallergics and Medicines used in Anaphylaxis,NPPA S.O. 1575(E) dated 25.03.2026 (NLEM 2022 list) + NLEM 2022 (CDSCO),https://nppa.gov.in/storage/uploads/tender/0fd8be342c35d5a46a13b281cadc5e4f.pdf,2026-09-26T19:23:24Z,REAL
PHENOBARBITONE-111D8A32,Phenobarbitone,Tablet,30 mg,1 Tablet,"P,S,T",Medicines used in Neurological Disorders,NPPA S.O. 1575(E) dated 25.03.2026 (NLEM 2022 list) + NLEM 2022 (CDSCO),https://nppa.gov.in/storage/uploads/tender/0fd8be342c35d5a46a13b281cadc5e4f.pdf,2026-09-26T19:23:24Z,REAL
PHENOBARBITONE-FDECC1E6,Phenobarbitone,Tablet,60 mg,1 Tablet,"P,S,T",Medicines used in Neurological Disorders,NPPA S.O. 1575(E) dated 25.03.2026 (NLEM 2022 list) + NLEM 2022 (CDSCO),https://nppa.gov.in/storage/uploads/tender/0fd8be342c35d5a46a13b281cadc5e4f.pdf,2026-09-26T19:23:24Z,REAL
PHENOBARBITONE-F188174A,Phenobarbitone,Injection,200 mg/mL,1 mL,"P,S,T",Medicines used in Neurological Disorders,NPPA S.O. 1575(E) dated 25.03.2026 (NLEM 2022 list) + NLEM 2022 (CDSCO),https://nppa.gov.in/storage/uploads/tender/0fd8be342c35d5a46a13b281cadc5e4f.pdf,2026-09-26T19:23:24Z,REAL
PHENOBARBITONE-EA31DFE0,Phenobarbitone,Oral Liquid,20 mg/5 mL (p),1 mL,"P,S,T",Medicines used in Neurological Disorders,NPPA S.O. 1575(E) dated 25.03.2026 (NLEM 2022 list) + NLEM 2022 (CDSCO),https://nppa.gov.in/storage/uploads/tender/0fd8be342c35d5a46a13b281cadc5e4f.pdf,2026-09-26T19:23:24Z,REAL
PHENYTOIN-E89A29E7,Phenytoin,Tablet,300 mg,1 Tablet,"P,S,T",Medicines used in Neurological Disorders,NPPA S.O. 1575(E) dated 25.03.2026 (NLEM 2022 list) + NLEM 2022 (CDSCO),https://nppa.gov.in/storage/uploads/tender/0fd8be342c35d5a46a13b281cadc5e4f.pdf,2026-09-26T19:23:24Z,REAL
PHENYTOIN-0168C897,Phenytoin,Injection,50 mg/mL,1 mL,"P,S,T",Medicines used in Neurological Disorders,NPPA S.O. 1575(E) dated 25.03.2026 (NLEM 2022 list) + NLEM 2022 (CDSCO),https://nppa.gov.in/storage/uploads/tender/0fd8be342c35d5a46a13b281cadc5e4f.pdf,2026-09-26T19:23:24Z,REAL
PHENYTOIN-BDD1068A,Phenytoin,Modified Release Tablet,300 mg,1 Tablet,"P,S,T",Medicines used in Neurological Disorders,NPPA S.O. 1575(E) dated 25.03.2026 (NLEM 2022 list) + NLEM 2022 (CDSCO),https://nppa.gov.in/storage/uploads/tender/0fd8be342c35d5a46a13b281cadc5e4f.pdf,2026-09-26T19:23:24Z,REAL
PHENYTOIN-60736525,Phenytoin,Tablet,100 mg,1 Tablet,"P,S,T",Medicines used in Neurological Disorders,NPPA S.O. 1575(E) dated 25.03.2026 (NLEM 2022 list) + NLEM 2022 (CDSCO),https://nppa.gov.in/storage/uploads/tender/0fd8be342c35d5a46a13b281cadc5e4f.pdf,2026-09-26T19:23:24Z,REAL
PHENYTOIN-8A109829,Phenytoin,Tablet,50 mg,1 Tablet,"P,S,T",Medicines used in Neurological Disorders,NPPA S.O. 1575(E) dated 25.03.2026 (NLEM 2022 list) + NLEM 2022 (CDSCO),https://nppa.gov.in/storage/uploads/tender/0fd8be342c35d5a46a13b281cadc5e4f.pdf,2026-09-26T19:23:24Z,REAL
PHENYTOIN-B8F00C35,Phenytoin,Oral Liquid,30 mg/5 mL(p),1 mL,"P,S,T",Medicines used in Neurological Disorders,NPPA S.O. 1575(E) dated 25.03.2026 (NLEM 2022 list) + NLEM 2022 (CDSCO),https://nppa.gov.in/storage/uploads/tender/0fd8be342c35d5a46a13b281cadc5e4f.pdf,2026-09-26T19:23:24Z,REAL
PHENYTOIN-2C58B725,Phenytoin,Oral Liquid,125 mg/5 mL(p),1 mL,"P,S,T",Medicines used in Neurological Disorders,NPPA S.O. 1575(E) dated 25.03.2026 (NLEM 2022 list) + NLEM 2022 (CDSCO),https://nppa.gov.in/storage/uploads/tender/0fd8be342c35d5a46a13b281cadc5e4f.pdf,2026-09-26T19:23:24Z,REAL
PHENYTOIN-643B6DBB,Phenytoin,Capsule,300 mg,1 Capsule,"P,S,T",Medicines used in Neurological Disorders,NPPA S.O. 1575(E) dated 25.03.2026 (NLEM 2022 list) + NLEM 2022 (CDSCO),https://nppa.gov.in/storage/uploads/tender/0fd8be342c35d5a46a13b281cadc5e4f.pdf,2026-09-26T19:23:24Z,REAL
PHENYTOIN-56E4E9CD,Phenytoin,Capsule,100 mg,1 Capsule,"P,S,T",Medicines used in Neurological Disorders,NPPA S.O. 1575(E) dated 25.03.2026 (NLEM 2022 list) + NLEM 2022 (CDSCO),https://nppa.gov.in/storage/uploads/tender/0fd8be342c35d5a46a13b281cadc5e4f.pdf,2026-09-26T19:23:24Z,REAL
PHYTOMENADIONE-VITAMIN-K-0E634FF8,Phytomenadione (Vitamin K1),Injection,10 mg/mL,1 mL,,,NPPA S.O. 1575(E) dated 25.03.2026 (NLEM 2022 list),https://nppa.gov.in/storage/uploads/tender/0fd8be342c35d5a46a13b281cadc5e4f.pdf,2026-09-26T19:23:24Z,REAL
PHYTOMENADIONE-VITAMIN-K-CEE1E369,Phytomenadione (Vitamin K1),Tablet,10 mg,1 Tablet,,,NPPA S.O. 1575(E) dated 25.03.2026 (NLEM 2022 list),https://nppa.gov.in/storage/uploads/tender/0fd8be342c35d5a46a13b281cadc5e4f.pdf,2026-09-26T19:23:24Z,REAL
PILOCARPINE-9BF60519,Pilocarpine,Drops,2 %,1 mL,"P,S,T",Ophthalmological Medicines,NPPA S.O. 1575(E) dated 25.03.2026 (NLEM 2022 list) + NLEM 2022 (CDSCO),https://nppa.gov.in/storage/uploads/tender/0fd8be342c35d5a46a13b281cadc5e4f.pdf,2026-09-26T19:23:24Z,REAL
PIPERACILLIN-A-TAZOBACTA-6B2198A3,Piperacillin (A) + Tazobactam(B),Powder for Injection,1000 mg(A) + 125 mg(B),1 Vial,T,Anti-infective Medicines,NPPA S.O. 1575(E) dated 25.03.2026 (NLEM 2022 list) + NLEM 2022 (CDSCO),https://nppa.gov.in/storage/uploads/tender/0fd8be342c35d5a46a13b281cadc5e4f.pdf,2026-09-26T19:23:24Z,REAL
PIPERACILLIN-A-TAZOBACTA-463EBAE9,Piperacillin (A) + Tazobactam(B),Powder for Injection,2000 mg(A) + 250 mg(B),1 Vial,T,Anti-infective Medicines,NPPA S.O. 1575(E) dated 25.03.2026 (NLEM 2022 list) + NLEM 2022 (CDSCO),https://nppa.gov.in/storage/uploads/tender/0fd8be342c35d5a46a13b281cadc5e4f.pdf,2026-09-26T19:23:24Z,REAL
PIPERACILLIN-A-TAZOBACTA-36A1B988,Piperacillin (A) + Tazobactam(B),Powder for Injection,4000 mg(A) + 500 mg(B),1 Vial,T,Anti-infective Medicines,NPPA S.O. 1575(E) dated 25.03.2026 (NLEM 2022 list) + NLEM 2022 (CDSCO),https://nppa.gov.in/storage/uploads/tender/0fd8be342c35d5a46a13b281cadc5e4f.pdf,2026-09-26T19:23:24Z,REAL
POTASSIUM-CHLORIDE-EA02BD24,Potassium Chloride,Oral Liquid,500 mg/5 mL,1 mL,"P,S,T","Solutions correcting Water, Electrolyte disturbances and Acid-base disturbances",NPPA S.O. 1575(E) dated 25.03.2026 (NLEM 2022 list) + NLEM 2022 (CDSCO),https://nppa.gov.in/storage/uploads/tender/0fd8be342c35d5a46a13b281cadc5e4f.pdf,2026-09-26T19:23:24Z,REAL
POTASSIUM-CHLORIDE-57C032C3,Potassium Chloride,Injection,150 mg/mL,1 mL,"P,S,T","Solutions correcting Water, Electrolyte disturbances and Acid-base disturbances",NPPA S.O. 1575(E) dated 25.03.2026 (NLEM 2022 list) + NLEM 2022 (CDSCO),https://nppa.gov.in/storage/uploads/tender/0fd8be342c35d5a46a13b281cadc5e4f.pdf,2026-09-26T19:23:24Z,REAL
POVIDONE-IODINE-3386B458,Povidone Iodine,Solution,5 %,1 mL,"P,S,T",Antiseptics and Disinfectants,NPPA S.O. 1575(E) dated 25.03.2026 (NLEM 2022 list) + NLEM 2022 (CDSCO),https://nppa.gov.in/storage/uploads/tender/0fd8be342c35d5a46a13b281cadc5e4f.pdf,2026-09-26T19:23:24Z,REAL
POVIDONE-IODINE-A347EEDA,Povidone Iodine,Solution,7.5 %,1 mL,"P,S,T",Antiseptics and Disinfectants,NPPA S.O. 1575(E) dated 25.03.2026 (NLEM 2022 list) + NLEM 2022 (CDSCO),https://nppa.gov.in/storage/uploads/tender/0fd8be342c35d5a46a13b281cadc5e4f.pdf,2026-09-26T19:23:24Z,REAL
POVIDONE-IODINE-293C8CCF,Povidone Iodine,Solution,10 %,1 mL,"P,S,T",Antiseptics and Disinfectants,NPPA S.O. 1575(E) dated 25.03.2026 (NLEM 2022 list) + NLEM 2022 (CDSCO),https://nppa.gov.in/storage/uploads/tender/0fd8be342c35d5a46a13b281cadc5e4f.pdf,2026-09-26T19:23:24Z,REAL
POVIDONE-IODINE-19D61098,Povidone Iodine,Solution,4 %,1 mL,"P,S,T",Antiseptics and Disinfectants,NPPA S.O. 1575(E) dated 25.03.2026 (NLEM 2022 list) + NLEM 2022 (CDSCO),https://nppa.gov.in/storage/uploads/tender/0fd8be342c35d5a46a13b281cadc5e4f.pdf,2026-09-26T19:23:24Z,REAL
POVIDONE-IODINE-A9CFB53D,Povidone Iodine,Ointment,10 %,1 g,"P,S,T",Antiseptics and Disinfectants,NPPA S.O. 1575(E) dated 25.03.2026 (NLEM 2022 list) + NLEM 2022 (CDSCO),https://nppa.gov.in/storage/uploads/tender/0fd8be342c35d5a46a13b281cadc5e4f.pdf,2026-09-26T19:23:24Z,REAL
PRALIDOXIME-CHLORIDE-2-P-92F3E5E3,Pralidoxime Chloride (2-PAM),Injection,25 mg/mL,1 mL,"P,S,T",Antidotes and Other Substances used in Management of Poisonings/Envenomation,NPPA S.O. 1575(E) dated 25.03.2026 (NLEM 2022 list) + NLEM 2022 (CDSCO),https://nppa.gov.in/storage/uploads/tender/0fd8be342c35d5a46a13b281cadc5e4f.pdf,2026-09-26T19:23:24Z,REAL
PREDNISOLONE-CA67DB40,Prednisolone,Tablet,40 mg,1 Tablet,"P,S,T",Antiallergics and Medicines used in Anaphylaxis,NPPA S.O. 1575(E) dated 25.03.2026 (NLEM 2022 list) + NLEM 2022 (CDSCO),https://nppa.gov.in/storage/uploads/tender/0fd8be342c35d5a46a13b281cadc5e4f.pdf,2026-09-26T19:23:24Z,REAL
PREDNISOLONE-88C23EE0,Prednisolone,Oral Liquid,5 mg/5 mL(p),1 mL,"P,S,T",Antiallergics and Medicines used in Anaphylaxis,NPPA S.O. 1575(E) dated 25.03.2026 (NLEM 2022 list) + NLEM 2022 (CDSCO),https://nppa.gov.in/storage/uploads/tender/0fd8be342c35d5a46a13b281cadc5e4f.pdf,2026-09-26T19:23:24Z,REAL
PREDNISOLONE-20394710,Prednisolone,Oral Liquid,15 mg/5 mL(p),1 mL,"P,S,T",Antiallergics and Medicines used in Anaphylaxis,NPPA S.O. 1575(E) dated 25.03.2026 (NLEM 2022 list) + NLEM 2022 (CDSCO),https://nppa.gov.in/storage/uploads/tender/0fd8be342c35d5a46a13b281cadc5e4f.pdf,2026-09-26T19:23:24Z,REAL
PREDNISOLONE-C0839DC8,Prednisolone,Tablet,10 mg,1 Tablet,"P,S,T",Antiallergics and Medicines used in Anaphylaxis,NPPA S.O. 1575(E) dated 25.03.2026 (NLEM 2022 list) + NLEM 2022 (CDSCO),https://nppa.gov.in/storage/uploads/tender/0fd8be342c35d5a46a13b281cadc5e4f.pdf,2026-09-26T19:23:24Z,REAL
PREDNISOLONE-4BD81FF6,Prednisolone,Tablet,5 mg,1 Tablet,"P,S,T",Antiallergics and Medicines used in Anaphylaxis,NPPA S.O. 1575(E) dated 25.03.2026 (NLEM 2022 list) + NLEM 2022 (CDSCO),https://nppa.gov.in/storage/uploads/tender/0fd8be342c35d5a46a13b281cadc5e4f.pdf,2026-09-26T19:23:24Z,REAL
PREDNISOLONE-A5E46BE4,Prednisolone,Tablet,20 mg,1 Tablet,"P,S,T",Antiallergics and Medicines used in Anaphylaxis,NPPA S.O. 1575(E) dated 25.03.2026 (NLEM 2022 list) + NLEM 2022 (CDSCO),https://nppa.gov.in/storage/uploads/tender/0fd8be342c35d5a46a13b281cadc5e4f.pdf,2026-09-26T19:23:24Z,REAL
PREDNISOLONE-153CFEE4,Prednisolone,Drops,1 %,1 mL,"P,S,T",Antiallergics and Medicines used in Anaphylaxis,NPPA S.O. 1575(E) dated 25.03.2026 (NLEM 2022 list) + NLEM 2022 (CDSCO),https://nppa.gov.in/storage/uploads/tender/0fd8be342c35d5a46a13b281cadc5e4f.pdf,2026-09-26T19:23:24Z,REAL
PREMIX-INSULIN-30-70-INJ-30D0FDAA,Premix Insulin 30:70 Injection (Regular:NPH),Injection,40 IU/mL,1 mL,,,NPPA S.O. 1575(E) dated 25.03.2026 (NLEM 2022 list),https://nppa.gov.in/storage/uploads/tender/0fd8be342c35d5a46a13b281cadc5e4f.pdf,2026-09-26T19:23:24Z,REAL
PRIMAQUINE-425B0622,Primaquine,Tablet,7.5 mg,1 Tablet,"P,S,T",Anti-infective Medicines,NPPA S.O. 1575(E) dated 25.03.2026 (NLEM 2022 list) + NLEM 2022 (CDSCO),https://nppa.gov.in/storage/uploads/tender/0fd8be342c35d5a46a13b281cadc5e4f.pdf,2026-09-26T19:23:24Z,REAL
PRIMAQUINE-9ABE29A6,Primaquine,Tablet,15 mg,1 Tablet,"P,S,T",Anti-infective Medicines,NPPA S.O. 1575(E) dated 25.03.2026 (NLEM 2022 list) + NLEM 2022 (CDSCO),https://nppa.gov.in/storage/uploads/tender/0fd8be342c35d5a46a13b281cadc5e4f.pdf,2026-09-26T19:23:24Z,REAL
PRIMAQUINE-95B1FFF5,Primaquine,Tablet,2.5 mg,1 Tablet,"P,S,T",Anti-infective Medicines,NPPA S.O. 1575(E) dated 25.03.2026 (NLEM 2022 list) + NLEM 2022 (CDSCO),https://nppa.gov.in/storage/uploads/tender/0fd8be342c35d5a46a13b281cadc5e4f.pdf,2026-09-26T19:23:24Z,REAL
PROPARACAINE-4C9418EC,Proparacaine,Eye Drops,0.5 %,1 mL,"S,T",Diagnostic agents,NPPA S.O. 1575(E) dated 25.03.2026 (NLEM 2022 list) + NLEM 2022 (CDSCO),https://nppa.gov.in/storage/uploads/tender/0fd8be342c35d5a46a13b281cadc5e4f.pdf,2026-09-26T19:23:24Z,REAL
PROPOFOL-744675ED,Propofol,Injection,10 mg/mL,1 mL,"P,S,T",Medicines used in Anaesthesia,NPPA S.O. 1575(E) dated 25.03.2026 (NLEM 2022 list) + NLEM 2022 (CDSCO),https://nppa.gov.in/storage/uploads/tender/0fd8be342c35d5a46a13b281cadc5e4f.pdf,2026-09-26T19:23:24Z,REAL
PROPRANOLOL-5383947B,Propranolol,Tablet,40 mg,1 Tablet,"P,S,T",Medicines used in Neurological Disorders,NPPA S.O. 1575(E) dated 25.03.2026 (NLEM 2022 list) + NLEM 2022 (CDSCO),https://nppa.gov.in/storage/uploads/tender/0fd8be342c35d5a46a13b281cadc5e4f.pdf,2026-09-26T19:23:24Z,REAL
PROPRANOLOL-07044ED2,Propranolol,Tablet,10 mg,1 Tablet,"P,S,T",Medicines used in Neurological Disorders,NPPA S.O. 1575(E) dated 25.03.2026 (NLEM 2022 list) + NLEM 2022 (CDSCO),https://nppa.gov.in/storage/uploads/tender/0fd8be342c35d5a46a13b281cadc5e4f.pdf,2026-09-26T19:23:24Z,REAL
PROPRANOLOL-76A33745,Propranolol,Tablet,20 mg,1 Tablet,"P,S,T",Medicines used in Neurological Disorders,NPPA S.O. 1575(E) dated 25.03.2026 (NLEM 2022 list) + NLEM 2022 (CDSCO),https://nppa.gov.in/storage/uploads/tender/0fd8be342c35d5a46a13b281cadc5e4f.pdf,2026-09-26T19:23:24Z,REAL
PROPRANOLOL-6EF179E7,Propranolol,Capsule,40 mg,1 Capsule,"P,S,T",Medicines used in Neurological Disorders,NPPA S.O. 1575(E) dated 25.03.2026 (NLEM 2022 list) + NLEM 2022 (CDSCO),https://nppa.gov.in/storage/uploads/tender/0fd8be342c35d5a46a13b281cadc5e4f.pdf,2026-09-26T19:23:24Z,REAL
PROPRANOLOL-E59EF814,Propranolol,Capsule,20 mg,1 Capsule,"P,S,T",Medicines used in Neurological Disorders,NPPA S.O. 1575(E) dated 25.03.2026 (NLEM 2022 list) + NLEM 2022 (CDSCO),https://nppa.gov.in/storage/uploads/tender/0fd8be342c35d5a46a13b281cadc5e4f.pdf,2026-09-26T19:23:24Z,REAL
PROPRANOLOL-EB1E1145,Propranolol,Capsule,10 mg,1 Capsule,"P,S,T",Medicines used in Neurological Disorders,NPPA S.O. 1575(E) dated 25.03.2026 (NLEM 2022 list) + NLEM 2022 (CDSCO),https://nppa.gov.in/storage/uploads/tender/0fd8be342c35d5a46a13b281cadc5e4f.pdf,2026-09-26T19:23:24Z,REAL
PROTAMINE-SULPHATE-B6772FBA,Protamine Sulphate,Injection,10 mg/mL,1 mL,"S,T",Medicines affecting Blood,NPPA S.O. 1575(E) dated 25.03.2026 (NLEM 2022 list) + NLEM 2022 (CDSCO),https://nppa.gov.in/storage/uploads/tender/0fd8be342c35d5a46a13b281cadc5e4f.pdf,2026-09-26T19:23:24Z,REAL
PYRAZINAMIDE-ED7E451D,Pyrazinamide,Tablet,1000 mg,1 Tablet,"P,S,T",Anti-infective Medicines,NPPA S.O. 1575(E) dated 25.03.2026 (NLEM 2022 list) + NLEM 2022 (CDSCO),https://nppa.gov.in/storage/uploads/tender/0fd8be342c35d5a46a13b281cadc5e4f.pdf,2026-09-26T19:23:24Z,REAL
PYRAZINAMIDE-922547E8,Pyrazinamide,Tablet,500 mg,1 Tablet,"P,S,T",Anti-infective Medicines,NPPA S.O. 1575(E) dated 25.03.2026 (NLEM 2022 list) + NLEM 2022 (CDSCO),https://nppa.gov.in/storage/uploads/tender/0fd8be342c35d5a46a13b281cadc5e4f.pdf,2026-09-26T19:23:24Z,REAL
PYRAZINAMIDE-B0E15CFD,Pyrazinamide,Tablet,750 mg,1 Tablet,"P,S,T",Anti-infective Medicines,NPPA S.O. 1575(E) dated 25.03.2026 (NLEM 2022 list) + NLEM 2022 (CDSCO),https://nppa.gov.in/storage/uploads/tender/0fd8be342c35d5a46a13b281cadc5e4f.pdf,2026-09-26T19:23:24Z,REAL
PYRAZINAMIDE-7EE48C31,Pyrazinamide,Tablet,1500 mg,1 Tablet,"P,S,T",Anti-infective Medicines,NPPA S.O. 1575(E) dated 25.03.2026 (NLEM 2022 list) + NLEM 2022 (CDSCO),https://nppa.gov.in/storage/uploads/tender/0fd8be342c35d5a46a13b281cadc5e4f.pdf,2026-09-26T19:23:24Z,REAL
PYRIDOXINE-88D29230,Pyridoxine,Tablet,100 mg,1 Tablet,"P,S,T",Vitamins and Minerals,NPPA S.O. 1575(E) dated 25.03.2026 (NLEM 2022 list) + NLEM 2022 (CDSCO),https://nppa.gov.in/storage/uploads/tender/0fd8be342c35d5a46a13b281cadc5e4f.pdf,2026-09-26T19:23:24Z,REAL
PYRIDOXINE-982E237A,Pyridoxine,Tablet,10 mg,1 Tablet,"P,S,T",Vitamins and Minerals,NPPA S.O. 1575(E) dated 25.03.2026 (NLEM 2022 list) + NLEM 2022 (CDSCO),https://nppa.gov.in/storage/uploads/tender/0fd8be342c35d5a46a13b281cadc5e4f.pdf,2026-09-26T19:23:24Z,REAL
QUININE-637C2289,Quinine,Tablet,300 mg,1 Tablet,"P,S,T",Anti-infective Medicines,NPPA S.O. 1575(E) dated 25.03.2026 (NLEM 2022 list) + NLEM 2022 (CDSCO),https://nppa.gov.in/storage/uploads/tender/0fd8be342c35d5a46a13b281cadc5e4f.pdf,2026-09-26T19:23:24Z,REAL
QUININE-0C5A96AE,Quinine,Injection,300 mg/mL,1 mL,"P,S,T",Anti-infective Medicines,NPPA S.O. 1575(E) dated 25.03.2026 (NLEM 2022 list) + NLEM 2022 (CDSCO),https://nppa.gov.in/storage/uploads/tender/0fd8be342c35d5a46a13b281cadc5e4f.pdf,2026-09-26T19:23:24Z,REAL
RABIES-VACCINE-96E0C57C,Rabies Vaccine,As Licensed,,1 Vial,"P,S,T",Immunologicals,NPPA S.O. 1575(E) dated 25.03.2026 (NLEM 2022 list) + NLEM 2022 (CDSCO),https://nppa.gov.in/storage/uploads/tender/0fd8be342c35d5a46a13b281cadc5e4f.pdf,2026-09-26T19:23:24Z,REAL
RALTEGRAVIR-D84AE342,Raltegravir,Tablet,400 mg,1 Tablet,"S,T",Anti-infective Medicines,NPPA S.O. 1575(E) dated 25.03.2026 (NLEM 2022 list) + NLEM 2022 (CDSCO),https://nppa.gov.in/storage/uploads/tender/0fd8be342c35d5a46a13b281cadc5e4f.pdf,2026-09-26T19:23:24Z,REAL
RAMIPRIL-3331CD01,Ramipril,Tablet,2.5 mg,1 Tablet,"P,S,T",Cardiovascular Medicines,NPPA S.O. 1575(E) dated 25.03.2026 (NLEM 2022 list) + NLEM 2022 (CDSCO),https://nppa.gov.in/storage/uploads/tender/0fd8be342c35d5a46a13b281cadc5e4f.pdf,2026-09-26T19:23:24Z,REAL
RAMIPRIL-E47F1494,Ramipril,Tablet,5 mg,1 Tablet,"P,S,T",Cardiovascular Medicines,NPPA S.O. 1575(E) dated 25.03.2026 (NLEM 2022 list) + NLEM 2022 (CDSCO),https://nppa.gov.in/storage/uploads/tender/0fd8be342c35d5a46a13b281cadc5e4f.pdf,2026-09-26T19:23:24Z,REAL
RAMIPRIL-549B122A,Ramipril,Capsule,2.5 mg,1 Capsule,"P,S,T",Cardiovascular Medicines,NPPA S.O. 1575(E) dated 25.03.2026 (NLEM 2022 list) + NLEM 2022 (CDSCO),https://nppa.gov.in/storage/uploads/tender/0fd8be342c35d5a46a13b281cadc5e4f.pdf,2026-09-26T19:23:24Z,REAL
RAMIPRIL-F6F90642,Ramipril,Capsule,5 mg,1 Capsule,"P,S,T",Cardiovascular Medicines,NPPA S.O. 1575(E) dated 25.03.2026 (NLEM 2022 list) + NLEM 2022 (CDSCO),https://nppa.gov.in/storage/uploads/tender/0fd8be342c35d5a46a13b281cadc5e4f.pdf,2026-09-26T19:23:24Z,REAL
RIBAVIRIN-ECED4D55,Ribavirin,Capsule,200 mg,1 Capsule,"S,T",Anti-infective Medicines,NPPA S.O. 1575(E) dated 25.03.2026 (NLEM 2022 list) + NLEM 2022 (CDSCO),https://nppa.gov.in/storage/uploads/tender/0fd8be342c35d5a46a13b281cadc5e4f.pdf,2026-09-26T19:23:24Z,REAL
RIBOFLAVIN-6F164404,Riboflavin,Tablet,10 mg,1 Tablet,"P,S,T",Vitamins and Minerals,NPPA S.O. 1575(E) dated 25.03.2026 (NLEM 2022 list) + NLEM 2022 (CDSCO),https://nppa.gov.in/storage/uploads/tender/0fd8be342c35d5a46a13b281cadc5e4f.pdf,2026-09-26T19:23:24Z,REAL
RIFAMPICIN-691EEB22,Rifampicin,Capsule,600 mg,1 Capsule,"P,S,T",Anti-infective Medicines,NPPA S.O. 1575(E) dated 25.03.2026 (NLEM 2022 list) + NLEM 2022 (CDSCO),https://nppa.gov.in/storage/uploads/tender/0fd8be342c35d5a46a13b281cadc5e4f.pdf,2026-09-26T19:23:24Z,REAL
RIFAMPICIN-582E5DF4,Rifampicin,Capsule,450 mg,1 Capsule,"P,S,T",Anti-infective Medicines,NPPA S.O. 1575(E) dated 25.03.2026 (NLEM 2022 list) + NLEM 2022 (CDSCO),https://nppa.gov.in/storage/uploads/tender/0fd8be342c35d5a46a13b281cadc5e4f.pdf,2026-09-26T19:23:24Z,REAL
RIFAMPICIN-3645DA79,Rifampicin,Capsule,150 mg,1 Capsule,"P,S,T",Anti-infective Medicines,NPPA S.O. 1575(E) dated 25.03.2026 (NLEM 2022 list) + NLEM 2022 (CDSCO),https://nppa.gov.in/storage/uploads/tender/0fd8be342c35d5a46a13b281cadc5e4f.pdf,2026-09-26T19:23:24Z,REAL
RIFAMPICIN-DAFBCA60,Rifampicin,Capsule,300 mg,1 Capsule,"P,S,T",Anti-infective Medicines,NPPA S.O. 1575(E) dated 25.03.2026 (NLEM 2022 list) + NLEM 2022 (CDSCO),https://nppa.gov.in/storage/uploads/tender/0fd8be342c35d5a46a13b281cadc5e4f.pdf,2026-09-26T19:23:24Z,REAL
RIFAMPICIN-82844C34,Rifampicin,Tablet,300 mg,1 Tablet,"P,S,T",Anti-infective Medicines,NPPA S.O. 1575(E) dated 25.03.2026 (NLEM 2022 list) + NLEM 2022 (CDSCO),https://nppa.gov.in/storage/uploads/tender/0fd8be342c35d5a46a13b281cadc5e4f.pdf,2026-09-26T19:23:24Z,REAL
RIFAMPICIN-A98B892B,Rifampicin,Oral Liquid,100 mg/5 mL(p),1 mL,"P,S,T",Anti-infective Medicines,NPPA S.O. 1575(E) dated 25.03.2026 (NLEM 2022 list) + NLEM 2022 (CDSCO),https://nppa.gov.in/storage/uploads/tender/0fd8be342c35d5a46a13b281cadc5e4f.pdf,2026-09-26T19:23:24Z,REAL
RISPERIDONE-2067EC4A,Risperidone,Tablet,1 mg,1 Tablet,"P,S,T",Medicines used in treatment of Psychiatric Disorders,NPPA S.O. 1575(E) dated 25.03.2026 (NLEM 2022 list) + NLEM 2022 (CDSCO),https://nppa.gov.in/storage/uploads/tender/0fd8be342c35d5a46a13b281cadc5e4f.pdf,2026-09-26T19:23:24Z,REAL
RISPERIDONE-3761F505,Risperidone,Tablet,2 mg,1 Tablet,"P,S,T",Medicines used in treatment of Psychiatric Disorders,NPPA S.O. 1575(E) dated 25.03.2026 (NLEM 2022 list) + NLEM 2022 (CDSCO),https://nppa.gov.in/storage/uploads/tender/0fd8be342c35d5a46a13b281cadc5e4f.pdf,2026-09-26T19:23:24Z,REAL
RISPERIDONE-C7840695,Risperidone,Tablet,4 mg,1 Tablet,"P,S,T",Medicines used in treatment of Psychiatric Disorders,NPPA S.O. 1575(E) dated 25.03.2026 (NLEM 2022 list) + NLEM 2022 (CDSCO),https://nppa.gov.in/storage/uploads/tender/0fd8be342c35d5a46a13b281cadc5e4f.pdf,2026-09-26T19:23:24Z,REAL
RISPERIDONE-101A943C,Risperidone,Oral Liquid,1 mg/mL,1 mL,"P,S,T",Medicines used in treatment of Psychiatric Disorders,NPPA S.O. 1575(E) dated 25.03.2026 (NLEM 2022 list) + NLEM 2022 (CDSCO),https://nppa.gov.in/storage/uploads/tender/0fd8be342c35d5a46a13b281cadc5e4f.pdf,2026-09-26T19:23:24Z,REAL
RISPERIDONE-1342915C,Risperidone,Injection (Long Acting),25 mg,1 mL,"P,S,T",Medicines used in treatment of Psychiatric Disorders,NPPA S.O. 1575(E) dated 25.03.2026 (NLEM 2022 list) + NLEM 2022 (CDSCO),https://nppa.gov.in/storage/uploads/tender/0fd8be342c35d5a46a13b281cadc5e4f.pdf,2026-09-26T19:23:24Z,REAL
RISPERIDONE-FAE62D37,Risperidone,Injection (Long Acting),37.5 mg,1 mL,"P,S,T",Medicines used in treatment of Psychiatric Disorders,NPPA S.O. 1575(E) dated 25.03.2026 (NLEM 2022 list) + NLEM 2022 (CDSCO),https://nppa.gov.in/storage/uploads/tender/0fd8be342c35d5a46a13b281cadc5e4f.pdf,2026-09-26T19:23:24Z,REAL
RITONAVIR-17AB3DD1,Ritonavir,Tablet,100 mg,1 Tablet,"S,T",Anti-infective Medicines,NPPA S.O. 1575(E) dated 25.03.2026 (NLEM 2022 list) + NLEM 2022 (CDSCO),https://nppa.gov.in/storage/uploads/tender/0fd8be342c35d5a46a13b281cadc5e4f.pdf,2026-09-26T19:23:24Z,REAL
RITUXIMAB-3DC83BAF,Rituximab,Injection,10 mg/mL,1 mL,,,NPPA S.O. 1575(E) dated 25.03.2026 (NLEM 2022 list),https://nppa.gov.in/storage/uploads/tender/0fd8be342c35d5a46a13b281cadc5e4f.pdf,2026-09-26T19:23:24Z,REAL
ROTA-VIRUS-VACCINE-627C5B0F,Rota Virus Vaccine,As Licensed,,1 Vial,"P,S,T",Immunologicals,NPPA S.O. 1575(E) dated 25.03.2026 (NLEM 2022 list) + NLEM 2022 (CDSCO),https://nppa.gov.in/storage/uploads/tender/0fd8be342c35d5a46a13b281cadc5e4f.pdf,2026-09-26T19:23:24Z,REAL
SALBUTAMOL-4E228030,Salbutamol,Tablet,4 mg,1 Tablet,"P,S,T",Medicines acting on the Respiratory tract,NPPA S.O. 1575(E) dated 25.03.2026 (NLEM 2022 list) + NLEM 2022 (CDSCO),https://nppa.gov.in/storage/uploads/tender/0fd8be342c35d5a46a13b281cadc5e4f.pdf,2026-09-26T19:23:24Z,REAL
SALBUTAMOL-F30AE0F7,Salbutamol,Tablet,2 mg,1 Tablet,"P,S,T",Medicines acting on the Respiratory tract,NPPA S.O. 1575(E) dated 25.03.2026 (NLEM 2022 list) + NLEM 2022 (CDSCO),https://nppa.gov.in/storage/uploads/tender/0fd8be342c35d5a46a13b281cadc5e4f.pdf,2026-09-26T19:23:24Z,REAL
SALBUTAMOL-98EC1949,Salbutamol,Respirator Solution (Solution for Nebulizer),5 mg/mL,1 mL,"P,S,T",Medicines acting on the Respiratory tract,NPPA S.O. 1575(E) dated 25.03.2026 (NLEM 2022 list) + NLEM 2022 (CDSCO),https://nppa.gov.in/storage/uploads/tender/0fd8be342c35d5a46a13b281cadc5e4f.pdf,2026-09-26T19:23:24Z,REAL
SALBUTAMOL-212D2B21,Salbutamol,Oral Liquid,2 mg/5 mL,1 mL,"P,S,T",Medicines acting on the Respiratory tract,NPPA S.O. 1575(E) dated 25.03.2026 (NLEM 2022 list) + NLEM 2022 (CDSCO),https://nppa.gov.in/storage/uploads/tender/0fd8be342c35d5a46a13b281cadc5e4f.pdf,2026-09-26T19:23:24Z,REAL
SALBUTAMOL-B2FD26E4,Salbutamol,Inhalation (MDI/DPI),100 mcg/dose,1 Dose,"P,S,T",Medicines acting on the Respiratory tract,NPPA S.O. 1575(E) dated 25.03.2026 (NLEM 2022 list) + NLEM 2022 (CDSCO),https://nppa.gov.in/storage/uploads/tender/0fd8be342c35d5a46a13b281cadc5e4f.pdf,2026-09-26T19:23:24Z,REAL
SALICYLIC-ACID-8447053E,Salicylic Acid,Ointment,6 %,1 g,"P,S,T",Dermatological Medicines (Topical),NPPA S.O. 1575(E) dated 25.03.2026 (NLEM 2022 list) + NLEM 2022 (CDSCO),https://nppa.gov.in/storage/uploads/tender/0fd8be342c35d5a46a13b281cadc5e4f.pdf,2026-09-26T19:23:24Z,REAL
SALICYLICACID-F6E61E57,Salicylicacid,Ointment,3 %,1 g,"P,S,T",Dermatological Medicines (Topical),NPPA S.O. 1575(E) dated 25.03.2026 (NLEM 2022 list) + NLEM 2022 (CDSCO),https://nppa.gov.in/storage/uploads/tender/0fd8be342c35d5a46a13b281cadc5e4f.pdf,2026-09-26T19:23:24Z,REAL
SEVOFLURANE-E132E942,Sevoflurane,Liquid for Inhalation,,1 mL,"S,T",Medicines used in Anaesthesia,NPPA S.O. 1575(E) dated 25.03.2026 (NLEM 2022 list) + NLEM 2022 (CDSCO),https://nppa.gov.in/storage/uploads/tender/0fd8be342c35d5a46a13b281cadc5e4f.pdf,2026-09-26T19:23:24Z,REAL
SNAKE-VENOM-ANTISERUM-DBCEAE47,Snake Venom Antiserum,Lyophilized Polyvalent - as Licensed,,1 Vial Of 10 mL,"P,S,T",Antidotes and Other Substances used in Management of Poisonings/Envenomation,NPPA S.O. 1575(E) dated 25.03.2026 (NLEM 2022 list) + NLEM 2022 (CDSCO),https://nppa.gov.in/storage/uploads/tender/0fd8be342c35d5a46a13b281cadc5e4f.pdf,2026-09-26T19:23:24Z,REAL
SNAKE-VENOM-ANTISERUM-0D6D4D44,Snake Venom Antiserum,Soluble/ Liquid Polyvalent - as Licensed,,1 Vial Of 10 mL,"P,S,T",Antidotes and Other Substances used in Management of Poisonings/Envenomation,NPPA S.O. 1575(E) dated 25.03.2026 (NLEM 2022 list) + NLEM 2022 (CDSCO),https://nppa.gov.in/storage/uploads/tender/0fd8be342c35d5a46a13b281cadc5e4f.pdf,2026-09-26T19:23:24Z,REAL
SODIUM-BICARBONATE-606B5E38,Sodium Bicarbonate,Injection (As per IP),8.4 %,1 mL,"P,S,T","Solutions correcting Water, Electrolyte disturbances and Acid-base disturbances",NPPA S.O. 1575(E) dated 25.03.2026 (NLEM 2022 list) + NLEM 2022 (CDSCO),https://nppa.gov.in/storage/uploads/tender/0fd8be342c35d5a46a13b281cadc5e4f.pdf,2026-09-26T19:23:24Z,REAL
SODIUM-BICARBONATE-9DDDC2FD,Sodium Bicarbonate,Injection (As per IP),7.5 %,1 mL,"P,S,T","Solutions correcting Water, Electrolyte disturbances and Acid-base disturbances",NPPA S.O. 1575(E) dated 25.03.2026 (NLEM 2022 list) + NLEM 2022 (CDSCO),https://nppa.gov.in/storage/uploads/tender/0fd8be342c35d5a46a13b281cadc5e4f.pdf,2026-09-26T19:23:24Z,REAL
SODIUM-NITROPRUSSIDE-9403C7EC,Sodium Nitroprusside,Injection,10 mg/mL,1 mL,"S,T",Cardiovascular Medicines,NPPA S.O. 1575(E) dated 25.03.2026 (NLEM 2022 list) + NLEM 2022 (CDSCO),https://nppa.gov.in/storage/uploads/tender/0fd8be342c35d5a46a13b281cadc5e4f.pdf,2026-09-26T19:23:24Z,REAL
SODIUM-VALPROATE-DF889613,Sodium Valproate,Tablet,300 mg,1 Tablet,"P,S,T",Medicines used in Neurological Disorders,NPPA S.O. 1575(E) dated 25.03.2026 (NLEM 2022 list) + NLEM 2022 (CDSCO),https://nppa.gov.in/storage/uploads/tender/0fd8be342c35d5a46a13b281cadc5e4f.pdf,2026-09-26T19:23:24Z,REAL
SODIUM-VALPROATE-6F8D8DD5,Sodium Valproate,Oral Liquid,200 mg/5 mL(p),1 mL,"P,S,T",Medicines used in Neurological Disorders,NPPA S.O. 1575(E) dated 25.03.2026 (NLEM 2022 list) + NLEM 2022 (CDSCO),https://nppa.gov.in/storage/uploads/tender/0fd8be342c35d5a46a13b281cadc5e4f.pdf,2026-09-26T19:23:24Z,REAL
SODIUM-VALPROATE-2B529A91,Sodium Valproate,Tablet,200 mg,1 Tablet,"P,S,T",Medicines used in Neurological Disorders,NPPA S.O. 1575(E) dated 25.03.2026 (NLEM 2022 list) + NLEM 2022 (CDSCO),https://nppa.gov.in/storage/uploads/tender/0fd8be342c35d5a46a13b281cadc5e4f.pdf,2026-09-26T19:23:24Z,REAL
SODIUM-VALPROATE-4DB4880E,Sodium Valproate,Modified Release – Tablet,500 mg,1 Tablet,"P,S,T",Medicines used in Neurological Disorders,NPPA S.O. 1575(E) dated 25.03.2026 (NLEM 2022 list) + NLEM 2022 (CDSCO),https://nppa.gov.in/storage/uploads/tender/0fd8be342c35d5a46a13b281cadc5e4f.pdf,2026-09-26T19:23:24Z,REAL
SODIUM-VALPROATE-22E9BF39,Sodium Valproate,Tablet,500 mg,1 Tablet,"P,S,T",Medicines used in Neurological Disorders,NPPA S.O. 1575(E) dated 25.03.2026 (NLEM 2022 list) + NLEM 2022 (CDSCO),https://nppa.gov.in/storage/uploads/tender/0fd8be342c35d5a46a13b281cadc5e4f.pdf,2026-09-26T19:23:24Z,REAL
SODIUM-VALPROATE-EA5CAFCB,Sodium Valproate,Modified Release – Tablet,300 mg,1 Tablet,"P,S,T",Medicines used in Neurological Disorders,NPPA S.O. 1575(E) dated 25.03.2026 (NLEM 2022 list) + NLEM 2022 (CDSCO),https://nppa.gov.in/storage/uploads/tender/0fd8be342c35d5a46a13b281cadc5e4f.pdf,2026-09-26T19:23:24Z,REAL
SODIUM-VALPROATE-286C7A4C,Sodium Valproate,Injection,100 mg/mL,1 mL,"P,S,T",Medicines used in Neurological Disorders,NPPA S.O. 1575(E) dated 25.03.2026 (NLEM 2022 list) + NLEM 2022 (CDSCO),https://nppa.gov.in/storage/uploads/tender/0fd8be342c35d5a46a13b281cadc5e4f.pdf,2026-09-26T19:23:24Z,REAL
SOFOSBUVIR-B4D2B2F9,Sofosbuvir,Tablet,400 mg,1 Tablet,"S,T",Anti-infective Medicines,NPPA S.O. 1575(E) dated 25.03.2026 (NLEM 2022 list) + NLEM 2022 (CDSCO),https://nppa.gov.in/storage/uploads/tender/0fd8be342c35d5a46a13b281cadc5e4f.pdf,2026-09-26T19:23:24Z,REAL
SOMATOSTATIN-6B73DDD0,Somatostatin,Powder for Injection,3 mg,1 Vial,T,Gastrointestinal Medicines,NPPA S.O. 1575(E) dated 25.03.2026 (NLEM 2022 list) + NLEM 2022 (CDSCO),https://nppa.gov.in/storage/uploads/tender/0fd8be342c35d5a46a13b281cadc5e4f.pdf,2026-09-26T19:23:24Z,REAL
SPIRONOLACTONE-B16C9CC4,Spironolactone,Tablet,50 mg,1 Tablet,"P,S,T",Cardiovascular Medicines,NPPA S.O. 1575(E) dated 25.03.2026 (NLEM 2022 list) + NLEM 2022 (CDSCO),https://nppa.gov.in/storage/uploads/tender/0fd8be342c35d5a46a13b281cadc5e4f.pdf,2026-09-26T19:23:24Z,REAL
SPIRONOLACTONE-947A5A4E,Spironolactone,Tablet,25 mg,1 Tablet,"P,S,T",Cardiovascular Medicines,NPPA S.O. 1575(E) dated 25.03.2026 (NLEM 2022 list) + NLEM 2022 (CDSCO),https://nppa.gov.in/storage/uploads/tender/0fd8be342c35d5a46a13b281cadc5e4f.pdf,2026-09-26T19:23:24Z,REAL
STREPTOKINASE-869B11AE,Streptokinase,Injection,"15,00,000 IU",1 Vial,"S,T",Cardiovascular Medicines,NPPA S.O. 1575(E) dated 25.03.2026 (NLEM 2022 list) + NLEM 2022 (CDSCO),https://nppa.gov.in/storage/uploads/tender/0fd8be342c35d5a46a13b281cadc5e4f.pdf,2026-09-26T19:23:24Z,REAL
STREPTOMYCIN-4A70DA8C,Streptomycin,Powder for Injection,750 mg,1 Vial,"P,S,T",Anti-infective Medicines,NPPA S.O. 1575(E) dated 25.03.2026 (NLEM 2022 list) + NLEM 2022 (CDSCO),https://nppa.gov.in/storage/uploads/tender/0fd8be342c35d5a46a13b281cadc5e4f.pdf,2026-09-26T19:23:24Z,REAL
STREPTOMYCIN-D2FA81E6,Streptomycin,Powder for Injection,1000 mg,1 Vial,"P,S,T",Anti-infective Medicines,NPPA S.O. 1575(E) dated 25.03.2026 (NLEM 2022 list) + NLEM 2022 (CDSCO),https://nppa.gov.in/storage/uploads/tender/0fd8be342c35d5a46a13b281cadc5e4f.pdf,2026-09-26T19:23:24Z,REAL
SUCCINYLCHOLINE-4C34E37D,Succinylcholine,Injection,50 mg/mL,1 mL,"S,T",Medicines used in Anaesthesia,NPPA S.O. 1575(E) dated 25.03.2026 (NLEM 2022 list) + NLEM 2022 (CDSCO),https://nppa.gov.in/storage/uploads/tender/0fd8be342c35d5a46a13b281cadc5e4f.pdf,2026-09-26T19:23:24Z,REAL
SULFASALAZINE-8763AA14,Sulfasalazine,Tablet,500 mg,1 Tablet,"S,T","Analgesics, Antipyretics, Non-steroidal Anti-inflammatory Drugs (NSAIDs), Medicines used to treat Gout and Disease Modifying Agents used in Rheumatoid Disorders",NPPA S.O. 1575(E) dated 25.03.2026 (NLEM 2022 list) + NLEM 2022 (CDSCO),https://nppa.gov.in/storage/uploads/tender/0fd8be342c35d5a46a13b281cadc5e4f.pdf,2026-09-26T19:23:24Z,REAL
SUMATRIPTAN-7B72B904,Sumatriptan,Tablet,25 mg,1 Tablet,"P,S,T",Medicines used in Neurological Disorders,NPPA S.O. 1575(E) dated 25.03.2026 (NLEM 2022 list) + NLEM 2022 (CDSCO),https://nppa.gov.in/storage/uploads/tender/0fd8be342c35d5a46a13b281cadc5e4f.pdf,2026-09-26T19:23:24Z,REAL
SUMATRIPTAN-2FDCED15,Sumatriptan,Tablet,50 mg,1 Tablet,"P,S,T",Medicines used in Neurological Disorders,NPPA S.O. 1575(E) dated 25.03.2026 (NLEM 2022 list) + NLEM 2022 (CDSCO),https://nppa.gov.in/storage/uploads/tender/0fd8be342c35d5a46a13b281cadc5e4f.pdf,2026-09-26T19:23:24Z,REAL
SURFACTANT-52E24076,Surfactant,Suspension for Intratracheal Instillation (As Licensed),,Per mg Of Phospholipids In The Pack,"S,T",Medicines for Neonatal Care,NPPA S.O. 1575(E) dated 25.03.2026 (NLEM 2022 list) + NLEM 2022 (CDSCO),https://nppa.gov.in/storage/uploads/tender/0fd8be342c35d5a46a13b281cadc5e4f.pdf,2026-09-26T19:23:24Z,REAL
TACROLIMUS-A9663F5D,Tacrolimus,Capsule,0.5 mg,1 Capusle,T,Anti-cancer agents including Immunosuppressives and Medicines used in Palliative Care,NPPA S.O. 1575(E) dated 25.03.2026 (NLEM 2022 list) + NLEM 2022 (CDSCO),https://nppa.gov.in/storage/uploads/tender/0fd8be342c35d5a46a13b281cadc5e4f.pdf,2026-09-26T19:23:24Z,REAL
TACROLIMUS-253DFE48,Tacrolimus,Capsule,1 mg,1 Capusle,T,Anti-cancer agents including Immunosuppressives and Medicines used in Palliative Care,NPPA S.O. 1575(E) dated 25.03.2026 (NLEM 2022 list) + NLEM 2022 (CDSCO),https://nppa.gov.in/storage/uploads/tender/0fd8be342c35d5a46a13b281cadc5e4f.pdf,2026-09-26T19:23:24Z,REAL
TACROLIMUS-49219EDE,Tacrolimus,Capsule,2 mg,1 Capusle,T,Anti-cancer agents including Immunosuppressives and Medicines used in Palliative Care,NPPA S.O. 1575(E) dated 25.03.2026 (NLEM 2022 list) + NLEM 2022 (CDSCO),https://nppa.gov.in/storage/uploads/tender/0fd8be342c35d5a46a13b281cadc5e4f.pdf,2026-09-26T19:23:24Z,REAL
TACROLIMUS-8B4479C6,Tacrolimus,Tablet,1 mg,1 Tablet,T,Anti-cancer agents including Immunosuppressives and Medicines used in Palliative Care,NPPA S.O. 1575(E) dated 25.03.2026 (NLEM 2022 list) + NLEM 2022 (CDSCO),https://nppa.gov.in/storage/uploads/tender/0fd8be342c35d5a46a13b281cadc5e4f.pdf,2026-09-26T19:23:24Z,REAL
TACROLIMUS-6AA42BF1,Tacrolimus,Tablet,2 mg,1 Tablet,T,Anti-cancer agents including Immunosuppressives and Medicines used in Palliative Care,NPPA S.O. 1575(E) dated 25.03.2026 (NLEM 2022 list) + NLEM 2022 (CDSCO),https://nppa.gov.in/storage/uploads/tender/0fd8be342c35d5a46a13b281cadc5e4f.pdf,2026-09-26T19:23:24Z,REAL
TACROLIMUS-094417C4,Tacrolimus,Tablet,0.5 mg,1 Tablet,T,Anti-cancer agents including Immunosuppressives and Medicines used in Palliative Care,NPPA S.O. 1575(E) dated 25.03.2026 (NLEM 2022 list) + NLEM 2022 (CDSCO),https://nppa.gov.in/storage/uploads/tender/0fd8be342c35d5a46a13b281cadc5e4f.pdf,2026-09-26T19:23:24Z,REAL
TAMOXIFEN-B7DFC720,Tamoxifen,Tablet,20 mg,1 Tablet,T,Anti-cancer agents including Immunosuppressives and Medicines used in Palliative Care,NPPA S.O. 1575(E) dated 25.03.2026 (NLEM 2022 list) + NLEM 2022 (CDSCO),https://nppa.gov.in/storage/uploads/tender/0fd8be342c35d5a46a13b281cadc5e4f.pdf,2026-09-26T19:23:24Z,REAL
TAMOXIFEN-BF48A03F,Tamoxifen,Tablet,10 mg,1 Tablet,T,Anti-cancer agents including Immunosuppressives and Medicines used in Palliative Care,NPPA S.O. 1575(E) dated 25.03.2026 (NLEM 2022 list) + NLEM 2022 (CDSCO),https://nppa.gov.in/storage/uploads/tender/0fd8be342c35d5a46a13b281cadc5e4f.pdf,2026-09-26T19:23:24Z,REAL
TELMISARTAN-69387138,Telmisartan,Tablet,20 mg,1 Tablet,"P,S,T",Cardiovascular Medicines,NPPA S.O. 1575(E) dated 25.03.2026 (NLEM 2022 list) + NLEM 2022 (CDSCO),https://nppa.gov.in/storage/uploads/tender/0fd8be342c35d5a46a13b281cadc5e4f.pdf,2026-09-26T19:23:24Z,REAL
TELMISARTAN-EC263249,Telmisartan,Tablet,40 mg,1 Tablet,"P,S,T",Cardiovascular Medicines,NPPA S.O. 1575(E) dated 25.03.2026 (NLEM 2022 list) + NLEM 2022 (CDSCO),https://nppa.gov.in/storage/uploads/tender/0fd8be342c35d5a46a13b281cadc5e4f.pdf,2026-09-26T19:23:24Z,REAL
TELMISARTAN-94A96097,Telmisartan,Tablet,80 mg,1 Tablet,"P,S,T",Cardiovascular Medicines,NPPA S.O. 1575(E) dated 25.03.2026 (NLEM 2022 list) + NLEM 2022 (CDSCO),https://nppa.gov.in/storage/uploads/tender/0fd8be342c35d5a46a13b281cadc5e4f.pdf,2026-09-26T19:23:24Z,REAL
TEMOZOLOMIDE-BD84EEB4,Temozolomide,Capsule,20 mg,1 Capsule,,,NPPA S.O. 1575(E) dated 25.03.2026 (NLEM 2022 list),https://nppa.gov.in/storage/uploads/tender/0fd8be342c35d5a46a13b281cadc5e4f.pdf,2026-09-26T19:23:24Z,REAL
TEMOZOLOMIDE-70827892,Temozolomide,Capsule,250 mg,1 Capsule,,,NPPA S.O. 1575(E) dated 25.03.2026 (NLEM 2022 list),https://nppa.gov.in/storage/uploads/tender/0fd8be342c35d5a46a13b281cadc5e4f.pdf,2026-09-26T19:23:24Z,REAL
TEMOZOLOMIDE-86229E2C,Temozolomide,Capsule,100 mg,1 Capsule,,,NPPA S.O. 1575(E) dated 25.03.2026 (NLEM 2022 list),https://nppa.gov.in/storage/uploads/tender/0fd8be342c35d5a46a13b281cadc5e4f.pdf,2026-09-26T19:23:24Z,REAL
TEMOZOLOMIDE-94F2E4EE,Temozolomide,Tablet,20 mg,1 Tablet,,,NPPA S.O. 1575(E) dated 25.03.2026 (NLEM 2022 list),https://nppa.gov.in/storage/uploads/tender/0fd8be342c35d5a46a13b281cadc5e4f.pdf,2026-09-26T19:23:24Z,REAL
TEMOZOLOMIDE-AB8F96D3,Temozolomide,Tablet,250 mg,1 Tablet,,,NPPA S.O. 1575(E) dated 25.03.2026 (NLEM 2022 list),https://nppa.gov.in/storage/uploads/tender/0fd8be342c35d5a46a13b281cadc5e4f.pdf,2026-09-26T19:23:24Z,REAL
TENECTEPLASE-C39D481C,Tenecteplase,Injection,40 mg/vial,1 Vial,"S,T",Cardiovascular Medicines,NPPA S.O. 1575(E) dated 25.03.2026 (NLEM 2022 list) + NLEM 2022 (CDSCO),https://nppa.gov.in/storage/uploads/tender/0fd8be342c35d5a46a13b281cadc5e4f.pdf,2026-09-26T19:23:24Z,REAL
TENECTEPLASE-E8A0FB22,Tenecteplase,Injection,30 mg/vial,1 Vial,"S,T",Cardiovascular Medicines,NPPA S.O. 1575(E) dated 25.03.2026 (NLEM 2022 list) + NLEM 2022 (CDSCO),https://nppa.gov.in/storage/uploads/tender/0fd8be342c35d5a46a13b281cadc5e4f.pdf,2026-09-26T19:23:24Z,REAL
TENELIGLIPTIN-B1F9C503,Teneligliptin,Tablet,20 mg,1 Tablet,"P,S,T","Hormones, other Endocrine Medicines and Contraceptives",NPPA S.O. 1575(E) dated 25.03.2026 (NLEM 2022 list) + NLEM 2022 (CDSCO),https://nppa.gov.in/storage/uploads/tender/0fd8be342c35d5a46a13b281cadc5e4f.pdf,2026-09-26T19:23:24Z,REAL
TENOFOVIR-ALAFENAMIDE-FU-CB7EECEE,Tenofovir Alafenamide Fumarate (TAF),Tablet,25 mg,1 Tablet,"S,T",Anti-infective Medicines,NPPA S.O. 1575(E) dated 25.03.2026 (NLEM 2022 list) + NLEM 2022 (CDSCO),https://nppa.gov.in/storage/uploads/tender/0fd8be342c35d5a46a13b281cadc5e4f.pdf,2026-09-26T19:23:24Z,REAL
TENOFOVIR-DISPROXIL-FUMA-73695255,Tenofovir Disproxil Fumarate (A) + Lamivudine (B),Tablet,300 mg (A) + 300 mg(B),1 Tablet,"S,T",Anti-infective Medicines,NPPA S.O. 1575(E) dated 25.03.2026 (NLEM 2022 list) + NLEM 2022 (CDSCO),https://nppa.gov.in/storage/uploads/tender/0fd8be342c35d5a46a13b281cadc5e4f.pdf,2026-09-26T19:23:24Z,REAL
TENOFOVIR-DISPROXIL-FUMA-D56061B6,Tenofovir Disproxil Fumarate (A) + Lamivudine (B) + Efavirenz(C),Tablet,300 mg(A) + 300 mg (B) + 600 mg(C),1 Tablet,"S,T",Anti-infective Medicines,NPPA S.O. 1575(E) dated 25.03.2026 (NLEM 2022 list) + NLEM 2022 (CDSCO),https://nppa.gov.in/storage/uploads/tender/0fd8be342c35d5a46a13b281cadc5e4f.pdf,2026-09-26T19:23:24Z,REAL
TENOFOVIR-DISPROXIL-FUMA-D1DB7CA2,Tenofovir Disproxil Fumarate (TDF),Tablet,300 mg,1 Tablet,"S,T",Anti-infective Medicines,NPPA S.O. 1575(E) dated 25.03.2026 (NLEM 2022 list) + NLEM 2022 (CDSCO),https://nppa.gov.in/storage/uploads/tender/0fd8be342c35d5a46a13b281cadc5e4f.pdf,2026-09-26T19:23:24Z,REAL
TENOFOVIR-DISPROXIL-FUMA-B9981DAE,Tenofovir Disproxil Fumarate + Lamivudine + Dolutegravir,Tablet,300 mg + 300 mg + 50 mg,1 Tablet,"P,S,T",Anti-infective Medicines,NPPA S.O. 1575(E) dated 25.03.2026 (NLEM 2022 list) + NLEM 2022 (CDSCO),https://nppa.gov.in/storage/uploads/tender/0fd8be342c35d5a46a13b281cadc5e4f.pdf,2026-09-26T19:23:24Z,REAL
TERBINAFINE-0CF56408,Terbinafine,Cream,1 %,1 g,"P,S,T",Anti-infective Medicines,NPPA S.O. 1575(E) dated 25.03.2026 (NLEM 2022 list) + NLEM 2022 (CDSCO),https://nppa.gov.in/storage/uploads/tender/0fd8be342c35d5a46a13b281cadc5e4f.pdf,2026-09-26T19:23:24Z,REAL
TETANUS-TOXOID-91807360,Tetanus Toxoid,As Licensed,(5 mL),1 Vial,"P,S,T",Immunologicals,NPPA S.O. 1575(E) dated 25.03.2026 (NLEM 2022 list) + NLEM 2022 (CDSCO),https://nppa.gov.in/storage/uploads/tender/0fd8be342c35d5a46a13b281cadc5e4f.pdf,2026-09-26T19:23:24Z,REAL
TETANUS-TOXOID-D6C721B9,Tetanus Toxoid,As Licensed,(0.5 mL),1 Vial (0.5 mL),"P,S,T",Immunologicals,NPPA S.O. 1575(E) dated 25.03.2026 (NLEM 2022 list) + NLEM 2022 (CDSCO),https://nppa.gov.in/storage/uploads/tender/0fd8be342c35d5a46a13b281cadc5e4f.pdf,2026-09-26T19:23:24Z,REAL
THALIDOMIDE-3A22C3F8,Thalidomide,Capsule,50 mg,1 Capsule,,,NPPA S.O. 1575(E) dated 25.03.2026 (NLEM 2022 list),https://nppa.gov.in/storage/uploads/tender/0fd8be342c35d5a46a13b281cadc5e4f.pdf,2026-09-26T19:23:24Z,REAL
THALIDOMIDE-973019C2,Thalidomide,Capsule,100 mg,1 Capsule,,,NPPA S.O. 1575(E) dated 25.03.2026 (NLEM 2022 list),https://nppa.gov.in/storage/uploads/tender/0fd8be342c35d5a46a13b281cadc5e4f.pdf,2026-09-26T19:23:24Z,REAL
THIAMINE-F3405936,Thiamine,Tablet,100 mg,1 Tablet,"P,S,T",Vitamins and Minerals,NPPA S.O. 1575(E) dated 25.03.2026 (NLEM 2022 list) + NLEM 2022 (CDSCO),https://nppa.gov.in/storage/uploads/tender/0fd8be342c35d5a46a13b281cadc5e4f.pdf,2026-09-26T19:23:24Z,REAL
THIAMINE-EE30DD27,Thiamine,Injection,100 mg/mL,1 mL,"P,S,T",Vitamins and Minerals,NPPA S.O. 1575(E) dated 25.03.2026 (NLEM 2022 list) + NLEM 2022 (CDSCO),https://nppa.gov.in/storage/uploads/tender/0fd8be342c35d5a46a13b281cadc5e4f.pdf,2026-09-26T19:23:24Z,REAL
THIOPENTONE-3DA586EE,Thiopentone,Powder for Injection,1 g,1 Vial,"P,S,T",Medicines used in Anaesthesia,NPPA S.O. 1575(E) dated 25.03.2026 (NLEM 2022 list) + NLEM 2022 (CDSCO),https://nppa.gov.in/storage/uploads/tender/0fd8be342c35d5a46a13b281cadc5e4f.pdf,2026-09-26T19:23:24Z,REAL
THIOPENTONE-6E187AB7,Thiopentone,Powder for Injection,0.5 g,1 Vial,"P,S,T",Medicines used in Anaesthesia,NPPA S.O. 1575(E) dated 25.03.2026 (NLEM 2022 list) + NLEM 2022 (CDSCO),https://nppa.gov.in/storage/uploads/tender/0fd8be342c35d5a46a13b281cadc5e4f.pdf,2026-09-26T19:23:24Z,REAL
TIMOLOL-CAAABFC2,Timolol,Drops,0.5 %,1 mL,"P,S,T",Ophthalmological Medicines,NPPA S.O. 1575(E) dated 25.03.2026 (NLEM 2022 list) + NLEM 2022 (CDSCO),https://nppa.gov.in/storage/uploads/tender/0fd8be342c35d5a46a13b281cadc5e4f.pdf,2026-09-26T19:23:24Z,REAL
TIOTROPIUM-DAD98086,Tiotropium,Inhalation (MDI),9 mcg/dose,1 Metered Dose,"P,S,T",Medicines acting on the Respiratory tract,NPPA S.O. 1575(E) dated 25.03.2026 (NLEM 2022 list) + NLEM 2022 (CDSCO),https://nppa.gov.in/storage/uploads/tender/0fd8be342c35d5a46a13b281cadc5e4f.pdf,2026-09-26T19:23:24Z,REAL
TIOTROPIUM-C174433A,Tiotropium,Inhalation (DPI),18 mcg/dose,1 Dose,"P,S,T",Medicines acting on the Respiratory tract,NPPA S.O. 1575(E) dated 25.03.2026 (NLEM 2022 list) + NLEM 2022 (CDSCO),https://nppa.gov.in/storage/uploads/tender/0fd8be342c35d5a46a13b281cadc5e4f.pdf,2026-09-26T19:23:24Z,REAL
TRAMADOL-29E357BD,Tramadol,Injection,50 mg/mL (upto 2 mL pack),1 mL,"S,T","Analgesics, Antipyretics, Non-steroidal Anti-inflammatory Drugs (NSAIDs), Medicines used to treat Gout and Disease Modifying Agents used in Rheumatoid Disorders",NPPA S.O. 1575(E) dated 25.03.2026 (NLEM 2022 list) + NLEM 2022 (CDSCO),https://nppa.gov.in/storage/uploads/tender/0fd8be342c35d5a46a13b281cadc5e4f.pdf,2026-09-26T19:23:24Z,REAL
TRAMADOL-A5263A14,Tramadol,Capsule,50 mg,1 Capsule,"S,T","Analgesics, Antipyretics, Non-steroidal Anti-inflammatory Drugs (NSAIDs), Medicines used to treat Gout and Disease Modifying Agents used in Rheumatoid Disorders",NPPA S.O. 1575(E) dated 25.03.2026 (NLEM 2022 list) + NLEM 2022 (CDSCO),https://nppa.gov.in/storage/uploads/tender/0fd8be342c35d5a46a13b281cadc5e4f.pdf,2026-09-26T19:23:24Z,REAL
TRAMADOL-FDD842FB,Tramadol,Capsule,100 mg,1 Capsule,"S,T","Analgesics, Antipyretics, Non-steroidal Anti-inflammatory Drugs (NSAIDs), Medicines used to treat Gout and Disease Modifying Agents used in Rheumatoid Disorders",NPPA S.O. 1575(E) dated 25.03.2026 (NLEM 2022 list) + NLEM 2022 (CDSCO),https://nppa.gov.in/storage/uploads/tender/0fd8be342c35d5a46a13b281cadc5e4f.pdf,2026-09-26T19:23:24Z,REAL
TRAMADOL-1D963C4C,Tramadol,Tablet,50 mg,1 Tablet,"S,T","Analgesics, Antipyretics, Non-steroidal Anti-inflammatory Drugs (NSAIDs), Medicines used to treat Gout and Disease Modifying Agents used in Rheumatoid Disorders",NPPA S.O. 1575(E) dated 25.03.2026 (NLEM 2022 list) + NLEM 2022 (CDSCO),https://nppa.gov.in/storage/uploads/tender/0fd8be342c35d5a46a13b281cadc5e4f.pdf,2026-09-26T19:23:24Z,REAL
TRAMADOL-DD5F4ED0,Tramadol,Tablet,100 mg,1 Tablet,"S,T","Analgesics, Antipyretics, Non-steroidal Anti-inflammatory Drugs (NSAIDs), Medicines used to treat Gout and Disease Modifying Agents used in Rheumatoid Disorders",NPPA S.O. 1575(E) dated 25.03.2026 (NLEM 2022 list) + NLEM 2022 (CDSCO),https://nppa.gov.in/storage/uploads/tender/0fd8be342c35d5a46a13b281cadc5e4f.pdf,2026-09-26T19:23:24Z,REAL
TRANEXAMIC-ACID-90AC84D1,Tranexamic Acid,Injection,100 mg/mL,1 mL,"P,S,T",Medicines affecting Blood,NPPA S.O. 1575(E) dated 25.03.2026 (NLEM 2022 list) + NLEM 2022 (CDSCO),https://nppa.gov.in/storage/uploads/tender/0fd8be342c35d5a46a13b281cadc5e4f.pdf,2026-09-26T19:23:24Z,REAL
TRANEXAMIC-ACID-7F6758C6,Tranexamic Acid,Tablet,500 mg,1 Tablet,"P,S,T",Medicines affecting Blood,NPPA S.O. 1575(E) dated 25.03.2026 (NLEM 2022 list) + NLEM 2022 (CDSCO),https://nppa.gov.in/storage/uploads/tender/0fd8be342c35d5a46a13b281cadc5e4f.pdf,2026-09-26T19:23:24Z,REAL
TRASTUZUMAB-1C828671,Trastuzumab,Injection,440 mg/50 mL,1 Vial,,,NPPA S.O. 1575(E) dated 25.03.2026 (NLEM 2022 list),https://nppa.gov.in/storage/uploads/tender/0fd8be342c35d5a46a13b281cadc5e4f.pdf,2026-09-26T19:23:24Z,REAL
TRIHEXYPHENIDYL-FC39219E,Trihexyphenidyl,Tablet,2 mg,1 Tablet,"P,S,T",Medicines used in Neurological Disorders,NPPA S.O. 1575(E) dated 25.03.2026 (NLEM 2022 list) + NLEM 2022 (CDSCO),https://nppa.gov.in/storage/uploads/tender/0fd8be342c35d5a46a13b281cadc5e4f.pdf,2026-09-26T19:23:24Z,REAL
TROPICAMIDE-B98049F3,Tropicamide,Eye Drop,1 %,1 mL,"S,T",Diagnostic agents,NPPA S.O. 1575(E) dated 25.03.2026 (NLEM 2022 list) + NLEM 2022 (CDSCO),https://nppa.gov.in/storage/uploads/tender/0fd8be342c35d5a46a13b281cadc5e4f.pdf,2026-09-26T19:23:24Z,REAL
VALGANCICLOVIR-A61B99B8,Valganciclovir,Tablet,450 mg,1 Tablet,"S,T",Anti-infective Medicines,NPPA S.O. 1575(E) dated 25.03.2026 (NLEM 2022 list) + NLEM 2022 (CDSCO),https://nppa.gov.in/storage/uploads/tender/0fd8be342c35d5a46a13b281cadc5e4f.pdf,2026-09-26T19:23:24Z,REAL
VANCOMYCIN-F2D6DFE1,Vancomycin,Powder for Injection,500 mg,1 Vial,"S,T",Anti-infective Medicines,NPPA S.O. 1575(E) dated 25.03.2026 (NLEM 2022 list) + NLEM 2022 (CDSCO),https://nppa.gov.in/storage/uploads/tender/0fd8be342c35d5a46a13b281cadc5e4f.pdf,2026-09-26T19:23:24Z,REAL
VANCOMYCIN-A6A1A284,Vancomycin,Powder for Injection,1000 mg,1 Vial,"S,T",Anti-infective Medicines,NPPA S.O. 1575(E) dated 25.03.2026 (NLEM 2022 list) + NLEM 2022 (CDSCO),https://nppa.gov.in/storage/uploads/tender/0fd8be342c35d5a46a13b281cadc5e4f.pdf,2026-09-26T19:23:24Z,REAL
VANCOMYCIN-790C3247,Vancomycin,Powder for Injection,250 mg,1 Vial,"S,T",Anti-infective Medicines,NPPA S.O. 1575(E) dated 25.03.2026 (NLEM 2022 list) + NLEM 2022 (CDSCO),https://nppa.gov.in/storage/uploads/tender/0fd8be342c35d5a46a13b281cadc5e4f.pdf,2026-09-26T19:23:24Z,REAL
VANCOMYCIN-2FC774E2,Vancomycin,Capsule,250 mg,1 Capsule,"S,T",Anti-infective Medicines,NPPA S.O. 1575(E) dated 25.03.2026 (NLEM 2022 list) + NLEM 2022 (CDSCO),https://nppa.gov.in/storage/uploads/tender/0fd8be342c35d5a46a13b281cadc5e4f.pdf,2026-09-26T19:23:24Z,REAL
VECURONIUM-34FFF827,Vecuronium,Powder for Injection,10 mg,1 Vial,"S,T",Medicines used in Anaesthesia,NPPA S.O. 1575(E) dated 25.03.2026 (NLEM 2022 list) + NLEM 2022 (CDSCO),https://nppa.gov.in/storage/uploads/tender/0fd8be342c35d5a46a13b281cadc5e4f.pdf,2026-09-26T19:23:24Z,REAL
VECURONIUM-18F71EDE,Vecuronium,Powder for Injection,4 mg,1 Vial,"S,T",Medicines used in Anaesthesia,NPPA S.O. 1575(E) dated 25.03.2026 (NLEM 2022 list) + NLEM 2022 (CDSCO),https://nppa.gov.in/storage/uploads/tender/0fd8be342c35d5a46a13b281cadc5e4f.pdf,2026-09-26T19:23:24Z,REAL
VERAPAMIL-2FC82C31,Verapamil,Tablet,80 mg,1 Tablet,"S,T",Cardiovascular Medicines,NPPA S.O. 1575(E) dated 25.03.2026 (NLEM 2022 list) + NLEM 2022 (CDSCO),https://nppa.gov.in/storage/uploads/tender/0fd8be342c35d5a46a13b281cadc5e4f.pdf,2026-09-26T19:23:24Z,REAL
VERAPAMIL-B13616A6,Verapamil,Tablet,40 mg,1 Tablet,"S,T",Cardiovascular Medicines,NPPA S.O. 1575(E) dated 25.03.2026 (NLEM 2022 list) + NLEM 2022 (CDSCO),https://nppa.gov.in/storage/uploads/tender/0fd8be342c35d5a46a13b281cadc5e4f.pdf,2026-09-26T19:23:24Z,REAL
VINCRISTINE-54838A94,Vincristine,Injection,1 mg/mL,1 mL,,,NPPA S.O. 1575(E) dated 25.03.2026 (NLEM 2022 list),https://nppa.gov.in/storage/uploads/tender/0fd8be342c35d5a46a13b281cadc5e4f.pdf,2026-09-26T19:23:24Z,REAL
VITAMIN-A-6F29AA7C,Vitamin A,Tablet,50000 IU (including Chewable Tablet),1 Tablet,"P,S,T",Vitamins and Minerals,NPPA S.O. 1575(E) dated 25.03.2026 (NLEM 2022 list) + NLEM 2022 (CDSCO),https://nppa.gov.in/storage/uploads/tender/0fd8be342c35d5a46a13b281cadc5e4f.pdf,2026-09-26T19:23:24Z,REAL
VITAMIN-A-8D799CF4,Vitamin A,Injection,50000 IU/mL,1 mL,"P,S,T",Vitamins and Minerals,NPPA S.O. 1575(E) dated 25.03.2026 (NLEM 2022 list) + NLEM 2022 (CDSCO),https://nppa.gov.in/storage/uploads/tender/0fd8be342c35d5a46a13b281cadc5e4f.pdf,2026-09-26T19:23:24Z,REAL
WARFARIN-94764911,Warfarin,Tablet,5 mg,1 Tablet,"S,T",Medicines affecting Blood,NPPA S.O. 1575(E) dated 25.03.2026 (NLEM 2022 list) + NLEM 2022 (CDSCO),https://nppa.gov.in/storage/uploads/tender/0fd8be342c35d5a46a13b281cadc5e4f.pdf,2026-09-26T19:23:24Z,REAL
WARFARIN-0FCE2AFD,Warfarin,Tablet,3 mg,1 Tablet,"S,T",Medicines affecting Blood,NPPA S.O. 1575(E) dated 25.03.2026 (NLEM 2022 list) + NLEM 2022 (CDSCO),https://nppa.gov.in/storage/uploads/tender/0fd8be342c35d5a46a13b281cadc5e4f.pdf,2026-09-26T19:23:24Z,REAL
WARFARIN-59818E97,Warfarin,Tablet,2 mg,1 Tablet,"S,T",Medicines affecting Blood,NPPA S.O. 1575(E) dated 25.03.2026 (NLEM 2022 list) + NLEM 2022 (CDSCO),https://nppa.gov.in/storage/uploads/tender/0fd8be342c35d5a46a13b281cadc5e4f.pdf,2026-09-26T19:23:24Z,REAL
WARFARIN-666CAF0E,Warfarin,Tablet,1 mg,1 Tablet,"S,T",Medicines affecting Blood,NPPA S.O. 1575(E) dated 25.03.2026 (NLEM 2022 list) + NLEM 2022 (CDSCO),https://nppa.gov.in/storage/uploads/tender/0fd8be342c35d5a46a13b281cadc5e4f.pdf,2026-09-26T19:23:24Z,REAL
WATER-FOR-INJECTION-60B25878,Water For Injection,Injection,,Each Pack (10 mL),"P,S,T","Solutions correcting Water, Electrolyte disturbances and Acid-base disturbances",NPPA S.O. 1575(E) dated 25.03.2026 (NLEM 2022 list) + NLEM 2022 (CDSCO),https://nppa.gov.in/storage/uploads/tender/0fd8be342c35d5a46a13b281cadc5e4f.pdf,2026-09-26T19:23:24Z,REAL
XYLOMETAZOLINE-4952949E,Xylometazoline,Nasal Drops,0.05 %,1 mL,"P,S,T","Ear, Nose and Throat Medicines",NPPA S.O. 1575(E) dated 25.03.2026 (NLEM 2022 list) + NLEM 2022 (CDSCO),https://nppa.gov.in/storage/uploads/tender/0fd8be342c35d5a46a13b281cadc5e4f.pdf,2026-09-26T19:23:24Z,REAL
XYLOMETAZOLINE-ACADFF9A,Xylometazoline,Nasal Drops,0.1 %,1 mL,"P,S,T","Ear, Nose and Throat Medicines",NPPA S.O. 1575(E) dated 25.03.2026 (NLEM 2022 list) + NLEM 2022 (CDSCO),https://nppa.gov.in/storage/uploads/tender/0fd8be342c35d5a46a13b281cadc5e4f.pdf,2026-09-26T19:23:24Z,REAL
ZIDOVUDINE-CAB04C2C,Zidovudine,Tablet,300 mg,1 Tablet,"S,T",Anti-infective Medicines,NPPA S.O. 1575(E) dated 25.03.2026 (NLEM 2022 list) + NLEM 2022 (CDSCO),https://nppa.gov.in/storage/uploads/tender/0fd8be342c35d5a46a13b281cadc5e4f.pdf,2026-09-26T19:23:24Z,REAL
ZIDOVUDINE-A-LAMIVUDINE-8E9B490D,Zidovudine (A) + Lamivudine (B) + Nevirapine(C),Tablet,300 mg(A) + 150 mg(B) + 200m g (c),1 Tablet,"S,T",Anti-infective Medicines,NPPA S.O. 1575(E) dated 25.03.2026 (NLEM 2022 list) + NLEM 2022 (CDSCO),https://nppa.gov.in/storage/uploads/tender/0fd8be342c35d5a46a13b281cadc5e4f.pdf,2026-09-26T19:23:24Z,REAL
ZIDOVUDINE-A-LAMIVUDINE-8C7C828A,Zidovudine (A) + Lamivudine(B),Tablet,300 mg(A) + 150 mg(B),1 Tablet,"S,T",Anti-infective Medicines,NPPA S.O. 1575(E) dated 25.03.2026 (NLEM 2022 list) + NLEM 2022 (CDSCO),https://nppa.gov.in/storage/uploads/tender/0fd8be342c35d5a46a13b281cadc5e4f.pdf,2026-09-26T19:23:24Z,REAL
ZINC-SULPHATE-423D4BC6,Zinc Sulphate,Dispersible Tablet,20 mg,1 Tablet,"P,S,T",Gastrointestinal Medicines,NPPA S.O. 1575(E) dated 25.03.2026 (NLEM 2022 list) + NLEM 2022 (CDSCO),https://nppa.gov.in/storage/uploads/tender/0fd8be342c35d5a46a13b281cadc5e4f.pdf,2026-09-26T19:23:24Z,REAL
ZOLEDRONIC-ACID-FA7C09FC,Zoledronic Acid,Powder for Injection,4 mg,1 Vial,T,Anti-cancer agents including Immunosuppressives and Medicines used in Palliative Care,NPPA S.O. 1575(E) dated 25.03.2026 (NLEM 2022 list) + NLEM 2022 (CDSCO),https://nppa.gov.in/storage/uploads/tender/0fd8be342c35d5a46a13b281cadc5e4f.pdf,2026-09-26T19:23:24Z,REAL
ZOLPIDEM-BB3DF2F3,Zolpidem,Tablet,5 mg,1 Tablet,"P,S,T",Medicines used in treatment of Psychiatric Disorders,NPPA S.O. 1575(E) dated 25.03.2026 (NLEM 2022 list) + NLEM 2022 (CDSCO),https://nppa.gov.in/storage/uploads/tender/0fd8be342c35d5a46a13b281cadc5e4f.pdf,2026-09-26T19:23:24Z,REAL
ZOLPIDEM-09CCB2A6,Zolpidem,Tablet,10 mg,1 Tablet,"P,S,T",Medicines used in treatment of Psychiatric Disorders,NPPA S.O. 1575(E) dated 25.03.2026 (NLEM 2022 list) + NLEM 2022 (CDSCO),https://nppa.gov.in/storage/uploads/tender/0fd8be342c35d5a46a13b281cadc5e4f.pdf,2026-09-26T19:23:24Z,REAL
ABACAVIR-A-LAMIVUDINE-B-8C15B18C,Abacavir (A) + Lamivudine (B),Tablet,60 mg(A) + 30 mg(B),1 Tablet,"S,T",Anti-infective Medicines,NPPA S.O. 1581(E) dated 25.03.2026 (NLEM 2015 list) + NLEM 2022 (CDSCO),https://nppa.gov.in/storage/uploads/tender/0d883ca9b600c8a13cec452376176fc4.pdf,2026-09-26T19:24:04Z,REAL
ACETYLSALICYLIC-ACID-1E01C4F2,Acetylsalicylic Acid,Effervescent/ Dispersible/ Enteric Coated Tablet,100 mg,1 Tablet,"P,S,T","Analgesics, Antipyretics, Non-steroidal Anti-inflammatory Drugs (NSAIDs), Medicines used to treat Gout and Disease Modifying Agents used in Rheumatoid Disorders",NPPA S.O. 1581(E) dated 25.03.2026 (NLEM 2015 list) + NLEM 2022 (CDSCO),https://nppa.gov.in/storage/uploads/tender/0d883ca9b600c8a13cec452376176fc4.pdf,2026-09-26T19:24:04Z,REAL
ACETYLSALICYLIC-ACID-E39A51F9,Acetylsalicylic Acid,Tablet,100 mg,1 Tablet,"P,S,T","Analgesics, Antipyretics, Non-steroidal Anti-inflammatory Drugs (NSAIDs), Medicines used to treat Gout and Disease Modifying Agents used in Rheumatoid Disorders",NPPA S.O. 1581(E) dated 25.03.2026 (NLEM 2015 list) + NLEM 2022 (CDSCO),https://nppa.gov.in/storage/uploads/tender/0d883ca9b600c8a13cec452376176fc4.pdf,2026-09-26T19:24:04Z,REAL
ACETYLSALICYLIC-ACID-1491933D,Acetylsalicylic Acid,Tablet,350 mg,1 Tablet,"P,S,T","Analgesics, Antipyretics, Non-steroidal Anti-inflammatory Drugs (NSAIDs), Medicines used to treat Gout and Disease Modifying Agents used in Rheumatoid Disorders",NPPA S.O. 1581(E) dated 25.03.2026 (NLEM 2015 list) + NLEM 2022 (CDSCO),https://nppa.gov.in/storage/uploads/tender/0d883ca9b600c8a13cec452376176fc4.pdf,2026-09-26T19:24:04Z,REAL
ACETYLSALICYLIC-ACID-FB4F3B22,Acetylsalicylic Acid,Tablet,75 mg,1 Tablet,"P,S,T","Analgesics, Antipyretics, Non-steroidal Anti-inflammatory Drugs (NSAIDs), Medicines used to treat Gout and Disease Modifying Agents used in Rheumatoid Disorders",NPPA S.O. 1581(E) dated 25.03.2026 (NLEM 2015 list) + NLEM 2022 (CDSCO),https://nppa.gov.in/storage/uploads/tender/0d883ca9b600c8a13cec452376176fc4.pdf,2026-09-26T19:24:04Z,REAL
ACETYLSALICYLIC-ACID-0D16E8C4,Acetylsalicylic Acid,Tablet,150 mg,1 Tablet,"P,S,T","Analgesics, Antipyretics, Non-steroidal Anti-inflammatory Drugs (NSAIDs), Medicines used to treat Gout and Disease Modifying Agents used in Rheumatoid Disorders",NPPA S.O. 1581(E) dated 25.03.2026 (NLEM 2015 list) + NLEM 2022 (CDSCO),https://nppa.gov.in/storage/uploads/tender/0d883ca9b600c8a13cec452376176fc4.pdf,2026-09-26T19:24:04Z,REAL
ALL-TRANS-RETINOIC-ACID-27A1C28C,All-Trans Retinoic Acid,Capsule,10 mg,1 Capsule,T,Anti-cancer agents including Immunosuppressives and Medicines used in Palliative Care,NPPA S.O. 1581(E) dated 25.03.2026 (NLEM 2015 list) + NLEM 2022 (CDSCO),https://nppa.gov.in/storage/uploads/tender/0d883ca9b600c8a13cec452376176fc4.pdf,2026-09-26T19:24:04Z,REAL
ANTI-DIMMUNOGLOBULIN-33F44CA1,Anti-Dimmunoglobulin,Injection,300 mcg,Each Pack,"S,T",Immunologicals,NPPA S.O. 1581(E) dated 25.03.2026 (NLEM 2015 list) + NLEM 2022 (CDSCO),https://nppa.gov.in/storage/uploads/tender/0d883ca9b600c8a13cec452376176fc4.pdf,2026-09-26T19:24:04Z,REAL
ANTI-D-IMMUNOGLOBULIN-A29059CC,Anti-D Immunoglobulin,Injection,150 mcg,Each Vial,"S,T",Immunologicals,NPPA S.O. 1581(E) dated 25.03.2026 (NLEM 2015 list) + NLEM 2022 (CDSCO),https://nppa.gov.in/storage/uploads/tender/0d883ca9b600c8a13cec452376176fc4.pdf,2026-09-26T19:24:04Z,REAL
ARTESUNATE-A-SULPHADOXIN-16FD2072,Artesunate (A) + Sulphadoxine - Pyrimethamine (B),Combi Pack,1 Tablet 100 mg(A) + 1 Tablet (750 mg + 37.5 mg) (B),Combi Pack,"P,S,T",Anti-infective Medicines,NPPA S.O. 1581(E) dated 25.03.2026 (NLEM 2015 list) + NLEM 2022 (CDSCO),https://nppa.gov.in/storage/uploads/tender/0d883ca9b600c8a13cec452376176fc4.pdf,2026-09-26T19:24:04Z,REAL
ARTESUNATE-A-SULPHADOXIN-25ECD904,Artesunate (A) + Sulphadoxine - Pyrimethamine (B),Combi Pack,1 Tablet 150 mg(A) + 2 Tablet (500 mg + 25 mg) (B),Combi Pack,"P,S,T",Anti-infective Medicines,NPPA S.O. 1581(E) dated 25.03.2026 (NLEM 2015 list) + NLEM 2022 (CDSCO),https://nppa.gov.in/storage/uploads/tender/0d883ca9b600c8a13cec452376176fc4.pdf,2026-09-26T19:24:04Z,REAL
ARTESUNATE-A-SULPHADOXIN-9D5369A9,Artesunate (A) + Sulphadoxine - Pyrimethamine (B),Combi Pack,1 Tablet 200 mg(A) + 2 Tablet (750 mg + 37.5 mg) (B),Combi Pack,"P,S,T",Anti-infective Medicines,NPPA S.O. 1581(E) dated 25.03.2026 (NLEM 2015 list) + NLEM 2022 (CDSCO),https://nppa.gov.in/storage/uploads/tender/0d883ca9b600c8a13cec452376176fc4.pdf,2026-09-26T19:24:04Z,REAL
ARTESUNATE-A-SULPHADOXIN-C09001E5,Artesunate (A) + Sulphadoxine - Pyrimethamine (B),Combi Pack,1 Tablet 25 mg(A) + 1 Tablet (250 mg + 12.5 mg) (B),Combi Pack,"P,S,T",Anti-infective Medicines,NPPA S.O. 1581(E) dated 25.03.2026 (NLEM 2015 list) + NLEM 2022 (CDSCO),https://nppa.gov.in/storage/uploads/tender/0d883ca9b600c8a13cec452376176fc4.pdf,2026-09-26T19:24:04Z,REAL
BENZOYL-PEROXIDE-F4EA3E9D,Benzoyl Peroxide,Cream,2.5 %,1 g,"P,S,T",Dermatological Medicines (Topical),NPPA S.O. 1581(E) dated 25.03.2026 (NLEM 2015 list) + NLEM 2022 (CDSCO),https://nppa.gov.in/storage/uploads/tender/0d883ca9b600c8a13cec452376176fc4.pdf,2026-09-26T19:24:04Z,REAL
BENZYL-PENICILLIN-86CA1B40,Benzyl Penicillin,Powder for Injection,10 Lac Units,Each Pack,"P,S,T",Anti-infective Medicines,NPPA S.O. 1581(E) dated 25.03.2026 (NLEM 2015 list) + NLEM 2022 (CDSCO),https://nppa.gov.in/storage/uploads/tender/0d883ca9b600c8a13cec452376176fc4.pdf,2026-09-26T19:24:04Z,REAL
BETAMETHASONE-B5E1F9EB,Betamethasone,Lotion,0.1 %,1 mL,"P,S,T",Oxytocics and Antioxytocics,NPPA S.O. 1581(E) dated 25.03.2026 (NLEM 2015 list) + NLEM 2022 (CDSCO),https://nppa.gov.in/storage/uploads/tender/0d883ca9b600c8a13cec452376176fc4.pdf,2026-09-26T19:24:04Z,REAL
BUDESONIDE-0C3CE769,Budesonide,Nasal Spray,50 mcg/dose,1 Dose,"P,S,T","Ear, Nose and Throat Medicines",NPPA S.O. 1581(E) dated 25.03.2026 (NLEM 2015 list) + NLEM 2022 (CDSCO),https://nppa.gov.in/storage/uploads/tender/0d883ca9b600c8a13cec452376176fc4.pdf,2026-09-26T19:24:04Z,REAL
BUDESONIDE-9741644D,Budesonide,Inhalation (DPI),100 mcg/dose,1 Dose,"P,S,T","Ear, Nose and Throat Medicines",NPPA S.O. 1581(E) dated 25.03.2026 (NLEM 2015 list) + NLEM 2022 (CDSCO),https://nppa.gov.in/storage/uploads/tender/0d883ca9b600c8a13cec452376176fc4.pdf,2026-09-26T19:24:04Z,REAL
CALCIUM-CARBONATE-BAD40ECB,Calcium Carbonate,Tablet,500 mg,1 Tablet,"P,S,T",Vitamins and Minerals,NPPA S.O. 1581(E) dated 25.03.2026 (NLEM 2015 list) + NLEM 2022 (CDSCO),https://nppa.gov.in/storage/uploads/tender/0d883ca9b600c8a13cec452376176fc4.pdf,2026-09-26T19:24:04Z,REAL
CALCIUM-GLUCONATE-B810CD2F,Calcium Gluconate,Injection,100 mg/mL,1 mL,"P,S,T",Antidotes and Other Substances used in Management of Poisonings/Envenomation,NPPA S.O. 1581(E) dated 25.03.2026 (NLEM 2015 list) + NLEM 2022 (CDSCO),https://nppa.gov.in/storage/uploads/tender/0d883ca9b600c8a13cec452376176fc4.pdf,2026-09-26T19:24:04Z,REAL
CEFADROXIL-97243FDF,Cefadroxil,Capsule,500 mg,1 Capsule,"P,S,T",Anti-infective Medicines,NPPA S.O. 1581(E) dated 25.03.2026 (NLEM 2015 list) + NLEM 2022 (CDSCO),https://nppa.gov.in/storage/uploads/tender/0d883ca9b600c8a13cec452376176fc4.pdf,2026-09-26T19:24:04Z,REAL
CEFAZOLIN-54668CD9,Cefazolin,Powder for Injection,1 g,Each Pack,"P,S,T",Anti-infective Medicines,NPPA S.O. 1581(E) dated 25.03.2026 (NLEM 2015 list) + NLEM 2022 (CDSCO),https://nppa.gov.in/storage/uploads/tender/0d883ca9b600c8a13cec452376176fc4.pdf,2026-09-26T19:24:04Z,REAL
CEFAZOLIN-5138B42A,Cefazolin,Powder for Injection,500 mg,Each Pack,"P,S,T",Anti-infective Medicines,NPPA S.O. 1581(E) dated 25.03.2026 (NLEM 2015 list) + NLEM 2022 (CDSCO),https://nppa.gov.in/storage/uploads/tender/0d883ca9b600c8a13cec452376176fc4.pdf,2026-09-26T19:24:04Z,REAL
CEFIXIME-EF4BD2AD,Cefixime,Capsule,400 mg,1 Capsule,"S,T",Anti-infective Medicines,NPPA S.O. 1581(E) dated 25.03.2026 (NLEM 2015 list) + NLEM 2022 (CDSCO),https://nppa.gov.in/storage/uploads/tender/0d883ca9b600c8a13cec452376176fc4.pdf,2026-09-26T19:24:04Z,REAL
CETIRIZINE-950C4336,Cetirizine,Capsule,10 mg,1 Capsule,"P,S,T",Antiallergics and Medicines used in Anaphylaxis,NPPA S.O. 1581(E) dated 25.03.2026 (NLEM 2015 list) + NLEM 2022 (CDSCO),https://nppa.gov.in/storage/uploads/tender/0d883ca9b600c8a13cec452376176fc4.pdf,2026-09-26T19:24:04Z,REAL
CHLORHEXIDINE-D85BD8D5,Chlorhexidine,Solution,5 % (Concentrate for dilution),1 mL,"P,S,T",Antiseptics and Disinfectants,NPPA S.O. 1581(E) dated 25.03.2026 (NLEM 2015 list) + NLEM 2022 (CDSCO),https://nppa.gov.in/storage/uploads/tender/0d883ca9b600c8a13cec452376176fc4.pdf,2026-09-26T19:24:04Z,REAL
CLOXACILLIN-69BF0586,Cloxacillin,Tablet,250 mg,1 Tablet,"P,S,T",Anti-infective Medicines,NPPA S.O. 1581(E) dated 25.03.2026 (NLEM 2015 list) + NLEM 2022 (CDSCO),https://nppa.gov.in/storage/uploads/tender/0d883ca9b600c8a13cec452376176fc4.pdf,2026-09-26T19:24:04Z,REAL
CLOXACILLIN-9A1B765E,Cloxacillin,Powder for Injection,250 mg,Each Pack,"P,S,T",Anti-infective Medicines,NPPA S.O. 1581(E) dated 25.03.2026 (NLEM 2015 list) + NLEM 2022 (CDSCO),https://nppa.gov.in/storage/uploads/tender/0d883ca9b600c8a13cec452376176fc4.pdf,2026-09-26T19:24:04Z,REAL
COAGULATION-FACTOR-IX-165D97EF,Coagulation Factor IX,Powder for Injection,600 IU,Each Pack,"S,T",Blood products and Plasma substitutes,NPPA S.O. 1581(E) dated 25.03.2026 (NLEM 2015 list) + NLEM 2022 (CDSCO),https://nppa.gov.in/storage/uploads/tender/0d883ca9b600c8a13cec452376176fc4.pdf,2026-09-26T19:24:04Z,REAL
COAGULATION-FACTOR-VIII-BD591A83,Coagulation Factor VIII,Powder for Injection,250 IU,Each Pack,"S,T",Blood products and Plasma substitutes,NPPA S.O. 1581(E) dated 25.03.2026 (NLEM 2015 list) + NLEM 2022 (CDSCO),https://nppa.gov.in/storage/uploads/tender/0d883ca9b600c8a13cec452376176fc4.pdf,2026-09-26T19:24:04Z,REAL
COAGULATION-FACTOR-VIII-A3251A86,Coagulation Factor VIII,Powder for Injection,500 IU,Each Pack,"S,T",Blood products and Plasma substitutes,NPPA S.O. 1581(E) dated 25.03.2026 (NLEM 2015 list) + NLEM 2022 (CDSCO),https://nppa.gov.in/storage/uploads/tender/0d883ca9b600c8a13cec452376176fc4.pdf,2026-09-26T19:24:04Z,REAL
CYCLOSPORINE-E3C5B592,Cyclosporine,Injection,50 mg/mL,1 mL,T,Anti-cancer agents including Immunosuppressives and Medicines used in Palliative Care,NPPA S.O. 1581(E) dated 25.03.2026 (NLEM 2015 list) + NLEM 2022 (CDSCO),https://nppa.gov.in/storage/uploads/tender/0d883ca9b600c8a13cec452376176fc4.pdf,2026-09-26T19:24:04Z,REAL
DAUNARUBICIN-D6340337,Daunarubicin,Powder for I.V. Injection,20 mg (5 mg/mL),Each Pack,,,NPPA S.O. 1581(E) dated 25.03.2026 (NLEM 2015 list),https://nppa.gov.in/storage/uploads/tender/0d883ca9b600c8a13cec452376176fc4.pdf,2026-09-26T19:24:04Z,REAL
DEXTRAN-40-5AD96CF2,Dextran-40,Injection,10 %,1 mL,"S,T",Blood products and Plasma substitutes,NPPA S.O. 1581(E) dated 25.03.2026 (NLEM 2015 list) + NLEM 2022 (CDSCO),https://nppa.gov.in/storage/uploads/tender/0d883ca9b600c8a13cec452376176fc4.pdf,2026-09-26T19:24:04Z,REAL
DIAZEPAM-6A00434F,Diazepam,Oral Liquid,2 mg/5 mL,1 mL,"P,S,T",Medicines used in Neurological Disorders,NPPA S.O. 1581(E) dated 25.03.2026 (NLEM 2015 list) + NLEM 2022 (CDSCO),https://nppa.gov.in/storage/uploads/tender/0d883ca9b600c8a13cec452376176fc4.pdf,2026-09-26T19:24:04Z,REAL
DICLOFENAC-3A4FDB4D,Diclofenac,Capsule,50 mg,1 Capsule,"P,S,T","Analgesics, Antipyretics, Non-steroidal Anti-inflammatory Drugs (NSAIDs), Medicines used to treat Gout and Disease Modifying Agents used in Rheumatoid Disorders",NPPA S.O. 1581(E) dated 25.03.2026 (NLEM 2015 list) + NLEM 2022 (CDSCO),https://nppa.gov.in/storage/uploads/tender/0d883ca9b600c8a13cec452376176fc4.pdf,2026-09-26T19:24:04Z,REAL
DICYCLOMINE-D24A2230,Dicyclomine,Oral Solution,10 mg/5 mL,1 mL,"P,S,T",Gastrointestinal Medicines,NPPA S.O. 1581(E) dated 25.03.2026 (NLEM 2015 list) + NLEM 2022 (CDSCO),https://nppa.gov.in/storage/uploads/tender/0d883ca9b600c8a13cec452376176fc4.pdf,2026-09-26T19:24:04Z,REAL
DICYCLOMINE-E3C2DE66,Dicyclomine,Tablet,10 mg,1 Tablet,"P,S,T",Gastrointestinal Medicines,NPPA S.O. 1581(E) dated 25.03.2026 (NLEM 2015 list) + NLEM 2022 (CDSCO),https://nppa.gov.in/storage/uploads/tender/0d883ca9b600c8a13cec452376176fc4.pdf,2026-09-26T19:24:04Z,REAL
DINOPROSTONE-47A8165F,Dinoprostone,Tablet,0.5 mg,1 Tablet,"S,T",Oxytocics and Antioxytocics,NPPA S.O. 1581(E) dated 25.03.2026 (NLEM 2015 list) + NLEM 2022 (CDSCO),https://nppa.gov.in/storage/uploads/tender/0d883ca9b600c8a13cec452376176fc4.pdf,2026-09-26T19:24:04Z,REAL
DIPHTHERIA-ANTITOXIN-E9EEA2D1,Diphtheria Antitoxin,Each Pack,10000 IU,Each Pack,"P,S,T",Immunologicals,NPPA S.O. 1581(E) dated 25.03.2026 (NLEM 2015 list) + NLEM 2022 (CDSCO),https://nppa.gov.in/storage/uploads/tender/0d883ca9b600c8a13cec452376176fc4.pdf,2026-09-26T19:24:04Z,REAL
DPT-VACCINE-89AF94F7,DPT Vaccine,,,Per 0.5 mL,"P,S,T",Immunologicals,NPPA S.O. 1581(E) dated 25.03.2026 (NLEM 2015 list) + NLEM 2022 (CDSCO),https://nppa.gov.in/storage/uploads/tender/0d883ca9b600c8a13cec452376176fc4.pdf,2026-09-26T19:24:04Z,REAL
FERROUS-SALT-A-FOLIC-ACI-4A09FB4D,Ferrous Salt (A) + Folic Acid (B),Tablet,100 mg elemental iron (A) + 500 mcg (B),1 Tablet,"P,S,T",Medicines affecting Blood,NPPA S.O. 1581(E) dated 25.03.2026 (NLEM 2015 list) + NLEM 2022 (CDSCO),https://nppa.gov.in/storage/uploads/tender/0d883ca9b600c8a13cec452376176fc4.pdf,2026-09-26T19:24:04Z,REAL
FLUCONAZOLE-EBAF715E,Fluconazole,Oral Liquid,50 mg/5 mL,1 mL,"P,S,T",Anti-infective Medicines,NPPA S.O. 1581(E) dated 25.03.2026 (NLEM 2015 list) + NLEM 2022 (CDSCO),https://nppa.gov.in/storage/uploads/tender/0d883ca9b600c8a13cec452376176fc4.pdf,2026-09-26T19:24:04Z,REAL
GADOBENATE-6E6ADFAB,Gadobenate,Injection,529 mg/mL,1 mL,,,NPPA S.O. 1581(E) dated 25.03.2026 (NLEM 2015 list),https://nppa.gov.in/storage/uploads/tender/0d883ca9b600c8a13cec452376176fc4.pdf,2026-09-26T19:24:04Z,REAL
GLUCOSE-520185CC,Glucose,Injection,50 %,1 mL,"P,S,T","Hormones, other Endocrine Medicines and Contraceptives",NPPA S.O. 1581(E) dated 25.03.2026 (NLEM 2015 list) + NLEM 2022 (CDSCO),https://nppa.gov.in/storage/uploads/tender/0d883ca9b600c8a13cec452376176fc4.pdf,2026-09-26T19:24:04Z,REAL
GLUCOSE-317F475F,Glucose,Injection,5 %,1000 mL Glass,"P,S,T","Hormones, other Endocrine Medicines and Contraceptives",NPPA S.O. 1581(E) dated 25.03.2026 (NLEM 2015 list) + NLEM 2022 (CDSCO),https://nppa.gov.in/storage/uploads/tender/0d883ca9b600c8a13cec452376176fc4.pdf,2026-09-26T19:24:04Z,REAL
GLUCOSE-BC6AC999,Glucose,Injection,5 %,1000 mL Non-Glass,"P,S,T","Hormones, other Endocrine Medicines and Contraceptives",NPPA S.O. 1581(E) dated 25.03.2026 (NLEM 2015 list) + NLEM 2022 (CDSCO),https://nppa.gov.in/storage/uploads/tender/0d883ca9b600c8a13cec452376176fc4.pdf,2026-09-26T19:24:04Z,REAL
GLUCOSE-CE4370B9,Glucose,Injection,5 %,100 mL Glass,"P,S,T","Hormones, other Endocrine Medicines and Contraceptives",NPPA S.O. 1581(E) dated 25.03.2026 (NLEM 2015 list) + NLEM 2022 (CDSCO),https://nppa.gov.in/storage/uploads/tender/0d883ca9b600c8a13cec452376176fc4.pdf,2026-09-26T19:24:04Z,REAL
GLUCOSE-A21E4115,Glucose,Injection,5 %,100 mL Non-Glass,"P,S,T","Hormones, other Endocrine Medicines and Contraceptives",NPPA S.O. 1581(E) dated 25.03.2026 (NLEM 2015 list) + NLEM 2022 (CDSCO),https://nppa.gov.in/storage/uploads/tender/0d883ca9b600c8a13cec452376176fc4.pdf,2026-09-26T19:24:04Z,REAL
GLUCOSE-01263BD1,Glucose,Injection,5 %,250 mL Glass,"P,S,T","Hormones, other Endocrine Medicines and Contraceptives",NPPA S.O. 1581(E) dated 25.03.2026 (NLEM 2015 list) + NLEM 2022 (CDSCO),https://nppa.gov.in/storage/uploads/tender/0d883ca9b600c8a13cec452376176fc4.pdf,2026-09-26T19:24:04Z,REAL
GLUCOSE-3A9DB7F5,Glucose,Injection,5 %,250 mL Non-Glass,"P,S,T","Hormones, other Endocrine Medicines and Contraceptives",NPPA S.O. 1581(E) dated 25.03.2026 (NLEM 2015 list) + NLEM 2022 (CDSCO),https://nppa.gov.in/storage/uploads/tender/0d883ca9b600c8a13cec452376176fc4.pdf,2026-09-26T19:24:04Z,REAL
GLUCOSE-3B9FB723,Glucose,Injection,5 %,500 mL Glass,"P,S,T","Hormones, other Endocrine Medicines and Contraceptives",NPPA S.O. 1581(E) dated 25.03.2026 (NLEM 2015 list) + NLEM 2022 (CDSCO),https://nppa.gov.in/storage/uploads/tender/0d883ca9b600c8a13cec452376176fc4.pdf,2026-09-26T19:24:04Z,REAL
GLUCOSE-531402CF,Glucose,Injection,5 %,500 mL Non-Glass,"P,S,T","Hormones, other Endocrine Medicines and Contraceptives",NPPA S.O. 1581(E) dated 25.03.2026 (NLEM 2015 list) + NLEM 2022 (CDSCO),https://nppa.gov.in/storage/uploads/tender/0d883ca9b600c8a13cec452376176fc4.pdf,2026-09-26T19:24:04Z,REAL
GLUCOSE-D971D3BC,Glucose,Injection,10 %,Each Pack (1000 mL),"P,S,T","Hormones, other Endocrine Medicines and Contraceptives",NPPA S.O. 1581(E) dated 25.03.2026 (NLEM 2015 list) + NLEM 2022 (CDSCO),https://nppa.gov.in/storage/uploads/tender/0d883ca9b600c8a13cec452376176fc4.pdf,2026-09-26T19:24:04Z,REAL
GLUCOSE-C2172B3D,Glucose,Injection,10 %,Each Pack (500 mL),"P,S,T","Hormones, other Endocrine Medicines and Contraceptives",NPPA S.O. 1581(E) dated 25.03.2026 (NLEM 2015 list) + NLEM 2022 (CDSCO),https://nppa.gov.in/storage/uploads/tender/0d883ca9b600c8a13cec452376176fc4.pdf,2026-09-26T19:24:04Z,REAL
GLUCOSE-A-SODIUM-CHLORID-63DCE3E8,Glucose (A) + Sodium Chloride (B),Injection,5 % (A) + 0.9 % (B),1000 mL Glass,"P,S,T","Solutions correcting Water, Electrolyte disturbances and Acid-base disturbances",NPPA S.O. 1581(E) dated 25.03.2026 (NLEM 2015 list) + NLEM 2022 (CDSCO),https://nppa.gov.in/storage/uploads/tender/0d883ca9b600c8a13cec452376176fc4.pdf,2026-09-26T19:24:04Z,REAL
GLUCOSE-A-SODIUM-CHLORID-A54F11CC,Glucose (A) + Sodium Chloride (B),Injection,5 % (A) + 0.9 % (B),1000 mL Non-Glass,"P,S,T","Solutions correcting Water, Electrolyte disturbances and Acid-base disturbances",NPPA S.O. 1581(E) dated 25.03.2026 (NLEM 2015 list) + NLEM 2022 (CDSCO),https://nppa.gov.in/storage/uploads/tender/0d883ca9b600c8a13cec452376176fc4.pdf,2026-09-26T19:24:04Z,REAL
GLUCOSE-A-SODIUM-CHLORID-429750B5,Glucose (A) + Sodium Chloride (B),Injection,5 % (A) + 0.9 % (B),100 mL Glass,"P,S,T","Solutions correcting Water, Electrolyte disturbances and Acid-base disturbances",NPPA S.O. 1581(E) dated 25.03.2026 (NLEM 2015 list) + NLEM 2022 (CDSCO),https://nppa.gov.in/storage/uploads/tender/0d883ca9b600c8a13cec452376176fc4.pdf,2026-09-26T19:24:04Z,REAL
GLUCOSE-A-SODIUM-CHLORID-223B9FFB,Glucose (A) + Sodium Chloride (B),Injection,5 % (A) + 0.9 % (B),100 mL Non-Glass,"P,S,T","Solutions correcting Water, Electrolyte disturbances and Acid-base disturbances",NPPA S.O. 1581(E) dated 25.03.2026 (NLEM 2015 list) + NLEM 2022 (CDSCO),https://nppa.gov.in/storage/uploads/tender/0d883ca9b600c8a13cec452376176fc4.pdf,2026-09-26T19:24:04Z,REAL
GLUCOSE-A-SODIUM-CHLORID-0D26FFB3,Glucose (A) + Sodium Chloride (B),Injection,5 % (A) + 0.9 % (B),250 mL Glass,"P,S,T","Solutions correcting Water, Electrolyte disturbances and Acid-base disturbances",NPPA S.O. 1581(E) dated 25.03.2026 (NLEM 2015 list) + NLEM 2022 (CDSCO),https://nppa.gov.in/storage/uploads/tender/0d883ca9b600c8a13cec452376176fc4.pdf,2026-09-26T19:24:04Z,REAL
GLUCOSE-A-SODIUM-CHLORID-E752ADD7,Glucose (A) + Sodium Chloride (B),Injection,5 % (A) + 0.9 % (B),250 mL Non-Glass,"P,S,T","Solutions correcting Water, Electrolyte disturbances and Acid-base disturbances",NPPA S.O. 1581(E) dated 25.03.2026 (NLEM 2015 list) + NLEM 2022 (CDSCO),https://nppa.gov.in/storage/uploads/tender/0d883ca9b600c8a13cec452376176fc4.pdf,2026-09-26T19:24:04Z,REAL
GLUCOSE-A-SODIUM-CHLORID-B4442C47,Glucose (A) + Sodium Chloride (B),Injection,5 % (A) + 0.9 % (B),500 mL Glass,"P,S,T","Solutions correcting Water, Electrolyte disturbances and Acid-base disturbances",NPPA S.O. 1581(E) dated 25.03.2026 (NLEM 2015 list) + NLEM 2022 (CDSCO),https://nppa.gov.in/storage/uploads/tender/0d883ca9b600c8a13cec452376176fc4.pdf,2026-09-26T19:24:04Z,REAL
GLUCOSE-A-SODIUM-CHLORID-574A5042,Glucose (A) + Sodium Chloride (B),Injection,5 % (A) + 0.9 % (B),500 mL Non-Glass,"P,S,T","Solutions correcting Water, Electrolyte disturbances and Acid-base disturbances",NPPA S.O. 1581(E) dated 25.03.2026 (NLEM 2015 list) + NLEM 2022 (CDSCO),https://nppa.gov.in/storage/uploads/tender/0d883ca9b600c8a13cec452376176fc4.pdf,2026-09-26T19:24:04Z,REAL
GLUTARALDEHYDE-06FD3868,Glutaraldehyde,Solution,2 %,1 mL,"S,T",Antiseptics and Disinfectants,NPPA S.O. 1581(E) dated 25.03.2026 (NLEM 2015 list) + NLEM 2022 (CDSCO),https://nppa.gov.in/storage/uploads/tender/0d883ca9b600c8a13cec452376176fc4.pdf,2026-09-26T19:24:04Z,REAL
GRISEOFULVIN-2386A142,Griseofulvin,Tablet,125 mg,1 Tablet,"P,S,T",Anti-infective Medicines,NPPA S.O. 1581(E) dated 25.03.2026 (NLEM 2015 list) + NLEM 2022 (CDSCO),https://nppa.gov.in/storage/uploads/tender/0d883ca9b600c8a13cec452376176fc4.pdf,2026-09-26T19:24:04Z,REAL
GRISEOFULVIN-08C2F9CC,Griseofulvin,Tablet,375 mg,1 Tablet,"P,S,T",Anti-infective Medicines,NPPA S.O. 1581(E) dated 25.03.2026 (NLEM 2015 list) + NLEM 2022 (CDSCO),https://nppa.gov.in/storage/uploads/tender/0d883ca9b600c8a13cec452376176fc4.pdf,2026-09-26T19:24:04Z,REAL
HAEMODIALYSIS-FLUID-16577C8F,Haemodialysis Fluid,As License,,1 mL,"S,T",Dialysis components (Haemodialysis and Peritoneal Dialysis),NPPA S.O. 1581(E) dated 25.03.2026 (NLEM 2015 list) + NLEM 2022 (CDSCO),https://nppa.gov.in/storage/uploads/tender/0d883ca9b600c8a13cec452376176fc4.pdf,2026-09-26T19:24:04Z,REAL
HYDROCHLOROTHIAZIDE-05C757D4,Hydrochlorothiazide,Tablet,50 mg,1 Tablet,"P,S,T",Cardiovascular Medicines,NPPA S.O. 1581(E) dated 25.03.2026 (NLEM 2015 list) + NLEM 2022 (CDSCO),https://nppa.gov.in/storage/uploads/tender/0d883ca9b600c8a13cec452376176fc4.pdf,2026-09-26T19:24:04Z,REAL
HYDROGEN-PEROXIDE-F6BC5AB0,Hydrogen Peroxide,Solution,6 %,1 mL,"P,S,T",Antiseptics and Disinfectants,NPPA S.O. 1581(E) dated 25.03.2026 (NLEM 2015 list) + NLEM 2022 (CDSCO),https://nppa.gov.in/storage/uploads/tender/0d883ca9b600c8a13cec452376176fc4.pdf,2026-09-26T19:24:04Z,REAL
HYDROXOCOBALAMIN-CDA51ECD,Hydroxocobalamin,Injection,1 mg/mL,1 mL,"P,S,T",Medicines affecting Blood,NPPA S.O. 1581(E) dated 25.03.2026 (NLEM 2015 list) + NLEM 2022 (CDSCO),https://nppa.gov.in/storage/uploads/tender/0d883ca9b600c8a13cec452376176fc4.pdf,2026-09-26T19:24:04Z,REAL
IBUPROFEN-9BF514F4,Ibuprofen,Capsule,200 mg,1 Soft Gelatin Capsule,"P,S,T","Analgesics, Antipyretics, Non-steroidal Anti-inflammatory Drugs (NSAIDs), Medicines used to treat Gout and Disease Modifying Agents used in Rheumatoid Disorders",NPPA S.O. 1581(E) dated 25.03.2026 (NLEM 2015 list) + NLEM 2022 (CDSCO),https://nppa.gov.in/storage/uploads/tender/0d883ca9b600c8a13cec452376176fc4.pdf,2026-09-26T19:24:04Z,REAL
IMATINIB-1FA776D9,Imatinib,Capsule,400 mg,1 Capsule,T,Anti-cancer agents including Immunosuppressives and Medicines used in Palliative Care,NPPA S.O. 1581(E) dated 25.03.2026 (NLEM 2015 list) + NLEM 2022 (CDSCO),https://nppa.gov.in/storage/uploads/tender/0d883ca9b600c8a13cec452376176fc4.pdf,2026-09-26T19:24:04Z,REAL
IPRATROPIUM-89B63789,Ipratropium,Inhalation (MDI/DPI),20 mcg/dose,1 Dose,"P,S,T",Medicines acting on the Respiratory tract,NPPA S.O. 1581(E) dated 25.03.2026 (NLEM 2015 list) + NLEM 2022 (CDSCO),https://nppa.gov.in/storage/uploads/tender/0d883ca9b600c8a13cec452376176fc4.pdf,2026-09-26T19:24:04Z,REAL
KETAMINE-F0F0E1E3,Ketamine,Injection,10 mg/mL,1 mL,"P,S,T",Medicines used in Anaesthesia,NPPA S.O. 1581(E) dated 25.03.2026 (NLEM 2015 list) + NLEM 2022 (CDSCO),https://nppa.gov.in/storage/uploads/tender/0d883ca9b600c8a13cec452376176fc4.pdf,2026-09-26T19:24:04Z,REAL
LEVONORGESTREL-C6B1486B,Levonorgestrel,Tablet,0.75 mg,1 Tablet,"P,S,T","Hormones, other Endocrine Medicines and Contraceptives",NPPA S.O. 1581(E) dated 25.03.2026 (NLEM 2015 list) + NLEM 2022 (CDSCO),https://nppa.gov.in/storage/uploads/tender/0d883ca9b600c8a13cec452376176fc4.pdf,2026-09-26T19:24:04Z,REAL
LEVOTHYROXINE-F77E7154,Levothyroxine,Tablet,37.50 mcg,1 Tablet,"P,S,T","Hormones, other Endocrine Medicines and Contraceptives",NPPA S.O. 1581(E) dated 25.03.2026 (NLEM 2015 list) + NLEM 2022 (CDSCO),https://nppa.gov.in/storage/uploads/tender/0d883ca9b600c8a13cec452376176fc4.pdf,2026-09-26T19:24:04Z,REAL
LIGNOCAINE-A-ADRENALINE-C4858D44,Lignocaine (A) + Adrenaline (B),Injection,1 % (A) + 1:200000 (5 mcg/mL) (B),1 mL,"P,S,T",Medicines used in Anaesthesia,NPPA S.O. 1581(E) dated 25.03.2026 (NLEM 2015 list) + NLEM 2022 (CDSCO),https://nppa.gov.in/storage/uploads/tender/0d883ca9b600c8a13cec452376176fc4.pdf,2026-09-26T19:24:04Z,REAL
LOPINAVIR-A-RITONAVIR-B-EB703DA3,Lopinavir (A) + Ritonavir (B),Tablet,100 mg(A) + 25 mg(B),1 Tablet,"S,T",Anti-infective Medicines,NPPA S.O. 1581(E) dated 25.03.2026 (NLEM 2015 list) + NLEM 2022 (CDSCO),https://nppa.gov.in/storage/uploads/tender/0d883ca9b600c8a13cec452376176fc4.pdf,2026-09-26T19:24:04Z,REAL
METHOTREXATE-03D4B449,Methotrexate,Injection,50 mg/mL,1 mL,"P,S,T","Analgesics, Antipyretics, Non-steroidal Anti-inflammatory Drugs (NSAIDs), Medicines used to treat Gout and Disease Modifying Agents used in Rheumatoid Disorders",NPPA S.O. 1581(E) dated 25.03.2026 (NLEM 2015 list) + NLEM 2022 (CDSCO),https://nppa.gov.in/storage/uploads/tender/0d883ca9b600c8a13cec452376176fc4.pdf,2026-09-26T19:24:04Z,REAL
METHYLROSANILINIUM-CHLOR-B3905A82,Methylrosanilinium Chloride (Gentian Violet),Paint,1 %,1 mL,"P,S,T",Antiseptics and Disinfectants,NPPA S.O. 1581(E) dated 25.03.2026 (NLEM 2015 list) + NLEM 2022 (CDSCO),https://nppa.gov.in/storage/uploads/tender/0d883ca9b600c8a13cec452376176fc4.pdf,2026-09-26T19:24:04Z,REAL
METHYLTHIONINIUM-CHLORID-7564A3A3,Methylthioninium Chloride (Methylene Blue),Injection,10 mg/mL,1 mL,"S,T",Antidotes and Other Substances used in Management of Poisonings/Envenomation,NPPA S.O. 1581(E) dated 25.03.2026 (NLEM 2015 list) + NLEM 2022 (CDSCO),https://nppa.gov.in/storage/uploads/tender/0d883ca9b600c8a13cec452376176fc4.pdf,2026-09-26T19:24:04Z,REAL
MIDAZOLAM-A2204142,Midazolam,Tablet,7.5 mg,1 Tablet,"P,S,T",Medicines used in Anaesthesia,NPPA S.O. 1581(E) dated 25.03.2026 (NLEM 2015 list) + NLEM 2022 (CDSCO),https://nppa.gov.in/storage/uploads/tender/0d883ca9b600c8a13cec452376176fc4.pdf,2026-09-26T19:24:04Z,REAL
MORPHINE-E3223F5F,Morphine,SR Tablet,30 mg,1 Tablet,"P,S,T",Medicines used in Anaesthesia,NPPA S.O. 1581(E) dated 25.03.2026 (NLEM 2015 list) + NLEM 2022 (CDSCO),https://nppa.gov.in/storage/uploads/tender/0d883ca9b600c8a13cec452376176fc4.pdf,2026-09-26T19:24:04Z,REAL
MORPHINE-62EEDDF6,Morphine,Tablet,10 mg,1 Tablet,"P,S,T",Medicines used in Anaesthesia,NPPA S.O. 1581(E) dated 25.03.2026 (NLEM 2015 list) + NLEM 2022 (CDSCO),https://nppa.gov.in/storage/uploads/tender/0d883ca9b600c8a13cec452376176fc4.pdf,2026-09-26T19:24:04Z,REAL
N-ACETYLCYSTEINE-DED953CA,N-Acetylcysteine,Sachet,200 mg,1 g,"P,S,T",Antidotes and Other Substances used in Management of Poisonings/Envenomation,NPPA S.O. 1581(E) dated 25.03.2026 (NLEM 2015 list) + NLEM 2022 (CDSCO),https://nppa.gov.in/storage/uploads/tender/0d883ca9b600c8a13cec452376176fc4.pdf,2026-09-26T19:24:04Z,REAL
NEVIRAPINE-8C627BB8,Nevirapine,Oral Liquid,50 mg/5 mL,1 mL,"P,S,T",Anti-infective Medicines,NPPA S.O. 1581(E) dated 25.03.2026 (NLEM 2015 list) + NLEM 2022 (CDSCO),https://nppa.gov.in/storage/uploads/tender/0d883ca9b600c8a13cec452376176fc4.pdf,2026-09-26T19:24:04Z,REAL
OMEPRAZOLE-279AB214,Omeprazole,Tablet,10 mg,1 Tablet,"P,S,T",Gastrointestinal Medicines,NPPA S.O. 1581(E) dated 25.03.2026 (NLEM 2015 list) + NLEM 2022 (CDSCO),https://nppa.gov.in/storage/uploads/tender/0d883ca9b600c8a13cec452376176fc4.pdf,2026-09-26T19:24:04Z,REAL
ORAL-POLIOMYELITIS-VACCI-ED973BA1,Oral Poliomyelitis Vaccine,,,1 mL,"P,S,T",Immunologicals,NPPA S.O. 1581(E) dated 25.03.2026 (NLEM 2015 list) + NLEM 2022 (CDSCO),https://nppa.gov.in/storage/uploads/tender/0d883ca9b600c8a13cec452376176fc4.pdf,2026-09-26T19:24:04Z,REAL
PARA-AMINOSALICYLIC-ACID-A82D3E7B,Para-Aminosalicylic Acid,Granules (As Licensed),,1 g,"S,T",Anti-infective Medicines,NPPA S.O. 1581(E) dated 25.03.2026 (NLEM 2015 list) + NLEM 2022 (CDSCO),https://nppa.gov.in/storage/uploads/tender/0d883ca9b600c8a13cec452376176fc4.pdf,2026-09-26T19:24:04Z,REAL
PARACETAMOL-D59438CC,Paracetamol,Injection,150 mg/mL,Each Pack ( 0.5 mL),"P,S,T","Analgesics, Antipyretics, Non-steroidal Anti-inflammatory Drugs (NSAIDs), Medicines used to treat Gout and Disease Modifying Agents used in Rheumatoid Disorders",NPPA S.O. 1581(E) dated 25.03.2026 (NLEM 2015 list) + NLEM 2022 (CDSCO),https://nppa.gov.in/storage/uploads/tender/0d883ca9b600c8a13cec452376176fc4.pdf,2026-09-26T19:24:04Z,REAL
PARACETAMOL-445449A9,Paracetamol,Injection,150 mg/mL,Each Pack (1 mL),"P,S,T","Analgesics, Antipyretics, Non-steroidal Anti-inflammatory Drugs (NSAIDs), Medicines used to treat Gout and Disease Modifying Agents used in Rheumatoid Disorders",NPPA S.O. 1581(E) dated 25.03.2026 (NLEM 2015 list) + NLEM 2022 (CDSCO),https://nppa.gov.in/storage/uploads/tender/0d883ca9b600c8a13cec452376176fc4.pdf,2026-09-26T19:24:04Z,REAL
PARACETAMOL-39687E18,Paracetamol,Injection,150 mg/mL,Each Pack (3 mL),"P,S,T","Analgesics, Antipyretics, Non-steroidal Anti-inflammatory Drugs (NSAIDs), Medicines used to treat Gout and Disease Modifying Agents used in Rheumatoid Disorders",NPPA S.O. 1581(E) dated 25.03.2026 (NLEM 2015 list) + NLEM 2022 (CDSCO),https://nppa.gov.in/storage/uploads/tender/0d883ca9b600c8a13cec452376176fc4.pdf,2026-09-26T19:24:04Z,REAL
PARACETAMOL-7A6AC331,Paracetamol,Injection,150 mg/mL,Each Pack (4 mL),"P,S,T","Analgesics, Antipyretics, Non-steroidal Anti-inflammatory Drugs (NSAIDs), Medicines used to treat Gout and Disease Modifying Agents used in Rheumatoid Disorders",NPPA S.O. 1581(E) dated 25.03.2026 (NLEM 2015 list) + NLEM 2022 (CDSCO),https://nppa.gov.in/storage/uploads/tender/0d883ca9b600c8a13cec452376176fc4.pdf,2026-09-26T19:24:04Z,REAL
PARACETAMOL-C6EB8321,Paracetamol,Injection,150 mg/mL,Each Pack (5 mL),"P,S,T","Analgesics, Antipyretics, Non-steroidal Anti-inflammatory Drugs (NSAIDs), Medicines used to treat Gout and Disease Modifying Agents used in Rheumatoid Disorders",NPPA S.O. 1581(E) dated 25.03.2026 (NLEM 2015 list) + NLEM 2022 (CDSCO),https://nppa.gov.in/storage/uploads/tender/0d883ca9b600c8a13cec452376176fc4.pdf,2026-09-26T19:24:04Z,REAL
PARACETAMOL-D1C5B933,Paracetamol,Injection,150 mg/mL,Each Pack (7 mL),"P,S,T","Analgesics, Antipyretics, Non-steroidal Anti-inflammatory Drugs (NSAIDs), Medicines used to treat Gout and Disease Modifying Agents used in Rheumatoid Disorders",NPPA S.O. 1581(E) dated 25.03.2026 (NLEM 2015 list) + NLEM 2022 (CDSCO),https://nppa.gov.in/storage/uploads/tender/0d883ca9b600c8a13cec452376176fc4.pdf,2026-09-26T19:24:04Z,REAL
PENICILLAMINE-BB74930C,Penicillamine,Capsule,250 mg,1 Capsule,,,NPPA S.O. 1581(E) dated 25.03.2026 (NLEM 2015 list),https://nppa.gov.in/storage/uploads/tender/0d883ca9b600c8a13cec452376176fc4.pdf,2026-09-26T19:24:04Z,REAL
PHENYLEPHRINE-8172379C,Phenylephrine,Drop,10 %,1 mL,"P,S,T",Ophthalmological Medicines,NPPA S.O. 1581(E) dated 25.03.2026 (NLEM 2015 list) + NLEM 2022 (CDSCO),https://nppa.gov.in/storage/uploads/tender/0d883ca9b600c8a13cec452376176fc4.pdf,2026-09-26T19:24:04Z,REAL
PHENYLEPHRINE-508DA93E,Phenylephrine,Drops,5 %,1 mL,"P,S,T",Ophthalmological Medicines,NPPA S.O. 1581(E) dated 25.03.2026 (NLEM 2015 list) + NLEM 2022 (CDSCO),https://nppa.gov.in/storage/uploads/tender/0d883ca9b600c8a13cec452376176fc4.pdf,2026-09-26T19:24:04Z,REAL
PHENYTOIN-ACE2E427,Phenytoin,ER Capsule,300 mg,1 Capsule,"P,S,T",Medicines used in Neurological Disorders,NPPA S.O. 1581(E) dated 25.03.2026 (NLEM 2015 list) + NLEM 2022 (CDSCO),https://nppa.gov.in/storage/uploads/tender/0d883ca9b600c8a13cec452376176fc4.pdf,2026-09-26T19:24:04Z,REAL
PHENYTOIN-B1CF2801,Phenytoin,Injection,25 mg/mL,1 mL,"P,S,T",Medicines used in Neurological Disorders,NPPA S.O. 1581(E) dated 25.03.2026 (NLEM 2015 list) + NLEM 2022 (CDSCO),https://nppa.gov.in/storage/uploads/tender/0d883ca9b600c8a13cec452376176fc4.pdf,2026-09-26T19:24:04Z,REAL
PILOCARPINE-6D240763,Pilocarpine,Drops,4 %,1 mL,"P,S,T",Ophthalmological Medicines,NPPA S.O. 1581(E) dated 25.03.2026 (NLEM 2015 list) + NLEM 2022 (CDSCO),https://nppa.gov.in/storage/uploads/tender/0d883ca9b600c8a13cec452376176fc4.pdf,2026-09-26T19:24:04Z,REAL
POTASSIUM-PERMANGANATE-EB846658,Potassium Permanganate,Crystals for Topical Solution,,1 g,"P,S,T",Antiseptics and Disinfectants,NPPA S.O. 1581(E) dated 25.03.2026 (NLEM 2015 list) + NLEM 2022 (CDSCO),https://nppa.gov.in/storage/uploads/tender/0d883ca9b600c8a13cec452376176fc4.pdf,2026-09-26T19:24:04Z,REAL
POVIDONE-IODINE-8D0615A7,Povidone Iodine,Scrub,7.5 %,1 mL,"P,S,T",Antiseptics and Disinfectants,NPPA S.O. 1581(E) dated 25.03.2026 (NLEM 2015 list) + NLEM 2022 (CDSCO),https://nppa.gov.in/storage/uploads/tender/0d883ca9b600c8a13cec452376176fc4.pdf,2026-09-26T19:24:04Z,REAL
PRAZIQUANTEL-1A56D2E3,Praziquantel,Tablet,600 mg,1 Tablet,"S,T",Anti-infective Medicines,NPPA S.O. 1581(E) dated 25.03.2026 (NLEM 2015 list) + NLEM 2022 (CDSCO),https://nppa.gov.in/storage/uploads/tender/0d883ca9b600c8a13cec452376176fc4.pdf,2026-09-26T19:24:04Z,REAL
PREDNISOLONE-F70C91B2,Prednisolone,Injection,20 mg/2 mL,1 mL,"P,S,T",Antiallergics and Medicines used in Anaphylaxis,NPPA S.O. 1581(E) dated 25.03.2026 (NLEM 2015 list) + NLEM 2022 (CDSCO),https://nppa.gov.in/storage/uploads/tender/0d883ca9b600c8a13cec452376176fc4.pdf,2026-09-26T19:24:04Z,REAL
PYRAZINAMIDE-EA07CB65,Pyrazinamide,Oral Liquid,250 mg/5 mL,1 mL,"P,S,T",Anti-infective Medicines,NPPA S.O. 1581(E) dated 25.03.2026 (NLEM 2015 list) + NLEM 2022 (CDSCO),https://nppa.gov.in/storage/uploads/tender/0d883ca9b600c8a13cec452376176fc4.pdf,2026-09-26T19:24:04Z,REAL
RIFAMPICIN-2161B9C8,Rifampicin,Tablet,150 mg,1 Tablet,"P,S,T",Anti-infective Medicines,NPPA S.O. 1581(E) dated 25.03.2026 (NLEM 2015 list) + NLEM 2022 (CDSCO),https://nppa.gov.in/storage/uploads/tender/0d883ca9b600c8a13cec452376176fc4.pdf,2026-09-26T19:24:04Z,REAL
RINGER-LACTATE-697B4D0D,Ringer Lactate,Injection,1000 mL,Each Pack,"P,S,T","Solutions correcting Water, Electrolyte disturbances and Acid-base disturbances",NPPA S.O. 1581(E) dated 25.03.2026 (NLEM 2015 list) + NLEM 2022 (CDSCO),https://nppa.gov.in/storage/uploads/tender/0d883ca9b600c8a13cec452376176fc4.pdf,2026-09-26T19:24:04Z,REAL
RINGER-LACTATE-C4B94E71,Ringer Lactate,Injection,100 mL,Each Pack,"P,S,T","Solutions correcting Water, Electrolyte disturbances and Acid-base disturbances",NPPA S.O. 1581(E) dated 25.03.2026 (NLEM 2015 list) + NLEM 2022 (CDSCO),https://nppa.gov.in/storage/uploads/tender/0d883ca9b600c8a13cec452376176fc4.pdf,2026-09-26T19:24:04Z,REAL
RINGER-LACTATE-E2011E33,Ringer Lactate,Injection,250 mL,Each Pack,"P,S,T","Solutions correcting Water, Electrolyte disturbances and Acid-base disturbances",NPPA S.O. 1581(E) dated 25.03.2026 (NLEM 2015 list) + NLEM 2022 (CDSCO),https://nppa.gov.in/storage/uploads/tender/0d883ca9b600c8a13cec452376176fc4.pdf,2026-09-26T19:24:04Z,REAL
RINGER-LACTATE-FA2F81ED,Ringer Lactate,Injection,500 mL,Each Pack,"P,S,T","Solutions correcting Water, Electrolyte disturbances and Acid-base disturbances",NPPA S.O. 1581(E) dated 25.03.2026 (NLEM 2015 list) + NLEM 2022 (CDSCO),https://nppa.gov.in/storage/uploads/tender/0d883ca9b600c8a13cec452376176fc4.pdf,2026-09-26T19:24:04Z,REAL
RITONAVIR-7FC25C52,Ritonavir,Capsule,100 mg,1 Capsule,"S,T",Anti-infective Medicines,NPPA S.O. 1581(E) dated 25.03.2026 (NLEM 2015 list) + NLEM 2022 (CDSCO),https://nppa.gov.in/storage/uploads/tender/0d883ca9b600c8a13cec452376176fc4.pdf,2026-09-26T19:24:04Z,REAL
SALBUTAMOL-82189B39,Salbutamol,Capsule,4 mg,1 Capsule,"P,S,T",Medicines acting on the Respiratory tract,NPPA S.O. 1581(E) dated 25.03.2026 (NLEM 2015 list) + NLEM 2022 (CDSCO),https://nppa.gov.in/storage/uploads/tender/0d883ca9b600c8a13cec452376176fc4.pdf,2026-09-26T19:24:04Z,REAL
SILVER-SULPHADIAZINE-AE939DAC,Silver Sulphadiazine,Cream,1 %,1 g,"P,S,T",Dermatological Medicines (Topical),NPPA S.O. 1581(E) dated 25.03.2026 (NLEM 2015 list) + NLEM 2022 (CDSCO),https://nppa.gov.in/storage/uploads/tender/0d883ca9b600c8a13cec452376176fc4.pdf,2026-09-26T19:24:04Z,REAL
SODIUM-CHLORIDE-2E115847,Sodium Chloride,Injection,0.9 %,1000 mL Glass,"P,S,T","Solutions correcting Water, Electrolyte disturbances and Acid-base disturbances",NPPA S.O. 1581(E) dated 25.03.2026 (NLEM 2015 list) + NLEM 2022 (CDSCO),https://nppa.gov.in/storage/uploads/tender/0d883ca9b600c8a13cec452376176fc4.pdf,2026-09-26T19:24:04Z,REAL
SODIUM-CHLORIDE-F1C9DA23,Sodium Chloride,Injection,0.9 %,1000 mL Non-Glass,"P,S,T","Solutions correcting Water, Electrolyte disturbances and Acid-base disturbances",NPPA S.O. 1581(E) dated 25.03.2026 (NLEM 2015 list) + NLEM 2022 (CDSCO),https://nppa.gov.in/storage/uploads/tender/0d883ca9b600c8a13cec452376176fc4.pdf,2026-09-26T19:24:04Z,REAL
SODIUM-CHLORIDE-D3ACA94B,Sodium Chloride,Injection,0.9 %,100 mL Glass,"P,S,T","Solutions correcting Water, Electrolyte disturbances and Acid-base disturbances",NPPA S.O. 1581(E) dated 25.03.2026 (NLEM 2015 list) + NLEM 2022 (CDSCO),https://nppa.gov.in/storage/uploads/tender/0d883ca9b600c8a13cec452376176fc4.pdf,2026-09-26T19:24:04Z,REAL
SODIUM-CHLORIDE-FCB093A4,Sodium Chloride,Injection,0.9 %,100 mL Non-Glass,"P,S,T","Solutions correcting Water, Electrolyte disturbances and Acid-base disturbances",NPPA S.O. 1581(E) dated 25.03.2026 (NLEM 2015 list) + NLEM 2022 (CDSCO),https://nppa.gov.in/storage/uploads/tender/0d883ca9b600c8a13cec452376176fc4.pdf,2026-09-26T19:24:04Z,REAL
SODIUM-CHLORIDE-F92EE0CB,Sodium Chloride,Injection,0.9 %,250 mL Glass,"P,S,T","Solutions correcting Water, Electrolyte disturbances and Acid-base disturbances",NPPA S.O. 1581(E) dated 25.03.2026 (NLEM 2015 list) + NLEM 2022 (CDSCO),https://nppa.gov.in/storage/uploads/tender/0d883ca9b600c8a13cec452376176fc4.pdf,2026-09-26T19:24:04Z,REAL
SODIUM-CHLORIDE-1229197D,Sodium Chloride,Injection,0.9 %,250 mL Non-Glass,"P,S,T","Solutions correcting Water, Electrolyte disturbances and Acid-base disturbances",NPPA S.O. 1581(E) dated 25.03.2026 (NLEM 2015 list) + NLEM 2022 (CDSCO),https://nppa.gov.in/storage/uploads/tender/0d883ca9b600c8a13cec452376176fc4.pdf,2026-09-26T19:24:04Z,REAL
SODIUM-CHLORIDE-10623EE2,Sodium Chloride,Injection,0.9 %,500 mL Glass,"P,S,T","Solutions correcting Water, Electrolyte disturbances and Acid-base disturbances",NPPA S.O. 1581(E) dated 25.03.2026 (NLEM 2015 list) + NLEM 2022 (CDSCO),https://nppa.gov.in/storage/uploads/tender/0d883ca9b600c8a13cec452376176fc4.pdf,2026-09-26T19:24:04Z,REAL
SODIUM-CHLORIDE-1DB6A1BA,Sodium Chloride,Injection,0.9 %,500 mL Non-Glass,"P,S,T","Solutions correcting Water, Electrolyte disturbances and Acid-base disturbances",NPPA S.O. 1581(E) dated 25.03.2026 (NLEM 2015 list) + NLEM 2022 (CDSCO),https://nppa.gov.in/storage/uploads/tender/0d883ca9b600c8a13cec452376176fc4.pdf,2026-09-26T19:24:04Z,REAL
SODIUM-NITRITE-31963066,Sodium Nitrite,Injection,30 mg/mL,1 mL,"S,T",Antidotes and Other Substances used in Management of Poisonings/Envenomation,NPPA S.O. 1581(E) dated 25.03.2026 (NLEM 2015 list) + NLEM 2022 (CDSCO),https://nppa.gov.in/storage/uploads/tender/0d883ca9b600c8a13cec452376176fc4.pdf,2026-09-26T19:24:04Z,REAL
STREPTOKINASE-1F3A8FDC,Streptokinase,Injection,"7,50,000 IU",Each Pack,"S,T",Cardiovascular Medicines,NPPA S.O. 1581(E) dated 25.03.2026 (NLEM 2015 list) + NLEM 2022 (CDSCO),https://nppa.gov.in/storage/uploads/tender/0d883ca9b600c8a13cec452376176fc4.pdf,2026-09-26T19:24:04Z,REAL
TD-VACCINE-40223DF0,TD Vaccine,Each Dose of,0.5 mL contains: Diphtheria Toxoid ≤5Lf (≥ 2 IU) Tetanus Toxoid ≥ 5Lf (≥ 40 IU),Each 0.5 mL Pack,,,NPPA S.O. 1581(E) dated 25.03.2026 (NLEM 2015 list),https://nppa.gov.in/storage/uploads/tender/0d883ca9b600c8a13cec452376176fc4.pdf,2026-09-26T19:24:04Z,REAL
TD-VACCINE-59ED276F,TD Vaccine,Each Dose of,0.5 mL contains: Diphtheria Toxoid ≤5Lf (≥ 2 IU) Tetanus Toxoid ≥ 5Lf (≥ 40 IU),Each 5 mL Pack,,,NPPA S.O. 1581(E) dated 25.03.2026 (NLEM 2015 list),https://nppa.gov.in/storage/uploads/tender/0d883ca9b600c8a13cec452376176fc4.pdf,2026-09-26T19:24:04Z,REAL
TD-VACCINE-927BBEEA,TD Vaccine,Each Dose of,0.5 mL contains: Diphtheria Toxoid ≤25Lf (≥ 30 IU) Tetanus Toxoid ≥ 5Lf (≥ 40 IU),Each 0.5 mL Pack,,,NPPA S.O. 1581(E) dated 25.03.2026 (NLEM 2015 list),https://nppa.gov.in/storage/uploads/tender/0d883ca9b600c8a13cec452376176fc4.pdf,2026-09-26T19:24:04Z,REAL
TEMOZOLOMIDE-188E88E3,Temozolomide,Tablet,100 mg,1 Tablet,,,NPPA S.O. 1581(E) dated 25.03.2026 (NLEM 2015 list),https://nppa.gov.in/storage/uploads/tender/0d883ca9b600c8a13cec452376176fc4.pdf,2026-09-26T19:24:04Z,REAL
TIMOLOL-AB37262E,Timolol,Drops,0.25 %,1 mL,"P,S,T",Ophthalmological Medicines,NPPA S.O. 1581(E) dated 25.03.2026 (NLEM 2015 list) + NLEM 2022 (CDSCO),https://nppa.gov.in/storage/uploads/tender/0d883ca9b600c8a13cec452376176fc4.pdf,2026-09-26T19:24:04Z,REAL
TRAMADOL-AF8C02D1,Tramadol,Injection,50 mg/mL (20 mL Pack),1 mL,"S,T","Analgesics, Antipyretics, Non-steroidal Anti-inflammatory Drugs (NSAIDs), Medicines used to treat Gout and Disease Modifying Agents used in Rheumatoid Disorders",NPPA S.O. 1581(E) dated 25.03.2026 (NLEM 2015 list) + NLEM 2022 (CDSCO),https://nppa.gov.in/storage/uploads/tender/0d883ca9b600c8a13cec452376176fc4.pdf,2026-09-26T19:24:04Z,REAL
VERAPAMIL-B0635103,Verapamil,Injection,2.5 mg/mL,1 mL,"S,T",Cardiovascular Medicines,NPPA S.O. 1581(E) dated 25.03.2026 (NLEM 2015 list) + NLEM 2022 (CDSCO),https://nppa.gov.in/storage/uploads/tender/0d883ca9b600c8a13cec452376176fc4.pdf,2026-09-26T19:24:04Z,REAL
VINBLASTINE-57044DEF,Vinblastine,Injection,1 mg/mL,1 mL,,,NPPA S.O. 1581(E) dated 25.03.2026 (NLEM 2015 list),https://nppa.gov.in/storage/uploads/tender/0d883ca9b600c8a13cec452376176fc4.pdf,2026-09-26T19:24:04Z,REAL
VITAMIN-A-15213482,Vitamin A,Capsule,50000 IU,1 Capsule,"P,S,T",Vitamins and Minerals,NPPA S.O. 1581(E) dated 25.03.2026 (NLEM 2015 list) + NLEM 2022 (CDSCO),https://nppa.gov.in/storage/uploads/tender/0d883ca9b600c8a13cec452376176fc4.pdf,2026-09-26T19:24:04Z,REAL
WATER-FOR-INJECTION-9E7DBD5D,Water For Injection,Injection,,Each Pack (5 mL),"P,S,T","Solutions correcting Water, Electrolyte disturbances and Acid-base disturbances",NPPA S.O. 1581(E) dated 25.03.2026 (NLEM 2015 list) + NLEM 2022 (CDSCO),https://nppa.gov.in/storage/uploads/tender/0d883ca9b600c8a13cec452376176fc4.pdf,2026-09-26T19:24:04Z,REAL
WATER-FOR-INJECTION-C0C8AE40,Water For Injection,Injection,,Per 500 mL Pack,"P,S,T","Solutions correcting Water, Electrolyte disturbances and Acid-base disturbances",NPPA S.O. 1581(E) dated 25.03.2026 (NLEM 2015 list) + NLEM 2022 (CDSCO),https://nppa.gov.in/storage/uploads/tender/0d883ca9b600c8a13cec452376176fc4.pdf,2026-09-26T19:24:04Z,REAL
WATER-FOR-INJECTION-C82635AA,Water For Injection,Injection,,Per 1000 mL Pack,"P,S,T","Solutions correcting Water, Electrolyte disturbances and Acid-base disturbances",NPPA S.O. 1581(E) dated 25.03.2026 (NLEM 2015 list) + NLEM 2022 (CDSCO),https://nppa.gov.in/storage/uploads/tender/0d883ca9b600c8a13cec452376176fc4.pdf,2026-09-26T19:24:04Z,REAL
ZIDOVUDINE-CD9FB719,Zidovudine,Capsule,300 mg,1 Capsule,"S,T",Anti-infective Medicines,NPPA S.O. 1581(E) dated 25.03.2026 (NLEM 2015 list) + NLEM 2022 (CDSCO),https://nppa.gov.in/storage/uploads/tender/0d883ca9b600c8a13cec452376176fc4.pdf,2026-09-26T19:24:04Z,REAL
ZOLPIDEM-0003BDC9,Zolpidem,Capsule,5 mg,1 Capsule,"P,S,T",Medicines used in treatment of Psychiatric Disorders,NPPA S.O. 1581(E) dated 25.03.2026 (NLEM 2015 list) + NLEM 2022 (CDSCO),https://nppa.gov.in/storage/uploads/tender/0d883ca9b600c8a13cec452376176fc4.pdf,2026-09-26T19:24:04Z,REAL
