ID,NAME,STATE,LICENCE_NO,SOURCE,SOURCE_URL,FETCHED_AT,IS_PROXY
MFR-38-PHARMA-CITY-SELAQUI-D-6956E3,"38, Pharma City, Selaqui Dehradun-248011",,,CDSCO NSQ public table (manufacturer address),https://cdscoonline.gov.in/CDSCO/viewPublicNSQDrug,2026-09-27T07:50:40Z,REAL
MFR-3F-INDUSTRIES-6D702D,3F Industries Ltd,Andhra Pradesh,,CDSCO NSQ public table (manufacturer address),https://cdscoonline.gov.in/CDSCO/viewPublicNSQDrug,2026-09-27T07:50:40Z,REAL
MFR-A-N-D-HEALTHCARE-321C8D,A.N.D. HEALTHCARE LTD,,,CDSCO NSQ public table (manufacturer address),https://cdscoonline.gov.in/CDSCO/viewPublicNSQDrug,2026-09-27T07:50:40Z,REAL
MFR-AAGYA-BIOTECH-2EF60E,Aagya Biotech Pvt Ltd,,,CDSCO NSQ public table (manufacturer address),https://cdscoonline.gov.in/CDSCO/viewPublicNSQDrug,2026-09-27T07:50:40Z,REAL
MFR-AAN-LIFE-SCIENCE-CC7A05,Aan Life science Private Limited,Gujarat,,CDSCO NSQ public table (manufacturer address),https://cdscoonline.gov.in/CDSCO/viewPublicNSQDrug,2026-09-27T07:50:40Z,REAL
MFR-AANAND-PRODUCTS-5C4521,Aanand Products,,,CDSCO NSQ public table (manufacturer address),https://cdscoonline.gov.in/CDSCO/viewPublicNSQDrug,2026-09-27T07:50:40Z,REAL
MFR-AARMED-FORMULATIONS-464AD0,AARMED FORMULATIONS PVT. LTD,Gujarat,,CDSCO NSQ public table (manufacturer address),https://cdscoonline.gov.in/CDSCO/viewPublicNSQDrug,2026-09-27T07:50:40Z,REAL
MFR-AARPIK-PHARMACEUTICALS-C-B160A4,Aarpik Pharmaceuticals Pvt. Ltd. C1/306/5,Kerala,,CDSCO NSQ public table (manufacturer address),https://cdscoonline.gov.in/CDSCO/viewPublicNSQDrug,2026-09-27T07:50:40Z,REAL
MFR-AARPIK-PHARMACEUTICALS-F64091,Aarpik Pharmaceuticals Pvt.Ltd,Kerala,,CDSCO NSQ public table (manufacturer address),https://cdscoonline.gov.in/CDSCO/viewPublicNSQDrug,2026-09-27T07:50:40Z,REAL
MFR-AASSK-PHARMACEUTICALS-5C6817,AASSK Pharmaceuticals Pvt Ltd,Tamil Nadu,,CDSCO NSQ public table (manufacturer address),https://cdscoonline.gov.in/CDSCO/viewPublicNSQDrug,2026-09-27T07:50:40Z,REAL
MFR-ABAN-PHARMACEUTICALS-8C7F58,Aban Pharmaceuticals,Kerala,,CDSCO NSQ public table (manufacturer address),https://cdscoonline.gov.in/CDSCO/viewPublicNSQDrug,2026-09-27T07:50:40Z,REAL
MFR-ABARIS-HEALTHCARE-E98AF5,Abaris Healthcare Pvt. Ltd,Gujarat,,CDSCO NSQ public table (manufacturer address),https://cdscoonline.gov.in/CDSCO/viewPublicNSQDrug,2026-09-27T07:50:40Z,REAL
MFR-ABIL-HEALTHCARE-50D4F4,Abil Healthcare,,,CDSCO NSQ public table (manufacturer address),https://cdscoonline.gov.in/CDSCO/viewPublicNSQDrug,2026-09-27T07:50:40Z,REAL
MFR-ABOD-PHARMACEUTICAL-7A8A8A,Abod Pharmaceutical,,,CDSCO NSQ public table (manufacturer address),https://cdscoonline.gov.in/CDSCO/viewPublicNSQDrug,2026-09-27T07:50:40Z,REAL
MFR-ABOD-PHARMACEUTICALS-A4908B,ABOD Pharmaceuticals,,,CDSCO NSQ public table (manufacturer address),https://cdscoonline.gov.in/CDSCO/viewPublicNSQDrug,2026-09-27T07:50:40Z,REAL
MFR-ACCESS-LIFE-SCIENCE-C64918,Access Life Science,,,CDSCO NSQ public table (manufacturer address),https://cdscoonline.gov.in/CDSCO/viewPublicNSQDrug,2026-09-27T07:50:40Z,REAL
MFR-ACCRETION-PHARMACEUTICAL-36AFA6,Accretion Pharmaceuticals Ltd,,,CDSCO NSQ public table (manufacturer address),https://cdscoonline.gov.in/CDSCO/viewPublicNSQDrug,2026-09-27T07:50:40Z,REAL
MFR-ACCULIFE-HEALTHCARE-778D0B,Acculife Healthcare Pvt. Ltd,Gujarat,,CDSCO NSQ public table (manufacturer address),https://cdscoonline.gov.in/CDSCO/viewPublicNSQDrug,2026-09-27T07:50:40Z,REAL
MFR-ACCURA-CARE-PHARMACEUTIC-756F9F,Accura Care Pharmaceuticals Pvt Ltd,Himachal Pradesh,,CDSCO NSQ public table (manufacturer address),https://cdscoonline.gov.in/CDSCO/viewPublicNSQDrug,2026-09-27T07:50:40Z,REAL
MFR-ACCUWELL-MEDICS-58F9A4,Accuwell Medics Pvt Ltd,Gujarat,,CDSCO NSQ public table (manufacturer address),https://cdscoonline.gov.in/CDSCO/viewPublicNSQDrug,2026-09-27T07:50:40Z,REAL
MFR-ACCUWELL-MEDICS-SUVERY-N-83EFD0,Accuwell Medics Private Ltd. Suvery No.-414,,,CDSCO NSQ public table (manufacturer address),https://cdscoonline.gov.in/CDSCO/viewPublicNSQDrug,2026-09-27T07:50:40Z,REAL
MFR-ACME-FORMULATIONS-C67AE0,Acme Formulations Pvt Ltd,Himachal Pradesh,,CDSCO NSQ public table (manufacturer address),https://cdscoonline.gov.in/CDSCO/viewPublicNSQDrug,2026-09-27T07:50:40Z,REAL
MFR-ACME-GENERICS-51A10B,Acme Generics Pvt. Ltd,,,CDSCO NSQ public table (manufacturer address),https://cdscoonline.gov.in/CDSCO/viewPublicNSQDrug,2026-09-27T07:50:40Z,REAL
MFR-ACME-LAFETECH-2779D8,ACME Lafetech LLP,Himachal Pradesh,,CDSCO NSQ public table (manufacturer address),https://cdscoonline.gov.in/CDSCO/viewPublicNSQDrug,2026-09-27T07:50:40Z,REAL
MFR-ACME-LIFE-TECH-E68C07,Acme Life Tech-LLP,,,CDSCO NSQ public table (manufacturer address),https://cdscoonline.gov.in/CDSCO/viewPublicNSQDrug,2026-09-27T07:50:40Z,REAL
MFR-ACMEY-8ECD91,Acmey Inc,,,CDSCO NSQ public table (manufacturer address),https://cdscoonline.gov.in/CDSCO/viewPublicNSQDrug,2026-09-27T07:50:40Z,REAL
MFR-ACRON-PHARMACEUTICALS-C6C3B9,Acron Pharmaceuticals,,,CDSCO NSQ public table (manufacturer address),https://cdscoonline.gov.in/CDSCO/viewPublicNSQDrug,2026-09-27T07:50:40Z,REAL
MFR-ACTINOVA-C13A70,Actinova Pvt. Ltd,Himachal Pradesh,,CDSCO NSQ public table (manufacturer address),https://cdscoonline.gov.in/CDSCO/viewPublicNSQDrug,2026-09-27T07:50:40Z,REAL
MFR-ACULIFE-HEALTHCARE-DA0EB5,Aculife Healthcare Pvt. Ltd,Gujarat,,CDSCO NSQ public table (manufacturer address),https://cdscoonline.gov.in/CDSCO/viewPublicNSQDrug,2026-09-27T07:50:40Z,REAL
MFR-ACUMEN-PHARMACEUTICALS-4951E7,Acumen Pharmaceuticals Pvt. Ltd,Puducherry,,CDSCO NSQ public table (manufacturer address),https://cdscoonline.gov.in/CDSCO/viewPublicNSQDrug,2026-09-27T07:50:40Z,REAL
MFR-ACUMEN-PHARMACEUTICALS-U-34BC6D,Acumen Pharmaceuticals Pvt. Ltd. -Unit-II,Puducherry,,CDSCO NSQ public table (manufacturer address),https://cdscoonline.gov.in/CDSCO/viewPublicNSQDrug,2026-09-27T07:50:40Z,REAL
MFR-ADANI-WILMAR-C22E94,Adani Wilmar Ltd,Gujarat,,CDSCO NSQ public table (manufacturer address),https://cdscoonline.gov.in/CDSCO/viewPublicNSQDrug,2026-09-27T07:50:40Z,REAL
MFR-ADDLL-BIOTECH-FE5937,Addll Biotech Pvt. Ltd,Himachal Pradesh,,CDSCO NSQ public table (manufacturer address),https://cdscoonline.gov.in/CDSCO/viewPublicNSQDrug,2026-09-27T07:50:40Z,REAL
MFR-ADISON-PHARMACEUTICALS-F1C6BC,ADISON PHARMACEUTICALS,,,CDSCO NSQ public table (manufacturer address),https://cdscoonline.gov.in/CDSCO/viewPublicNSQDrug,2026-09-27T07:50:40Z,REAL
MFR-ADMED-PHARMA-C12A30,Admed Pharma Pvt. Ltd,,,CDSCO NSQ public table (manufacturer address),https://cdscoonline.gov.in/CDSCO/viewPublicNSQDrug,2026-09-27T07:50:40Z,REAL
MFR-ADNOVA-HEALTHCARE-FAA5CF,Adnova Healthcare Pvt. Ltd,Gujarat,,CDSCO NSQ public table (manufacturer address),https://cdscoonline.gov.in/CDSCO/viewPublicNSQDrug,2026-09-27T07:50:40Z,REAL
MFR-ADSILA-ORGANICS-LIWASPUR-EB836F,Adsila Organics Pvt. Ltd. Liwaspur Road,Haryana,,CDSCO NSQ public table (manufacturer address),https://cdscoonline.gov.in/CDSCO/viewPublicNSQDrug,2026-09-27T07:50:40Z,REAL
MFR-ADVANCED-PAKIZA-UNANI-9B70F2,Advanced Pakiza Unani LLP,,,CDSCO NSQ public table (manufacturer address),https://cdscoonline.gov.in/CDSCO/viewPublicNSQDrug,2026-09-27T07:50:40Z,REAL
MFR-ADWIN-PHARMA-8228CB,ADWIN Pharma,,,CDSCO NSQ public table (manufacturer address),https://cdscoonline.gov.in/CDSCO/viewPublicNSQDrug,2026-09-27T07:50:40Z,REAL
MFR-AERON-LIFESCIENCE-6D48F2,Aeron Lifescience Pvt. Ltd,Gujarat,,CDSCO NSQ public table (manufacturer address),https://cdscoonline.gov.in/CDSCO/viewPublicNSQDrug,2026-09-27T07:50:40Z,REAL
MFR-AERON-LIFESCIENCE-D-5CCDB3,Aeron Lifescience Pvt. Ltd.D,Gujarat,,CDSCO NSQ public table (manufacturer address),https://cdscoonline.gov.in/CDSCO/viewPublicNSQDrug,2026-09-27T07:50:40Z,REAL
MFR-AERON-LIFESCIENCES-FDC665,Aeron Lifesciences Pvt Ltd,,,CDSCO NSQ public table (manufacturer address),https://cdscoonline.gov.in/CDSCO/viewPublicNSQDrug,2026-09-27T07:50:40Z,REAL
MFR-AFFINE-FORMULATIONS-1947-A8C3CF,Affine Formulations Ltd.1947/3,,,CDSCO NSQ public table (manufacturer address),https://cdscoonline.gov.in/CDSCO/viewPublicNSQDrug,2026-09-27T07:50:40Z,REAL
MFR-AFFLATUS-PHARMACEUTICALS-56A5EB,Afflatus Pharmaceuticals Pvt. Ltd.. Killa no,Haryana,,CDSCO NSQ public table (manufacturer address),https://cdscoonline.gov.in/CDSCO/viewPublicNSQDrug,2026-09-27T07:50:40Z,REAL
MFR-AFFY-PARENTERALS-6A6836,Affy Parenterals,,,CDSCO NSQ public table (manufacturer address),https://cdscoonline.gov.in/CDSCO/viewPublicNSQDrug,2026-09-27T07:50:40Z,REAL
MFR-AGLOWMED-523DD0,Aglowmed Ltd,,,CDSCO NSQ public table (manufacturer address),https://cdscoonline.gov.in/CDSCO/viewPublicNSQDrug,2026-09-27T07:50:40Z,REAL
MFR-AGRON-REMEDIES-67D913,Agron Remedies Pvt. Ltd,Uttarakhand,,CDSCO NSQ public table (manufacturer address),https://cdscoonline.gov.in/CDSCO/viewPublicNSQDrug,2026-09-27T07:50:40Z,REAL
MFR-AGRON-REMEDIES-SARVERKHE-B68697,Agron Remedies Pvt Ltd. Sarverkhera,Uttarakhand,,CDSCO NSQ public table (manufacturer address),https://cdscoonline.gov.in/CDSCO/viewPublicNSQDrug,2026-09-27T07:50:40Z,REAL
MFR-AISHWARYA-HEALTHCARE-B80BCF,Aishwarya Healthcare,Sikkim,,CDSCO NSQ public table (manufacturer address),https://cdscoonline.gov.in/CDSCO/viewPublicNSQDrug,2026-09-27T07:50:40Z,REAL
MFR-AISHWARYA-LIFESCIENCES-20DEE2,Aishwarya Lifesciences,,,CDSCO NSQ public table (manufacturer address),https://cdscoonline.gov.in/CDSCO/viewPublicNSQDrug,2026-09-27T07:50:40Z,REAL
MFR-AKME-BIOTEC-7BC306,Akme Biotec,,,CDSCO NSQ public table (manufacturer address),https://cdscoonline.gov.in/CDSCO/viewPublicNSQDrug,2026-09-27T07:50:40Z,REAL
MFR-AKUMS-DRUGS-PHARMACEUTIC-EA7842,Akums Drugs & Pharmaceuticals Ltd,Uttarakhand,,CDSCO NSQ public table (manufacturer address),https://cdscoonline.gov.in/CDSCO/viewPublicNSQDrug,2026-09-27T07:50:40Z,REAL
MFR-AKUMS-DRUGS-PHARMACEUTIC-F508EB,Akums Drugs & Pharmaceuticals Ltd. At,,,CDSCO NSQ public table (manufacturer address),https://cdscoonline.gov.in/CDSCO/viewPublicNSQDrug,2026-09-27T07:50:40Z,REAL
MFR-ALBERT-DAVID-B-12-E2F8C6,Albert David Ltd. B-12,,,CDSCO NSQ public table (manufacturer address),https://cdscoonline.gov.in/CDSCO/viewPublicNSQDrug,2026-09-27T07:50:40Z,REAL
MFR-ALBERT-DAVID-C58637,Albert David Limited,,,CDSCO NSQ public table (manufacturer address),https://cdscoonline.gov.in/CDSCO/viewPublicNSQDrug,2026-09-27T07:50:40Z,REAL
MFR-ALCHEMIST-REMEDIES-15E60C,ALCHEMIST REMEDIES PVT. LTD,,,CDSCO NSQ public table (manufacturer address),https://cdscoonline.gov.in/CDSCO/viewPublicNSQDrug,2026-09-27T07:50:40Z,REAL
MFR-ALEMBIC-PHARMACEUTICALS-E27DA7,Alembic Pharmaceuticals Ltd,Sikkim,,CDSCO NSQ public table (manufacturer address),https://cdscoonline.gov.in/CDSCO/viewPublicNSQDrug,2026-09-27T07:50:40Z,REAL
MFR-ALENCURE-BIOTECH-BBBBD4,Alencure Biotech Pvt Ltd,Himachal Pradesh,,CDSCO NSQ public table (manufacturer address),https://cdscoonline.gov.in/CDSCO/viewPublicNSQDrug,2026-09-27T07:50:40Z,REAL
MFR-ALEXA-PHARMACEUTICALS-01E126,Alexa Pharmaceuticals,,,CDSCO NSQ public table (manufacturer address),https://cdscoonline.gov.in/CDSCO/viewPublicNSQDrug,2026-09-27T07:50:40Z,REAL
MFR-ALEXIN-BIOSCIENCES-90DA64,Alexin Biosciences,,,CDSCO NSQ public table (manufacturer address),https://cdscoonline.gov.in/CDSCO/viewPublicNSQDrug,2026-09-27T07:50:40Z,REAL
MFR-ALEXIN-BIOSCIENCES-BAROT-D0E5E8,Alexin Biosciences Barotiwala,,,CDSCO NSQ public table (manufacturer address),https://cdscoonline.gov.in/CDSCO/viewPublicNSQDrug,2026-09-27T07:50:40Z,REAL
MFR-ALGEN-HEALTHCARE-008C25,Algen Healthcare Ltd,Himachal Pradesh,,CDSCO NSQ public table (manufacturer address),https://cdscoonline.gov.in/CDSCO/viewPublicNSQDrug,2026-09-27T07:50:40Z,REAL
MFR-ALIFECARE-FORMULATION-5153E9,ALIFECARE FORMULATION,Himachal Pradesh,,CDSCO NSQ public table (manufacturer address),https://cdscoonline.gov.in/CDSCO/viewPublicNSQDrug,2026-09-27T07:50:40Z,REAL
MFR-ALIFECARE-PHARMACY-D93EE0,Alifecare Pharmacy Pvt Ltd,Himachal Pradesh,,CDSCO NSQ public table (manufacturer address),https://cdscoonline.gov.in/CDSCO/viewPublicNSQDrug,2026-09-27T07:50:40Z,REAL
MFR-ALKEM-HEALTH-SCIENCE-ALK-C44552,Alkem Health Science - Alkem Laboratories Limited,Sikkim,,CDSCO NSQ public table (manufacturer address),https://cdscoonline.gov.in/CDSCO/viewPublicNSQDrug,2026-09-27T07:50:40Z,REAL
MFR-ALKEM-HEALTH-SCIENCE-FADFB6,Alkem Health Science,Sikkim,,CDSCO NSQ public table (manufacturer address),https://cdscoonline.gov.in/CDSCO/viewPublicNSQDrug,2026-09-27T07:50:40Z,REAL
MFR-ALKEM-HEALTH-SCIENCES-A-F1EEBC,Alkem Health Sciences A,Sikkim,,CDSCO NSQ public table (manufacturer address),https://cdscoonline.gov.in/CDSCO/viewPublicNSQDrug,2026-09-27T07:50:40Z,REAL
MFR-ALKEM-LABORATORIES-6F3AE4,Alkem Laboratories Ltd,Himachal Pradesh,,CDSCO NSQ public table (manufacturer address),https://cdscoonline.gov.in/CDSCO/viewPublicNSQDrug,2026-09-27T07:50:40Z,REAL
MFR-ALKEM-LABORATORIES-AT-16-F110A3,Alkem Laboratories LTD .At :16-17,Jammu & Kashmir,,CDSCO NSQ public table (manufacturer address),https://cdscoonline.gov.in/CDSCO/viewPublicNSQDrug,2026-09-27T07:50:40Z,REAL
MFR-ALLIANZ-BIOSCIENCES-R-S-CF9860,Allianz Biosciences Pvt.Ltd. R.S. NO,Puducherry,,CDSCO NSQ public table (manufacturer address),https://cdscoonline.gov.in/CDSCO/viewPublicNSQDrug,2026-09-27T07:50:40Z,REAL
MFR-ALOP-MED-SCIENCES-6A4893,Alop Med-Sciences Pvt Ltd,,,CDSCO NSQ public table (manufacturer address),https://cdscoonline.gov.in/CDSCO/viewPublicNSQDrug,2026-09-27T07:50:40Z,REAL
MFR-ALOP-MEDI-SCIENCES-185455,Alop Medi-Sciences Pvt. Ltd,,,CDSCO NSQ public table (manufacturer address),https://cdscoonline.gov.in/CDSCO/viewPublicNSQDrug,2026-09-27T07:50:40Z,REAL
MFR-ALPA-LABORATORIES-C7DB42,Alpa Laboratories Ltd,Madhya Pradesh,,CDSCO NSQ public table (manufacturer address),https://cdscoonline.gov.in/CDSCO/viewPublicNSQDrug,2026-09-27T07:50:40Z,REAL
MFR-ALPC-9A1C14,ALPC,,,CDSCO NSQ public table (manufacturer address),https://cdscoonline.gov.in/CDSCO/viewPublicNSQDrug,2026-09-27T07:50:40Z,REAL
MFR-ALPEX-PHARMA-CBB8ED,Alpex Pharma Pvt. Ltd,Himachal Pradesh,,CDSCO NSQ public table (manufacturer address),https://cdscoonline.gov.in/CDSCO/viewPublicNSQDrug,2026-09-27T07:50:40Z,REAL
MFR-ALPHA-PHARMACEUTICALS-FBBF25,ALPHA PHARMACEUTICALS,,,CDSCO NSQ public table (manufacturer address),https://cdscoonline.gov.in/CDSCO/viewPublicNSQDrug,2026-09-27T07:50:40Z,REAL
MFR-ALPS-COMMUNICATION-A64DF6,Alps Communication Pvt. Ltd,Himachal Pradesh,,CDSCO NSQ public table (manufacturer address),https://cdscoonline.gov.in/CDSCO/viewPublicNSQDrug,2026-09-27T07:50:40Z,REAL
MFR-ALTEUS-REMEDIES-1964DA,Alteus Remedies Pvt. Ltd,,,CDSCO NSQ public table (manufacturer address),https://cdscoonline.gov.in/CDSCO/viewPublicNSQDrug,2026-09-27T07:50:40Z,REAL
MFR-ALTHEA-PHARMA-D28E3D,Althea Pharma Pvt. Ltd,,,CDSCO NSQ public table (manufacturer address),https://cdscoonline.gov.in/CDSCO/viewPublicNSQDrug,2026-09-27T07:50:40Z,REAL
MFR-ALVENTA-PHARMA-EDD55F,Alventa Pharma Ltd,Himachal Pradesh,,CDSCO NSQ public table (manufacturer address),https://cdscoonline.gov.in/CDSCO/viewPublicNSQDrug,2026-09-27T07:50:40Z,REAL
MFR-ALVES-HEALTHCARE-NANGAL-196897,Alves Healthcare Pvt Ltd. Nangal Uperla,Himachal Pradesh,,CDSCO NSQ public table (manufacturer address),https://cdscoonline.gov.in/CDSCO/viewPublicNSQDrug,2026-09-27T07:50:40Z,REAL
MFR-ALZAN-PHARMACEUTICALS-A4DA42,Alzan Pharmaceuticals Pvt,,,CDSCO NSQ public table (manufacturer address),https://cdscoonline.gov.in/CDSCO/viewPublicNSQDrug,2026-09-27T07:50:40Z,REAL
MFR-ALZEY-PHARMACEUTICALS-F5F007,Alzey Pharmaceuticals Pvt. Ltd,,,CDSCO NSQ public table (manufacturer address),https://cdscoonline.gov.in/CDSCO/viewPublicNSQDrug,2026-09-27T07:50:40Z,REAL
MFR-AMBA-RESEARCH-LABORATORI-646343,Amba research Laboratories,,,CDSCO NSQ public table (manufacturer address),https://cdscoonline.gov.in/CDSCO/viewPublicNSQDrug,2026-09-27T07:50:40Z,REAL
MFR-AMBROSIA-PHARMA-B3D187,Ambrosia Pharma,,,CDSCO NSQ public table (manufacturer address),https://cdscoonline.gov.in/CDSCO/viewPublicNSQDrug,2026-09-27T07:50:40Z,REAL
MFR-AMERICAN-PHARMA-AND-SCIE-E6B1C7,American Pharma and Sciences,,,CDSCO NSQ public table (manufacturer address),https://cdscoonline.gov.in/CDSCO/viewPublicNSQDrug,2026-09-27T07:50:40Z,REAL
MFR-AMKAY-PRODUCTS-416F73,Amkay Products Ltd,Maharashtra,,CDSCO NSQ public table (manufacturer address),https://cdscoonline.gov.in/CDSCO/viewPublicNSQDrug,2026-09-27T07:50:40Z,REAL
MFR-AMSTER-LABS-016322,Amster Labs Limited,Himachal Pradesh,,CDSCO NSQ public table (manufacturer address),https://cdscoonline.gov.in/CDSCO/viewPublicNSQDrug,2026-09-27T07:50:40Z,REAL
MFR-ANCHOR-PHARMA-92EAE1,Anchor Pharma Pvt. Ltd,,,CDSCO NSQ public table (manufacturer address),https://cdscoonline.gov.in/CDSCO/viewPublicNSQDrug,2026-09-27T07:50:40Z,REAL
MFR-ANG-LIFESCIENCES-E01CB5,ANG Lifesciences India Ltd,,,CDSCO NSQ public table (manufacturer address),https://cdscoonline.gov.in/CDSCO/viewPublicNSQDrug,2026-09-27T07:50:40Z,REAL
MFR-ANGLO-FRENCH-DRUGS-INDUS-7B8B8E,Anglo-French Drugs & Industries Limited,,,CDSCO NSQ public table (manufacturer address),https://cdscoonline.gov.in/CDSCO/viewPublicNSQDrug,2026-09-27T07:50:40Z,REAL
MFR-ANIMUS-HEALTHCARE30-62DC98,Animus Healthcare30,Gujarat,,CDSCO NSQ public table (manufacturer address),https://cdscoonline.gov.in/CDSCO/viewPublicNSQDrug,2026-09-27T07:50:40Z,REAL
MFR-ANON-PHARMACEUTICAL-7A884D,Anon Pharmaceutical,,,CDSCO NSQ public table (manufacturer address),https://cdscoonline.gov.in/CDSCO/viewPublicNSQDrug,2026-09-27T07:50:40Z,REAL
MFR-ANROSE-PHARMA-C1CEB9,Anrose pharma,Himachal Pradesh,,CDSCO NSQ public table (manufacturer address),https://cdscoonline.gov.in/CDSCO/viewPublicNSQDrug,2026-09-27T07:50:40Z,REAL
MFR-APCO-PHARMA-480E2E,Apco Pharma Ltd,,,CDSCO NSQ public table (manufacturer address),https://cdscoonline.gov.in/CDSCO/viewPublicNSQDrug,2026-09-27T07:50:40Z,REAL
MFR-APEX-FORMULATION-C440FE,Apex Formulation,,,CDSCO NSQ public table (manufacturer address),https://cdscoonline.gov.in/CDSCO/viewPublicNSQDrug,2026-09-27T07:50:40Z,REAL
MFR-APEX-FORMULATIONS-007C02,APEX FORMULATIONS PVT. LTD,Gujarat,,CDSCO NSQ public table (manufacturer address),https://cdscoonline.gov.in/CDSCO/viewPublicNSQDrug,2026-09-27T07:50:40Z,REAL
MFR-APEX-HEALTHCARE-35E3F9,Apex Healthcare,,,CDSCO NSQ public table (manufacturer address),https://cdscoonline.gov.in/CDSCO/viewPublicNSQDrug,2026-09-27T07:50:40Z,REAL
MFR-APEX-LABORATORIES-57DE73,Apex Laboratories private ltd,Tamil Nadu,,CDSCO NSQ public table (manufacturer address),https://cdscoonline.gov.in/CDSCO/viewPublicNSQDrug,2026-09-27T07:50:40Z,REAL
MFR-APEX-MEDICAL-DEVICES-F151DB,Apex Medical Devices,,,CDSCO NSQ public table (manufacturer address),https://cdscoonline.gov.in/CDSCO/viewPublicNSQDrug,2026-09-27T07:50:40Z,REAL
MFR-APPLE-BIOTECH-HEALTHCARE-AB52A5,Apple Biotech Healthcare Pvt. Ltd,,,CDSCO NSQ public table (manufacturer address),https://cdscoonline.gov.in/CDSCO/viewPublicNSQDrug,2026-09-27T07:50:40Z,REAL
MFR-APPLE-FORMULATION-6B0C66,Apple formulation Pvt. Ltd,,,CDSCO NSQ public table (manufacturer address),https://cdscoonline.gov.in/CDSCO/viewPublicNSQDrug,2026-09-27T07:50:40Z,REAL
MFR-APPLE-FORMULATIONS-0E9868,Apple Formulations Pvt,,,CDSCO NSQ public table (manufacturer address),https://cdscoonline.gov.in/CDSCO/viewPublicNSQDrug,2026-09-27T07:50:40Z,REAL
MFR-APPLIED-COMMUNICATION-CO-07C4FD,Applied Communication & Controls,Uttarakhand,,CDSCO NSQ public table (manufacturer address),https://cdscoonline.gov.in/CDSCO/viewPublicNSQDrug,2026-09-27T07:50:40Z,REAL
MFR-APRAZER-HEALTHCARE-63764A,Aprazer Healthcare Pvt. Ltd,Himachal Pradesh,,CDSCO NSQ public table (manufacturer address),https://cdscoonline.gov.in/CDSCO/viewPublicNSQDrug,2026-09-27T07:50:40Z,REAL
MFR-APSHSRI-PHARMACEUTICALS-1F4C3A,Apshsri Pharmaceuticals,,,CDSCO NSQ public table (manufacturer address),https://cdscoonline.gov.in/CDSCO/viewPublicNSQDrug,2026-09-27T07:50:40Z,REAL
MFR-APT-FORMULATIONS-282056,APT Formulations Pvt Ltd,,,CDSCO NSQ public table (manufacturer address),https://cdscoonline.gov.in/CDSCO/viewPublicNSQDrug,2026-09-27T07:50:40Z,REAL
MFR-APY-PHARMA-8C375A,APY Pharma,Assam,,CDSCO NSQ public table (manufacturer address),https://cdscoonline.gov.in/CDSCO/viewPublicNSQDrug,2026-09-27T07:50:40Z,REAL
MFR-ARBRO-PHARMACEUTICALS-0897E8,Arbro Pharmaceuticals Pvt. Ltd,Delhi,,CDSCO NSQ public table (manufacturer address),https://cdscoonline.gov.in/CDSCO/viewPublicNSQDrug,2026-09-27T07:50:40Z,REAL
MFR-ARCO-LIFE-SCIENCES-C-86-A8DCDF,Arco Life Sciences India Pvt.Ltd C-86,Maharashtra,,CDSCO NSQ public table (manufacturer address),https://cdscoonline.gov.in/CDSCO/viewPublicNSQDrug,2026-09-27T07:50:40Z,REAL
MFR-ARCO-LIFESCIENCES-F75B02,Arco Lifesciences,,,CDSCO NSQ public table (manufacturer address),https://cdscoonline.gov.in/CDSCO/viewPublicNSQDrug,2026-09-27T07:50:40Z,REAL
MFR-ARCON-LABS-ADDAE1,Arcon Labs,Himachal Pradesh,,CDSCO NSQ public table (manufacturer address),https://cdscoonline.gov.in/CDSCO/viewPublicNSQDrug,2026-09-27T07:50:40Z,REAL
MFR-ARGION-COSMED-9FFDE5,Argion Cosmed India Pvt. Ltd,Tamil Nadu,,CDSCO NSQ public table (manufacturer address),https://cdscoonline.gov.in/CDSCO/viewPublicNSQDrug,2026-09-27T07:50:40Z,REAL
MFR-ARGON-REMEDIES-C153B2,Argon Remedies Pvt. Ltd,Uttarakhand,,CDSCO NSQ public table (manufacturer address),https://cdscoonline.gov.in/CDSCO/viewPublicNSQDrug,2026-09-27T07:50:40Z,REAL
MFR-ARIES-DRUGS-16D0E5,Aries Drugs Pvt. Ltd,Uttarakhand,,CDSCO NSQ public table (manufacturer address),https://cdscoonline.gov.in/CDSCO/viewPublicNSQDrug,2026-09-27T07:50:40Z,REAL
MFR-ARION-HEALTHCARE-F2ACDB,Arion Healthcare,Himachal Pradesh,,CDSCO NSQ public table (manufacturer address),https://cdscoonline.gov.in/CDSCO/viewPublicNSQDrug,2026-09-27T07:50:40Z,REAL
MFR-ARISTO-PHARMACEUTICAL-700469,Aristo Pharmaceutical Pvt. Ltd,Sikkim,,CDSCO NSQ public table (manufacturer address),https://cdscoonline.gov.in/CDSCO/viewPublicNSQDrug,2026-09-27T07:50:40Z,REAL
MFR-ARISTO-PHARMACEUTICALS-AA75B2,ARISTO Pharmaceuticals Pvt. Ltd,Sikkim,,CDSCO NSQ public table (manufacturer address),https://cdscoonline.gov.in/CDSCO/viewPublicNSQDrug,2026-09-27T07:50:40Z,REAL
MFR-ARIUS-FORMULATION-5A9390,Arius Formulation Private Limited,,,CDSCO NSQ public table (manufacturer address),https://cdscoonline.gov.in/CDSCO/viewPublicNSQDrug,2026-09-27T07:50:40Z,REAL
MFR-ARIUS-FORMULATIONS-AA69E0,Arius Formulations Pvt Ltd,,,CDSCO NSQ public table (manufacturer address),https://cdscoonline.gov.in/CDSCO/viewPublicNSQDrug,2026-09-27T07:50:40Z,REAL
MFR-ARU-HEALTH-CARE-K-12-037831,Aru Health Care Pvt. Ltd. - K-12,,,CDSCO NSQ public table (manufacturer address),https://cdscoonline.gov.in/CDSCO/viewPublicNSQDrug,2026-09-27T07:50:40Z,REAL
MFR-ARUNACHALA-ENTERPRISES-70B9D0,Arunachala Enterprises,,,CDSCO NSQ public table (manufacturer address),https://cdscoonline.gov.in/CDSCO/viewPublicNSQDrug,2026-09-27T07:50:40Z,REAL
MFR-ARYAN-BIOTECH-P-36941E,Aryan Biotech P Ltd,Uttarakhand,,CDSCO NSQ public table (manufacturer address),https://cdscoonline.gov.in/CDSCO/viewPublicNSQDrug,2026-09-27T07:50:40Z,REAL
MFR-ARYATECH-PHARMA-AF723D,Aryatech Pharma,Uttarakhand,,CDSCO NSQ public table (manufacturer address),https://cdscoonline.gov.in/CDSCO/viewPublicNSQDrug,2026-09-27T07:50:40Z,REAL
MFR-AS-PER-LABEL-CLAIM-861EA0,As per the label claim,Himachal Pradesh,,CDSCO NSQ public table (manufacturer address),https://cdscoonline.gov.in/CDSCO/viewPublicNSQDrug,2026-09-27T07:50:40Z,REAL
MFR-ASIAN-PHARMA-480ABA,Asian Pharma,,,CDSCO NSQ public table (manufacturer address),https://cdscoonline.gov.in/CDSCO/viewPublicNSQDrug,2026-09-27T07:50:40Z,REAL
MFR-ASIAN-PHARMA-KH-NO-105-1-A78CC0,Asian Pharma Kh. No -105-106,,,CDSCO NSQ public table (manufacturer address),https://cdscoonline.gov.in/CDSCO/viewPublicNSQDrug,2026-09-27T07:50:40Z,REAL
MFR-ASKON-HEALTH-CARE-B264C7,Askon Health Care,Madhya Pradesh,,CDSCO NSQ public table (manufacturer address),https://cdscoonline.gov.in/CDSCO/viewPublicNSQDrug,2026-09-27T07:50:40Z,REAL
MFR-ASKON-HEALTHCARE-3AC0B5,Askon Healthcare,,,CDSCO NSQ public table (manufacturer address),https://cdscoonline.gov.in/CDSCO/viewPublicNSQDrug,2026-09-27T07:50:40Z,REAL
MFR-ASOJ-SOFT-CAPS-2D2911,Asoj Soft Caps Pvt Ltd,Gujarat,,CDSCO NSQ public table (manufacturer address),https://cdscoonline.gov.in/CDSCO/viewPublicNSQDrug,2026-09-27T07:50:40Z,REAL
MFR-ASOJ-SOFT-CAPS-ASOJ-BARO-77E553,Asoj Soft Caps Pvt Ltd. Asoj Baroda-Halol Highway Dist. Baroda-391510 Gujarat,Gujarat,,CDSCO NSQ public table (manufacturer address),https://cdscoonline.gov.in/CDSCO/viewPublicNSQDrug,2026-09-27T07:50:40Z,REAL
MFR-ASPEN-LIFESCIECES-18E4F9,Aspen Lifescieces Pvt,,,CDSCO NSQ public table (manufacturer address),https://cdscoonline.gov.in/CDSCO/viewPublicNSQDrug,2026-09-27T07:50:40Z,REAL
MFR-ASPEN-LIFESCIENCES-28FBE7,Aspen Lifesciences,Punjab,,CDSCO NSQ public table (manufacturer address),https://cdscoonline.gov.in/CDSCO/viewPublicNSQDrug,2026-09-27T07:50:40Z,REAL
MFR-ASPO-PHARMACEUTICALS-3F5FA6,ASPO pharmaceuticals LLP,,,CDSCO NSQ public table (manufacturer address),https://cdscoonline.gov.in/CDSCO/viewPublicNSQDrug,2026-09-27T07:50:40Z,REAL
MFR-ASSOCIATED-BIOPHARMA-2F66B5,Associated Biopharma Pvt. Ltd,,,CDSCO NSQ public table (manufacturer address),https://cdscoonline.gov.in/CDSCO/viewPublicNSQDrug,2026-09-27T07:50:40Z,REAL
MFR-ASTAM-HEALTHCARE-4759B5,Astam Healthcare Pvt. Ltd,Himachal Pradesh,,CDSCO NSQ public table (manufacturer address),https://cdscoonline.gov.in/CDSCO/viewPublicNSQDrug,2026-09-27T07:50:40Z,REAL
MFR-ASTAM-HELATHCARE-D1EA1B,Astam Helathcare Pvt. Ltd,,,CDSCO NSQ public table (manufacturer address),https://cdscoonline.gov.in/CDSCO/viewPublicNSQDrug,2026-09-27T07:50:40Z,REAL
MFR-ASTER-MEDICINES-6DFAA1,Aster Medicines Pvt. Ltd,,,CDSCO NSQ public table (manufacturer address),https://cdscoonline.gov.in/CDSCO/viewPublicNSQDrug,2026-09-27T07:50:40Z,REAL
MFR-ASTER-MEDICINES-PHASE-II-5446F3,Aster Medicines Pvt. Ltd. Phase II,,,CDSCO NSQ public table (manufacturer address),https://cdscoonline.gov.in/CDSCO/viewPublicNSQDrug,2026-09-27T07:50:40Z,REAL
MFR-ASTERISK-HEALTHCARE-068D44,Asterisk Healthcare,Himachal Pradesh,,CDSCO NSQ public table (manufacturer address),https://cdscoonline.gov.in/CDSCO/viewPublicNSQDrug,2026-09-27T07:50:40Z,REAL
MFR-ASTONEA-LABS-CDBB18,Astonea Labs Pvt. Ltd,Haryana,,CDSCO NSQ public table (manufacturer address),https://cdscoonline.gov.in/CDSCO/viewPublicNSQDrug,2026-09-27T07:50:40Z,REAL
MFR-ATHENS-LIFE-SCIENCES-85791B,Athens Life Sciences,Himachal Pradesh,,CDSCO NSQ public table (manufacturer address),https://cdscoonline.gov.in/CDSCO/viewPublicNSQDrug,2026-09-27T07:50:40Z,REAL
MFR-ATHENS-LIFE-SCIENCES-MAU-1DA6CA,Athens Life Sciences Mauza Rampur,Himachal Pradesh,,CDSCO NSQ public table (manufacturer address),https://cdscoonline.gov.in/CDSCO/viewPublicNSQDrug,2026-09-27T07:50:40Z,REAL
MFR-ATHENS-LIFE-SCIENCES-MAU-4160E5,Athens Life Sciences - Mauza-Rampur Jatten Nahan Road,Himachal Pradesh,,CDSCO NSQ public table (manufacturer address),https://cdscoonline.gov.in/CDSCO/viewPublicNSQDrug,2026-09-27T07:50:40Z,REAL
MFR-ATHENS-LIFE-SCIENCES-MAU-CF8304,Athens Life Sciences Mauza Rampur Jattan,Himachal Pradesh,,CDSCO NSQ public table (manufacturer address),https://cdscoonline.gov.in/CDSCO/viewPublicNSQDrug,2026-09-27T07:50:40Z,REAL
MFR-ATHENS-LIFESCIENCES-MAUZ-E543FE,Athens Lifesciences Mauza Rampur Jattan Nahan Road Kala Amb Distt. Sirmour H.P,,,CDSCO NSQ public table (manufacturer address),https://cdscoonline.gov.in/CDSCO/viewPublicNSQDrug,2026-09-27T07:50:40Z,REAL
MFR-AUCKLANE-LIFE-SCIENCES-AB2FA0,Aucklane Life Sciences Pvt. Ltd,Puducherry,,CDSCO NSQ public table (manufacturer address),https://cdscoonline.gov.in/CDSCO/viewPublicNSQDrug,2026-09-27T07:50:40Z,REAL
MFR-AURIO-PHARMA-LABORATORIE-E7A6A0,Aurio Pharma Laboratories Pvt. Ltd,,,CDSCO NSQ public table (manufacturer address),https://cdscoonline.gov.in/CDSCO/viewPublicNSQDrug,2026-09-27T07:50:40Z,REAL
MFR-AUSTIN-PHARMACEUTICALS-E80D92,Austin Pharmaceuticals Ltd,,,CDSCO NSQ public table (manufacturer address),https://cdscoonline.gov.in/CDSCO/viewPublicNSQDrug,2026-09-27T07:50:40Z,REAL
MFR-AVALON-MEDICINES-AA6D3A,Avalon Medicines Pvt. Ltd,,,CDSCO NSQ public table (manufacturer address),https://cdscoonline.gov.in/CDSCO/viewPublicNSQDrug,2026-09-27T07:50:40Z,REAL
MFR-AXELUS-PHARMA-ED1C1D,Axelus Pharma Private Limited,,,CDSCO NSQ public table (manufacturer address),https://cdscoonline.gov.in/CDSCO/viewPublicNSQDrug,2026-09-27T07:50:40Z,REAL
MFR-AZINE-HEALTHCARE-A103CC,Azine Healthcare Pvt.ltd,Kerala,,CDSCO NSQ public table (manufacturer address),https://cdscoonline.gov.in/CDSCO/viewPublicNSQDrug,2026-09-27T07:50:40Z,REAL
MFR-AZOT-LIFE-SCIENCES-9C2D31,Azot Life Sciences,,,CDSCO NSQ public table (manufacturer address),https://cdscoonline.gov.in/CDSCO/viewPublicNSQDrug,2026-09-27T07:50:40Z,REAL
MFR-B-SHARDA-LIFESCIENCE-92D6AA,B.Sharda Lifescience,Gujarat,,CDSCO NSQ public table (manufacturer address),https://cdscoonline.gov.in/CDSCO/viewPublicNSQDrug,2026-09-27T07:50:40Z,REAL
MFR-BACTOLAC-FORMULATION-ABE172,Bactolac Formulation Pvt. Ltd,Telangana,,CDSCO NSQ public table (manufacturer address),https://cdscoonline.gov.in/CDSCO/viewPublicNSQDrug,2026-09-27T07:50:40Z,REAL
MFR-BACTOLAC-FORMULATIONS-53FB66,Bactolac Formulations Pvt. Ltd,Telangana,,CDSCO NSQ public table (manufacturer address),https://cdscoonline.gov.in/CDSCO/viewPublicNSQDrug,2026-09-27T07:50:40Z,REAL
MFR-BADRIVAS-BIOTECH-8A75C2,Badrivas Biotech Pvt. Ltd,Uttarakhand,,CDSCO NSQ public table (manufacturer address),https://cdscoonline.gov.in/CDSCO/viewPublicNSQDrug,2026-09-27T07:50:40Z,REAL
MFR-BAJAJ-FORMULATION-EDC45A,Bajaj Formulation,,,CDSCO NSQ public table (manufacturer address),https://cdscoonline.gov.in/CDSCO/viewPublicNSQDrug,2026-09-27T07:50:40Z,REAL
MFR-BAJAJ-FORMULATIONS-6F6D0C,Bajaj Formulations,,,CDSCO NSQ public table (manufacturer address),https://cdscoonline.gov.in/CDSCO/viewPublicNSQDrug,2026-09-27T07:50:40Z,REAL
MFR-BAJAJ-HEALTHCARE-3FDA76,Bajaj Healthcare Ltd,Gujarat,,CDSCO NSQ public table (manufacturer address),https://cdscoonline.gov.in/CDSCO/viewPublicNSQDrug,2026-09-27T07:50:40Z,REAL
MFR-BAJAJ-HEALTHCARE-R-S-NO-6ABFB6,Bajaj Healthcare Ltd. R.S. No,Gujarat,,CDSCO NSQ public table (manufacturer address),https://cdscoonline.gov.in/CDSCO/viewPublicNSQDrug,2026-09-27T07:50:40Z,REAL
MFR-BAJAJ-NUTRACEUTICALS-BEC957,Bajaj Nutraceuticals,,,CDSCO NSQ public table (manufacturer address),https://cdscoonline.gov.in/CDSCO/viewPublicNSQDrug,2026-09-27T07:50:40Z,REAL
MFR-BAL-PHARMA-6C8C6C,Bal Pharma Ltd,,,CDSCO NSQ public table (manufacturer address),https://cdscoonline.gov.in/CDSCO/viewPublicNSQDrug,2026-09-27T07:50:40Z,REAL
MFR-BANGALORE-ANTIBIOTICS-AN-48994F,Bangalore Antibiotics and Biologicals Pvt Ltd,,,CDSCO NSQ public table (manufacturer address),https://cdscoonline.gov.in/CDSCO/viewPublicNSQDrug,2026-09-27T07:50:40Z,REAL
MFR-BANSON-PHARMACEUTICALS-590DFB,Banson Pharmaceuticals Pvt.Ltd,,,CDSCO NSQ public table (manufacturer address),https://cdscoonline.gov.in/CDSCO/viewPublicNSQDrug,2026-09-27T07:50:40Z,REAL
MFR-BASEMAN-HEALTHCARE-36C43A,Baseman Healthcare Inc,,,CDSCO NSQ public table (manufacturer address),https://cdscoonline.gov.in/CDSCO/viewPublicNSQDrug,2026-09-27T07:50:40Z,REAL
MFR-BAYBERRY-PHARMACEUTICALS-A188E6,Bayberry Pharmaceuticals Pvt. Ltd,Himachal Pradesh,,CDSCO NSQ public table (manufacturer address),https://cdscoonline.gov.in/CDSCO/viewPublicNSQDrug,2026-09-27T07:50:40Z,REAL
MFR-BCL-PHARAMA-2DECCE,BCL Pharama,Himachal Pradesh,,CDSCO NSQ public table (manufacturer address),https://cdscoonline.gov.in/CDSCO/viewPublicNSQDrug,2026-09-27T07:50:40Z,REAL
MFR-BDC-PHARMACEUTICALS-9D72F3,BDC Pharmaceuticals,,,CDSCO NSQ public table (manufacturer address),https://cdscoonline.gov.in/CDSCO/viewPublicNSQDrug,2026-09-27T07:50:40Z,REAL
MFR-BDH-INDUSTRIAL-18402A,BDH Industrial Ltd,,,CDSCO NSQ public table (manufacturer address),https://cdscoonline.gov.in/CDSCO/viewPublicNSQDrug,2026-09-27T07:50:40Z,REAL
MFR-BDR-PHARMACEUTICALS-INTE-F8A3E5,BDR Pharmaceuticals International Pvt. Ltd. - At,,,CDSCO NSQ public table (manufacturer address),https://cdscoonline.gov.in/CDSCO/viewPublicNSQDrug,2026-09-27T07:50:40Z,REAL
MFR-BDR-PHARMACEUTICALS-INTL-680DFE,BDR Pharmaceuticals Intl Pvt. Ltd. Vanseti,,,CDSCO NSQ public table (manufacturer address),https://cdscoonline.gov.in/CDSCO/viewPublicNSQDrug,2026-09-27T07:50:40Z,REAL
MFR-BEAUTY-BIRDS-COSMETICS-B-A1BA1A,Beauty Birds Cosmetics Bhatti Compound,Gujarat,,CDSCO NSQ public table (manufacturer address),https://cdscoonline.gov.in/CDSCO/viewPublicNSQDrug,2026-09-27T07:50:40Z,REAL
MFR-BENGAL-CHEMICALS-AND-PHA-38488A,Bengal Chemicals And Pharmaceuticals E-35 Industrial Area Haridwar-249401 UK,,,CDSCO NSQ public table (manufacturer address),https://cdscoonline.gov.in/CDSCO/viewPublicNSQDrug,2026-09-27T07:50:40Z,REAL
MFR-BENGAL-CHEMICALS-AND-PHA-4A01AC,Bengal Chemicals and Pharmaceuticals Ltd At:II,,,CDSCO NSQ public table (manufacturer address),https://cdscoonline.gov.in/CDSCO/viewPublicNSQDrug,2026-09-27T07:50:40Z,REAL
MFR-BENGAL-CHEMICALS-AND-PHA-843284,Bengal Chemicals and Pharmaceuticals Ltd,,,CDSCO NSQ public table (manufacturer address),https://cdscoonline.gov.in/CDSCO/viewPublicNSQDrug,2026-09-27T07:50:40Z,REAL
MFR-BENGAL-CHEMICALS-PHARMAC-DD91E4,Bengal Chemicals & Pharmaceuticals Ltd,Haryana,,CDSCO NSQ public table (manufacturer address),https://cdscoonline.gov.in/CDSCO/viewPublicNSQDrug,2026-09-27T07:50:40Z,REAL
MFR-BENGENE-LIFE-SCIENCES-R-527A98,Bengene Life Sciences Pvt. Ltd. R.S.No,,,CDSCO NSQ public table (manufacturer address),https://cdscoonline.gov.in/CDSCO/viewPublicNSQDrug,2026-09-27T07:50:40Z,REAL
MFR-BENNET-PHARMACEUTICALS-AD34F2,BENNET Pharmaceuticals Ltd,Himachal Pradesh,,CDSCO NSQ public table (manufacturer address),https://cdscoonline.gov.in/CDSCO/viewPublicNSQDrug,2026-09-27T07:50:40Z,REAL
MFR-BESTCARE-FORMULATION-B41060,Bestcare Formulation Pvt,Puducherry,,CDSCO NSQ public table (manufacturer address),https://cdscoonline.gov.in/CDSCO/viewPublicNSQDrug,2026-09-27T07:50:40Z,REAL
MFR-BESTCARE-FORMULATIONS-41F7A9,Bestcare Formulations Pvt Ltd,Puducherry,,CDSCO NSQ public table (manufacturer address),https://cdscoonline.gov.in/CDSCO/viewPublicNSQDrug,2026-09-27T07:50:40Z,REAL
MFR-BETA-DRUGS-KHARUNI-LODHI-99A200,Beta Drugs Ltd. Kharuni Lodhimajjra Road,Himachal Pradesh,,CDSCO NSQ public table (manufacturer address),https://cdscoonline.gov.in/CDSCO/viewPublicNSQDrug,2026-09-27T07:50:40Z,REAL
MFR-BETAMAX-REMEDIES-B68DD0,Betamax Remedies Pvt. Ltd,Himachal Pradesh,,CDSCO NSQ public table (manufacturer address),https://cdscoonline.gov.in/CDSCO/viewPublicNSQDrug,2026-09-27T07:50:40Z,REAL
MFR-BHAGWATI-MEDICARE-DEVICE-FC3B26,Bhagwati Medicare Devices,Gujarat,,CDSCO NSQ public table (manufacturer address),https://cdscoonline.gov.in/CDSCO/viewPublicNSQDrug,2026-09-27T07:50:40Z,REAL
MFR-BHGWATI-MEDICARE-DEVICES-849734,Bhgwati Medicare Devices,Gujarat,,CDSCO NSQ public table (manufacturer address),https://cdscoonline.gov.in/CDSCO/viewPublicNSQDrug,2026-09-27T07:50:40Z,REAL
MFR-BINDLYSH-BIOTEC-B147A4,Bindlysh Biotec Ltd,Delhi,,CDSCO NSQ public table (manufacturer address),https://cdscoonline.gov.in/CDSCO/viewPublicNSQDrug,2026-09-27T07:50:40Z,REAL
MFR-BIO-MEDICA-LABORATORIES-B13518,Bio Medica Laboratories Pvt. Ltd,,,CDSCO NSQ public table (manufacturer address),https://cdscoonline.gov.in/CDSCO/viewPublicNSQDrug,2026-09-27T07:50:40Z,REAL
MFR-BIO-NEUTRACEUTICALS-D-NO-224103,Bio Neutraceuticals D.no.8-290/1,,,CDSCO NSQ public table (manufacturer address),https://cdscoonline.gov.in/CDSCO/viewPublicNSQDrug,2026-09-27T07:50:40Z,REAL
MFR-BIO-TECH-FORMULATION-1FDECD,Bio Tech Formulation,,,CDSCO NSQ public table (manufacturer address),https://cdscoonline.gov.in/CDSCO/viewPublicNSQDrug,2026-09-27T07:50:40Z,REAL
MFR-BIOALTUS-PHARMACEUTICALS-18408D,Bioaltus Pharmaceuticals Pvt. Ltd,Sikkim,,CDSCO NSQ public table (manufacturer address),https://cdscoonline.gov.in/CDSCO/viewPublicNSQDrug,2026-09-27T07:50:40Z,REAL
MFR-BIOCENNA-HEALTHCARE-6DA504,Biocenna Healthcare Pvt Ltd,,,CDSCO NSQ public table (manufacturer address),https://cdscoonline.gov.in/CDSCO/viewPublicNSQDrug,2026-09-27T07:50:40Z,REAL
MFR-BIOCENNA-HEALTHCARE-KH-N-BE86E7,Biocenna Healthcare Pvt.Ltd.Kh.No.218,,,CDSCO NSQ public table (manufacturer address),https://cdscoonline.gov.in/CDSCO/viewPublicNSQDrug,2026-09-27T07:50:40Z,REAL
MFR-BIOCHEM-HEALTHCARE-48591B,Biochem Healthcare Pvt.Ltd,Madhya Pradesh,,CDSCO NSQ public table (manufacturer address),https://cdscoonline.gov.in/CDSCO/viewPublicNSQDrug,2026-09-27T07:50:40Z,REAL
MFR-BIOCONIC-REMEDIES-D18AD2,Bioconic Remedies,,,CDSCO NSQ public table (manufacturer address),https://cdscoonline.gov.in/CDSCO/viewPublicNSQDrug,2026-09-27T07:50:40Z,REAL
MFR-BIOCORE-PHARMACEUTICALS-70BAFB,Biocore Pharmaceuticals,Himachal Pradesh,,CDSCO NSQ public table (manufacturer address),https://cdscoonline.gov.in/CDSCO/viewPublicNSQDrug,2026-09-27T07:50:40Z,REAL
MFR-BIODEAL-PHARMACEUTICAL-9D3975,Biodeal Pharmaceutical Ltd,Himachal Pradesh,,CDSCO NSQ public table (manufacturer address),https://cdscoonline.gov.in/CDSCO/viewPublicNSQDrug,2026-09-27T07:50:40Z,REAL
MFR-BIODEAL-PHARMACEUTICALS-8A36E1,Biodeal Pharmaceuticals Limited,,,CDSCO NSQ public table (manufacturer address),https://cdscoonline.gov.in/CDSCO/viewPublicNSQDrug,2026-09-27T07:50:40Z,REAL
MFR-BIOGENETIC-DRUGS-0DEF51,Biogenetic Drugs Pvt. Ltd,Himachal Pradesh,,CDSCO NSQ public table (manufacturer address),https://cdscoonline.gov.in/CDSCO/viewPublicNSQDrug,2026-09-27T07:50:40Z,REAL
MFR-BIOGENETIC-DRUGS-PTV-9D578A,Biogenetic Drugs Ptv. Ltd,,,CDSCO NSQ public table (manufacturer address),https://cdscoonline.gov.in/CDSCO/viewPublicNSQDrug,2026-09-27T07:50:40Z,REAL
MFR-BIOGRADE-ORGANICS-72281C,Biograde Organics Pvt. Ltd,,,CDSCO NSQ public table (manufacturer address),https://cdscoonline.gov.in/CDSCO/viewPublicNSQDrug,2026-09-27T07:50:40Z,REAL
MFR-BIOIV-LABS-92B172,Bioiv Labs Pvt.Ltd,,,CDSCO NSQ public table (manufacturer address),https://cdscoonline.gov.in/CDSCO/viewPublicNSQDrug,2026-09-27T07:50:40Z,REAL
MFR-BIOLAND-PHARMA-572BDF,Bioland Pharma,Haryana,,CDSCO NSQ public table (manufacturer address),https://cdscoonline.gov.in/CDSCO/viewPublicNSQDrug,2026-09-27T07:50:40Z,REAL
MFR-BIOLOGICAL-E-33011E,Biological E Limited,Telangana,,CDSCO NSQ public table (manufacturer address),https://cdscoonline.gov.in/CDSCO/viewPublicNSQDrug,2026-09-27T07:50:40Z,REAL
MFR-BIOMAX-BIOTECHNICS-7B9C39,Biomax Biotechnics,Haryana,,CDSCO NSQ public table (manufacturer address),https://cdscoonline.gov.in/CDSCO/viewPublicNSQDrug,2026-09-27T07:50:40Z,REAL
MFR-BIOMED-HEALTHCARE-PRODUC-35A8C0,Biomed Healthcare Products Pvt. Ltd,Uttarakhand,,CDSCO NSQ public table (manufacturer address),https://cdscoonline.gov.in/CDSCO/viewPublicNSQDrug,2026-09-27T07:50:40Z,REAL
MFR-BIOMEDICA-LABORATORIES-2136E5,Biomedica Laboratories Ltd,,,CDSCO NSQ public table (manufacturer address),https://cdscoonline.gov.in/CDSCO/viewPublicNSQDrug,2026-09-27T07:50:40Z,REAL
MFR-BION-THERAPEUTICS-FFC0F8,Bion Therapeutics India Pvt.Ltd,Uttarakhand,,CDSCO NSQ public table (manufacturer address),https://cdscoonline.gov.in/CDSCO/viewPublicNSQDrug,2026-09-27T07:50:40Z,REAL
MFR-BIONEXY-PHARMA-2EFDC8,Bionexy Pharma,Himachal Pradesh,,CDSCO NSQ public table (manufacturer address),https://cdscoonline.gov.in/CDSCO/viewPublicNSQDrug,2026-09-27T07:50:40Z,REAL
MFR-BIONIAL-HEALTHCARE-3417BB,Bionial Healthcare Pvt.Ltd,Punjab,,CDSCO NSQ public table (manufacturer address),https://cdscoonline.gov.in/CDSCO/viewPublicNSQDrug,2026-09-27T07:50:40Z,REAL
MFR-BIOSEARCH-ORGANICS-73D8F4,Biosearch Organics,,,CDSCO NSQ public table (manufacturer address),https://cdscoonline.gov.in/CDSCO/viewPublicNSQDrug,2026-09-27T07:50:40Z,REAL
MFR-BIOSEARCH-ORGANICS-D-I-C-D29196,Biosearch Organics D.I.C. Indl. Estate,,,CDSCO NSQ public table (manufacturer address),https://cdscoonline.gov.in/CDSCO/viewPublicNSQDrug,2026-09-27T07:50:40Z,REAL
MFR-BITTU-PHARMACEUTICALS-F55D03,Bittu Pharmaceuticals,,,CDSCO NSQ public table (manufacturer address),https://cdscoonline.gov.in/CDSCO/viewPublicNSQDrug,2026-09-27T07:50:40Z,REAL
MFR-BIVA-BIOTECH-740CAD,Biva Biotech,,,CDSCO NSQ public table (manufacturer address),https://cdscoonline.gov.in/CDSCO/viewPublicNSQDrug,2026-09-27T07:50:40Z,REAL
MFR-BIVA-HEALTHCARE-067258,Biva Healthcare,,,CDSCO NSQ public table (manufacturer address),https://cdscoonline.gov.in/CDSCO/viewPublicNSQDrug,2026-09-27T07:50:40Z,REAL
MFR-BLAZED-PHARMACEUTICALS-E04567,Blazed Pharmaceuticals Pvt. Ltd,,,CDSCO NSQ public table (manufacturer address),https://cdscoonline.gov.in/CDSCO/viewPublicNSQDrug,2026-09-27T07:50:40Z,REAL
MFR-BLBK-PHARMACEUTICAL-F-10-FB4B09,BLBK Pharmaceutical Pvt. Ltd. F-108,,,CDSCO NSQ public table (manufacturer address),https://cdscoonline.gov.in/CDSCO/viewPublicNSQDrug,2026-09-27T07:50:40Z,REAL
MFR-BLITZ-PHARMACEUTICALS-B03D68,Blitz Pharmaceuticals Pvt. Ltd,,,CDSCO NSQ public table (manufacturer address),https://cdscoonline.gov.in/CDSCO/viewPublicNSQDrug,2026-09-27T07:50:40Z,REAL
MFR-BLUE-HEAVEN-COSMETICS-6BFDAD,Blue Heaven Cosmetics,Haryana,,CDSCO NSQ public table (manufacturer address),https://cdscoonline.gov.in/CDSCO/viewPublicNSQDrug,2026-09-27T07:50:40Z,REAL
MFR-BOCHEM-HEALTHCARE-639243,Bochem Healthcare Pvt. Ltd,Madhya Pradesh,,CDSCO NSQ public table (manufacturer address),https://cdscoonline.gov.in/CDSCO/viewPublicNSQDrug,2026-09-27T07:50:40Z,REAL
MFR-BOFFIN-BIOTECH-527FED,Boffin Biotech Pvt .Ltd,,,CDSCO NSQ public table (manufacturer address),https://cdscoonline.gov.in/CDSCO/viewPublicNSQDrug,2026-09-27T07:50:40Z,REAL
MFR-BON-HEUR-PHARMACEUTICALS-609598,BON-HEUR Pharmaceuticals,Uttarakhand,,CDSCO NSQ public table (manufacturer address),https://cdscoonline.gov.in/CDSCO/viewPublicNSQDrug,2026-09-27T07:50:40Z,REAL
MFR-BONN-SCHETERING-BIO-SCIE-6B3250,Bonn Schetering Bio Sciences,Puducherry,,CDSCO NSQ public table (manufacturer address),https://cdscoonline.gov.in/CDSCO/viewPublicNSQDrug,2026-09-27T07:50:40Z,REAL
MFR-BONN-SCHTERING-BIO-SCIEN-ED7A5C,Bonn Schtering Bio Sciences,Puducherry,,CDSCO NSQ public table (manufacturer address),https://cdscoonline.gov.in/CDSCO/viewPublicNSQDrug,2026-09-27T07:50:40Z,REAL
MFR-BONN-STERING-BIO-SCIENCE-6688BB,Bonn Stering Bio Science LLP,Puducherry,,CDSCO NSQ public table (manufacturer address),https://cdscoonline.gov.in/CDSCO/viewPublicNSQDrug,2026-09-27T07:50:40Z,REAL
MFR-BOVINE-HEALTH-CARE-D-NO-47BF8A,Bovine Health care D.No,Telangana,,CDSCO NSQ public table (manufacturer address),https://cdscoonline.gov.in/CDSCO/viewPublicNSQDrug,2026-09-27T07:50:40Z,REAL
MFR-BRAHMANAND-AYURVEDA-AFD183,Brahmanand Ayurveda,Punjab,,CDSCO NSQ public table (manufacturer address),https://cdscoonline.gov.in/CDSCO/viewPublicNSQDrug,2026-09-27T07:50:40Z,REAL
MFR-BRD-MEDILABS-329210,BRD Medilabs,Himachal Pradesh,,CDSCO NSQ public table (manufacturer address),https://cdscoonline.gov.in/CDSCO/viewPublicNSQDrug,2026-09-27T07:50:40Z,REAL
MFR-BRIJ-HEALTHCARE-38A7E9,Brij Healthcare Pvt. Ltd,Gujarat,,CDSCO NSQ public table (manufacturer address),https://cdscoonline.gov.in/CDSCO/viewPublicNSQDrug,2026-09-27T07:50:40Z,REAL
MFR-BRIT-LIFESCIENCE-A-GMP-C-1E6909,BRIT Lifescience a GMP Certified Company) Sainwala kaula Wata,Himachal Pradesh,,CDSCO NSQ public table (manufacturer address),https://cdscoonline.gov.in/CDSCO/viewPublicNSQDrug,2026-09-27T07:50:40Z,REAL
MFR-BRIT-LIFESCIENCE-DA1040,Brit Lifescience,Himachal Pradesh,,CDSCO NSQ public table (manufacturer address),https://cdscoonline.gov.in/CDSCO/viewPublicNSQDrug,2026-09-27T07:50:40Z,REAL
MFR-BROOKS-LABORATORIES-884BCF,Brooks Laboratories Ltd,Himachal Pradesh,,CDSCO NSQ public table (manufacturer address),https://cdscoonline.gov.in/CDSCO/viewPublicNSQDrug,2026-09-27T07:50:40Z,REAL
MFR-BRUSSELS-LABORATORIES-8D406B,Brussels Laboratories Pvt. Ltd,Gujarat,,CDSCO NSQ public table (manufacturer address),https://cdscoonline.gov.in/CDSCO/viewPublicNSQDrug,2026-09-27T07:50:40Z,REAL
MFR-BY-SYNDICATE-PHARMA-A15B52,By: Syndicate Pharma,Madhya Pradesh,,CDSCO NSQ public table (manufacturer address),https://cdscoonline.gov.in/CDSCO/viewPublicNSQDrug,2026-09-27T07:50:40Z,REAL
MFR-BYMAA-LABORATORIES-27042B,Bymaa Laboratories Private Limited,Puducherry,,CDSCO NSQ public table (manufacturer address),https://cdscoonline.gov.in/CDSCO/viewPublicNSQDrug,2026-09-27T07:50:40Z,REAL
MFR-C-B-HEALTHCARE-C622F6,C.B. Healthcare,Himachal Pradesh,,CDSCO NSQ public table (manufacturer address),https://cdscoonline.gov.in/CDSCO/viewPublicNSQDrug,2026-09-27T07:50:40Z,REAL
MFR-CACHET-PHARMACEUTICALS-FD6996,Cachet Pharmaceuticals Pvt. Ltd,Himachal Pradesh,,CDSCO NSQ public table (manufacturer address),https://cdscoonline.gov.in/CDSCO/viewPublicNSQDrug,2026-09-27T07:50:40Z,REAL
MFR-CADILA-PHARMACEUTICALS-FCF716,CADILA PHARMACEUTICALS LIMITED,,,CDSCO NSQ public table (manufacturer address),https://cdscoonline.gov.in/CDSCO/viewPublicNSQDrug,2026-09-27T07:50:40Z,REAL
MFR-CADILA-PHARMACEUTICALS-I-10253B,Cadila Pharmaceuticals Ltd. Industrial Growth Center,,,CDSCO NSQ public table (manufacturer address),https://cdscoonline.gov.in/CDSCO/viewPublicNSQDrug,2026-09-27T07:50:40Z,REAL
MFR-CADILA-PHARMACEUTICLAS-43E933,Cadila pharmaceuticlas Limited,,,CDSCO NSQ public table (manufacturer address),https://cdscoonline.gov.in/CDSCO/viewPublicNSQDrug,2026-09-27T07:50:40Z,REAL
MFR-CAMPER-HEALTHCARE-3FF7DD,Camper Healthcare,Gujarat,,CDSCO NSQ public table (manufacturer address),https://cdscoonline.gov.in/CDSCO/viewPublicNSQDrug,2026-09-27T07:50:40Z,REAL
MFR-CANDIMED-LIFE-SCIENCES-3911E4,Candimed Life Sciences,Uttarakhand,,CDSCO NSQ public table (manufacturer address),https://cdscoonline.gov.in/CDSCO/viewPublicNSQDrug,2026-09-27T07:50:40Z,REAL
MFR-CANDOR-BIOTECH-AF24E5,Candor Biotech Ltd,Punjab,,CDSCO NSQ public table (manufacturer address),https://cdscoonline.gov.in/CDSCO/viewPublicNSQDrug,2026-09-27T07:50:40Z,REAL
MFR-CANDOUR-PHARMACEUTICALS-33F2B5,Candour Pharmaceuticals,,,CDSCO NSQ public table (manufacturer address),https://cdscoonline.gov.in/CDSCO/viewPublicNSQDrug,2026-09-27T07:50:40Z,REAL
MFR-CANIXA-LIFE-SCIENCES-D05417,Canixa Life Sciences Pvt. Ltd,Uttarakhand,,CDSCO NSQ public table (manufacturer address),https://cdscoonline.gov.in/CDSCO/viewPublicNSQDrug,2026-09-27T07:50:40Z,REAL
MFR-CAPLET-REKJUANI-EE17F3,Caplet India Pvt.Ltd. Rekjuani,,,CDSCO NSQ public table (manufacturer address),https://cdscoonline.gov.in/CDSCO/viewPublicNSQDrug,2026-09-27T07:50:40Z,REAL
MFR-CAPSOFT-HEALTHCARE-23CAB0,Capsoft Healthcare Pvt Ltd,Himachal Pradesh,,CDSCO NSQ public table (manufacturer address),https://cdscoonline.gov.in/CDSCO/viewPublicNSQDrug,2026-09-27T07:50:40Z,REAL
MFR-CAPTAB-BIOTEC-9FD94A,Captab Biotec,Himachal Pradesh,,CDSCO NSQ public table (manufacturer address),https://cdscoonline.gov.in/CDSCO/viewPublicNSQDrug,2026-09-27T07:50:40Z,REAL
MFR-CARDIOMAC-12E989,Cardiomac India,Rajasthan,,CDSCO NSQ public table (manufacturer address),https://cdscoonline.gov.in/CDSCO/viewPublicNSQDrug,2026-09-27T07:50:40Z,REAL
MFR-CAREWELL-STEUART-PHARMA-BC88C4,Carewell Steuart Pharma Pvt.Ltd,,,CDSCO NSQ public table (manufacturer address),https://cdscoonline.gov.in/CDSCO/viewPublicNSQDrug,2026-09-27T07:50:40Z,REAL
MFR-CAREWIN-PHARMACEUTICAL-47946E,Carewin Pharmaceutical,,,CDSCO NSQ public table (manufacturer address),https://cdscoonline.gov.in/CDSCO/viewPublicNSQDrug,2026-09-27T07:50:40Z,REAL
MFR-CAREWIN-PHARMACEUTICALS-2D7F47,Carewin Pharmaceuticals,,,CDSCO NSQ public table (manufacturer address),https://cdscoonline.gov.in/CDSCO/viewPublicNSQDrug,2026-09-27T07:50:40Z,REAL
MFR-CARTEL-LABORATORIES-70ABCB,Cartel Laboratories,,,CDSCO NSQ public table (manufacturer address),https://cdscoonline.gov.in/CDSCO/viewPublicNSQDrug,2026-09-27T07:50:40Z,REAL
MFR-CASCA-REMEDIES-746E87,Casca Remedies Pvt. Ltd,Haryana,,CDSCO NSQ public table (manufacturer address),https://cdscoonline.gov.in/CDSCO/viewPublicNSQDrug,2026-09-27T07:50:40Z,REAL
MFR-CASID-PHARMACEUTICALS-E6AFFE,Casid Pharmaceuticals Private Limited,,,CDSCO NSQ public table (manufacturer address),https://cdscoonline.gov.in/CDSCO/viewPublicNSQDrug,2026-09-27T07:50:40Z,REAL
MFR-CASPIAN-PHARMACEUTICALS-9CDE2D,Caspian Pharmaceuticals,Himachal Pradesh,,CDSCO NSQ public table (manufacturer address),https://cdscoonline.gov.in/CDSCO/viewPublicNSQDrug,2026-09-27T07:50:40Z,REAL
MFR-CATASTA-PHARMACEUTICALS-11A37B,Catasta Pharmaceuticals,,,CDSCO NSQ public table (manufacturer address),https://cdscoonline.gov.in/CDSCO/viewPublicNSQDrug,2026-09-27T07:50:40Z,REAL
MFR-CATRAX-HEALTHCARE-FBE334,Catrax Healthcare Pvt. Ltd,Himachal Pradesh,,CDSCO NSQ public table (manufacturer address),https://cdscoonline.gov.in/CDSCO/viewPublicNSQDrug,2026-09-27T07:50:40Z,REAL
MFR-CCIGMAA-LIFESTYLE-B0554D,CCIGMAA LIFESTYLE Pvt LTD,,,CDSCO NSQ public table (manufacturer address),https://cdscoonline.gov.in/CDSCO/viewPublicNSQDrug,2026-09-27T07:50:40Z,REAL
MFR-CENT-CURE-D20080,Cent Cure private Limited,Himachal Pradesh,,CDSCO NSQ public table (manufacturer address),https://cdscoonline.gov.in/CDSCO/viewPublicNSQDrug,2026-09-27T07:50:40Z,REAL
MFR-CENTAUR-PHARMACEUTICALS-F2B275,Centaur Pharmaceuticals Pvt. Ltd,Haryana,,CDSCO NSQ public table (manufacturer address),https://cdscoonline.gov.in/CDSCO/viewPublicNSQDrug,2026-09-27T07:50:40Z,REAL
MFR-CENTURION-LABORATORIES-8578E2,Centurion Laboratories Pvt. Ltd,,,CDSCO NSQ public table (manufacturer address),https://cdscoonline.gov.in/CDSCO/viewPublicNSQDrug,2026-09-27T07:50:40Z,REAL
MFR-CENTURION-REMEDIES-022FBD,Centurion Remedies Pvt. Ltd,,,CDSCO NSQ public table (manufacturer address),https://cdscoonline.gov.in/CDSCO/viewPublicNSQDrug,2026-09-27T07:50:40Z,REAL
MFR-CENTURY-DRUGS-E8BC50,Century Drugs Pvt Ltd,Madhya Pradesh,,CDSCO NSQ public table (manufacturer address),https://cdscoonline.gov.in/CDSCO/viewPublicNSQDrug,2026-09-27T07:50:40Z,REAL
MFR-CENTURY-NOVA-DRUGS-0306B0,Century Nova Drugs Pvt. Ltd,,,CDSCO NSQ public table (manufacturer address),https://cdscoonline.gov.in/CDSCO/viewPublicNSQDrug,2026-09-27T07:50:40Z,REAL
MFR-CEZA-FORMULATION-2D0902,Ceza Formulation Pvt Ltd,,,CDSCO NSQ public table (manufacturer address),https://cdscoonline.gov.in/CDSCO/viewPublicNSQDrug,2026-09-27T07:50:40Z,REAL
MFR-CHALICE-VITALCHEM-9D046C,Chalice Vitalchem Pvt. Ltd,,,CDSCO NSQ public table (manufacturer address),https://cdscoonline.gov.in/CDSCO/viewPublicNSQDrug,2026-09-27T07:50:40Z,REAL
MFR-CHANGETHU-HERBS-DRUGS-27A760,Changethu Herbs & Drugs,,,CDSCO NSQ public table (manufacturer address),https://cdscoonline.gov.in/CDSCO/viewPublicNSQDrug,2026-09-27T07:50:40Z,REAL
MFR-CHEMETAC-PHARMACEUTICALS-A4BB75,Chemetac Pharmaceuticals,,,CDSCO NSQ public table (manufacturer address),https://cdscoonline.gov.in/CDSCO/viewPublicNSQDrug,2026-09-27T07:50:40Z,REAL
MFR-CHEMEX-OIL-F14A0C,Chemex Oil Pvt Ltd,Himachal Pradesh,,CDSCO NSQ public table (manufacturer address),https://cdscoonline.gov.in/CDSCO/viewPublicNSQDrug,2026-09-27T07:50:40Z,REAL
MFR-CHEMINO-PHARMA-27E214,Chemino Pharma Ltd,Gujarat,,CDSCO NSQ public table (manufacturer address),https://cdscoonline.gov.in/CDSCO/viewPublicNSQDrug,2026-09-27T07:50:40Z,REAL
MFR-CHEMSTELLAR-CHEMICALS-B63EF1,Chemstellar Chemicals Pvt Ltd,,,CDSCO NSQ public table (manufacturer address),https://cdscoonline.gov.in/CDSCO/viewPublicNSQDrug,2026-09-27T07:50:40Z,REAL
MFR-CHENNAI-OSCAR-BIO-PHARMA-DEC2A3,Chennai Oscar Bio Pharmaceuticals Pvt. Ltd,,,CDSCO NSQ public table (manufacturer address),https://cdscoonline.gov.in/CDSCO/viewPublicNSQDrug,2026-09-27T07:50:40Z,REAL
MFR-CHIMAK-HEALTH-CARE-9A7BAE,Chimak Health Care,,,CDSCO NSQ public table (manufacturer address),https://cdscoonline.gov.in/CDSCO/viewPublicNSQDrug,2026-09-27T07:50:40Z,REAL
MFR-CIAN-HEALTHCARE-AA0B4D,Cian Healthcare Limited,Uttarakhand,,CDSCO NSQ public table (manufacturer address),https://cdscoonline.gov.in/CDSCO/viewPublicNSQDrug,2026-09-27T07:50:40Z,REAL
MFR-CIAN-HEALTHCARE-KH-NO-266A35,Cian Healthcare Ltd. Kh.No,Uttarakhand,,CDSCO NSQ public table (manufacturer address),https://cdscoonline.gov.in/CDSCO/viewPublicNSQDrug,2026-09-27T07:50:40Z,REAL
MFR-CIEL-PHARMA-PLOT-NO-AB4B93,CIEL Pharma Pvt. Ltd.Plot No,Himachal Pradesh,,CDSCO NSQ public table (manufacturer address),https://cdscoonline.gov.in/CDSCO/viewPublicNSQDrug,2026-09-27T07:50:40Z,REAL
MFR-CIPCO-4D2C77,Cipco Limited,,,CDSCO NSQ public table (manufacturer address),https://cdscoonline.gov.in/CDSCO/viewPublicNSQDrug,2026-09-27T07:50:40Z,REAL
MFR-CIPCO-PHARMACEUTICALS-D34D16,Cipco Pharmaceuticals,,,CDSCO NSQ public table (manufacturer address),https://cdscoonline.gov.in/CDSCO/viewPublicNSQDrug,2026-09-27T07:50:40Z,REAL
MFR-CIPCOO-PHARMACEUTICALS-D0FCB1,Cipcoo Pharmaceuticals,Madhya Pradesh,,CDSCO NSQ public table (manufacturer address),https://cdscoonline.gov.in/CDSCO/viewPublicNSQDrug,2026-09-27T07:50:40Z,REAL
MFR-CIPHEM-PHARMA-C896D3,Ciphem Pharma,,,CDSCO NSQ public table (manufacturer address),https://cdscoonline.gov.in/CDSCO/viewPublicNSQDrug,2026-09-27T07:50:40Z,REAL
MFR-CIPLA-707760,Cipla Ltd,Goa,,CDSCO NSQ public table (manufacturer address),https://cdscoonline.gov.in/CDSCO/viewPublicNSQDrug,2026-09-27T07:50:40Z,REAL
MFR-CIRON-DRUGS-PHARMACEUTIC-F3D8CA,Ciron Drugs & Pharmaceuticals Pvt. Ltd,,,CDSCO NSQ public table (manufacturer address),https://cdscoonline.gov.in/CDSCO/viewPublicNSQDrug,2026-09-27T07:50:40Z,REAL
MFR-CIS-LIFE-CARE-44-45-CAC4D0,Cis Life Care Pvt.Ltd.44-45,,,CDSCO NSQ public table (manufacturer address),https://cdscoonline.gov.in/CDSCO/viewPublicNSQDrug,2026-09-27T07:50:40Z,REAL
MFR-CIVRON-PHARMACEUTICALS-442A45,Civron Pharmaceuticals,Himachal Pradesh,,CDSCO NSQ public table (manufacturer address),https://cdscoonline.gov.in/CDSCO/viewPublicNSQDrug,2026-09-27T07:50:40Z,REAL
MFR-CLARIANT-IGL-SPECIALTY-C-B013B8,Clariant IGL Specialty Chemicals Pvt. Ltd,Uttarakhand,,CDSCO NSQ public table (manufacturer address),https://cdscoonline.gov.in/CDSCO/viewPublicNSQDrug,2026-09-27T07:50:40Z,REAL
MFR-CLEVER-FORMULATIONS-7F89A8,Clever Formulations,,,CDSCO NSQ public table (manufacturer address),https://cdscoonline.gov.in/CDSCO/viewPublicNSQDrug,2026-09-27T07:50:40Z,REAL
MFR-CLEVUS-LIFESCIENCES-2261DF,Clevus Lifesciences,,,CDSCO NSQ public table (manufacturer address),https://cdscoonline.gov.in/CDSCO/viewPublicNSQDrug,2026-09-27T07:50:40Z,REAL
MFR-CMG-BIOTECH-B620CE,CMG Biotech Pvt. Ltd,,,CDSCO NSQ public table (manufacturer address),https://cdscoonline.gov.in/CDSCO/viewPublicNSQDrug,2026-09-27T07:50:40Z,REAL
MFR-COASTAL-MEDICARE-RS-NO-ED7FA2,Coastal Medicare Pvt. Ltd. RS No,Andhra Pradesh,,CDSCO NSQ public table (manufacturer address),https://cdscoonline.gov.in/CDSCO/viewPublicNSQDrug,2026-09-27T07:50:40Z,REAL
MFR-COAX-BIOREMEDIES-83-5EA5EA,Coax Bioremedies Pvt.Ltd.83,Delhi,,CDSCO NSQ public table (manufacturer address),https://cdscoonline.gov.in/CDSCO/viewPublicNSQDrug,2026-09-27T07:50:40Z,REAL
MFR-COAX-BIOREMEDIES-8DE8FC,Coax Bioremedies Pvt. Ltd,,,CDSCO NSQ public table (manufacturer address),https://cdscoonline.gov.in/CDSCO/viewPublicNSQDrug,2026-09-27T07:50:40Z,REAL
MFR-COMED-CHEMICALS-D74B25,Comed Chemicals Limited,,,CDSCO NSQ public table (manufacturer address),https://cdscoonline.gov.in/CDSCO/viewPublicNSQDrug,2026-09-27T07:50:40Z,REAL
MFR-COMEX-PHARMA-2A9026,Comex Pharma,,,CDSCO NSQ public table (manufacturer address),https://cdscoonline.gov.in/CDSCO/viewPublicNSQDrug,2026-09-27T07:50:40Z,REAL
MFR-CONCEPT-PHARMACEUTICALS-08A82C,Concept Pharmaceuticals Ltd,,,CDSCO NSQ public table (manufacturer address),https://cdscoonline.gov.in/CDSCO/viewPublicNSQDrug,2026-09-27T07:50:40Z,REAL
MFR-CONCEPT-PHARMACEUTICALS-AE5EBA,Concept Pharmaceuticals Ltdm,Uttarakhand,,CDSCO NSQ public table (manufacturer address),https://cdscoonline.gov.in/CDSCO/viewPublicNSQDrug,2026-09-27T07:50:40Z,REAL
MFR-CONCORD-DRUGS-CCD641,Concord Drugs Ltd,Telangana,,CDSCO NSQ public table (manufacturer address),https://cdscoonline.gov.in/CDSCO/viewPublicNSQDrug,2026-09-27T07:50:40Z,REAL
MFR-CONCORD-DRUGS-SY-9E5AB5,Concord Drugs Ltd . Sy,Telangana,,CDSCO NSQ public table (manufacturer address),https://cdscoonline.gov.in/CDSCO/viewPublicNSQDrug,2026-09-27T07:50:40Z,REAL
MFR-CONDOUR-PHARMACEUTICALS-0CA0F5,Condour Pharmaceuticals,Himachal Pradesh,,CDSCO NSQ public table (manufacturer address),https://cdscoonline.gov.in/CDSCO/viewPublicNSQDrug,2026-09-27T07:50:40Z,REAL
MFR-CONSCAFF-D68E95,Conscaff India,Himachal Pradesh,,CDSCO NSQ public table (manufacturer address),https://cdscoonline.gov.in/CDSCO/viewPublicNSQDrug,2026-09-27T07:50:40Z,REAL
MFR-CONSERN-PHARMA-642D12,Consern Pharma Limited,,,CDSCO NSQ public table (manufacturer address),https://cdscoonline.gov.in/CDSCO/viewPublicNSQDrug,2026-09-27T07:50:40Z,REAL
MFR-CONSERN-PHARNA-8FB3E6,Consern Pharna Ltd,,,CDSCO NSQ public table (manufacturer address),https://cdscoonline.gov.in/CDSCO/viewPublicNSQDrug,2026-09-27T07:50:40Z,REAL
MFR-CONTACARE-OPHTHALMICS-AN-2F2313,Contacare Ophthalmics and Diagnostics,Gujarat,,CDSCO NSQ public table (manufacturer address),https://cdscoonline.gov.in/CDSCO/viewPublicNSQDrug,2026-09-27T07:50:40Z,REAL
MFR-COOPER-PHARMA-2C0F65,Cooper Pharma Limited,,,CDSCO NSQ public table (manufacturer address),https://cdscoonline.gov.in/CDSCO/viewPublicNSQDrug,2026-09-27T07:50:40Z,REAL
MFR-COPMED-PHARMACEUTICALS-6D9B1B,Copmed Pharmaceuticals Pvt.Ltd,Himachal Pradesh,,CDSCO NSQ public table (manufacturer address),https://cdscoonline.gov.in/CDSCO/viewPublicNSQDrug,2026-09-27T07:50:40Z,REAL
MFR-CORONA-REMEDIES-496394,Corona Remedies Pvt Ltd,,,CDSCO NSQ public table (manufacturer address),https://cdscoonline.gov.in/CDSCO/viewPublicNSQDrug,2026-09-27T07:50:40Z,REAL
MFR-COSMAS-PHARMACIS-BURANWA-F0FC26,Cosmas Pharmacis Ltd.Buranwala Road,,,CDSCO NSQ public table (manufacturer address),https://cdscoonline.gov.in/CDSCO/viewPublicNSQDrug,2026-09-27T07:50:40Z,REAL
MFR-COSMAS-PHARMACLS-BURANWA-DAAB9D,Cosmas Pharmacls Ltd. Buranwala Road,,,CDSCO NSQ public table (manufacturer address),https://cdscoonline.gov.in/CDSCO/viewPublicNSQDrug,2026-09-27T07:50:40Z,REAL
MFR-COSMAS-PHARMACLS-DBEF0A,Cosmas Pharmacls Ltd,Himachal Pradesh,,CDSCO NSQ public table (manufacturer address),https://cdscoonline.gov.in/CDSCO/viewPublicNSQDrug,2026-09-27T07:50:40Z,REAL
MFR-COSMAS-RESEARCH-LAB-BB9B1F,Cosmas Research Lab Ltd,,,CDSCO NSQ public table (manufacturer address),https://cdscoonline.gov.in/CDSCO/viewPublicNSQDrug,2026-09-27T07:50:40Z,REAL
MFR-COSTAL-MEDICARE-19E9A3,Costal medicare Pvt.Ltd,Andhra Pradesh,,CDSCO NSQ public table (manufacturer address),https://cdscoonline.gov.in/CDSCO/viewPublicNSQDrug,2026-09-27T07:50:40Z,REAL
MFR-COTEC-HEALTHCARE-47A31E,Cotec Healthcare Pvt.Ltd,Uttarakhand,,CDSCO NSQ public table (manufacturer address),https://cdscoonline.gov.in/CDSCO/viewPublicNSQDrug,2026-09-27T07:50:40Z,REAL
MFR-COTEC-HEALTHCARE-KH-NO-ECB8A9,Cotec Healthcare Ltd. Kh. No,Uttarakhand,,CDSCO NSQ public table (manufacturer address),https://cdscoonline.gov.in/CDSCO/viewPublicNSQDrug,2026-09-27T07:50:40Z,REAL
MFR-COTEC-HEALTHCARE-NH-NO-7-67B1C4,Cotec Healthcare Ltd. - NH. No. -74,,,CDSCO NSQ public table (manufacturer address),https://cdscoonline.gov.in/CDSCO/viewPublicNSQDrug,2026-09-27T07:50:40Z,REAL
MFR-CRESCENT-LABS-247311,Crescent labs Pvt Ltd,Gujarat,,CDSCO NSQ public table (manufacturer address),https://cdscoonline.gov.in/CDSCO/viewPublicNSQDrug,2026-09-27T07:50:40Z,REAL
MFR-CREST-LIFESCIENCES-36EFD1,Crest Lifesciences Pvt. Ltd,Himachal Pradesh,,CDSCO NSQ public table (manufacturer address),https://cdscoonline.gov.in/CDSCO/viewPublicNSQDrug,2026-09-27T07:50:40Z,REAL
MFR-CREST-LIFESCOENCES-3C4D45,Crest Lifescoences Pvt. Ltd,Himachal Pradesh,,CDSCO NSQ public table (manufacturer address),https://cdscoonline.gov.in/CDSCO/viewPublicNSQDrug,2026-09-27T07:50:40Z,REAL
MFR-CRIS-PHARMA-32B937,Cris Pharma,,,CDSCO NSQ public table (manufacturer address),https://cdscoonline.gov.in/CDSCO/viewPublicNSQDrug,2026-09-27T07:50:40Z,REAL
MFR-CROSSASIA-BIOTECH-DAB6FD,Crossasia Biotech Pvt. Ltd,Madhya Pradesh,,CDSCO NSQ public table (manufacturer address),https://cdscoonline.gov.in/CDSCO/viewPublicNSQDrug,2026-09-27T07:50:40Z,REAL
MFR-CROSSASIA-BIOTECH-SURVER-3E7459,Crossasia Biotech Pvt. Ltd. Survery No,,,CDSCO NSQ public table (manufacturer address),https://cdscoonline.gov.in/CDSCO/viewPublicNSQDrug,2026-09-27T07:50:40Z,REAL
MFR-CROSSIA-BIOTECH-56E39B,Crossia Biotech Pvt.Ltd,,,CDSCO NSQ public table (manufacturer address),https://cdscoonline.gov.in/CDSCO/viewPublicNSQDrug,2026-09-27T07:50:40Z,REAL
MFR-CSD-LIFESCIENCES-566D30,CSD Lifesciences,Himachal Pradesh,,CDSCO NSQ public table (manufacturer address),https://cdscoonline.gov.in/CDSCO/viewPublicNSQDrug,2026-09-27T07:50:40Z,REAL
MFR-CU-V-KAR-GENETIC-MEDICIN-A55A14,CU-V-Kar Genetic Medicines Pvt Ltd,Uttarakhand,,CDSCO NSQ public table (manufacturer address),https://cdscoonline.gov.in/CDSCO/viewPublicNSQDrug,2026-09-27T07:50:40Z,REAL
MFR-CURE-HEALTH-PHARMACEUTIC-95B946,Cure Health Pharmaceuticals Pvt Ltd,,,CDSCO NSQ public table (manufacturer address),https://cdscoonline.gov.in/CDSCO/viewPublicNSQDrug,2026-09-27T07:50:40Z,REAL
MFR-CURE-QUICK-PHARMACEUTICA-5A7C42,CURE QUICK PHARMACEUTICALS,Haryana,,CDSCO NSQ public table (manufacturer address),https://cdscoonline.gov.in/CDSCO/viewPublicNSQDrug,2026-09-27T07:50:40Z,REAL
MFR-CUREHEALTH-PHAEMACEUTICA-322AE7,Curehealth Phaemaceuticals Pvt. Ltd,,,CDSCO NSQ public table (manufacturer address),https://cdscoonline.gov.in/CDSCO/viewPublicNSQDrug,2026-09-27T07:50:40Z,REAL
MFR-CUREHEALTH-PHARMACETICAL-1300B4,Curehealth Pharmaceticals Pvt Ltd,Himachal Pradesh,,CDSCO NSQ public table (manufacturer address),https://cdscoonline.gov.in/CDSCO/viewPublicNSQDrug,2026-09-27T07:50:40Z,REAL
MFR-CUREHEALTH-PHARMACEUTICA-A72458,Curehealth Pharmaceuticals Pvt. Ltd,,,CDSCO NSQ public table (manufacturer address),https://cdscoonline.gov.in/CDSCO/viewPublicNSQDrug,2026-09-27T07:50:40Z,REAL
MFR-CURETECH-FORMULATION-42705A,Curetech Formulation,,,CDSCO NSQ public table (manufacturer address),https://cdscoonline.gov.in/CDSCO/viewPublicNSQDrug,2026-09-27T07:50:40Z,REAL
MFR-CURETECH-FORMULATIONS-6A510D,Curetech Formulations,Himachal Pradesh,,CDSCO NSQ public table (manufacturer address),https://cdscoonline.gov.in/CDSCO/viewPublicNSQDrug,2026-09-27T07:50:40Z,REAL
MFR-CURETECH-SKINCARE-3D8BD7,Curetech Skincare,Himachal Pradesh,,CDSCO NSQ public table (manufacturer address),https://cdscoonline.gov.in/CDSCO/viewPublicNSQDrug,2026-09-27T07:50:40Z,REAL
MFR-CURETECH-SLINCARE-734207,Curetech Slincare,Himachal Pradesh,,CDSCO NSQ public table (manufacturer address),https://cdscoonline.gov.in/CDSCO/viewPublicNSQDrug,2026-09-27T07:50:40Z,REAL
MFR-CUREZA-HEALTHCARE-6CF5E5,Cureza Healthcare Pvt. Ltd,Madhya Pradesh,,CDSCO NSQ public table (manufacturer address),https://cdscoonline.gov.in/CDSCO/viewPublicNSQDrug,2026-09-27T07:50:40Z,REAL
MFR-CUREZA-HEALTHCARE-A-B-RO-6F909F,Cureza Healthcare pvt. Ltd. A.B.Road Girwai,,,CDSCO NSQ public table (manufacturer address),https://cdscoonline.gov.in/CDSCO/viewPublicNSQDrug,2026-09-27T07:50:40Z,REAL
MFR-CUREZA-HEALTHCARE-A-B-RO-AE23EB,Cureza Healthcare Pvt Ltd. A.B Road,,,CDSCO NSQ public table (manufacturer address),https://cdscoonline.gov.in/CDSCO/viewPublicNSQDrug,2026-09-27T07:50:40Z,REAL
MFR-CUREZA-HEALTHCARE-CUREZA-8ED800,Cureza Healthcare Pvt Ltd. Cureza Healthcare Ltd. A.B. Road,,,CDSCO NSQ public table (manufacturer address),https://cdscoonline.gov.in/CDSCO/viewPublicNSQDrug,2026-09-27T07:50:40Z,REAL
MFR-CYANO-PHARMA-2A63ED,Cyano Pharma,,,CDSCO NSQ public table (manufacturer address),https://cdscoonline.gov.in/CDSCO/viewPublicNSQDrug,2026-09-27T07:50:40Z,REAL
MFR-CYMER-PHARMA-2D26E7,Cymer Pharma,,,CDSCO NSQ public table (manufacturer address),https://cdscoonline.gov.in/CDSCO/viewPublicNSQDrug,2026-09-27T07:50:40Z,REAL
MFR-D-D-PHARMACEUTICALS-37E9BD,D.D. Pharmaceuticals Pvt. Ltd,Rajasthan,,CDSCO NSQ public table (manufacturer address),https://cdscoonline.gov.in/CDSCO/viewPublicNSQDrug,2026-09-27T07:50:40Z,REAL
MFR-D-J-LABORATORIES-F29955,D.J. Laboratories Pvt. Ltd,,,CDSCO NSQ public table (manufacturer address),https://cdscoonline.gov.in/CDSCO/viewPublicNSQDrug,2026-09-27T07:50:40Z,REAL
MFR-D-R-JOHNS-LAB-795A02,D.R. Johns Lab Pvt Ltd,,,CDSCO NSQ public table (manufacturer address),https://cdscoonline.gov.in/CDSCO/viewPublicNSQDrug,2026-09-27T07:50:40Z,REAL
MFR-D-R-SKINCARE-C2E143,D R Skincare,Punjab,,CDSCO NSQ public table (manufacturer address),https://cdscoonline.gov.in/CDSCO/viewPublicNSQDrug,2026-09-27T07:50:40Z,REAL
MFR-DABUR-C3B4F0,Dabur India Ltd,Himachal Pradesh,,CDSCO NSQ public table (manufacturer address),https://cdscoonline.gov.in/CDSCO/viewPublicNSQDrug,2026-09-27T07:50:40Z,REAL
MFR-DAFFOHILLS-LABORATORIES-3142DD,Daffohills Laboratories Pvt. Ltd. F-109-110,,,CDSCO NSQ public table (manufacturer address),https://cdscoonline.gov.in/CDSCO/viewPublicNSQDrug,2026-09-27T07:50:40Z,REAL
MFR-DAFFOHILS-LABORATOIES-E86F05,Daffohils Laboratoies Pvt. Ltd,,,CDSCO NSQ public table (manufacturer address),https://cdscoonline.gov.in/CDSCO/viewPublicNSQDrug,2026-09-27T07:50:40Z,REAL
MFR-DAFFOHILS-LABORATORIES-784014,Daffohils Laboratories Pvt Ltd,,,CDSCO NSQ public table (manufacturer address),https://cdscoonline.gov.in/CDSCO/viewPublicNSQDrug,2026-09-27T07:50:40Z,REAL
MFR-DANISH-HEALTH-CARE-767C18,Danish Health Care,,,CDSCO NSQ public table (manufacturer address),https://cdscoonline.gov.in/CDSCO/viewPublicNSQDrug,2026-09-27T07:50:40Z,REAL
MFR-DANISH-HEALTHCARE-738AED,Danish Healthcare,,,CDSCO NSQ public table (manufacturer address),https://cdscoonline.gov.in/CDSCO/viewPublicNSQDrug,2026-09-27T07:50:40Z,REAL
MFR-DANISH-HEALTHCARE-P-7C1C3A,Danish Healthcare P Ltd,,,CDSCO NSQ public table (manufacturer address),https://cdscoonline.gov.in/CDSCO/viewPublicNSQDrug,2026-09-27T07:50:40Z,REAL
MFR-DATT-MEDIPRODUCTS-5581DF,Datt Mediproducts Pvt. Ltd,Haryana,,CDSCO NSQ public table (manufacturer address),https://cdscoonline.gov.in/CDSCO/viewPublicNSQDrug,2026-09-27T07:50:40Z,REAL
MFR-DAUNDI-BIOLOGICAL-E6C472,Daundi Biological Pvt. Ltd,,,CDSCO NSQ public table (manufacturer address),https://cdscoonline.gov.in/CDSCO/viewPublicNSQDrug,2026-09-27T07:50:40Z,REAL
MFR-DAXIN-PHARMACEUTICALS-5E1657,Daxin Pharmaceuticals Pvt. Ltd,Himachal Pradesh,,CDSCO NSQ public table (manufacturer address),https://cdscoonline.gov.in/CDSCO/viewPublicNSQDrug,2026-09-27T07:50:40Z,REAL
MFR-DD-PHARMACEUTICALS-G-1-5-AF341C,DD Pharmaceuticals Pvt Ltd. G-1/583,,,CDSCO NSQ public table (manufacturer address),https://cdscoonline.gov.in/CDSCO/viewPublicNSQDrug,2026-09-27T07:50:40Z,REAL
MFR-DEEP-PHARMA-D207F4,Deep Pharma,,,CDSCO NSQ public table (manufacturer address),https://cdscoonline.gov.in/CDSCO/viewPublicNSQDrug,2026-09-27T07:50:40Z,REAL
MFR-DEMEXICO-PHARMACEUTICALS-5172FC,Demexico Pharmaceuticals Pvt. Ltd,,,CDSCO NSQ public table (manufacturer address),https://cdscoonline.gov.in/CDSCO/viewPublicNSQDrug,2026-09-27T07:50:40Z,REAL
MFR-DENTIGLOW-9B28F9,Dentiglow,,,CDSCO NSQ public table (manufacturer address),https://cdscoonline.gov.in/CDSCO/viewPublicNSQDrug,2026-09-27T07:50:40Z,REAL
MFR-DEVBHOOMI-PHARMA-ROORKEE-803010,Devbhoomi Pharma Roorkee Dist. Haridwar,,,CDSCO NSQ public table (manufacturer address),https://cdscoonline.gov.in/CDSCO/viewPublicNSQDrug,2026-09-27T07:50:40Z,REAL
MFR-DEVBHOOMI-PHARMACEUTICAL-39876D,Devbhoomi Pharmaceuticals,,,CDSCO NSQ public table (manufacturer address),https://cdscoonline.gov.in/CDSCO/viewPublicNSQDrug,2026-09-27T07:50:40Z,REAL
MFR-DEXIBO-PHARMA-B1042F,Dexibo Pharma Pvt. Ltd,,,CDSCO NSQ public table (manufacturer address),https://cdscoonline.gov.in/CDSCO/viewPublicNSQDrug,2026-09-27T07:50:40Z,REAL
MFR-DEXTER-FORMULATION-52A499,Dexter Formulation Pvt. Ltd,,,CDSCO NSQ public table (manufacturer address),https://cdscoonline.gov.in/CDSCO/viewPublicNSQDrug,2026-09-27T07:50:40Z,REAL
MFR-DHAWANILIFE-CARE-C6EFC5,Dhawanilife care Pvt. Ltd,,,CDSCO NSQ public table (manufacturer address),https://cdscoonline.gov.in/CDSCO/viewPublicNSQDrug,2026-09-27T07:50:40Z,REAL
MFR-DHWANILIFE-CARE-23D1BF,Dhwanilife Care Pvt. Ltd,Gujarat,,CDSCO NSQ public table (manufacturer address),https://cdscoonline.gov.in/CDSCO/viewPublicNSQDrug,2026-09-27T07:50:40Z,REAL
MFR-DIAL-PHARMACEUTICALS-371F86,Dial Pharmaceuticals,,,CDSCO NSQ public table (manufacturer address),https://cdscoonline.gov.in/CDSCO/viewPublicNSQDrug,2026-09-27T07:50:40Z,REAL
MFR-DIAMOND-DRUGS-BFBD40,Diamond Drugs Pvt. Ltd,West Bengal,,CDSCO NSQ public table (manufacturer address),https://cdscoonline.gov.in/CDSCO/viewPublicNSQDrug,2026-09-27T07:50:40Z,REAL
MFR-DIGITAL-VISION-54FFBA,Digital Vision,Himachal Pradesh,,CDSCO NSQ public table (manufacturer address),https://cdscoonline.gov.in/CDSCO/viewPublicNSQDrug,2026-09-27T07:50:40Z,REAL
MFR-DISINFECTO-CHEMICAL-INDU-E93063,Disinfecto Chemical Industrial Pvt. Ltd. D-7,,,CDSCO NSQ public table (manufacturer address),https://cdscoonline.gov.in/CDSCO/viewPublicNSQDrug,2026-09-27T07:50:40Z,REAL
MFR-DIVINE-LABORATORIES-0AF968,Divine Laboratories Pvt. Ltd,,,CDSCO NSQ public table (manufacturer address),https://cdscoonline.gov.in/CDSCO/viewPublicNSQDrug,2026-09-27T07:50:40Z,REAL
MFR-DIVINE-LABORATORIES-BLOC-DAAF6F,Divine Laboratories Pvt. Ltd. Block No,,,CDSCO NSQ public table (manufacturer address),https://cdscoonline.gov.in/CDSCO/viewPublicNSQDrug,2026-09-27T07:50:40Z,REAL
MFR-DIVINE-MEDICARE-4C347C,DIVINE MEDICARE,Himachal Pradesh,,CDSCO NSQ public table (manufacturer address),https://cdscoonline.gov.in/CDSCO/viewPublicNSQDrug,2026-09-27T07:50:40Z,REAL
MFR-DIVTATV-WELLNESS-3E1BC5,Divtatv Wellness Pvt.Ltd,Uttar Pradesh,,CDSCO NSQ public table (manufacturer address),https://cdscoonline.gov.in/CDSCO/viewPublicNSQDrug,2026-09-27T07:50:40Z,REAL
MFR-DM-PHARMA-841EE8,DM Pharma Private. Limited,,,CDSCO NSQ public table (manufacturer address),https://cdscoonline.gov.in/CDSCO/viewPublicNSQDrug,2026-09-27T07:50:40Z,REAL
MFR-DR-ARS-F929EC,Dr. ARS,,,CDSCO NSQ public table (manufacturer address),https://cdscoonline.gov.in/CDSCO/viewPublicNSQDrug,2026-09-27T07:50:40Z,REAL
MFR-DR-EDWIN-MEDILABS-35CE77,Dr. Edwin Medilabs Pvt.Ltd,Punjab,,CDSCO NSQ public table (manufacturer address),https://cdscoonline.gov.in/CDSCO/viewPublicNSQDrug,2026-09-27T07:50:40Z,REAL
MFR-DR-EDWIN-MEDILABS-PLOT-N-30EE3F,Dr.Edwin Medilabs Pvt. Ltd.plot no. B-29,Punjab,,CDSCO NSQ public table (manufacturer address),https://cdscoonline.gov.in/CDSCO/viewPublicNSQDrug,2026-09-27T07:50:40Z,REAL
MFR-DR-JEE-PHARMA-4C1231,Dr. Jee Pharma Pvt Ltd,,,CDSCO NSQ public table (manufacturer address),https://cdscoonline.gov.in/CDSCO/viewPublicNSQDrug,2026-09-27T07:50:40Z,REAL
MFR-DR-MILTONS-LABORATORIES-19C3C3,Dr.Miltons Laboratories Pvt.. Ltd.R.S.No.135/6,Puducherry,,CDSCO NSQ public table (manufacturer address),https://cdscoonline.gov.in/CDSCO/viewPublicNSQDrug,2026-09-27T07:50:40Z,REAL
MFR-DR-MILTONS-LABORATORIES-3C768D,Dr.Miltons Laboratories Private Limited,Puducherry,,CDSCO NSQ public table (manufacturer address),https://cdscoonline.gov.in/CDSCO/viewPublicNSQDrug,2026-09-27T07:50:40Z,REAL
MFR-DR-PAL-S-PHARMACEUTICALS-D281D2,Dr. Pal'S Pharmaceuticals,Uttarakhand,,CDSCO NSQ public table (manufacturer address),https://cdscoonline.gov.in/CDSCO/viewPublicNSQDrug,2026-09-27T07:50:40Z,REAL
MFR-DR-PATEL-PHARMACEUTICALS-429546,Dr.Patel Pharmaceuticals Pvt. Ltd,Gujarat,,CDSCO NSQ public table (manufacturer address),https://cdscoonline.gov.in/CDSCO/viewPublicNSQDrug,2026-09-27T07:50:40Z,REAL
MFR-DR-PURI-PROPRIETORY-PROD-836934,Dr. Puri Proprietory Product,,,CDSCO NSQ public table (manufacturer address),https://cdscoonline.gov.in/CDSCO/viewPublicNSQDrug,2026-09-27T07:50:40Z,REAL
MFR-DR-REDDY-S-LABORATORIES-BE25A6,Dr.Reddy's Laboratories Limited,Himachal Pradesh,,CDSCO NSQ public table (manufacturer address),https://cdscoonline.gov.in/CDSCO/viewPublicNSQDrug,2026-09-27T07:50:40Z,REAL
MFR-DRAKT-INTERNATIONAL-DC0965,Drakt International,West Bengal,,CDSCO NSQ public table (manufacturer address),https://cdscoonline.gov.in/CDSCO/viewPublicNSQDrug,2026-09-27T07:50:40Z,REAL
MFR-DUAL-HEALTHCARE-D73E5B,Dual Healthcare,Himachal Pradesh,,CDSCO NSQ public table (manufacturer address),https://cdscoonline.gov.in/CDSCO/viewPublicNSQDrug,2026-09-27T07:50:40Z,REAL
MFR-DURGAJI-HEALTHCARE-29D3CD,Durgaji Healthcare Pvt.Ltd,,,CDSCO NSQ public table (manufacturer address),https://cdscoonline.gov.in/CDSCO/viewPublicNSQDrug,2026-09-27T07:50:40Z,REAL
MFR-DUTCH-FORMULATIONS-DB1853,DUTCH Formulations,Himachal Pradesh,,CDSCO NSQ public table (manufacturer address),https://cdscoonline.gov.in/CDSCO/viewPublicNSQDrug,2026-09-27T07:50:40Z,REAL
MFR-DYCOTT-HEALTHCARE-29E0BB,DYCOTT Healthcare,Himachal Pradesh,,CDSCO NSQ public table (manufacturer address),https://cdscoonline.gov.in/CDSCO/viewPublicNSQDrug,2026-09-27T07:50:40Z,REAL
MFR-DYNAMISM-LAB-C4A78F,Dynamism Lab,,,CDSCO NSQ public table (manufacturer address),https://cdscoonline.gov.in/CDSCO/viewPublicNSQDrug,2026-09-27T07:50:40Z,REAL
MFR-E-G-PHARMACEUTICALS-44B00C,E.G.Pharmaceuticals,Himachal Pradesh,,CDSCO NSQ public table (manufacturer address),https://cdscoonline.gov.in/CDSCO/viewPublicNSQDrug,2026-09-27T07:50:40Z,REAL
MFR-E-G-PHARMACEUTICLAS-EBEB2F,E.G. Pharmaceuticlas,Himachal Pradesh,,CDSCO NSQ public table (manufacturer address),https://cdscoonline.gov.in/CDSCO/viewPublicNSQDrug,2026-09-27T07:50:40Z,REAL
MFR-EAST-AFRICAN-3A0E4C,East African,,,CDSCO NSQ public table (manufacturer address),https://cdscoonline.gov.in/CDSCO/viewPublicNSQDrug,2026-09-27T07:50:40Z,REAL
MFR-EASTERN-HEALTHCARE-E7E1CE,Eastern Healthcare,,,CDSCO NSQ public table (manufacturer address),https://cdscoonline.gov.in/CDSCO/viewPublicNSQDrug,2026-09-27T07:50:40Z,REAL
MFR-EDEN-DRUGS-S-G-R-D-J-AIR-EB77F0,Eden Drugs Pvt. Ltd. S.G.R.D.J. Airport Road Meerankot Distt. Amritsar,Punjab,,CDSCO NSQ public table (manufacturer address),https://cdscoonline.gov.in/CDSCO/viewPublicNSQDrug,2026-09-27T07:50:40Z,REAL
MFR-EDEN-DRUGS-S-G-R-D-J-AIR-FA92CF,Eden Drugs Pvt.Ltd. S.G.R.D.J. Airport Road,Punjab,,CDSCO NSQ public table (manufacturer address),https://cdscoonline.gov.in/CDSCO/viewPublicNSQDrug,2026-09-27T07:50:40Z,REAL
MFR-EDKEM-PHARMACEUTICALS-DC6117,Edkem Pharmaceuticals Ltd,,,CDSCO NSQ public table (manufacturer address),https://cdscoonline.gov.in/CDSCO/viewPublicNSQDrug,2026-09-27T07:50:40Z,REAL
MFR-EDKEM-PHARMACEUTICALS-M9-16767C,Edkem Pharmaceuticals Ltd.M9-M12. Gallops,,,CDSCO NSQ public table (manufacturer address),https://cdscoonline.gov.in/CDSCO/viewPublicNSQDrug,2026-09-27T07:50:40Z,REAL
MFR-ELEGANT-COSMED-AEA5B5,Elegant Cosmed Pvt Ltd,Gujarat,,CDSCO NSQ public table (manufacturer address),https://cdscoonline.gov.in/CDSCO/viewPublicNSQDrug,2026-09-27T07:50:40Z,REAL
MFR-ELEGANT-DRUGS-52FE6E,Elegant Drugs Pvt. Ltd,Karnataka,,CDSCO NSQ public table (manufacturer address),https://cdscoonline.gov.in/CDSCO/viewPublicNSQDrug,2026-09-27T07:50:40Z,REAL
MFR-ELFIN-DRUGS-AA3BB0,Elfin Drugs Pvt Ltd,,,CDSCO NSQ public table (manufacturer address),https://cdscoonline.gov.in/CDSCO/viewPublicNSQDrug,2026-09-27T07:50:40Z,REAL
MFR-ELIKEM-HEALTHCARE-714319,Elikem Healthcare Private Limited,Gujarat,,CDSCO NSQ public table (manufacturer address),https://cdscoonline.gov.in/CDSCO/viewPublicNSQDrug,2026-09-27T07:50:40Z,REAL
MFR-ELIKEM-PHARMACEUTICALS-A308FC,Elikem Pharmaceuticals Pvt. Ltd,,,CDSCO NSQ public table (manufacturer address),https://cdscoonline.gov.in/CDSCO/viewPublicNSQDrug,2026-09-27T07:50:40Z,REAL
MFR-ELITE-PHARMA-4B1413,Elite Pharma Pvt. Ltd,Gujarat,,CDSCO NSQ public table (manufacturer address),https://cdscoonline.gov.in/CDSCO/viewPublicNSQDrug,2026-09-27T07:50:40Z,REAL
MFR-ELIXIA-PHARMACEUTICALS-60930F,Elixia pharmaceuticals,,,CDSCO NSQ public table (manufacturer address),https://cdscoonline.gov.in/CDSCO/viewPublicNSQDrug,2026-09-27T07:50:40Z,REAL
MFR-EMC-6156A5,Emc,,,CDSCO NSQ public table (manufacturer address),https://cdscoonline.gov.in/CDSCO/viewPublicNSQDrug,2026-09-27T07:50:40Z,REAL
MFR-EMMCHAK-FORMULATIONS-DE4EF7,Emmchak Formulations Pvt. Ltd,,,CDSCO NSQ public table (manufacturer address),https://cdscoonline.gov.in/CDSCO/viewPublicNSQDrug,2026-09-27T07:50:40Z,REAL
MFR-EMPREE-MEDICAMENT-054B30,Empree Medicament India Pvt. Ltd,,,CDSCO NSQ public table (manufacturer address),https://cdscoonline.gov.in/CDSCO/viewPublicNSQDrug,2026-09-27T07:50:40Z,REAL
MFR-ENICAR-PHARMACEUTICAL-J-51DAEA,Enicar Pharmaceutical Pvt. Ltd. J-214,,,CDSCO NSQ public table (manufacturer address),https://cdscoonline.gov.in/CDSCO/viewPublicNSQDrug,2026-09-27T07:50:40Z,REAL
MFR-ESKAG-PHARMA-UNIT-I-72D64B,Eskag Pharma Pvt. Ltd.Unit-I,Uttarakhand,,CDSCO NSQ public table (manufacturer address),https://cdscoonline.gov.in/CDSCO/viewPublicNSQDrug,2026-09-27T07:50:40Z,REAL
MFR-ESME-CONSUMER-B33C9E,Esme Consumer Pvt Ltd,,,CDSCO NSQ public table (manufacturer address),https://cdscoonline.gov.in/CDSCO/viewPublicNSQDrug,2026-09-27T07:50:40Z,REAL
MFR-ESPEE-FORMULAION-E1C4B9,Espee Formulaion Pvt. Ltd,Gujarat,,CDSCO NSQ public table (manufacturer address),https://cdscoonline.gov.in/CDSCO/viewPublicNSQDrug,2026-09-27T07:50:40Z,REAL
MFR-ETHICARE-LABORATORIES-402F57,Ethicare Laboratories,Jammu & Kashmir,,CDSCO NSQ public table (manufacturer address),https://cdscoonline.gov.in/CDSCO/viewPublicNSQDrug,2026-09-27T07:50:40Z,REAL
MFR-ETHICARE-PHARMACEUTICALS-94FEAE,Ethicare Pharmaceuticals,Gujarat,,CDSCO NSQ public table (manufacturer address),https://cdscoonline.gov.in/CDSCO/viewPublicNSQDrug,2026-09-27T07:50:40Z,REAL
MFR-ETHIDRUS-RESEARCH-LAB-145F85,Ethidrus Research Lab Pvt Ltd,Puducherry,,CDSCO NSQ public table (manufacturer address),https://cdscoonline.gov.in/CDSCO/viewPublicNSQDrug,2026-09-27T07:50:40Z,REAL
MFR-EUPHORIA-PHARMACEUTICALS-62B952,Euphoria India Pharmaceuticals,Himachal Pradesh,,CDSCO NSQ public table (manufacturer address),https://cdscoonline.gov.in/CDSCO/viewPublicNSQDrug,2026-09-27T07:50:40Z,REAL
MFR-EUROKEM-LABORATORIES-480F3F,Eurokem Laboratories Pvt ltd,,,CDSCO NSQ public table (manufacturer address),https://cdscoonline.gov.in/CDSCO/viewPublicNSQDrug,2026-09-27T07:50:40Z,REAL
MFR-EUROKEM-LABORATORIES-C-2-CA41D6,EUROKEM Laboratories Pvt.Ltd. C-25,Tamil Nadu,,CDSCO NSQ public table (manufacturer address),https://cdscoonline.gov.in/CDSCO/viewPublicNSQDrug,2026-09-27T07:50:40Z,REAL
MFR-EUROKEM-LABORTORIES-3C1782,Eurokem Labortories Pvt,,,CDSCO NSQ public table (manufacturer address),https://cdscoonline.gov.in/CDSCO/viewPublicNSQDrug,2026-09-27T07:50:40Z,REAL
MFR-EUROLIFE-HEALTHCARE-84855F,Eurolife Healthcare Pvt. Ltd,Uttarakhand,,CDSCO NSQ public table (manufacturer address),https://cdscoonline.gov.in/CDSCO/viewPublicNSQDrug,2026-09-27T07:50:40Z,REAL
MFR-EVENTS-CORPORATION-28454B,Events Corporation,Himachal Pradesh,,CDSCO NSQ public table (manufacturer address),https://cdscoonline.gov.in/CDSCO/viewPublicNSQDrug,2026-09-27T07:50:40Z,REAL
MFR-EVENTS-COTPORATION-B7652C,Events Cotporation,,,CDSCO NSQ public table (manufacturer address),https://cdscoonline.gov.in/CDSCO/viewPublicNSQDrug,2026-09-27T07:50:40Z,REAL
MFR-EVERTOUCH-BIO-REMEDIES-CA213A,Evertouch Bio Remedies,,,CDSCO NSQ public table (manufacturer address),https://cdscoonline.gov.in/CDSCO/viewPublicNSQDrug,2026-09-27T07:50:40Z,REAL
MFR-EXEMED-PHARMACEUTICALS-339F4A,Exemed Pharmaceuticals,,,CDSCO NSQ public table (manufacturer address),https://cdscoonline.gov.in/CDSCO/viewPublicNSQDrug,2026-09-27T07:50:40Z,REAL
MFR-EXODRUGS-C9B366,Exodrugs,Himachal Pradesh,,CDSCO NSQ public table (manufacturer address),https://cdscoonline.gov.in/CDSCO/viewPublicNSQDrug,2026-09-27T07:50:40Z,REAL
MFR-FABIAN-LIFE-SCIENCES-PHA-9BFFFD,Fabian Life Sciences Phase ?I,Gujarat,,CDSCO NSQ public table (manufacturer address),https://cdscoonline.gov.in/CDSCO/viewPublicNSQDrug,2026-09-27T07:50:40Z,REAL
MFR-FARBE-FIRMA-BA5F6E,Farbe firma Pvt Ltd,Gujarat,,CDSCO NSQ public table (manufacturer address),https://cdscoonline.gov.in/CDSCO/viewPublicNSQDrug,2026-09-27T07:50:40Z,REAL
MFR-FARMA-HUB-OVERSEAS-C79AF6,Farma Hub Overseas Pvt. Ltd,Uttarakhand,,CDSCO NSQ public table (manufacturer address),https://cdscoonline.gov.in/CDSCO/viewPublicNSQDrug,2026-09-27T07:50:40Z,REAL
MFR-FINE-DRUGS-SKIN-CARE-9497F0,Fine Drugs & Skin Care,Himachal Pradesh,,CDSCO NSQ public table (manufacturer address),https://cdscoonline.gov.in/CDSCO/viewPublicNSQDrug,2026-09-27T07:50:40Z,REAL
MFR-FINECURE-PHARMACEUTICALS-CC8758,Finecure Pharmaceuticals Ltd,,,CDSCO NSQ public table (manufacturer address),https://cdscoonline.gov.in/CDSCO/viewPublicNSQDrug,2026-09-27T07:50:40Z,REAL
MFR-FINECURE-PHARMACEUTICALS-F862D0,Finecure Pharmaceuticals Ltd. PF-5 &,,,CDSCO NSQ public table (manufacturer address),https://cdscoonline.gov.in/CDSCO/viewPublicNSQDrug,2026-09-27T07:50:40Z,REAL
MFR-FINEMAX-FORMULATION-ADAC77,Finemax Formulation Pvt. Ltd,,,CDSCO NSQ public table (manufacturer address),https://cdscoonline.gov.in/CDSCO/viewPublicNSQDrug,2026-09-27T07:50:40Z,REAL
MFR-FIRSTMED-THERAPEUTICALS-C9B57E,Firstmed Therapeuticals pvt ltd,,,CDSCO NSQ public table (manufacturer address),https://cdscoonline.gov.in/CDSCO/viewPublicNSQDrug,2026-09-27T07:50:40Z,REAL
MFR-FIRSTMED-THERAPEUTICS-E4317C,Firstmed Therapeutics Pvt Ltd,,,CDSCO NSQ public table (manufacturer address),https://cdscoonline.gov.in/CDSCO/viewPublicNSQDrug,2026-09-27T07:50:40Z,REAL
MFR-FOR-MAXFORD-HEALTHCARE-B-3AC8B5,For Maxford Healthcare by Stafford Laboratories Pvt. Ltd,,,CDSCO NSQ public table (manufacturer address),https://cdscoonline.gov.in/CDSCO/viewPublicNSQDrug,2026-09-27T07:50:40Z,REAL
MFR-FOREGEN-HEALTHCARE-PLOT-274630,Foregen Healthcare Ltd.Plot No,Himachal Pradesh,,CDSCO NSQ public table (manufacturer address),https://cdscoonline.gov.in/CDSCO/viewPublicNSQDrug,2026-09-27T07:50:40Z,REAL
MFR-FOREVER-LIFESCIENCE-850EA9,Forever LifeScience Pvt.Ltd,Gujarat,,CDSCO NSQ public table (manufacturer address),https://cdscoonline.gov.in/CDSCO/viewPublicNSQDrug,2026-09-27T07:50:40Z,REAL
MFR-FORGO-PHARMACEUTICALS-17CE8F,Forgo Pharmaceuticals,Himachal Pradesh,,CDSCO NSQ public table (manufacturer address),https://cdscoonline.gov.in/CDSCO/viewPublicNSQDrug,2026-09-27T07:50:40Z,REAL
MFR-FRANKLIN-LABORATORIES-E1F3F2,Franklin Laboratories,Uttarakhand,,CDSCO NSQ public table (manufacturer address),https://cdscoonline.gov.in/CDSCO/viewPublicNSQDrug,2026-09-27T07:50:40Z,REAL
MFR-FRONTLINE-PHARMACEUTICAL-E9A74E,Frontline Pharmaceuticals Pvt. Ltd,,,CDSCO NSQ public table (manufacturer address),https://cdscoonline.gov.in/CDSCO/viewPublicNSQDrug,2026-09-27T07:50:40Z,REAL
MFR-GABT-9ACA6C,Gabt Co Ltd,,,CDSCO NSQ public table (manufacturer address),https://cdscoonline.gov.in/CDSCO/viewPublicNSQDrug,2026-09-27T07:50:40Z,REAL
MFR-GAG-PHARMACEUTICALS-557DD5,Gag Pharmaceuticals,,,CDSCO NSQ public table (manufacturer address),https://cdscoonline.gov.in/CDSCO/viewPublicNSQDrug,2026-09-27T07:50:40Z,REAL
MFR-GALCARE-PHARMACEUTICALS-8D95B4,Galcare Pharmaceuticals Pvt. Ltd,Delhi,,CDSCO NSQ public table (manufacturer address),https://cdscoonline.gov.in/CDSCO/viewPublicNSQDrug,2026-09-27T07:50:40Z,REAL
MFR-GALPHA-LABORATORIES-BDD9D3,Galpha Laboratories Ltd,Himachal Pradesh,,CDSCO NSQ public table (manufacturer address),https://cdscoonline.gov.in/CDSCO/viewPublicNSQDrug,2026-09-27T07:50:40Z,REAL
MFR-GATS-BIOTECH-8DB157,Gats Biotech Pvt. Ltd,,,CDSCO NSQ public table (manufacturer address),https://cdscoonline.gov.in/CDSCO/viewPublicNSQDrug,2026-09-27T07:50:40Z,REAL
MFR-GBN-PHARMACEUTICALS-0AB515,GBN Pharmaceuticals,,,CDSCO NSQ public table (manufacturer address),https://cdscoonline.gov.in/CDSCO/viewPublicNSQDrug,2026-09-27T07:50:40Z,REAL
MFR-GC-HEALTHCARE-C9E087,GC Healthcare,Himachal Pradesh,,CDSCO NSQ public table (manufacturer address),https://cdscoonline.gov.in/CDSCO/viewPublicNSQDrug,2026-09-27T07:50:40Z,REAL
MFR-GCOS-PRODUCTS-B7E5A2,GCOS Products,,,CDSCO NSQ public table (manufacturer address),https://cdscoonline.gov.in/CDSCO/viewPublicNSQDrug,2026-09-27T07:50:40Z,REAL
MFR-GEENAC-PHARMA-BABD8F,Geenac Pharma,Uttarakhand,,CDSCO NSQ public table (manufacturer address),https://cdscoonline.gov.in/CDSCO/viewPublicNSQDrug,2026-09-27T07:50:40Z,REAL
MFR-GENIP-FORMULATIONS-9A80E2,Genip Formulations Pvt. Ltd,Himachal Pradesh,,CDSCO NSQ public table (manufacturer address),https://cdscoonline.gov.in/CDSCO/viewPublicNSQDrug,2026-09-27T07:50:40Z,REAL
MFR-GENO-PHARMACEUTICALS-5B19DB,Geno Pharmaceuticals Pvt. Ltd,Goa,,CDSCO NSQ public table (manufacturer address),https://cdscoonline.gov.in/CDSCO/viewPublicNSQDrug,2026-09-27T07:50:40Z,REAL
MFR-GENTECH-HEALTHCARE-A24E18,Gentech Healthcare Pvt. Ltd,,,CDSCO NSQ public table (manufacturer address),https://cdscoonline.gov.in/CDSCO/viewPublicNSQDrug,2026-09-27T07:50:40Z,REAL
MFR-GESON-PHARMA-G-17-53DB27,Geson Pharma Pvt. Ltd. - G-17,,,CDSCO NSQ public table (manufacturer address),https://cdscoonline.gov.in/CDSCO/viewPublicNSQDrug,2026-09-27T07:50:40Z,REAL
MFR-GESON-PHARMA-INDUSTRIAL-48BC39,Geson Pharma Pvt. Ltd Industrial Area,,,CDSCO NSQ public table (manufacturer address),https://cdscoonline.gov.in/CDSCO/viewPublicNSQDrug,2026-09-27T07:50:40Z,REAL
MFR-GIDSHA-PHARMACEUTICALS-EA6FC4,Gidsha Pharmaceuticals,Gujarat,,CDSCO NSQ public table (manufacturer address),https://cdscoonline.gov.in/CDSCO/viewPublicNSQDrug,2026-09-27T07:50:40Z,REAL
MFR-GLACIER-PHARMACEUTICAL-G-FFBCE3,Glacier Pharmaceutical Pvt Ltd. G-5,,,CDSCO NSQ public table (manufacturer address),https://cdscoonline.gov.in/CDSCO/viewPublicNSQDrug,2026-09-27T07:50:40Z,REAL
MFR-GLATRIX-BIOTECH-A35963,Glatrix biotech Pvt.Ltd,Telangana,,CDSCO NSQ public table (manufacturer address),https://cdscoonline.gov.in/CDSCO/viewPublicNSQDrug,2026-09-27T07:50:40Z,REAL
MFR-GLAUBEN-PHARMA-CD2DC6,Glauben Pharma,Himachal Pradesh,,CDSCO NSQ public table (manufacturer address),https://cdscoonline.gov.in/CDSCO/viewPublicNSQDrug,2026-09-27T07:50:40Z,REAL
MFR-GLAXOSMITHKLINE-PHARMACE-7DDF70,GlaxoSmithKline Pharmaceuticals Ltd,,,CDSCO NSQ public table (manufacturer address),https://cdscoonline.gov.in/CDSCO/viewPublicNSQDrug,2026-09-27T07:50:40Z,REAL
MFR-GLENMARK-PHARMACEUTICALS-42A37F,Glenmark Pharmaceuticals Ltd,Uttarakhand,,CDSCO NSQ public table (manufacturer address),https://cdscoonline.gov.in/CDSCO/viewPublicNSQDrug,2026-09-27T07:50:40Z,REAL
MFR-GLIVERT-HEALTHCARE-43D2EA,Glivert healthcare llp,Uttar Pradesh,,CDSCO NSQ public table (manufacturer address),https://cdscoonline.gov.in/CDSCO/viewPublicNSQDrug,2026-09-27T07:50:40Z,REAL
MFR-GLORIUS-PHARMACEUTICALS-18A4CB,Glorius Pharmaceuticals,,,CDSCO NSQ public table (manufacturer address),https://cdscoonline.gov.in/CDSCO/viewPublicNSQDrug,2026-09-27T07:50:40Z,REAL
MFR-GLS-PHARMA-EB209A,GLS Pharma Limited,,,CDSCO NSQ public table (manufacturer address),https://cdscoonline.gov.in/CDSCO/viewPublicNSQDrug,2026-09-27T07:50:40Z,REAL
MFR-GNOSIS-PHARMACEUTICALS-06DB23,Gnosis Pharmaceuticals Pvt. Ltd,,,CDSCO NSQ public table (manufacturer address),https://cdscoonline.gov.in/CDSCO/viewPublicNSQDrug,2026-09-27T07:50:40Z,REAL
MFR-GNOSIS-PHARMACEUTICALS-N-A62AC3,Gnosis Pharmaceuticals Pvt.Ltd.Nahan Road,,,CDSCO NSQ public table (manufacturer address),https://cdscoonline.gov.in/CDSCO/viewPublicNSQDrug,2026-09-27T07:50:40Z,REAL
MFR-GO-ISH-REMEDIES-B5D7CB,Go-ish Remedies Limited,Himachal Pradesh,,CDSCO NSQ public table (manufacturer address),https://cdscoonline.gov.in/CDSCO/viewPublicNSQDrug,2026-09-27T07:50:40Z,REAL
MFR-GOA-ANTIBIOTICS-PHARMACE-EA90C0,Goa Antibiotics & Pharmaceuticals Ltd,Goa,,CDSCO NSQ public table (manufacturer address),https://cdscoonline.gov.in/CDSCO/viewPublicNSQDrug,2026-09-27T07:50:40Z,REAL
MFR-GODREJ-INDUSTRIES-BURJOR-4D0F4E,Godrej Industries Ltd.Burjorji Nagar,Gujarat,,CDSCO NSQ public table (manufacturer address),https://cdscoonline.gov.in/CDSCO/viewPublicNSQDrug,2026-09-27T07:50:40Z,REAL
MFR-GOLECHA-HERBAL-UNLIMITED-FC4E0D,Golecha Herbal Unlimited,Delhi,,CDSCO NSQ public table (manufacturer address),https://cdscoonline.gov.in/CDSCO/viewPublicNSQDrug,2026-09-27T07:50:40Z,REAL
MFR-GOODBUY-BEAUTY-PROHTETS-2AB189,Goodbuy Beauty Prohtets,,,CDSCO NSQ public table (manufacturer address),https://cdscoonline.gov.in/CDSCO/viewPublicNSQDrug,2026-09-27T07:50:40Z,REAL
MFR-GOODMAN-PHARMACEUTICALS-423951,Goodman Pharmaceuticals,,,CDSCO NSQ public table (manufacturer address),https://cdscoonline.gov.in/CDSCO/viewPublicNSQDrug,2026-09-27T07:50:40Z,REAL
MFR-GOPAL-KRISHNA-AND-67C5C9,Gopal Krishna And Company,Rajasthan,,CDSCO NSQ public table (manufacturer address),https://cdscoonline.gov.in/CDSCO/viewPublicNSQDrug,2026-09-27T07:50:40Z,REAL
MFR-GOPAL-LIFE-SCIENCES-16A0EE,Gopal life sciences,,,CDSCO NSQ public table (manufacturer address),https://cdscoonline.gov.in/CDSCO/viewPublicNSQDrug,2026-09-27T07:50:40Z,REAL
MFR-GOPAL-LIFESCIENCES-163EBD,Gopal Lifesciences,,,CDSCO NSQ public table (manufacturer address),https://cdscoonline.gov.in/CDSCO/viewPublicNSQDrug,2026-09-27T07:50:40Z,REAL
MFR-GOREE-COSMETICS-F5DE79,Goree Cosmetics,,,CDSCO NSQ public table (manufacturer address),https://cdscoonline.gov.in/CDSCO/viewPublicNSQDrug,2026-09-27T07:50:40Z,REAL
MFR-GOTHIC-PHARMACEUTICALS-0B4164,Gothic pharmaceuticals pvt. Ltd,Telangana,,CDSCO NSQ public table (manufacturer address),https://cdscoonline.gov.in/CDSCO/viewPublicNSQDrug,2026-09-27T07:50:40Z,REAL
MFR-GP-GLISTER-PHARMACEUTICA-83622A,GP Glister Pharmaceutical,,,CDSCO NSQ public table (manufacturer address),https://cdscoonline.gov.in/CDSCO/viewPublicNSQDrug,2026-09-27T07:50:40Z,REAL
MFR-GRAMPUS-LABORATORIES-A31BDD,Grampus Laboratories,Himachal Pradesh,,CDSCO NSQ public table (manufacturer address),https://cdscoonline.gov.in/CDSCO/viewPublicNSQDrug,2026-09-27T07:50:40Z,REAL
MFR-GREEN-ENVIRO-18529E,Green Enviro Co,,,CDSCO NSQ public table (manufacturer address),https://cdscoonline.gov.in/CDSCO/viewPublicNSQDrug,2026-09-27T07:50:40Z,REAL
MFR-GREYCROSS-HEALTHCARE-312F74,Greycross Healthcare,,,CDSCO NSQ public table (manufacturer address),https://cdscoonline.gov.in/CDSCO/viewPublicNSQDrug,2026-09-27T07:50:40Z,REAL
MFR-GROWMED-LIFE-PHARMA-2AFDDE,Growmed Life Pharma,,,CDSCO NSQ public table (manufacturer address),https://cdscoonline.gov.in/CDSCO/viewPublicNSQDrug,2026-09-27T07:50:40Z,REAL
MFR-GROWNBURY-PHARMACEUTICAL-D412FA,Grownbury Pharmaceuticals Pvt. Ltd,Uttarakhand,,CDSCO NSQ public table (manufacturer address),https://cdscoonline.gov.in/CDSCO/viewPublicNSQDrug,2026-09-27T07:50:40Z,REAL
MFR-GUANGZHOU-AOCAI-BIO-TECH-321CCD,Guangzhou Aocai Bio- Technology Co. Ltd,,,CDSCO NSQ public table (manufacturer address),https://cdscoonline.gov.in/CDSCO/viewPublicNSQDrug,2026-09-27T07:50:40Z,REAL
MFR-GUFIC-BIOSCIENCES-774040,Gufic Biosciences Limited,Gujarat,,CDSCO NSQ public table (manufacturer address),https://cdscoonline.gov.in/CDSCO/viewPublicNSQDrug,2026-09-27T07:50:40Z,REAL
MFR-GUFIC-BIOSCIENCES-N-H-NO-E65F1E,Gufic Biosciences Limited N.H.No,Gujarat,,CDSCO NSQ public table (manufacturer address),https://cdscoonline.gov.in/CDSCO/viewPublicNSQDrug,2026-09-27T07:50:40Z,REAL
MFR-GUFIC-BIOSCIENCES-NATION-320EE4,Gufic Biosciences Ltd. National Highway No,Gujarat,,CDSCO NSQ public table (manufacturer address),https://cdscoonline.gov.in/CDSCO/viewPublicNSQDrug,2026-09-27T07:50:40Z,REAL
MFR-GUJARAT-AMBUJA-EXPORT-C-01261B,Gujarat Ambuja Export Ltd. C-60C & E. Eldeco Sidcul Industrial Park,Gujarat,,CDSCO NSQ public table (manufacturer address),https://cdscoonline.gov.in/CDSCO/viewPublicNSQDrug,2026-09-27T07:50:40Z,REAL
MFR-GUJARAT-AMBUJA-EXPORTS-0F1AED,Gujarat Ambuja Exports Ltd,Goa,,CDSCO NSQ public table (manufacturer address),https://cdscoonline.gov.in/CDSCO/viewPublicNSQDrug,2026-09-27T07:50:40Z,REAL
MFR-GUJARAT-AMBUJA-EXPORTS-1-524775,Gujarat Ambuja Exports Ltd.1 Vrindavan Road,Gujarat,,CDSCO NSQ public table (manufacturer address),https://cdscoonline.gov.in/CDSCO/viewPublicNSQDrug,2026-09-27T07:50:40Z,REAL
MFR-GUJARAT-AMBUJA-EXPORTS-S-95BAF0,Gujarat Ambuja Exports Limited Sy No,Goa,,CDSCO NSQ public table (manufacturer address),https://cdscoonline.gov.in/CDSCO/viewPublicNSQDrug,2026-09-27T07:50:40Z,REAL
MFR-H-L-HEALTHCARE-037242,H.L. Healthcare Pvt Ltd,Himachal Pradesh,,CDSCO NSQ public table (manufacturer address),https://cdscoonline.gov.in/CDSCO/viewPublicNSQDrug,2026-09-27T07:50:40Z,REAL
MFR-HAB-PHARMACEUTICALS-RESE-021D58,Hab Pharmaceuticals & Research Ltd,,,CDSCO NSQ public table (manufacturer address),https://cdscoonline.gov.in/CDSCO/viewPublicNSQDrug,2026-09-27T07:50:40Z,REAL
MFR-HABITARE-PHARMA-92CA66,Habitare Pharma Pvt Ltd,Haryana,,CDSCO NSQ public table (manufacturer address),https://cdscoonline.gov.in/CDSCO/viewPublicNSQDrug,2026-09-27T07:50:40Z,REAL
MFR-HAMAX-PHARMACEUTICALS-F2A9F2,Hamax Pharmaceuticals,Gujarat,,CDSCO NSQ public table (manufacturer address),https://cdscoonline.gov.in/CDSCO/viewPublicNSQDrug,2026-09-27T07:50:40Z,REAL
MFR-HANUCHEM-LABORATORIES-93B20B,Hanuchem Laboratories,,,CDSCO NSQ public table (manufacturer address),https://cdscoonline.gov.in/CDSCO/viewPublicNSQDrug,2026-09-27T07:50:40Z,REAL
MFR-HARIHAR-PHARMACEUTICALS-2FD6E8,Harihar Pharmaceuticals Pvt. Ltd. SBP Road,,,CDSCO NSQ public table (manufacturer address),https://cdscoonline.gov.in/CDSCO/viewPublicNSQDrug,2026-09-27T07:50:40Z,REAL
MFR-HARIHAR-PHARMACEUTICALS-866BD1,Harihar Pharmaceuticals Pvt.Ltd,Odisha,,CDSCO NSQ public table (manufacturer address),https://cdscoonline.gov.in/CDSCO/viewPublicNSQDrug,2026-09-27T07:50:40Z,REAL
MFR-HARIOM-PHARMACEUTICALS-2CC55D,Hariom Pharmaceuticals,Himachal Pradesh,,CDSCO NSQ public table (manufacturer address),https://cdscoonline.gov.in/CDSCO/viewPublicNSQDrug,2026-09-27T07:50:40Z,REAL
MFR-HASEEB-PHARMACEUTICALA-03F824,Haseeb Pharmaceuticala Pvt. Ltd,,,CDSCO NSQ public table (manufacturer address),https://cdscoonline.gov.in/CDSCO/viewPublicNSQDrug,2026-09-27T07:50:40Z,REAL
MFR-HASEEB-PHARMACEUTICALS-55BDD2,Haseeb Pharmaceuticals Pvt. Ltd,Maharashtra,,CDSCO NSQ public table (manufacturer address),https://cdscoonline.gov.in/CDSCO/viewPublicNSQDrug,2026-09-27T07:50:40Z,REAL
MFR-HAUSTUS-BIOTECH-D57132,Haustus Biotech Pvt Ltd,,,CDSCO NSQ public table (manufacturer address),https://cdscoonline.gov.in/CDSCO/viewPublicNSQDrug,2026-09-27T07:50:40Z,REAL
MFR-HBC-HEALTHCARE-71C322,HBC Healthcare Pvt.Ltd,Gujarat,,CDSCO NSQ public table (manufacturer address),https://cdscoonline.gov.in/CDSCO/viewPublicNSQDrug,2026-09-27T07:50:40Z,REAL
MFR-HBC-HEALTHCARE-BLOCK-SUR-1326C6,HBC Healthcare Pvt Ltd. Block/Survey No,Gujarat,,CDSCO NSQ public table (manufacturer address),https://cdscoonline.gov.in/CDSCO/viewPublicNSQDrug,2026-09-27T07:50:40Z,REAL
MFR-HEAL-65BDE9,Heal,,,CDSCO NSQ public table (manufacturer address),https://cdscoonline.gov.in/CDSCO/viewPublicNSQDrug,2026-09-27T07:50:40Z,REAL
MFR-HEALCURE-LIFESCIENCES-E9EAE1,Healcure Lifesciences,Himachal Pradesh,,CDSCO NSQ public table (manufacturer address),https://cdscoonline.gov.in/CDSCO/viewPublicNSQDrug,2026-09-27T07:50:40Z,REAL
MFR-HEALER-S-LAB-E4DEE4,Healer?s Lab,,,CDSCO NSQ public table (manufacturer address),https://cdscoonline.gov.in/CDSCO/viewPublicNSQDrug,2026-09-27T07:50:40Z,REAL
MFR-HEALERS-LAB-4FA105,Healers Lab,Himachal Pradesh,,CDSCO NSQ public table (manufacturer address),https://cdscoonline.gov.in/CDSCO/viewPublicNSQDrug,2026-09-27T07:50:40Z,REAL
MFR-HEALTECH-BIOSCIENCES-373B37,Healtech Biosciences,,,CDSCO NSQ public table (manufacturer address),https://cdscoonline.gov.in/CDSCO/viewPublicNSQDrug,2026-09-27T07:50:40Z,REAL
MFR-HEALTH-BIOTECH-980258,Health Biotech Ltd,,,CDSCO NSQ public table (manufacturer address),https://cdscoonline.gov.in/CDSCO/viewPublicNSQDrug,2026-09-27T07:50:40Z,REAL
MFR-HEALTH-BIOTECH-SANDOLI-E8F81E,Health Biotech Ltd Sandoli,,,CDSCO NSQ public table (manufacturer address),https://cdscoonline.gov.in/CDSCO/viewPublicNSQDrug,2026-09-27T07:50:40Z,REAL
MFR-HEALTH-BIOTECH-VILLAGE-S-43AE3F,Health Biotech Ltd.Village Sandoli,Himachal Pradesh,,CDSCO NSQ public table (manufacturer address),https://cdscoonline.gov.in/CDSCO/viewPublicNSQDrug,2026-09-27T07:50:40Z,REAL
MFR-HEALTH-LIFE-PHARMA-DB2DFF,Health Life Pharma,,,CDSCO NSQ public table (manufacturer address),https://cdscoonline.gov.in/CDSCO/viewPublicNSQDrug,2026-09-27T07:50:40Z,REAL
MFR-HEALTHWISE-PHARMA-E7F93B,Healthwise Pharma,,,CDSCO NSQ public table (manufacturer address),https://cdscoonline.gov.in/CDSCO/viewPublicNSQDrug,2026-09-27T07:50:40Z,REAL
MFR-HEALTHY-LIFE-PHARMA-06205D,Healthy Life Pharma Pvt. Ltd,Maharashtra,,CDSCO NSQ public table (manufacturer address),https://cdscoonline.gov.in/CDSCO/viewPublicNSQDrug,2026-09-27T07:50:40Z,REAL
MFR-HEALTHY-LIFE-PHARMA-FACT-1521C0,Healthy Life Pharma Pvt. Ltd. Factory : N ?,,,CDSCO NSQ public table (manufacturer address),https://cdscoonline.gov.in/CDSCO/viewPublicNSQDrug,2026-09-27T07:50:40Z,REAL
MFR-HEALTHY-LIFE-PHARMA-FACT-8859C7,Healthy Life Pharma Pvt. Ltd. Factory : N-31/1,,,CDSCO NSQ public table (manufacturer address),https://cdscoonline.gov.in/CDSCO/viewPublicNSQDrug,2026-09-27T07:50:40Z,REAL
MFR-HELAX-HEALTH-CARE-B99763,Helax Health Care Pvt. Ltd,,,CDSCO NSQ public table (manufacturer address),https://cdscoonline.gov.in/CDSCO/viewPublicNSQDrug,2026-09-27T07:50:40Z,REAL
MFR-HELAX-HEALTH-CARE-KHASRA-6C92BB,Helax Health Care Pvt. Ltd..Khasra,,,CDSCO NSQ public table (manufacturer address),https://cdscoonline.gov.in/CDSCO/viewPublicNSQDrug,2026-09-27T07:50:40Z,REAL
MFR-HELAX-HEALTHCARE-AE5391,Helax Healthcare Pvt. Ltd,,,CDSCO NSQ public table (manufacturer address),https://cdscoonline.gov.in/CDSCO/viewPublicNSQDrug,2026-09-27T07:50:40Z,REAL
MFR-HELIOS-PHARMACEUTICALS-9663D9,Helios Pharmaceuticals,Himachal Pradesh,,CDSCO NSQ public table (manufacturer address),https://cdscoonline.gov.in/CDSCO/viewPublicNSQDrug,2026-09-27T07:50:40Z,REAL
MFR-HELPZYN-PHARMACEUTICALS-E466DC,Helpzyn Pharmaceuticals,,,CDSCO NSQ public table (manufacturer address),https://cdscoonline.gov.in/CDSCO/viewPublicNSQDrug,2026-09-27T07:50:40Z,REAL
MFR-HEMA-LABORATORIES-88F1DF,Hema Laboratories Pvt Ltd,Uttarakhand,,CDSCO NSQ public table (manufacturer address),https://cdscoonline.gov.in/CDSCO/viewPublicNSQDrug,2026-09-27T07:50:40Z,REAL
MFR-HEMA-PHARMACEUTICALS-F83416,Hema Pharmaceuticals,,,CDSCO NSQ public table (manufacturer address),https://cdscoonline.gov.in/CDSCO/viewPublicNSQDrug,2026-09-27T07:50:40Z,REAL
MFR-HERB-EDGE-HEALTH-CARE-C29C29,Herb Edge Health Care Pvt. Ltd,,,CDSCO NSQ public table (manufacturer address),https://cdscoonline.gov.in/CDSCO/viewPublicNSQDrug,2026-09-27T07:50:40Z,REAL
MFR-HETERO-HEALTHCARE-ALLDC-DE6272,Hetero Healthcare Ltd. Alldc Industrial Growth Centre Changsari,Assam,,CDSCO NSQ public table (manufacturer address),https://cdscoonline.gov.in/CDSCO/viewPublicNSQDrug,2026-09-27T07:50:40Z,REAL
MFR-HETERO-LABS-97323E,Hetero Labs Limited,Puducherry,,CDSCO NSQ public table (manufacturer address),https://cdscoonline.gov.in/CDSCO/viewPublicNSQDrug,2026-09-27T07:50:40Z,REAL
MFR-HI-FI-ADCDBD,Hi Fi India,,,CDSCO NSQ public table (manufacturer address),https://cdscoonline.gov.in/CDSCO/viewPublicNSQDrug,2026-09-27T07:50:40Z,REAL
MFR-HIDUSTAN-ANTIBITICS-E5F5BA,Hidustan Antibitics Ltd,Himachal Pradesh,,CDSCO NSQ public table (manufacturer address),https://cdscoonline.gov.in/CDSCO/viewPublicNSQDrug,2026-09-27T07:50:40Z,REAL
MFR-HIGGS-HEALTHCARE-9EFABF,HIGGS HEALTHCARE,Himachal Pradesh,,CDSCO NSQ public table (manufacturer address),https://cdscoonline.gov.in/CDSCO/viewPublicNSQDrug,2026-09-27T07:50:40Z,REAL
MFR-HILTON-PHARMA-37E118,Hilton Pharma,,,CDSCO NSQ public table (manufacturer address),https://cdscoonline.gov.in/CDSCO/viewPublicNSQDrug,2026-09-27T07:50:40Z,REAL
MFR-HIMALAYA-MEDITEK-F81189,Himalaya Meditek Pvt Ltd,,,CDSCO NSQ public table (manufacturer address),https://cdscoonline.gov.in/CDSCO/viewPublicNSQDrug,2026-09-27T07:50:40Z,REAL
MFR-HIMALAYA-MEDITEK-PLOT-NO-CD25E3,Himalaya Meditek Pvt. Ltd.Plot No,,,CDSCO NSQ public table (manufacturer address),https://cdscoonline.gov.in/CDSCO/viewPublicNSQDrug,2026-09-27T07:50:40Z,REAL
MFR-HIND-PHARMA-3F23BE,Hind Pharma,Madhya Pradesh,,CDSCO NSQ public table (manufacturer address),https://cdscoonline.gov.in/CDSCO/viewPublicNSQDrug,2026-09-27T07:50:40Z,REAL
MFR-HINDUSTAN-ANTIBIOTICS-31BC39,Hindustan Antibiotics Ltd,Himachal Pradesh,,CDSCO NSQ public table (manufacturer address),https://cdscoonline.gov.in/CDSCO/viewPublicNSQDrug,2026-09-27T07:50:40Z,REAL
MFR-HINDUSTAN-ANTIBIOTICS-PI-D130C6,Hindustan Antibiotics Ltd Pimpri,,,CDSCO NSQ public table (manufacturer address),https://cdscoonline.gov.in/CDSCO/viewPublicNSQDrug,2026-09-27T07:50:40Z,REAL
MFR-HINDUSTAN-LABORATORIES-523601,Hindustan Laboratories Limited,,,CDSCO NSQ public table (manufacturer address),https://cdscoonline.gov.in/CDSCO/viewPublicNSQDrug,2026-09-27T07:50:40Z,REAL
MFR-HINDUSTAN-MEDICINES-2D40BB,Hindustan Medicines Pvt Ltd,,,CDSCO NSQ public table (manufacturer address),https://cdscoonline.gov.in/CDSCO/viewPublicNSQDrug,2026-09-27T07:50:40Z,REAL
MFR-HINDUSTAN-MEDICINES-BARA-18D477,Hindustan Medicines Pvt. Ltd. Barauni-851112,Bihar,,CDSCO NSQ public table (manufacturer address),https://cdscoonline.gov.in/CDSCO/viewPublicNSQDrug,2026-09-27T07:50:40Z,REAL
MFR-HINDUSTAN-MEDICINES-BARA-827A78,Hindustan Medicines Pvt. Ltd. Barauni-851112 Bihar,Bihar,,CDSCO NSQ public table (manufacturer address),https://cdscoonline.gov.in/CDSCO/viewPublicNSQDrug,2026-09-27T07:50:40Z,REAL
MFR-HINDUSTAN-POLYFAB-0F108A,Hindustan Polyfab,Himachal Pradesh,,CDSCO NSQ public table (manufacturer address),https://cdscoonline.gov.in/CDSCO/viewPublicNSQDrug,2026-09-27T07:50:40Z,REAL
MFR-HINDUSTAN-SYRINGES-MEDIC-CE6685,Hindustan Syringes & Medical Devices Ltd,Haryana,,CDSCO NSQ public table (manufacturer address),https://cdscoonline.gov.in/CDSCO/viewPublicNSQDrug,2026-09-27T07:50:40Z,REAL
MFR-HINDUSTAN-ULTRA-CARE-DF572C,Hindustan Ultra Care Limited,Rajasthan,,CDSCO NSQ public table (manufacturer address),https://cdscoonline.gov.in/CDSCO/viewPublicNSQDrug,2026-09-27T07:50:40Z,REAL
MFR-HIPPO-LABS-E72BA3,HIPPO LABS PVT. LTD,,,CDSCO NSQ public table (manufacturer address),https://cdscoonline.gov.in/CDSCO/viewPublicNSQDrug,2026-09-27T07:50:40Z,REAL
MFR-HORIZON-BIOCEUTICALS-33C0BE,Horizon Bioceuticals Pvt. Ltd,Himachal Pradesh,,CDSCO NSQ public table (manufacturer address),https://cdscoonline.gov.in/CDSCO/viewPublicNSQDrug,2026-09-27T07:50:40Z,REAL
MFR-HSN-BIOTECH-8C6510,HSN Biotech,Uttarakhand,,CDSCO NSQ public table (manufacturer address),https://cdscoonline.gov.in/CDSCO/viewPublicNSQDrug,2026-09-27T07:50:40Z,REAL
MFR-HSN-INTERNATIONAL-01511B,HSN International,,,CDSCO NSQ public table (manufacturer address),https://cdscoonline.gov.in/CDSCO/viewPublicNSQDrug,2026-09-27T07:50:40Z,REAL
MFR-HUMANKIND-PHARMACEUTICAL-7DB53F,Humankind Pharmaceuticals Lunia Mohalla,,,CDSCO NSQ public table (manufacturer address),https://cdscoonline.gov.in/CDSCO/viewPublicNSQDrug,2026-09-27T07:50:40Z,REAL
MFR-HYGEIA-PHARMACEUTICALS-M-080BFE,Hygeia Pharmaceuticals Mfg,,,CDSCO NSQ public table (manufacturer address),https://cdscoonline.gov.in/CDSCO/viewPublicNSQDrug,2026-09-27T07:50:40Z,REAL
MFR-HYGIEIA-HOME-AND-PERSONA-536851,Hygieia Home And Personal Care Solution,,,CDSCO NSQ public table (manufacturer address),https://cdscoonline.gov.in/CDSCO/viewPublicNSQDrug,2026-09-27T07:50:40Z,REAL
MFR-HYT-FORMULATIONS-6D42BE,HYT Formulations,Telangana,,CDSCO NSQ public table (manufacturer address),https://cdscoonline.gov.in/CDSCO/viewPublicNSQDrug,2026-09-27T07:50:40Z,REAL
MFR-I-G-PHARMA-4B36B6,I.G. PHARMA LTD,,,CDSCO NSQ public table (manufacturer address),https://cdscoonline.gov.in/CDSCO/viewPublicNSQDrug,2026-09-27T07:50:40Z,REAL
MFR-IBN-HERBALS-500726,IBN Herbals,Himachal Pradesh,,CDSCO NSQ public table (manufacturer address),https://cdscoonline.gov.in/CDSCO/viewPublicNSQDrug,2026-09-27T07:50:40Z,REAL
MFR-IBN-HERBALS-KH-NO-0A26FA,IBN Herbals Kh. No,Himachal Pradesh,,CDSCO NSQ public table (manufacturer address),https://cdscoonline.gov.in/CDSCO/viewPublicNSQDrug,2026-09-27T07:50:40Z,REAL
MFR-IG-PHARMA-A72E46,IG Pharma Ltd,,,CDSCO NSQ public table (manufacturer address),https://cdscoonline.gov.in/CDSCO/viewPublicNSQDrug,2026-09-27T07:50:40Z,REAL
MFR-IHL-LIFESCIENCES-175A02,IHL Lifesciences Pvt. Ltd,,,CDSCO NSQ public table (manufacturer address),https://cdscoonline.gov.in/CDSCO/viewPublicNSQDrug,2026-09-27T07:50:40Z,REAL
MFR-IKON-PHARMACHEM-84838B,Ikon Pharmachem Pvt. Ltd,Uttarakhand,,CDSCO NSQ public table (manufacturer address),https://cdscoonline.gov.in/CDSCO/viewPublicNSQDrug,2026-09-27T07:50:40Z,REAL
MFR-IKON-PHARMACHEM-E-2-4FFFDC,Ikon Pharmachem Pvt. Ltd. E-2,Uttarakhand,,CDSCO NSQ public table (manufacturer address),https://cdscoonline.gov.in/CDSCO/viewPublicNSQDrug,2026-09-27T07:50:40Z,REAL
MFR-INCREDIBLE-MEDICARE-060B59,Incredible Medicare,Himachal Pradesh,,CDSCO NSQ public table (manufacturer address),https://cdscoonline.gov.in/CDSCO/viewPublicNSQDrug,2026-09-27T07:50:40Z,REAL
MFR-INDIAN-DRUG-VISION-563AD7,Indian Drug Vision,Uttarakhand,,CDSCO NSQ public table (manufacturer address),https://cdscoonline.gov.in/CDSCO/viewPublicNSQDrug,2026-09-27T07:50:40Z,REAL
MFR-INDIAN-GENOMIX-9EEFCB,Indian Genomix Pvt. Ltd,,,CDSCO NSQ public table (manufacturer address),https://cdscoonline.gov.in/CDSCO/viewPublicNSQDrug,2026-09-27T07:50:40Z,REAL
MFR-INDKUS-BIOTECH-24CCED,INDKUS Biotech India,Himachal Pradesh,,CDSCO NSQ public table (manufacturer address),https://cdscoonline.gov.in/CDSCO/viewPublicNSQDrug,2026-09-27T07:50:40Z,REAL
MFR-INDO-GULF-PHARMACEUTICAL-EBF22C,Indo Gulf Pharmaceuticals,,,CDSCO NSQ public table (manufacturer address),https://cdscoonline.gov.in/CDSCO/viewPublicNSQDrug,2026-09-27T07:50:40Z,REAL
MFR-INDO-RAMA-HEALTH-CARE-DA4FD5,Indo Rama Health Care Pvt.Ltd,,,CDSCO NSQ public table (manufacturer address),https://cdscoonline.gov.in/CDSCO/viewPublicNSQDrug,2026-09-27T07:50:40Z,REAL
MFR-INDO-RAMA-HEALTHCARE-098DF9,Indo Rama Healthcare Pvt Ltd,,,CDSCO NSQ public table (manufacturer address),https://cdscoonline.gov.in/CDSCO/viewPublicNSQDrug,2026-09-27T07:50:40Z,REAL
MFR-INDOCO-REMEDIES-B-20-895C6C,Indoco Remedies Ltd B-20,,,CDSCO NSQ public table (manufacturer address),https://cdscoonline.gov.in/CDSCO/viewPublicNSQDrug,2026-09-27T07:50:40Z,REAL
MFR-INDORAMA-HEALTH-CARE-E466EC,Indorama Health Care Pvt Ltd,Haryana,,CDSCO NSQ public table (manufacturer address),https://cdscoonline.gov.in/CDSCO/viewPublicNSQDrug,2026-09-27T07:50:40Z,REAL
MFR-INDOVET-LIFE-SCIENCES-96251F,Indovet Life Sciences Pvt. Ltd,Telangana,,CDSCO NSQ public table (manufacturer address),https://cdscoonline.gov.in/CDSCO/viewPublicNSQDrug,2026-09-27T07:50:40Z,REAL
MFR-INDU-DRUGS-5-5-5B389A,INDU Drugs Pvt Ltd.5-5,,,CDSCO NSQ public table (manufacturer address),https://cdscoonline.gov.in/CDSCO/viewPublicNSQDrug,2026-09-27T07:50:40Z,REAL
MFR-INDUCARE-PHARMA-FACTORY-92B8E6,Inducare Pharma Pvt. Ltd.Factory-C-34,,,CDSCO NSQ public table (manufacturer address),https://cdscoonline.gov.in/CDSCO/viewPublicNSQDrug,2026-09-27T07:50:40Z,REAL
MFR-INDUCARE-PHARMACEUTICAL-B6C64D,Inducare Pharmaceutical and Research Foundatiion,Maharashtra,,CDSCO NSQ public table (manufacturer address),https://cdscoonline.gov.in/CDSCO/viewPublicNSQDrug,2026-09-27T07:50:40Z,REAL
MFR-INDUS-PHARMA-D625BD,Indus Pharma Pvt. Ltd,Rajasthan,,CDSCO NSQ public table (manufacturer address),https://cdscoonline.gov.in/CDSCO/viewPublicNSQDrug,2026-09-27T07:50:40Z,REAL
MFR-INFALLIBLE-PHARMA-CCEFD8,Infallible Pharma Pvt.Ltd,,,CDSCO NSQ public table (manufacturer address),https://cdscoonline.gov.in/CDSCO/viewPublicNSQDrug,2026-09-27T07:50:40Z,REAL
MFR-INFINIHEAL-PHARMACEUTICA-AC7079,Infiniheal Pharmaceuticals,Gujarat,,CDSCO NSQ public table (manufacturer address),https://cdscoonline.gov.in/CDSCO/viewPublicNSQDrug,2026-09-27T07:50:40Z,REAL
MFR-INFINITIVE-PHARMACEUTICA-B3307D,Infinitive Pharmaceutical Industries,Gujarat,,CDSCO NSQ public table (manufacturer address),https://cdscoonline.gov.in/CDSCO/viewPublicNSQDrug,2026-09-27T07:50:40Z,REAL
MFR-INMAC-LABORATORIES-DE94E7,Inmac Laboratories,,,CDSCO NSQ public table (manufacturer address),https://cdscoonline.gov.in/CDSCO/viewPublicNSQDrug,2026-09-27T07:50:40Z,REAL
MFR-INNOVA-CAP-TAB-3F19C0,Innova Cap Tab Ltd,,,CDSCO NSQ public table (manufacturer address),https://cdscoonline.gov.in/CDSCO/viewPublicNSQDrug,2026-09-27T07:50:40Z,REAL
MFR-INNOVA-CAPTAB-9FCA08,Innova Captab Limited,Himachal Pradesh,,CDSCO NSQ public table (manufacturer address),https://cdscoonline.gov.in/CDSCO/viewPublicNSQDrug,2026-09-27T07:50:40Z,REAL
MFR-INSAT-PHARMA-A65EBE,Insat Pharma Pvt. Ltd,Gujarat,,CDSCO NSQ public table (manufacturer address),https://cdscoonline.gov.in/CDSCO/viewPublicNSQDrug,2026-09-27T07:50:40Z,REAL
MFR-INTAS-PHARMACEUTICALS-3BAF14,Intas Pharmaceuticals Ltd,Sikkim,,CDSCO NSQ public table (manufacturer address),https://cdscoonline.gov.in/CDSCO/viewPublicNSQDrug,2026-09-27T07:50:40Z,REAL
MFR-INTAS-PHARMACEUTICALS-BA-CD820F,Intas Pharmaceuticals Ltd Bagheykhola,Sikkim,,CDSCO NSQ public table (manufacturer address),https://cdscoonline.gov.in/CDSCO/viewPublicNSQDrug,2026-09-27T07:50:40Z,REAL
MFR-INTAS-PHARMACEUTICALS-SA-836C41,Intas Pharmaceuticals Ltd. - Samardung Road,Sikkim,,CDSCO NSQ public table (manufacturer address),https://cdscoonline.gov.in/CDSCO/viewPublicNSQDrug,2026-09-27T07:50:40Z,REAL
MFR-INTEGRATED-LABORATORIES-F226E6,Integrated Laboratories Pvt. Ltd. Nahan Road,Himachal Pradesh,,CDSCO NSQ public table (manufacturer address),https://cdscoonline.gov.in/CDSCO/viewPublicNSQDrug,2026-09-27T07:50:40Z,REAL
MFR-INTERMED-LABORATORIES-E32042,Intermed Laboratories Private Limited,,,CDSCO NSQ public table (manufacturer address),https://cdscoonline.gov.in/CDSCO/viewPublicNSQDrug,2026-09-27T07:50:40Z,REAL
MFR-INVEN-PHARMACEUTICALS-1CD95C,Inven Pharmaceuticals Pvt. Ltd,Madhya Pradesh,,CDSCO NSQ public table (manufacturer address),https://cdscoonline.gov.in/CDSCO/viewPublicNSQDrug,2026-09-27T07:50:40Z,REAL
MFR-INVENTIA-HEALTHCARE-57E96C,Inventia Healthcare Limited,,,CDSCO NSQ public table (manufacturer address),https://cdscoonline.gov.in/CDSCO/viewPublicNSQDrug,2026-09-27T07:50:40Z,REAL
MFR-ION-HEALTHCARE-BADDI-BAR-352790,ION Healthcare Pvt. Ltd.Baddi- Barotiwala Road Baddi Distt. Solan,,,CDSCO NSQ public table (manufacturer address),https://cdscoonline.gov.in/CDSCO/viewPublicNSQDrug,2026-09-27T07:50:40Z,REAL
MFR-IOSIS-REMEDIES-919662,IOSIS Remedies pvt ltd,Himachal Pradesh,,CDSCO NSQ public table (manufacturer address),https://cdscoonline.gov.in/CDSCO/viewPublicNSQDrug,2026-09-27T07:50:40Z,REAL
MFR-IOSIS-REMEDIES-RAJPURA-R-D25106,Iosis Remedies Pvt. Ltd.Rajpura Road,Himachal Pradesh,,CDSCO NSQ public table (manufacturer address),https://cdscoonline.gov.in/CDSCO/viewPublicNSQDrug,2026-09-27T07:50:40Z,REAL
MFR-IPCA-LABORATORIES-DB7EDF,Ipca Laboratories,Uttarakhand,,CDSCO NSQ public table (manufacturer address),https://cdscoonline.gov.in/CDSCO/viewPublicNSQDrug,2026-09-27T07:50:40Z,REAL
MFR-IPCA-LABORATORY-SEJAVTA-B73040,Ipca Laboratory Ltd. Sejavta,,,CDSCO NSQ public table (manufacturer address),https://cdscoonline.gov.in/CDSCO/viewPublicNSQDrug,2026-09-27T07:50:40Z,REAL
MFR-IPZAH-PHARMACEUTICALS-DACD86,Ipzah Pharmaceuticals Pvt. Ltd,,,CDSCO NSQ public table (manufacturer address),https://cdscoonline.gov.in/CDSCO/viewPublicNSQDrug,2026-09-27T07:50:40Z,REAL
MFR-J-B-CHEMICALS-PHARMACEUT-3BF69C,J.B. Chemicals & Pharmaceuticals Ltd,Gujarat,,CDSCO NSQ public table (manufacturer address),https://cdscoonline.gov.in/CDSCO/viewPublicNSQDrug,2026-09-27T07:50:40Z,REAL
MFR-J-M-LABORATORIES-D65B97,J.M. Laboratories,Himachal Pradesh,,CDSCO NSQ public table (manufacturer address),https://cdscoonline.gov.in/CDSCO/viewPublicNSQDrug,2026-09-27T07:50:40Z,REAL
MFR-J-P-INDUSTRIES-BEC3FD,J.P Industries,,,CDSCO NSQ public table (manufacturer address),https://cdscoonline.gov.in/CDSCO/viewPublicNSQDrug,2026-09-27T07:50:40Z,REAL
MFR-J-P-INDUSTRIES-BHUD-48F2D6,J.P. Industries Bhud,Himachal Pradesh,,CDSCO NSQ public table (manufacturer address),https://cdscoonline.gov.in/CDSCO/viewPublicNSQDrug,2026-09-27T07:50:40Z,REAL
MFR-JACKSON-LABORATORIES-84EC23,Jackson Laboratories Pvt. Ltd,Himachal Pradesh,,CDSCO NSQ public table (manufacturer address),https://cdscoonline.gov.in/CDSCO/viewPublicNSQDrug,2026-09-27T07:50:40Z,REAL
MFR-JACKSON-LABORATORIES-MAJ-CB9595,Jackson Laboratories Pvt. Ltd. Majitha Road,Punjab,,CDSCO NSQ public table (manufacturer address),https://cdscoonline.gov.in/CDSCO/viewPublicNSQDrug,2026-09-27T07:50:40Z,REAL
MFR-JAIN-SOAP-7AF82A,Jain Soap,Gujarat,,CDSCO NSQ public table (manufacturer address),https://cdscoonline.gov.in/CDSCO/viewPublicNSQDrug,2026-09-27T07:50:40Z,REAL
MFR-JAINEKA-HEALTHCARE-3D56DE,Jaineka Healthcare Pvt. Ltd,,,CDSCO NSQ public table (manufacturer address),https://cdscoonline.gov.in/CDSCO/viewPublicNSQDrug,2026-09-27T07:50:40Z,REAL
MFR-JAINSONS-HEALTHCARE-2EBF79,Jainsons Healthcare,Uttarakhand,,CDSCO NSQ public table (manufacturer address),https://cdscoonline.gov.in/CDSCO/viewPublicNSQDrug,2026-09-27T07:50:40Z,REAL
MFR-JAISANSHU-MEDICARE-1D7DC1,Jaisanshu Medicare Pvt. Ltd,Uttarakhand,,CDSCO NSQ public table (manufacturer address),https://cdscoonline.gov.in/CDSCO/viewPublicNSQDrug,2026-09-27T07:50:40Z,REAL
MFR-JAIWIK-BIOTECH-DD47DA,Jaiwik Biotech,,,CDSCO NSQ public table (manufacturer address),https://cdscoonline.gov.in/CDSCO/viewPublicNSQDrug,2026-09-27T07:50:40Z,REAL
MFR-JAKSON-LABORATORIES-F7CE82,Jakson Laboratories Pvt. Ltd,,,CDSCO NSQ public table (manufacturer address),https://cdscoonline.gov.in/CDSCO/viewPublicNSQDrug,2026-09-27T07:50:40Z,REAL
MFR-JANVEDA-HEALTHCEUTICAL-F4BA74,Janveda Healthceutical Pvt. Ltd,,,CDSCO NSQ public table (manufacturer address),https://cdscoonline.gov.in/CDSCO/viewPublicNSQDrug,2026-09-27T07:50:40Z,REAL
MFR-JANVEDA-HEALTHCEUTICALS-903E2C,Janveda Healthceuticals Pvt. Ltd,,,CDSCO NSQ public table (manufacturer address),https://cdscoonline.gov.in/CDSCO/viewPublicNSQDrug,2026-09-27T07:50:40Z,REAL
MFR-JANYA-BIOCARE-3BC44D,Janya Biocare Pvt. Ltd,,,CDSCO NSQ public table (manufacturer address),https://cdscoonline.gov.in/CDSCO/viewPublicNSQDrug,2026-09-27T07:50:40Z,REAL
MFR-JEEVANAM-HEALTHCARE-5D5826,Jeevanam Healthcare,Kerala,,CDSCO NSQ public table (manufacturer address),https://cdscoonline.gov.in/CDSCO/viewPublicNSQDrug,2026-09-27T07:50:40Z,REAL
MFR-JENEKA-HEALTHCAERE-5382FE,Jeneka Healthcaere Pvt Ltd,Uttarakhand,,CDSCO NSQ public table (manufacturer address),https://cdscoonline.gov.in/CDSCO/viewPublicNSQDrug,2026-09-27T07:50:40Z,REAL
MFR-JERSY-PHARMA-45A22E,Jersy Pharma,,,CDSCO NSQ public table (manufacturer address),https://cdscoonline.gov.in/CDSCO/viewPublicNSQDrug,2026-09-27T07:50:40Z,REAL
MFR-JESDAY-PHARMACEUTICALS-A03887,JESDAY PHARMACEUTICALS,Telangana,,CDSCO NSQ public table (manufacturer address),https://cdscoonline.gov.in/CDSCO/viewPublicNSQDrug,2026-09-27T07:50:40Z,REAL
MFR-JIND-SURGICALS-F7557D,JIND SURGICALS,Haryana,,CDSCO NSQ public table (manufacturer address),https://cdscoonline.gov.in/CDSCO/viewPublicNSQDrug,2026-09-27T07:50:40Z,REAL
MFR-JINDAL-MEDICOT-VILLAGE-T-26C1D8,Jindal Medicot Ltd.Village Thathal,Himachal Pradesh,,CDSCO NSQ public table (manufacturer address),https://cdscoonline.gov.in/CDSCO/viewPublicNSQDrug,2026-09-27T07:50:40Z,REAL
MFR-JINEKA-HEALTHCARE-3AD598,Jineka Healthcare Pvt. Ltd,,,CDSCO NSQ public table (manufacturer address),https://cdscoonline.gov.in/CDSCO/viewPublicNSQDrug,2026-09-27T07:50:40Z,REAL
MFR-JM-LABORATORIES-B8A74B,JM Laboratories,,,CDSCO NSQ public table (manufacturer address),https://cdscoonline.gov.in/CDSCO/viewPublicNSQDrug,2026-09-27T07:50:40Z,REAL
MFR-JMH-PHARMA-EC5DB3,JMH Pharma,Uttarakhand,,CDSCO NSQ public table (manufacturer address),https://cdscoonline.gov.in/CDSCO/viewPublicNSQDrug,2026-09-27T07:50:40Z,REAL
MFR-JMM-FORMULATION-C5CAF7,JMM Formulation Pvt. Ltd,Himachal Pradesh,,CDSCO NSQ public table (manufacturer address),https://cdscoonline.gov.in/CDSCO/viewPublicNSQDrug,2026-09-27T07:50:40Z,REAL
MFR-JMM-LABORATORIES-2E8BAB,JMM Laboratories,,,CDSCO NSQ public table (manufacturer address),https://cdscoonline.gov.in/CDSCO/viewPublicNSQDrug,2026-09-27T07:50:40Z,REAL
MFR-JOE-S-TRADERS-072E65,Joe's Traders,Tamil Nadu,,CDSCO NSQ public table (manufacturer address),https://cdscoonline.gov.in/CDSCO/viewPublicNSQDrug,2026-09-27T07:50:40Z,REAL
MFR-JOHNSON-SMITH-A5BF10,Johnson & Smith Co,,,CDSCO NSQ public table (manufacturer address),https://cdscoonline.gov.in/CDSCO/viewPublicNSQDrug,2026-09-27T07:50:40Z,REAL
MFR-JPEE-DRUGS-726C89,Jpee Drugs,Uttarakhand,,CDSCO NSQ public table (manufacturer address),https://cdscoonline.gov.in/CDSCO/viewPublicNSQDrug,2026-09-27T07:50:40Z,REAL
MFR-KAALIMGA-HEALTHCARE-FF7038,Kaalimga Healthcare,,,CDSCO NSQ public table (manufacturer address),https://cdscoonline.gov.in/CDSCO/viewPublicNSQDrug,2026-09-27T07:50:40Z,REAL
MFR-KAALINGA-HEALTH-CARE-C0A5F3,Kaalinga Health Care,,,CDSCO NSQ public table (manufacturer address),https://cdscoonline.gov.in/CDSCO/viewPublicNSQDrug,2026-09-27T07:50:40Z,REAL
MFR-KAALINGA-HEALTHCARE-7CEBB9,Kaalinga Healthcare,Himachal Pradesh,,CDSCO NSQ public table (manufacturer address),https://cdscoonline.gov.in/CDSCO/viewPublicNSQDrug,2026-09-27T07:50:40Z,REAL
MFR-KALACI-PHARMA-5D91E1,Kalaci Pharma,Haryana,,CDSCO NSQ public table (manufacturer address),https://cdscoonline.gov.in/CDSCO/viewPublicNSQDrug,2026-09-27T07:50:40Z,REAL
MFR-KALPA-INDUSTRIES-573EF5,Kalpa Industries,,,CDSCO NSQ public table (manufacturer address),https://cdscoonline.gov.in/CDSCO/viewPublicNSQDrug,2026-09-27T07:50:40Z,REAL
MFR-KALPRAJ-TECHNO-FAB-F78161,Kalpraj Techno Fab Pvt. Ltd,Madhya Pradesh,,CDSCO NSQ public table (manufacturer address),https://cdscoonline.gov.in/CDSCO/viewPublicNSQDrug,2026-09-27T07:50:40Z,REAL
MFR-KAMAL-HOME-PRODUCTS-CE3AB0,Kamal Home products,,,CDSCO NSQ public table (manufacturer address),https://cdscoonline.gov.in/CDSCO/viewPublicNSQDrug,2026-09-27T07:50:40Z,REAL
MFR-KAMLA-AMRUT-PHARMACEUTIC-FF53D4,Kamla Amrut Pharmaceuticals LLP,Gujarat,,CDSCO NSQ public table (manufacturer address),https://cdscoonline.gov.in/CDSCO/viewPublicNSQDrug,2026-09-27T07:50:40Z,REAL
MFR-KANERO-COSMETICS-C0D738,Kanero Cosmetics,Delhi,,CDSCO NSQ public table (manufacturer address),https://cdscoonline.gov.in/CDSCO/viewPublicNSQDrug,2026-09-27T07:50:40Z,REAL
MFR-KANTIL-PHARMACEUTICALS-7AF6A7,Kantil Pharmaceuticals Pvt. Ltd,Himachal Pradesh,,CDSCO NSQ public table (manufacturer address),https://cdscoonline.gov.in/CDSCO/viewPublicNSQDrug,2026-09-27T07:50:40Z,REAL
MFR-KAPTAB-PHARMACEUTICALS-95DE3E,Kaptab Pharmaceuticals,,,CDSCO NSQ public table (manufacturer address),https://cdscoonline.gov.in/CDSCO/viewPublicNSQDrug,2026-09-27T07:50:40Z,REAL
MFR-KARAS-HEALTHCARE-B46D7F,Karas Healthcare Private Ltd,,,CDSCO NSQ public table (manufacturer address),https://cdscoonline.gov.in/CDSCO/viewPublicNSQDrug,2026-09-27T07:50:40Z,REAL
MFR-KARLIN-PHARMACEUTICALS-E-C141ED,Karlin Pharmaceuticals & Exports Private Limited,,,CDSCO NSQ public table (manufacturer address),https://cdscoonline.gov.in/CDSCO/viewPublicNSQDrug,2026-09-27T07:50:40Z,REAL
MFR-KARLIN-PHARMACEUTICLAS-E-305D6D,Karlin Pharmaceuticlas & Exports Private Limited,Tamil Nadu,,CDSCO NSQ public table (manufacturer address),https://cdscoonline.gov.in/CDSCO/viewPublicNSQDrug,2026-09-27T07:50:40Z,REAL
MFR-KARNAL-PHARMACEUTICALS-7CFE69,Karnal Pharmaceuticals Pvt Ltd,Uttarakhand,,CDSCO NSQ public table (manufacturer address),https://cdscoonline.gov.in/CDSCO/viewPublicNSQDrug,2026-09-27T07:50:40Z,REAL
MFR-KARNANI-PHARMACEUTICALS-92D59B,Karnani Pharmaceuticals,,,CDSCO NSQ public table (manufacturer address),https://cdscoonline.gov.in/CDSCO/viewPublicNSQDrug,2026-09-27T07:50:40Z,REAL
MFR-KARNATAKA-ANTIBIOTICS-AN-5EC3F0,KARNATAKA ANTIBIOTICS AND PHARMACEUTICALS LIMITED,Karnataka,,CDSCO NSQ public table (manufacturer address),https://cdscoonline.gov.in/CDSCO/viewPublicNSQDrug,2026-09-27T07:50:40Z,REAL
MFR-KARNATAKA-ANTIBIOTICS-PH-119EE6,Karnataka Antibiotics & Pharmaceuticals Limited,Karnataka,,CDSCO NSQ public table (manufacturer address),https://cdscoonline.gov.in/CDSCO/viewPublicNSQDrug,2026-09-27T07:50:40Z,REAL
MFR-KARUNAMOORTHY-SURIGCALS-778173,Karunamoorthy Surigcals Ayyanapuram,Tamil Nadu,,CDSCO NSQ public table (manufacturer address),https://cdscoonline.gov.in/CDSCO/viewPublicNSQDrug,2026-09-27T07:50:40Z,REAL
MFR-KASHMIK-FORMUATION-2C031D,Kashmik Formuation Pvt Ltd,,,CDSCO NSQ public table (manufacturer address),https://cdscoonline.gov.in/CDSCO/viewPublicNSQDrug,2026-09-27T07:50:40Z,REAL
MFR-KAUSHIK-THERAPEUTICS-1CA88F,Kaushik Therapeutics,,,CDSCO NSQ public table (manufacturer address),https://cdscoonline.gov.in/CDSCO/viewPublicNSQDrug,2026-09-27T07:50:40Z,REAL
MFR-KERALA-MEDICAL-SERVICES-4439E2,Kerala Medical services Corporation Limited,Kerala,,CDSCO NSQ public table (manufacturer address),https://cdscoonline.gov.in/CDSCO/viewPublicNSQDrug,2026-09-27T07:50:40Z,REAL
MFR-KERALA-STATE-DRUGS-AND-P-60C6B1,Kerala State Drugs and Pharmaceuticals Limited,Kerala,,CDSCO NSQ public table (manufacturer address),https://cdscoonline.gov.in/CDSCO/viewPublicNSQDrug,2026-09-27T07:50:40Z,REAL
MFR-KERALA-STATE-DRUGS-PHARM-A32A53,Kerala State Drugs Pharmaceuticals Ltd,Kerala,,CDSCO NSQ public table (manufacturer address),https://cdscoonline.gov.in/CDSCO/viewPublicNSQDrug,2026-09-27T07:50:40Z,REAL
MFR-KERON-LIFESCIENCES-93D152,Keron Lifesciences Pvt. Ltd,,,CDSCO NSQ public table (manufacturer address),https://cdscoonline.gov.in/CDSCO/viewPublicNSQDrug,2026-09-27T07:50:40Z,REAL
MFR-KEYLINK-GLOBAL-EXIM-67A1BD,Keylink Global Exim Pvt. Ltd,Himachal Pradesh,,CDSCO NSQ public table (manufacturer address),https://cdscoonline.gov.in/CDSCO/viewPublicNSQDrug,2026-09-27T07:50:40Z,REAL
MFR-KHANDELWAL-LABORATORIES-DE7670,Khandelwal Laboratories Pvt Ltd,Uttarakhand,,CDSCO NSQ public table (manufacturer address),https://cdscoonline.gov.in/CDSCO/viewPublicNSQDrug,2026-09-27T07:50:40Z,REAL
MFR-KHASRA-NO-24203F,Khasra No,Uttarakhand,,CDSCO NSQ public table (manufacturer address),https://cdscoonline.gov.in/CDSCO/viewPublicNSQDrug,2026-09-27T07:50:40Z,REAL
MFR-KHUSHBOO-BEAUTY-CARE-B30CC1,Khushboo Beauty Care,,,CDSCO NSQ public table (manufacturer address),https://cdscoonline.gov.in/CDSCO/viewPublicNSQDrug,2026-09-27T07:50:40Z,REAL
MFR-KINESIS-LABORATORIES-3469C4,Kinesis Laboratories Pvt.Ltd,Himachal Pradesh,,CDSCO NSQ public table (manufacturer address),https://cdscoonline.gov.in/CDSCO/viewPublicNSQDrug,2026-09-27T07:50:40Z,REAL
MFR-KISS-LOVE-COSMETICS-DELH-A469BF,Kiss Love Cosmetics Delhi,Delhi,,CDSCO NSQ public table (manufacturer address),https://cdscoonline.gov.in/CDSCO/viewPublicNSQDrug,2026-09-27T07:50:40Z,REAL
MFR-KITE-FORMULATION-476EA3,Kite Formulation,,,CDSCO NSQ public table (manufacturer address),https://cdscoonline.gov.in/CDSCO/viewPublicNSQDrug,2026-09-27T07:50:40Z,REAL
MFR-KIVI-LABS-A8795E,Kivi Labs Ltd,Gujarat,,CDSCO NSQ public table (manufacturer address),https://cdscoonline.gov.in/CDSCO/viewPublicNSQDrug,2026-09-27T07:50:40Z,REAL
MFR-KLM-LABORATORIES-702A87,KLM Laboratories Pvt. Ltd,,,CDSCO NSQ public table (manufacturer address),https://cdscoonline.gov.in/CDSCO/viewPublicNSQDrug,2026-09-27T07:50:40Z,REAL
MFR-KLOKTER-LIFESCIENCES-4ED5D7,klokter Lifesciences private Ltd,,,CDSCO NSQ public table (manufacturer address),https://cdscoonline.gov.in/CDSCO/viewPublicNSQDrug,2026-09-27T07:50:40Z,REAL
MFR-KLOKTER-LIFESCIENCES-SAM-BF4F4D,Klokter Lifesciences Pvt.Ltd Samora,,,CDSCO NSQ public table (manufacturer address),https://cdscoonline.gov.in/CDSCO/viewPublicNSQDrug,2026-09-27T07:50:40Z,REAL
MFR-KNM-PHARMA-13-E0F584,Knm Pharma Pvt. Ltd.13,,,CDSCO NSQ public table (manufacturer address),https://cdscoonline.gov.in/CDSCO/viewPublicNSQDrug,2026-09-27T07:50:40Z,REAL
MFR-KNM-PHARMA-513FD9,KNM Pharma Pvt. Ltd,Gujarat,,CDSCO NSQ public table (manufacturer address),https://cdscoonline.gov.in/CDSCO/viewPublicNSQDrug,2026-09-27T07:50:40Z,REAL
MFR-KONIS-PHARMACEUTICALS-56582F,Konis Pharmaceuticals Pvt. Ltd,,,CDSCO NSQ public table (manufacturer address),https://cdscoonline.gov.in/CDSCO/viewPublicNSQDrug,2026-09-27T07:50:40Z,REAL
MFR-KONIS-PHARMACEUTICALS-KR-B24D5C,Konis Pharmaceuticals Krishna Nagar,,,CDSCO NSQ public table (manufacturer address),https://cdscoonline.gov.in/CDSCO/viewPublicNSQDrug,2026-09-27T07:50:40Z,REAL
MFR-KONIS-PHARMACEUTICALS-PV-B2003A,Konis Pharmaceuticals Pv t. Ltd,Himachal Pradesh,,CDSCO NSQ public table (manufacturer address),https://cdscoonline.gov.in/CDSCO/viewPublicNSQDrug,2026-09-27T07:50:40Z,REAL
MFR-KOTA-SAREE-AVAM-HATH-KAR-831ED6,Kota Saree Avam Hath kargha Vastra Utpadak Kray-Vikray Sahakari Samiti Ltd,,,CDSCO NSQ public table (manufacturer address),https://cdscoonline.gov.in/CDSCO/viewPublicNSQDrug,2026-09-27T07:50:40Z,REAL
MFR-KRAS-PHARMACEUTICALS-150C9B,Kras Pharmaceuticals Pvt. Ltd,Bihar,,CDSCO NSQ public table (manufacturer address),https://cdscoonline.gov.in/CDSCO/viewPublicNSQDrug,2026-09-27T07:50:40Z,REAL
MFR-KREBZ-HEALTHCARE-61132F,Krebz Healthcare Pvt. Ltd,,,CDSCO NSQ public table (manufacturer address),https://cdscoonline.gov.in/CDSCO/viewPublicNSQDrug,2026-09-27T07:50:40Z,REAL
MFR-KRISHNA-PHARMA-C-18-5-A-FE246D,Krishna Pharma C-18/5/A,Telangana,,CDSCO NSQ public table (manufacturer address),https://cdscoonline.gov.in/CDSCO/viewPublicNSQDrug,2026-09-27T07:50:40Z,REAL
MFR-KSHIPRA-DRUGS-87B594,Kshipra Drugs Pvt. Ltd,,,CDSCO NSQ public table (manufacturer address),https://cdscoonline.gov.in/CDSCO/viewPublicNSQDrug,2026-09-27T07:50:40Z,REAL
MFR-L-V-LIFE-SCIENCES-695801,L.V Life Sciences,Himachal Pradesh,,CDSCO NSQ public table (manufacturer address),https://cdscoonline.gov.in/CDSCO/viewPublicNSQDrug,2026-09-27T07:50:40Z,REAL
MFR-LABINDUSS-542EBA,Labinduss Ltd,Kerala,,CDSCO NSQ public table (manufacturer address),https://cdscoonline.gov.in/CDSCO/viewPublicNSQDrug,2026-09-27T07:50:40Z,REAL
MFR-LABORATE-PHARMACEUTICAL-194B98,Laborate Pharmaceutical India Ltd,,,CDSCO NSQ public table (manufacturer address),https://cdscoonline.gov.in/CDSCO/viewPublicNSQDrug,2026-09-27T07:50:40Z,REAL
MFR-LABORATE-PHARMACEUTICALS-5540C6,Laborate Pharmaceuticals India Ltd,Himachal Pradesh,,CDSCO NSQ public table (manufacturer address),https://cdscoonline.gov.in/CDSCO/viewPublicNSQDrug,2026-09-27T07:50:40Z,REAL
MFR-LABORATE-PHARMACEUTICALS-6639F0,Laborate Pharmaceuticals India Ltd. III,Himachal Pradesh,,CDSCO NSQ public table (manufacturer address),https://cdscoonline.gov.in/CDSCO/viewPublicNSQDrug,2026-09-27T07:50:40Z,REAL
MFR-LANNETT-PHARMACEUTICALS-33929B,Lannett Pharmaceuticals Hydrochloride Pvt.Ltd,Uttarakhand,,CDSCO NSQ public table (manufacturer address),https://cdscoonline.gov.in/CDSCO/viewPublicNSQDrug,2026-09-27T07:50:40Z,REAL
MFR-LANNETT-PHARMACEUTICALS-56357A,Lannett Pharmaceuticals Pvt. Ltd,,,CDSCO NSQ public table (manufacturer address),https://cdscoonline.gov.in/CDSCO/viewPublicNSQDrug,2026-09-27T07:50:40Z,REAL
MFR-LAPAN-HEALTHCARE-D4BEF8,Lapan Healthcare Pvt. Ltd,Haryana,,CDSCO NSQ public table (manufacturer address),https://cdscoonline.gov.in/CDSCO/viewPublicNSQDrug,2026-09-27T07:50:40Z,REAL
MFR-LARK-LABORATORIES-F0C0D9,Lark Laboratories,Delhi,,CDSCO NSQ public table (manufacturer address),https://cdscoonline.gov.in/CDSCO/viewPublicNSQDrug,2026-09-27T07:50:40Z,REAL
MFR-LEBEN-LABORATORIES-D55B29,Leben Laboratories Pvt. Ltd,,,CDSCO NSQ public table (manufacturer address),https://cdscoonline.gov.in/CDSCO/viewPublicNSQDrug,2026-09-27T07:50:40Z,REAL
MFR-LEBEN-LABORATORIES-OFFIC-473C38,Leben Laboratories Pvt.Ltd.Office;11,,,CDSCO NSQ public table (manufacturer address),https://cdscoonline.gov.in/CDSCO/viewPublicNSQDrug,2026-09-27T07:50:40Z,REAL
MFR-LEEFORD-HEALTHCARE-AT-8AB039,Leeford Healthcare Ltd. At,Himachal Pradesh,,CDSCO NSQ public table (manufacturer address),https://cdscoonline.gov.in/CDSCO/viewPublicNSQDrug,2026-09-27T07:50:40Z,REAL
MFR-LEEFORD-HEALTHCARE-B1CE51,Leeford Healthcare Ltd,Himachal Pradesh,,CDSCO NSQ public table (manufacturer address),https://cdscoonline.gov.in/CDSCO/viewPublicNSQDrug,2026-09-27T07:50:40Z,REAL
MFR-LEGEND-INDUSTRIES-6F6F4B,LEGEND INDUSTRIES,,,CDSCO NSQ public table (manufacturer address),https://cdscoonline.gov.in/CDSCO/viewPublicNSQDrug,2026-09-27T07:50:40Z,REAL
MFR-LENUS-LIFECARE-A7AF9C,Lenus Lifecare Pvt. Ltd,Himachal Pradesh,,CDSCO NSQ public table (manufacturer address),https://cdscoonline.gov.in/CDSCO/viewPublicNSQDrug,2026-09-27T07:50:40Z,REAL
MFR-LEOSTAR-HEALTHCARE-EBAFBC,Leostar Healthcare Pvt Ltd,Telangana,,CDSCO NSQ public table (manufacturer address),https://cdscoonline.gov.in/CDSCO/viewPublicNSQDrug,2026-09-27T07:50:40Z,REAL
MFR-LEOSTAR-HEALTHCARE-SY-NO-67B87C,Leostar Healthcare Pvt. Ltd Sy No,,,CDSCO NSQ public table (manufacturer address),https://cdscoonline.gov.in/CDSCO/viewPublicNSQDrug,2026-09-27T07:50:40Z,REAL
MFR-LEVOTIC-PHARMA-59E515,Levotic Pharma,,,CDSCO NSQ public table (manufacturer address),https://cdscoonline.gov.in/CDSCO/viewPublicNSQDrug,2026-09-27T07:50:40Z,REAL
MFR-LEXENE-PHARMA-C573D2,Lexene Pharma Pvt Ltd,,,CDSCO NSQ public table (manufacturer address),https://cdscoonline.gov.in/CDSCO/viewPublicNSQDrug,2026-09-27T07:50:40Z,REAL
MFR-LEXINE-TECHNOCHEM-3CD710,Lexine Technochem Pvt. Ltd,Gujarat,,CDSCO NSQ public table (manufacturer address),https://cdscoonline.gov.in/CDSCO/viewPublicNSQDrug,2026-09-27T07:50:40Z,REAL
MFR-LEXUS-A61904,Lexus India Limited,,,CDSCO NSQ public table (manufacturer address),https://cdscoonline.gov.in/CDSCO/viewPublicNSQDrug,2026-09-27T07:50:40Z,REAL
MFR-LIFE-CARE-NEURO-PRODUCTS-2A8EC2,Life care Neuro Products Ltd,Himachal Pradesh,,CDSCO NSQ public table (manufacturer address),https://cdscoonline.gov.in/CDSCO/viewPublicNSQDrug,2026-09-27T07:50:40Z,REAL
MFR-LIFE-GEM-MEDI-HEALTHCARE-859501,Life Gem Medi Healthcare,,,CDSCO NSQ public table (manufacturer address),https://cdscoonline.gov.in/CDSCO/viewPublicNSQDrug,2026-09-27T07:50:40Z,REAL
MFR-LIFE-LINE-PHARMA-77BD36,Life Line Pharma,Puducherry,,CDSCO NSQ public table (manufacturer address),https://cdscoonline.gov.in/CDSCO/viewPublicNSQDrug,2026-09-27T07:50:40Z,REAL
MFR-LIFE-MAX-CANCER-LABORATO-6BCCB9,Life Max Cancer Laboratories,,,CDSCO NSQ public table (manufacturer address),https://cdscoonline.gov.in/CDSCO/viewPublicNSQDrug,2026-09-27T07:50:40Z,REAL
MFR-LIFE-PHARMACEUTICALS-0BDB6A,Life Pharmaceuticals Pvt. Ltd,,,CDSCO NSQ public table (manufacturer address),https://cdscoonline.gov.in/CDSCO/viewPublicNSQDrug,2026-09-27T07:50:40Z,REAL
MFR-LIFE-VISION-HEALTHCARE-72F223,Life Vision Healthcare,,,CDSCO NSQ public table (manufacturer address),https://cdscoonline.gov.in/CDSCO/viewPublicNSQDrug,2026-09-27T07:50:40Z,REAL
MFR-LIFECARE-336B56,Lifecare,Puducherry,,CDSCO NSQ public table (manufacturer address),https://cdscoonline.gov.in/CDSCO/viewPublicNSQDrug,2026-09-27T07:50:40Z,REAL
MFR-LIFECARE-FORMULATIONS-1746C1,Lifecare Formulations Pvt. Ltd,Puducherry,,CDSCO NSQ public table (manufacturer address),https://cdscoonline.gov.in/CDSCO/viewPublicNSQDrug,2026-09-27T07:50:40Z,REAL
MFR-LIFECARE-NEURO-PRODUCTS-6316AE,Lifecare Neuro Products Ltd,,,CDSCO NSQ public table (manufacturer address),https://cdscoonline.gov.in/CDSCO/viewPublicNSQDrug,2026-09-27T07:50:40Z,REAL
MFR-LIFECARE-SURGICALS-E590E2,Lifecare Surgicals,Andhra Pradesh,,CDSCO NSQ public table (manufacturer address),https://cdscoonline.gov.in/CDSCO/viewPublicNSQDrug,2026-09-27T07:50:40Z,REAL
MFR-LIFECOM-PHARMACEUTICALS-E4A517,Lifecom Pharmaceuticals,Uttarakhand,,CDSCO NSQ public table (manufacturer address),https://cdscoonline.gov.in/CDSCO/viewPublicNSQDrug,2026-09-27T07:50:40Z,REAL
MFR-LIFEVISION-HEALTHCARE-3E3A2A,Lifevision Healthcare,,,CDSCO NSQ public table (manufacturer address),https://cdscoonline.gov.in/CDSCO/viewPublicNSQDrug,2026-09-27T07:50:40Z,REAL
MFR-LILIUM-COSMETICS-5D1DF8,Lilium Cosmetics Pvt Ltd,,,CDSCO NSQ public table (manufacturer address),https://cdscoonline.gov.in/CDSCO/viewPublicNSQDrug,2026-09-27T07:50:40Z,REAL
MFR-LINTO-PHARMACEUTICALS-9A11C2,Linto Pharmaceuticals,Puducherry,,CDSCO NSQ public table (manufacturer address),https://cdscoonline.gov.in/CDSCO/viewPublicNSQDrug,2026-09-27T07:50:40Z,REAL
MFR-LINUX-LIFE-SCIENCES-B68D50,LINUX LIFE SCIENCES PVT LTD,Puducherry,,CDSCO NSQ public table (manufacturer address),https://cdscoonline.gov.in/CDSCO/viewPublicNSQDrug,2026-09-27T07:50:40Z,REAL
MFR-LIVE-WELL-HEALTHCARE-3D8D01,Live Well Healthcare,Himachal Pradesh,,CDSCO NSQ public table (manufacturer address),https://cdscoonline.gov.in/CDSCO/viewPublicNSQDrug,2026-09-27T07:50:40Z,REAL
MFR-LIVIN-FORMULATIONS-4AD248,Livin Formulations,Telangana,,CDSCO NSQ public table (manufacturer address),https://cdscoonline.gov.in/CDSCO/viewPublicNSQDrug,2026-09-27T07:50:40Z,REAL
MFR-LOGOS-PHARMA-353B54,Logos Pharma,,,CDSCO NSQ public table (manufacturer address),https://cdscoonline.gov.in/CDSCO/viewPublicNSQDrug,2026-09-27T07:50:40Z,REAL
MFR-LUCROSE-PHARMA-FLAT-NO-9E8840,Lucrose Pharma Pvt. Ltd. Flat No,,,CDSCO NSQ public table (manufacturer address),https://cdscoonline.gov.in/CDSCO/viewPublicNSQDrug,2026-09-27T07:50:40Z,REAL
MFR-LUPIN-3D3214,LUPIN Ltd,Sikkim,,CDSCO NSQ public table (manufacturer address),https://cdscoonline.gov.in/CDSCO/viewPublicNSQDrug,2026-09-27T07:50:40Z,REAL
MFR-LUPIN-EPIP-D2EB61,Lupin Ltd. EPIP,Jammu & Kashmir,,CDSCO NSQ public table (manufacturer address),https://cdscoonline.gov.in/CDSCO/viewPublicNSQDrug,2026-09-27T07:50:40Z,REAL
MFR-LUXICA-PHARMA-93B69C,Luxica Pharma Inc,Gujarat,,CDSCO NSQ public table (manufacturer address),https://cdscoonline.gov.in/CDSCO/viewPublicNSQDrug,2026-09-27T07:50:40Z,REAL
MFR-LYKA-LABS-C916F4,Lyka Labs Ltd,Gujarat,,CDSCO NSQ public table (manufacturer address),https://cdscoonline.gov.in/CDSCO/viewPublicNSQDrug,2026-09-27T07:50:40Z,REAL
MFR-M-S-ARGION-COSMED-02A67A,M/S Argion Cosmed India Pvt Ltd,,,CDSCO NSQ public table (manufacturer address),https://cdscoonline.gov.in/CDSCO/viewPublicNSQDrug,2026-09-27T07:50:40Z,REAL
MFR-M-S-RONAK-LIFE-CARE-5BCDD4,M/.s Ronak Life care Pvt Ltd,,,CDSCO NSQ public table (manufacturer address),https://cdscoonline.gov.in/CDSCO/viewPublicNSQDrug,2026-09-27T07:50:40Z,REAL
MFR-M-S-ROSEFINCH-PHARMACEUT-F0897C,M/s Rosefinch Pharmaceutique Pvt Ltd,Gujarat,,CDSCO NSQ public table (manufacturer address),https://cdscoonline.gov.in/CDSCO/viewPublicNSQDrug,2026-09-27T07:50:40Z,REAL
MFR-M-V-VAZE-CONSUMER-PRODUC-FB3421,M.V. Vaze Consumer Products House No,,,CDSCO NSQ public table (manufacturer address),https://cdscoonline.gov.in/CDSCO/viewPublicNSQDrug,2026-09-27T07:50:40Z,REAL
MFR-MAA-PHARMA-TECH-E76F4A,Maa Pharma Tech,,,CDSCO NSQ public table (manufacturer address),https://cdscoonline.gov.in/CDSCO/viewPublicNSQDrug,2026-09-27T07:50:40Z,REAL
MFR-MAAN-PHARMACEUTICALS-51F386,Maan Pharmaceuticals Ltd,,,CDSCO NSQ public table (manufacturer address),https://cdscoonline.gov.in/CDSCO/viewPublicNSQDrug,2026-09-27T07:50:40Z,REAL
MFR-MAC-ROYAL-BIOTECH-BADDI-E3C105,Mac Royal Biotech Baddi Road,,,CDSCO NSQ public table (manufacturer address),https://cdscoonline.gov.in/CDSCO/viewPublicNSQDrug,2026-09-27T07:50:40Z,REAL
MFR-MACIN-REMEDIES-B-21-391C82,Macin Remedies India Ltd. B-21,,,CDSCO NSQ public table (manufacturer address),https://cdscoonline.gov.in/CDSCO/viewPublicNSQDrug,2026-09-27T07:50:40Z,REAL
MFR-MACLEODS-PHARMACEUTICALS-0D5153,Macleods Pharmaceuticals Ltd,Sikkim,,CDSCO NSQ public table (manufacturer address),https://cdscoonline.gov.in/CDSCO/viewPublicNSQDrug,2026-09-27T07:50:40Z,REAL
MFR-MACLEODS-PHARMACEUTICALS-3638CA,Macleods Pharmaceuticals Ltd.Khasra No,Sikkim,,CDSCO NSQ public table (manufacturer address),https://cdscoonline.gov.in/CDSCO/viewPublicNSQDrug,2026-09-27T07:50:40Z,REAL
MFR-MACLEODS-PHARMACEUTICALS-9BAC20,Macleods Pharmaceuticals Ltd. Kh. No,Sikkim,,CDSCO NSQ public table (manufacturer address),https://cdscoonline.gov.in/CDSCO/viewPublicNSQDrug,2026-09-27T07:50:40Z,REAL
MFR-MACMILLON-PHARMACEUTICAL-75E647,Macmillon Pharmaceuticals Pvt Ltd,,,CDSCO NSQ public table (manufacturer address),https://cdscoonline.gov.in/CDSCO/viewPublicNSQDrug,2026-09-27T07:50:40Z,REAL
MFR-MAGIC-OF-HERBS-MAGIC-OF-97DA61,Magic of Herbs Magic of Herbs Haryana-133001,Haryana,,CDSCO NSQ public table (manufacturer address),https://cdscoonline.gov.in/CDSCO/viewPublicNSQDrug,2026-09-27T07:50:40Z,REAL
MFR-MAGNUS-BIOTECH-15EA6E,Magnus Biotech Pvt. Ltd,Haryana,,CDSCO NSQ public table (manufacturer address),https://cdscoonline.gov.in/CDSCO/viewPublicNSQDrug,2026-09-27T07:50:40Z,REAL
MFR-MAHA-AVTAR-B562EF,Maha Avtar,,,CDSCO NSQ public table (manufacturer address),https://cdscoonline.gov.in/CDSCO/viewPublicNSQDrug,2026-09-27T07:50:40Z,REAL
MFR-MAHENDRA-LABS-992653,Mahendra Labs Pvt. Ltd,,,CDSCO NSQ public table (manufacturer address),https://cdscoonline.gov.in/CDSCO/viewPublicNSQDrug,2026-09-27T07:50:40Z,REAL
MFR-MAHYS-PHARMACEUTICALS-617071,Mahys Pharmaceuticals,Andhra Pradesh,,CDSCO NSQ public table (manufacturer address),https://cdscoonline.gov.in/CDSCO/viewPublicNSQDrug,2026-09-27T07:50:40Z,REAL
MFR-MALIK-LIFE-SCIENCES-DB39F5,Malik Life Sciences Pvt.Ltd,Uttarakhand,,CDSCO NSQ public table (manufacturer address),https://cdscoonline.gov.in/CDSCO/viewPublicNSQDrug,2026-09-27T07:50:40Z,REAL
MFR-MALIK-LIFESCIENCES-A09597,Malik Lifesciences Pvt. Ltd,,,CDSCO NSQ public table (manufacturer address),https://cdscoonline.gov.in/CDSCO/viewPublicNSQDrug,2026-09-27T07:50:40Z,REAL
MFR-MAMTA-PHARMACEUTICALS-85DD8E,Mamta Pharmaceuticals,,,CDSCO NSQ public table (manufacturer address),https://cdscoonline.gov.in/CDSCO/viewPublicNSQDrug,2026-09-27T07:50:40Z,REAL
MFR-MANALI-PETROCHEMICALS-2E531E,Manali Petrochemicals Ltd,,,CDSCO NSQ public table (manufacturer address),https://cdscoonline.gov.in/CDSCO/viewPublicNSQDrug,2026-09-27T07:50:40Z,REAL
MFR-MANCARE-LABORATORIES-104E6E,Mancare Laboratories Pvt. Ltd,,,CDSCO NSQ public table (manufacturer address),https://cdscoonline.gov.in/CDSCO/viewPublicNSQDrug,2026-09-27T07:50:40Z,REAL
MFR-MANEESH-PHARMACEUTICALS-A3BDE6,Maneesh Pharmaceuticals Ltd,Himachal Pradesh,,CDSCO NSQ public table (manufacturer address),https://cdscoonline.gov.in/CDSCO/viewPublicNSQDrug,2026-09-27T07:50:40Z,REAL
MFR-MANFRIDAY-LIFESCIENCES-K-509D9D,Manfriday Lifesciences Khewat no,Haryana,,CDSCO NSQ public table (manufacturer address),https://cdscoonline.gov.in/CDSCO/viewPublicNSQDrug,2026-09-27T07:50:40Z,REAL
MFR-MANISH-PHARMA-LAB-AEE565,Manish Pharma Lab,Gujarat,,CDSCO NSQ public table (manufacturer address),https://cdscoonline.gov.in/CDSCO/viewPublicNSQDrug,2026-09-27T07:50:40Z,REAL
MFR-MANJA-PHARMACEUTICALS-FEB7FC,Manja Pharmaceuticals Pvt. Ltd,,,CDSCO NSQ public table (manufacturer address),https://cdscoonline.gov.in/CDSCO/viewPublicNSQDrug,2026-09-27T07:50:40Z,REAL
MFR-MANKIND-PHARMA-CF0E87,Mankind Pharma Ltd,Sikkim,,CDSCO NSQ public table (manufacturer address),https://cdscoonline.gov.in/CDSCO/viewPublicNSQDrug,2026-09-27T07:50:40Z,REAL
MFR-MARC-LABORATORIES-5B1DFE,Marc Laboratories Ltd,Himachal Pradesh,,CDSCO NSQ public table (manufacturer address),https://cdscoonline.gov.in/CDSCO/viewPublicNSQDrug,2026-09-27T07:50:40Z,REAL
MFR-MARC-LIFESCIENCES-46ABC9,MARC LIFESCIENCES,Sikkim,,CDSCO NSQ public table (manufacturer address),https://cdscoonline.gov.in/CDSCO/viewPublicNSQDrug,2026-09-27T07:50:40Z,REAL
MFR-MARC-LIFESCIENCES-SIKKIM-A714C8,Marc Lifesciences Sikkim,Sikkim,,CDSCO NSQ public table (manufacturer address),https://cdscoonline.gov.in/CDSCO/viewPublicNSQDrug,2026-09-27T07:50:40Z,REAL
MFR-MARINE-MEDICARE-2F5CE5,Marine Medicare Pvt. Ltd,,,CDSCO NSQ public table (manufacturer address),https://cdscoonline.gov.in/CDSCO/viewPublicNSQDrug,2026-09-27T07:50:40Z,REAL
MFR-MARTIN-AND-BROWN-BIO-SCI-C74BA8,Martin and Brown Bio- sciences,Himachal Pradesh,,CDSCO NSQ public table (manufacturer address),https://cdscoonline.gov.in/CDSCO/viewPublicNSQDrug,2026-09-27T07:50:40Z,REAL
MFR-MARTIN-AND-BROWN-BIOSCIE-20D1FC,Martin and Brown Biosciences K.No-918/419,Himachal Pradesh,,CDSCO NSQ public table (manufacturer address),https://cdscoonline.gov.in/CDSCO/viewPublicNSQDrug,2026-09-27T07:50:40Z,REAL
MFR-MARTIN-BROWN-BIO-SCIENCE-0C589F,Martin & Brown Bio Sciences,Himachal Pradesh,,CDSCO NSQ public table (manufacturer address),https://cdscoonline.gov.in/CDSCO/viewPublicNSQDrug,2026-09-27T07:50:40Z,REAL
MFR-MARTIN-BROWN-BIO-SCIENCE-1AAED3,Martin & Brown Bio- sciences Pvt. Ltd. K.no,Himachal Pradesh,,CDSCO NSQ public table (manufacturer address),https://cdscoonline.gov.in/CDSCO/viewPublicNSQDrug,2026-09-27T07:50:40Z,REAL
MFR-MARTIN-BROWN-BIO-SCIENCE-BEAEA9,Martin & Brown Bio- Sciences Pvt Ltd. K.No-918/419,,,CDSCO NSQ public table (manufacturer address),https://cdscoonline.gov.in/CDSCO/viewPublicNSQDrug,2026-09-27T07:50:40Z,REAL
MFR-MARVELLON-PHARMACEUTICAL-C41AA7,Marvellon Pharmaceuticals Pvt. Ltd,Himachal Pradesh,,CDSCO NSQ public table (manufacturer address),https://cdscoonline.gov.in/CDSCO/viewPublicNSQDrug,2026-09-27T07:50:40Z,REAL
MFR-MARVELLON-PHARMACEUTICAL-F95568,Marvellon Pharmaceuticals Pvt. Ltd. Kh. No,Himachal Pradesh,,CDSCO NSQ public table (manufacturer address),https://cdscoonline.gov.in/CDSCO/viewPublicNSQDrug,2026-09-27T07:50:40Z,REAL
MFR-MAS-KASHMIK-FORMULATION-93C0E3,Mas Kashmik Formulation Pvt. Ltd. Pf-13,Gujarat,,CDSCO NSQ public table (manufacturer address),https://cdscoonline.gov.in/CDSCO/viewPublicNSQDrug,2026-09-27T07:50:40Z,REAL
MFR-MASCOT-HEALTH-SERIES-C5C48B,Mascot Health Series Pvt. Ltd,,,CDSCO NSQ public table (manufacturer address),https://cdscoonline.gov.in/CDSCO/viewPublicNSQDrug,2026-09-27T07:50:40Z,REAL
MFR-MASKON-LIFE-SCIENCES-B9E254,Maskon Life sciences pvt ltd,,,CDSCO NSQ public table (manufacturer address),https://cdscoonline.gov.in/CDSCO/viewPublicNSQDrug,2026-09-27T07:50:40Z,REAL
MFR-MASKON-LIFE-SCIENCES-KH-61C72D,Maskon Life Sciences Pvt. Ltd. Kh. No,,,CDSCO NSQ public table (manufacturer address),https://cdscoonline.gov.in/CDSCO/viewPublicNSQDrug,2026-09-27T07:50:40Z,REAL
MFR-MATINS-HEALTHCARE-9E4FD9,Matins Healthcare Pvt Ltd,,,CDSCO NSQ public table (manufacturer address),https://cdscoonline.gov.in/CDSCO/viewPublicNSQDrug,2026-09-27T07:50:40Z,REAL
MFR-MAXCEL-LIFE-CARE-A4CE47,Maxcel Life Care,,,CDSCO NSQ public table (manufacturer address),https://cdscoonline.gov.in/CDSCO/viewPublicNSQDrug,2026-09-27T07:50:40Z,REAL
MFR-MAXHEAL-PHARMACEUTICALS-583EB7,Maxheal Pharmaceuticals,Maharashtra,,CDSCO NSQ public table (manufacturer address),https://cdscoonline.gov.in/CDSCO/viewPublicNSQDrug,2026-09-27T07:50:40Z,REAL
MFR-MAXILLA-MEDISCIENCES-5675A8,Maxilla Medisciences Pvt. Ltd,Gujarat,,CDSCO NSQ public table (manufacturer address),https://cdscoonline.gov.in/CDSCO/viewPublicNSQDrug,2026-09-27T07:50:40Z,REAL
MFR-MAXTRA-LABORATORIES-6A6B25,Maxtra Laboratories,,,CDSCO NSQ public table (manufacturer address),https://cdscoonline.gov.in/CDSCO/viewPublicNSQDrug,2026-09-27T07:50:40Z,REAL
MFR-MAXTRA-LABORATORIESTIFIN-4CE11A,Maxtra Laboratoriestifindustrialpark,Telangana,,CDSCO NSQ public table (manufacturer address),https://cdscoonline.gov.in/CDSCO/viewPublicNSQDrug,2026-09-27T07:50:40Z,REAL
MFR-MAXWELL-LIFE-SCIENCE-F6803C,Maxwell Life Science Pvt. Ltd,,,CDSCO NSQ public table (manufacturer address),https://cdscoonline.gov.in/CDSCO/viewPublicNSQDrug,2026-09-27T07:50:40Z,REAL
MFR-MAXWELL-LIFE-SCIENCE-T-5-EB6D1B,Maxwell Life Science Pvt. Ltd. T-53 & T-81,,,CDSCO NSQ public table (manufacturer address),https://cdscoonline.gov.in/CDSCO/viewPublicNSQDrug,2026-09-27T07:50:40Z,REAL
MFR-MAXWELL-LIFESCIENCE-60AB3A,Maxwell Lifescience Pvt Ltd,,,CDSCO NSQ public table (manufacturer address),https://cdscoonline.gov.in/CDSCO/viewPublicNSQDrug,2026-09-27T07:50:40Z,REAL
MFR-MAXWELL-PHARMA-429234,Maxwell pharma,,,CDSCO NSQ public table (manufacturer address),https://cdscoonline.gov.in/CDSCO/viewPublicNSQDrug,2026-09-27T07:50:40Z,REAL
MFR-MAYASHA-LIFESCIENCES-F02A10,Mayasha Lifesciences,Himachal Pradesh,,CDSCO NSQ public table (manufacturer address),https://cdscoonline.gov.in/CDSCO/viewPublicNSQDrug,2026-09-27T07:50:40Z,REAL
MFR-MAYASHA-LIFESCIENCES-H-B-8BAC44,Mayasha Lifesciences H.B,Himachal Pradesh,,CDSCO NSQ public table (manufacturer address),https://cdscoonline.gov.in/CDSCO/viewPublicNSQDrug,2026-09-27T07:50:40Z,REAL
MFR-MAYER-LAB-17AF48,Mayer Lab,Himachal Pradesh,,CDSCO NSQ public table (manufacturer address),https://cdscoonline.gov.in/CDSCO/viewPublicNSQDrug,2026-09-27T07:50:40Z,REAL
MFR-MAYER-LAB-CHAMBAGAT-ADJE-F08DF7,Mayer Lab chambagat Adjesent to Railway crossing,Himachal Pradesh,,CDSCO NSQ public table (manufacturer address),https://cdscoonline.gov.in/CDSCO/viewPublicNSQDrug,2026-09-27T07:50:40Z,REAL
MFR-MAYER-LAB-CHAMBAGHAT-4A90CB,Mayer Lab Chambaghat,Himachal Pradesh,,CDSCO NSQ public table (manufacturer address),https://cdscoonline.gov.in/CDSCO/viewPublicNSQDrug,2026-09-27T07:50:40Z,REAL
MFR-MAYFORD-PHARMA-D3F51E,Mayford Pharma,,,CDSCO NSQ public table (manufacturer address),https://cdscoonline.gov.in/CDSCO/viewPublicNSQDrug,2026-09-27T07:50:40Z,REAL
MFR-MAYOFORD-PHARMA-808873,Mayoford Pharma,,,CDSCO NSQ public table (manufacturer address),https://cdscoonline.gov.in/CDSCO/viewPublicNSQDrug,2026-09-27T07:50:40Z,REAL
MFR-MBC-INDUSTRIES-D3FB14,MBC Industries,Himachal Pradesh,,CDSCO NSQ public table (manufacturer address),https://cdscoonline.gov.in/CDSCO/viewPublicNSQDrug,2026-09-27T07:50:40Z,REAL
MFR-MCW-HEALTHCARE-4FC8FA,McW Healthcare,,,CDSCO NSQ public table (manufacturer address),https://cdscoonline.gov.in/CDSCO/viewPublicNSQDrug,2026-09-27T07:50:40Z,REAL
MFR-MED-MANOR-ORGANICS-923EAD,Med Manor Organics Pvt Ltd,Uttarakhand,,CDSCO NSQ public table (manufacturer address),https://cdscoonline.gov.in/CDSCO/viewPublicNSQDrug,2026-09-27T07:50:40Z,REAL
MFR-MED-MANOR-ORGANICS-UINT-4CA574,Med Manor Organics Pvt.Ltd Uint II,,,CDSCO NSQ public table (manufacturer address),https://cdscoonline.gov.in/CDSCO/viewPublicNSQDrug,2026-09-27T07:50:40Z,REAL
MFR-MEDGLOBE-THERAPEUTICS-C071FF,Medglobe Therapeutics Ltd,,,CDSCO NSQ public table (manufacturer address),https://cdscoonline.gov.in/CDSCO/viewPublicNSQDrug,2026-09-27T07:50:40Z,REAL
MFR-MEDI-SMITH-PHARMA-LAB-68CD9E,Medi smith Pharma Lab,,,CDSCO NSQ public table (manufacturer address),https://cdscoonline.gov.in/CDSCO/viewPublicNSQDrug,2026-09-27T07:50:40Z,REAL
MFR-MEDIBEST-PHARMA-N-31-986755,Medibest Pharma Pvt. Ltd. N-31,,,CDSCO NSQ public table (manufacturer address),https://cdscoonline.gov.in/CDSCO/viewPublicNSQDrug,2026-09-27T07:50:40Z,REAL
MFR-MEDICAMEN-BIOTECH-8C0FB7,MEDICAMEN Biotech Ltd,Uttarakhand,,CDSCO NSQ public table (manufacturer address),https://cdscoonline.gov.in/CDSCO/viewPublicNSQDrug,2026-09-27T07:50:40Z,REAL
MFR-MEDICEF-PHARMA-90A8CB,Medicef Pharma,Himachal Pradesh,,CDSCO NSQ public table (manufacturer address),https://cdscoonline.gov.in/CDSCO/viewPublicNSQDrug,2026-09-27T07:50:40Z,REAL
MFR-MEDICO-LABS-90A9FF,Medico Labs,,,CDSCO NSQ public table (manufacturer address),https://cdscoonline.gov.in/CDSCO/viewPublicNSQDrug,2026-09-27T07:50:40Z,REAL
MFR-MEDICROSS-LABORATORIES-AE465C,Medicross Laboratories Pvt. Ltd,Himachal Pradesh,,CDSCO NSQ public table (manufacturer address),https://cdscoonline.gov.in/CDSCO/viewPublicNSQDrug,2026-09-27T07:50:40Z,REAL
MFR-MEDICURE-ENTERPRISES-4D4238,Medicure Enterprises,Andhra Pradesh,,CDSCO NSQ public table (manufacturer address),https://cdscoonline.gov.in/CDSCO/viewPublicNSQDrug,2026-09-27T07:50:40Z,REAL
MFR-MEDIFINE-PHARMA-LAB-AAA0B9,Medifine Pharma Lab,,,CDSCO NSQ public table (manufacturer address),https://cdscoonline.gov.in/CDSCO/viewPublicNSQDrug,2026-09-27T07:50:40Z,REAL
MFR-MEDIFINE-PHARMA-LAB-NO-E670DB,Medifine Pharma Lab No,,,CDSCO NSQ public table (manufacturer address),https://cdscoonline.gov.in/CDSCO/viewPublicNSQDrug,2026-09-27T07:50:40Z,REAL
MFR-MEDIGUARD-REMEDIES-600A16,Mediguard Remedies,,,CDSCO NSQ public table (manufacturer address),https://cdscoonline.gov.in/CDSCO/viewPublicNSQDrug,2026-09-27T07:50:40Z,REAL
MFR-MEDIGUARD-REMEDIES-R-S-B457D8,Mediguard Remedies R.S,,,CDSCO NSQ public table (manufacturer address),https://cdscoonline.gov.in/CDSCO/viewPublicNSQDrug,2026-09-27T07:50:40Z,REAL
MFR-MEDIMARK-DRUGS-PHARMACEU-E63C1D,Medimark Drugs & Pharmaceuticals,,,CDSCO NSQ public table (manufacturer address),https://cdscoonline.gov.in/CDSCO/viewPublicNSQDrug,2026-09-27T07:50:40Z,REAL
MFR-MEDINOK-HEALTHCARE-FE95FA,Medinok healthcare Pvt. Ltd,Puducherry,,CDSCO NSQ public table (manufacturer address),https://cdscoonline.gov.in/CDSCO/viewPublicNSQDrug,2026-09-27T07:50:40Z,REAL
MFR-MEDIOSA-PHARMACEUTICALS-2A2572,Mediosa Pharmaceuticals,,,CDSCO NSQ public table (manufacturer address),https://cdscoonline.gov.in/CDSCO/viewPublicNSQDrug,2026-09-27T07:50:40Z,REAL
MFR-MEDIPOL-PHARMACEUTICALS-7CFC9A,Medipol Pharmaceuticals India Pvt. Ltd,Himachal Pradesh,,CDSCO NSQ public table (manufacturer address),https://cdscoonline.gov.in/CDSCO/viewPublicNSQDrug,2026-09-27T07:50:40Z,REAL
MFR-MEDIRIN-PHARMACEUTICALS-412FFB,Medirin Pharmaceuticals Pvt. Ltd,,,CDSCO NSQ public table (manufacturer address),https://cdscoonline.gov.in/CDSCO/viewPublicNSQDrug,2026-09-27T07:50:40Z,REAL
MFR-MEDIROSE-DRUGS-AND-PHARM-87F248,Medirose Drugs And Pharmaceuticals,Himachal Pradesh,,CDSCO NSQ public table (manufacturer address),https://cdscoonline.gov.in/CDSCO/viewPublicNSQDrug,2026-09-27T07:50:40Z,REAL
MFR-MEDIROSE-DRUGS-PHARMACEU-478921,Medirose Drugs & Pharmaceuticals,,,CDSCO NSQ public table (manufacturer address),https://cdscoonline.gov.in/CDSCO/viewPublicNSQDrug,2026-09-27T07:50:40Z,REAL
MFR-MEDISHRI-HEALTHCARE-ED845F,Medishri Healthcare Pvt. Ltd,Uttarakhand,,CDSCO NSQ public table (manufacturer address),https://cdscoonline.gov.in/CDSCO/viewPublicNSQDrug,2026-09-27T07:50:40Z,REAL
MFR-MEDISKY-PHARMACETUICALS-B2B10F,Medisky Pharmacetuicals Pvt. Ltd,Gujarat,,CDSCO NSQ public table (manufacturer address),https://cdscoonline.gov.in/CDSCO/viewPublicNSQDrug,2026-09-27T07:50:40Z,REAL
MFR-MEDISKY-PHARMACEUTICALS-A2AA90,Medisky Pharmaceuticals Pvt.Ltd,,,CDSCO NSQ public table (manufacturer address),https://cdscoonline.gov.in/CDSCO/viewPublicNSQDrug,2026-09-27T07:50:40Z,REAL
MFR-MEDISTARK-BIOTECH-B8CC3E,Medistark Biotech Pvt. Ltd,,,CDSCO NSQ public table (manufacturer address),https://cdscoonline.gov.in/CDSCO/viewPublicNSQDrug,2026-09-27T07:50:40Z,REAL
MFR-MEDISTARK-BIOTECH-R-S-NO-A3F458,Medistark Biotech Pvt. Ltd. R.S.No,,,CDSCO NSQ public table (manufacturer address),https://cdscoonline.gov.in/CDSCO/viewPublicNSQDrug,2026-09-27T07:50:40Z,REAL
MFR-MEDISTARKBIOTECH-49DB50,Medistarkbiotech Pvt. Ltd,,,CDSCO NSQ public table (manufacturer address),https://cdscoonline.gov.in/CDSCO/viewPublicNSQDrug,2026-09-27T07:50:40Z,REAL
MFR-MEDISTREAM-BIOSCIENCE-F2973F,Medistream Bioscience,,,CDSCO NSQ public table (manufacturer address),https://cdscoonline.gov.in/CDSCO/viewPublicNSQDrug,2026-09-27T07:50:40Z,REAL
MFR-MEDIVIN-2BB2AD,Medivin,,,CDSCO NSQ public table (manufacturer address),https://cdscoonline.gov.in/CDSCO/viewPublicNSQDrug,2026-09-27T07:50:40Z,REAL
MFR-MEDIVISION-HEALTHCARE-442A07,Medivision Healthcare,,,CDSCO NSQ public table (manufacturer address),https://cdscoonline.gov.in/CDSCO/viewPublicNSQDrug,2026-09-27T07:50:40Z,REAL
MFR-MEDIVS-BIOSCIENCES-F8A351,Medivs Biosciences Pvt. Ltd,,,CDSCO NSQ public table (manufacturer address),https://cdscoonline.gov.in/CDSCO/viewPublicNSQDrug,2026-09-27T07:50:40Z,REAL
MFR-MEDIWISH-227F1F,Mediwish,,,CDSCO NSQ public table (manufacturer address),https://cdscoonline.gov.in/CDSCO/viewPublicNSQDrug,2026-09-27T07:50:40Z,REAL
MFR-MEDLEY-PHARMACEUTICALS-15C71D,Medley Pharmaceuticals Ltd,,,CDSCO NSQ public table (manufacturer address),https://cdscoonline.gov.in/CDSCO/viewPublicNSQDrug,2026-09-27T07:50:40Z,REAL
MFR-MEDLEY-PHARMACEUTICALS-L-9CED10,Medley Pharmaceuticals Ltd. Lane no,Jammu & Kashmir,,CDSCO NSQ public table (manufacturer address),https://cdscoonline.gov.in/CDSCO/viewPublicNSQDrug,2026-09-27T07:50:40Z,REAL
MFR-MEDLINE-PHARMACEUTICALS-C7B99D,Medline Pharmaceuticals Pvt Ltd,,,CDSCO NSQ public table (manufacturer address),https://cdscoonline.gov.in/CDSCO/viewPublicNSQDrug,2026-09-27T07:50:40Z,REAL
MFR-MEDREICH-30AC04,Medreich Ltd,,,CDSCO NSQ public table (manufacturer address),https://cdscoonline.gov.in/CDSCO/viewPublicNSQDrug,2026-09-27T07:50:40Z,REAL
MFR-MEDRICH-F85AD8,Medrich Ltd,,,CDSCO NSQ public table (manufacturer address),https://cdscoonline.gov.in/CDSCO/viewPublicNSQDrug,2026-09-27T07:50:40Z,REAL
MFR-MEFRO-ORGANIC-2CBB6B,Mefro Organic Ltd,Himachal Pradesh,,CDSCO NSQ public table (manufacturer address),https://cdscoonline.gov.in/CDSCO/viewPublicNSQDrug,2026-09-27T07:50:40Z,REAL
MFR-MEGASYS-BIOTEK-FE5E7D,Megasys Biotek Pvt. Ltd,Kerala,,CDSCO NSQ public table (manufacturer address),https://cdscoonline.gov.in/CDSCO/viewPublicNSQDrug,2026-09-27T07:50:40Z,REAL
MFR-MENRIK-BIOMERGE-A994A3,Menrik Biomerge Pvt. Ltd,Delhi,,CDSCO NSQ public table (manufacturer address),https://cdscoonline.gov.in/CDSCO/viewPublicNSQDrug,2026-09-27T07:50:40Z,REAL
MFR-MERCURY-LABORATORIES-C9CEBB,Mercury Laboratories Ltd,,,CDSCO NSQ public table (manufacturer address),https://cdscoonline.gov.in/CDSCO/viewPublicNSQDrug,2026-09-27T07:50:40Z,REAL
MFR-MERCURY-PHARMACEUTICALS-4258D7,Mercury Pharmaceuticals,Himachal Pradesh,,CDSCO NSQ public table (manufacturer address),https://cdscoonline.gov.in/CDSCO/viewPublicNSQDrug,2026-09-27T07:50:40Z,REAL
MFR-MERION-CARE-F2F071,Merion Care Pvt.Ltd,Himachal Pradesh,,CDSCO NSQ public table (manufacturer address),https://cdscoonline.gov.in/CDSCO/viewPublicNSQDrug,2026-09-27T07:50:40Z,REAL
MFR-MERRIL-PHARMA-FCC29B,Merril Pharma Pvt. Ltd,Gujarat,,CDSCO NSQ public table (manufacturer address),https://cdscoonline.gov.in/CDSCO/viewPublicNSQDrug,2026-09-27T07:50:40Z,REAL
MFR-MESTRA-PHARMA-8F2B4D,Mestra Pharma Pvt. Ltd,,,CDSCO NSQ public table (manufacturer address),https://cdscoonline.gov.in/CDSCO/viewPublicNSQDrug,2026-09-27T07:50:40Z,REAL
MFR-MFG-BY-AAGYA-BIOTECH-C44634,Mfg By: AAGYA BIOTECH PVT..LTD,Assam,,CDSCO NSQ public table (manufacturer address),https://cdscoonline.gov.in/CDSCO/viewPublicNSQDrug,2026-09-27T07:50:40Z,REAL
MFR-MFG-BY-ADDII-BIOTECH-7757B9,Mfg By: ADDII BIOTECH PVT.LTD,Himachal Pradesh,,CDSCO NSQ public table (manufacturer address),https://cdscoonline.gov.in/CDSCO/viewPublicNSQDrug,2026-09-27T07:50:40Z,REAL
MFR-MFG-BY-ADROIT-PHARMACEUT-784A70,Mfg By: Adroit Pharmaceuticals Pvt.Ltd,Maharashtra,,CDSCO NSQ public table (manufacturer address),https://cdscoonline.gov.in/CDSCO/viewPublicNSQDrug,2026-09-27T07:50:40Z,REAL
MFR-MFG-BY-ALENCURE-BITECH-F91953,Mfg By: Alencure Bitech Pvt.Ltd,Haryana,,CDSCO NSQ public table (manufacturer address),https://cdscoonline.gov.in/CDSCO/viewPublicNSQDrug,2026-09-27T07:50:40Z,REAL
MFR-MFG-BY-AMBROSIA-PHARMA-2D2B95,Mfg By: Ambrosia Pharma,,,CDSCO NSQ public table (manufacturer address),https://cdscoonline.gov.in/CDSCO/viewPublicNSQDrug,2026-09-27T07:50:40Z,REAL
MFR-MFG-BY-BRIT-LIFE-SCIENCE-F3676F,Mfg By: Brit Life science Sainwala,Himachal Pradesh,,CDSCO NSQ public table (manufacturer address),https://cdscoonline.gov.in/CDSCO/viewPublicNSQDrug,2026-09-27T07:50:40Z,REAL
MFR-MFG-BY-CONCEPT-PHARMACEU-42DA7E,Mfg By: Concept Pharmaceuticals Ltd,Uttarakhand,,CDSCO NSQ public table (manufacturer address),https://cdscoonline.gov.in/CDSCO/viewPublicNSQDrug,2026-09-27T07:50:40Z,REAL
MFR-MFG-BY-FIRSTMED-THERAPEU-FD5B99,Mfg By: Firstmed Therapeutics Pvt.Ltd,,,CDSCO NSQ public table (manufacturer address),https://cdscoonline.gov.in/CDSCO/viewPublicNSQDrug,2026-09-27T07:50:40Z,REAL
MFR-MFG-BY-GEENAC-PHARMA-D3FC31,Mfg By: Geenac Pharma,Uttarakhand,,CDSCO NSQ public table (manufacturer address),https://cdscoonline.gov.in/CDSCO/viewPublicNSQDrug,2026-09-27T07:50:40Z,REAL
MFR-MFG-BY-KARNANI-PHARMACEU-98AFE5,Mfg By: Karnani Pharmaceuticals Pvt.Ltd,Uttarakhand,,CDSCO NSQ public table (manufacturer address),https://cdscoonline.gov.in/CDSCO/viewPublicNSQDrug,2026-09-27T07:50:40Z,REAL
MFR-MFG-BY-KARUPPHARMA-488742,Mfg By: Karuppharma Pvt.Ltd,Telangana,,CDSCO NSQ public table (manufacturer address),https://cdscoonline.gov.in/CDSCO/viewPublicNSQDrug,2026-09-27T07:50:40Z,REAL
MFR-MFG-BY-M-S-AAROHEE-HEALT-61C22F,Mfg By: M/s. Aarohee healthcare Private Ltd,,,CDSCO NSQ public table (manufacturer address),https://cdscoonline.gov.in/CDSCO/viewPublicNSQDrug,2026-09-27T07:50:40Z,REAL
MFR-MFG-BY-M-S-EXOTIC-HEALTH-4697F8,Mfg By: M/s. Exotic Healthcare,Punjab,,CDSCO NSQ public table (manufacturer address),https://cdscoonline.gov.in/CDSCO/viewPublicNSQDrug,2026-09-27T07:50:40Z,REAL
MFR-MFG-BY-M-S-SAMKEM-528ABE,Mfg By: M/s. Samkem,Madhya Pradesh,,CDSCO NSQ public table (manufacturer address),https://cdscoonline.gov.in/CDSCO/viewPublicNSQDrug,2026-09-27T07:50:40Z,REAL
MFR-MFG-BY-M-S-SUPREX-LABORA-3036D9,Mfg By: M/s. Suprex Laboratories,Madhya Pradesh,,CDSCO NSQ public table (manufacturer address),https://cdscoonline.gov.in/CDSCO/viewPublicNSQDrug,2026-09-27T07:50:40Z,REAL
MFR-MFG-BY-M-S-SWEFN-PHARMAC-93CDA7,Mfg By: M/s. Swefn Pharmaceuticals Pvt.Ltd,Gujarat,,CDSCO NSQ public table (manufacturer address),https://cdscoonline.gov.in/CDSCO/viewPublicNSQDrug,2026-09-27T07:50:40Z,REAL
MFR-MFG-BY-M-S-SYNDICATE-PHA-2C45E5,Mfg. by- M/s Syndicate Pharma,Madhya Pradesh,,CDSCO NSQ public table (manufacturer address),https://cdscoonline.gov.in/CDSCO/viewPublicNSQDrug,2026-09-27T07:50:40Z,REAL
MFR-MFG-BY-MAHYS-PHARMACEUTI-31517C,Mfg By: Mahys Pharmaceuticals,Andhra Pradesh,,CDSCO NSQ public table (manufacturer address),https://cdscoonline.gov.in/CDSCO/viewPublicNSQDrug,2026-09-27T07:50:40Z,REAL
MFR-MFG-BY-MASCOT-HEALTHSERI-8DF2CD,Mfg By: Mascot Healthseries Pvt.Ltd,Telangana,,CDSCO NSQ public table (manufacturer address),https://cdscoonline.gov.in/CDSCO/viewPublicNSQDrug,2026-09-27T07:50:40Z,REAL
MFR-MFG-BY-OCEAN-ORGANICS-P-B0774B,Mfg By: Ocean Organics Pvt Ltd P.O Khanna Nagar Amritsar -143001,,,CDSCO NSQ public table (manufacturer address),https://cdscoonline.gov.in/CDSCO/viewPublicNSQDrug,2026-09-27T07:50:40Z,REAL
MFR-MFG-BY-REVAT-LABORATORIE-D1A325,Mfg By: Revat Laboratories Pvt.Ltd,Andhra Pradesh,,CDSCO NSQ public table (manufacturer address),https://cdscoonline.gov.in/CDSCO/viewPublicNSQDrug,2026-09-27T07:50:40Z,REAL
MFR-MFG-BY-SAI-PARENTERALS-D-3046B2,Mfg By: Sai parenterals limited D1&D4,Telangana,,CDSCO NSQ public table (manufacturer address),https://cdscoonline.gov.in/CDSCO/viewPublicNSQDrug,2026-09-27T07:50:40Z,REAL
MFR-MFG-BY-SAI-SARVAA-BIOTEC-C576AA,Mfg By: Sai Sarvaa Biotech Pvt.Ltd,Tamil Nadu,,CDSCO NSQ public table (manufacturer address),https://cdscoonline.gov.in/CDSCO/viewPublicNSQDrug,2026-09-27T07:50:40Z,REAL
MFR-MFG-BY-SAMKEM-E0B3A7,Mfg By: Samkem,Madhya Pradesh,,CDSCO NSQ public table (manufacturer address),https://cdscoonline.gov.in/CDSCO/viewPublicNSQDrug,2026-09-27T07:50:40Z,REAL
MFR-MFG-BY-SPANSULES-FORMULA-F9F336,Mfg By: Spansules formulations India Pvt.Ltd,Telangana,,CDSCO NSQ public table (manufacturer address),https://cdscoonline.gov.in/CDSCO/viewPublicNSQDrug,2026-09-27T07:50:40Z,REAL
MFR-MFG-BY-VRINDAVAN-GLOBAL-6BB655,Mfg By: Vrindavan Global,Himachal Pradesh,,CDSCO NSQ public table (manufacturer address),https://cdscoonline.gov.in/CDSCO/viewPublicNSQDrug,2026-09-27T07:50:40Z,REAL
MFR-MFG-BY-ZANEKA-HEALTH-CAR-B9F55F,Mfg By: Zaneka health care Ltd,Uttarakhand,,CDSCO NSQ public table (manufacturer address),https://cdscoonline.gov.in/CDSCO/viewPublicNSQDrug,2026-09-27T07:50:40Z,REAL
MFR-MFG-BY-ZENEX-ANIMAL-HEAL-FC309B,Mfg By: Zenex Animal Health India Pvt.Ltd,Gujarat,,CDSCO NSQ public table (manufacturer address),https://cdscoonline.gov.in/CDSCO/viewPublicNSQDrug,2026-09-27T07:50:40Z,REAL
MFR-MFT-BY-NOT-MENTIONED-MKD-D75A03,Mft. by Not Mentioned Mkd. By M/s Safe Care Life Sciences,Delhi,,CDSCO NSQ public table (manufacturer address),https://cdscoonline.gov.in/CDSCO/viewPublicNSQDrug,2026-09-27T07:50:40Z,REAL
MFR-MG-BIOTECH-DE71D8,MG - Biotech Pvt. Ltd,Himachal Pradesh,,CDSCO NSQ public table (manufacturer address),https://cdscoonline.gov.in/CDSCO/viewPublicNSQDrug,2026-09-27T07:50:40Z,REAL
MFR-MICRO-FORMULATION-E2B9B7,Micro Formulation,Himachal Pradesh,,CDSCO NSQ public table (manufacturer address),https://cdscoonline.gov.in/CDSCO/viewPublicNSQDrug,2026-09-27T07:50:40Z,REAL
MFR-MICRO-FORMULATIONS-9475A1,Micro Formulations,Himachal Pradesh,,CDSCO NSQ public table (manufacturer address),https://cdscoonline.gov.in/CDSCO/viewPublicNSQDrug,2026-09-27T07:50:40Z,REAL
MFR-MICRO-LABS-A6E943,Micro labs Limited,Sikkim,,CDSCO NSQ public table (manufacturer address),https://cdscoonline.gov.in/CDSCO/viewPublicNSQDrug,2026-09-27T07:50:40Z,REAL
MFR-MICRO-ORGANICS-PHARMACEU-F02A7D,Micro Organics Pharmaceuticals,Himachal Pradesh,,CDSCO NSQ public table (manufacturer address),https://cdscoonline.gov.in/CDSCO/viewPublicNSQDrug,2026-09-27T07:50:40Z,REAL
MFR-MICRON-PHARMACEUTICALS-3CC9EA,Micron Pharmaceuticals,,,CDSCO NSQ public table (manufacturer address),https://cdscoonline.gov.in/CDSCO/viewPublicNSQDrug,2026-09-27T07:50:40Z,REAL
MFR-MICROPURE-PARENTERAL-93C0EF,Micropure Parenteral Private Limited,Maharashtra,,CDSCO NSQ public table (manufacturer address),https://cdscoonline.gov.in/CDSCO/viewPublicNSQDrug,2026-09-27T07:50:40Z,REAL
MFR-MICROWIN-LABS-894F97,Microwin Labs Pvt Ltd,Punjab,,CDSCO NSQ public table (manufacturer address),https://cdscoonline.gov.in/CDSCO/viewPublicNSQDrug,2026-09-27T07:50:40Z,REAL
MFR-MIDDLE-MIST-PHARMACEUTIC-CC9526,Middle Mist Pharmaceuticals Pvt,,,CDSCO NSQ public table (manufacturer address),https://cdscoonline.gov.in/CDSCO/viewPublicNSQDrug,2026-09-27T07:50:40Z,REAL
MFR-MINIL-LABORATORIES-3C0778,Minil Laboratories Pvt. Ltd,Jammu & Kashmir,,CDSCO NSQ public table (manufacturer address),https://cdscoonline.gov.in/CDSCO/viewPublicNSQDrug,2026-09-27T07:50:40Z,REAL
MFR-MIRAMBIKA-PIGMENT-8958A0,Mirambika Pigment,,,CDSCO NSQ public table (manufacturer address),https://cdscoonline.gov.in/CDSCO/viewPublicNSQDrug,2026-09-27T07:50:40Z,REAL
MFR-MITTAL-CHEMICAL-INDUSTRI-2878A4,Mittal Chemical Industries,,,CDSCO NSQ public table (manufacturer address),https://cdscoonline.gov.in/CDSCO/viewPublicNSQDrug,2026-09-27T07:50:40Z,REAL
MFR-MK-HEALTHCARE-E22CDE,MK Healthcare,,,CDSCO NSQ public table (manufacturer address),https://cdscoonline.gov.in/CDSCO/viewPublicNSQDrug,2026-09-27T07:50:40Z,REAL
MFR-MKA-REMEDIES-A3EECC,MKA Remedies Pvt. Ltd,,,CDSCO NSQ public table (manufacturer address),https://cdscoonline.gov.in/CDSCO/viewPublicNSQDrug,2026-09-27T07:50:40Z,REAL
MFR-MLARRX-PHARMACEUTICALS-N-75E979,MLARRX Pharmaceuticals No,,,CDSCO NSQ public table (manufacturer address),https://cdscoonline.gov.in/CDSCO/viewPublicNSQDrug,2026-09-27T07:50:40Z,REAL
MFR-MLS-ABAN-PHARMACEUTICALS-F887E6,Mls.Aban Pharmaceuticals,Kerala,,CDSCO NSQ public table (manufacturer address),https://cdscoonline.gov.in/CDSCO/viewPublicNSQDrug,2026-09-27T07:50:40Z,REAL
MFR-MLS-SWEFN-PHARMACEUTICAL-364194,Mls.Swefn Pharmaceuticals Pvt.Ltd,,,CDSCO NSQ public table (manufacturer address),https://cdscoonline.gov.in/CDSCO/viewPublicNSQDrug,2026-09-27T07:50:40Z,REAL
MFR-MMC-COSMETICS-201FFD,MMC Cosmetics Pvt Ltd,,,CDSCO NSQ public table (manufacturer address),https://cdscoonline.gov.in/CDSCO/viewPublicNSQDrug,2026-09-27T07:50:40Z,REAL
MFR-MMC-HEALTHCARE-368E62,MMC Healthcare Ltd,,,CDSCO NSQ public table (manufacturer address),https://cdscoonline.gov.in/CDSCO/viewPublicNSQDrug,2026-09-27T07:50:40Z,REAL
MFR-MMG-HEALTHCARE-708806,MMG Healthcare,Himachal Pradesh,,CDSCO NSQ public table (manufacturer address),https://cdscoonline.gov.in/CDSCO/viewPublicNSQDrug,2026-09-27T07:50:40Z,REAL
MFR-MNG-HEALTHCARE-TRILOKPUR-1D2DF9,MNG Healthcare Trilokpur Road,Himachal Pradesh,,CDSCO NSQ public table (manufacturer address),https://cdscoonline.gov.in/CDSCO/viewPublicNSQDrug,2026-09-27T07:50:40Z,REAL
MFR-MODERN-LABORATORIES-8666F1,Modern Laboratories,,,CDSCO NSQ public table (manufacturer address),https://cdscoonline.gov.in/CDSCO/viewPublicNSQDrug,2026-09-27T07:50:40Z,REAL
MFR-MODI-ANTIBIOTIC-77A7A8,Modi Antibiotic,Gujarat,,CDSCO NSQ public table (manufacturer address),https://cdscoonline.gov.in/CDSCO/viewPublicNSQDrug,2026-09-27T07:50:40Z,REAL
MFR-MODI-ANTIBIOTICS-9F45FD,Modi Antibiotics,Gujarat,,CDSCO NSQ public table (manufacturer address),https://cdscoonline.gov.in/CDSCO/viewPublicNSQDrug,2026-09-27T07:50:40Z,REAL
MFR-MOHAN-PHARMA-B-5-2-06A58F,Mohan Pharma B-5/2,Telangana,,CDSCO NSQ public table (manufacturer address),https://cdscoonline.gov.in/CDSCO/viewPublicNSQDrug,2026-09-27T07:50:40Z,REAL
MFR-MOHINI-HEALTH-HYGIENE-251E05,Mohini Health & Hygiene Ltd,,,CDSCO NSQ public table (manufacturer address),https://cdscoonline.gov.in/CDSCO/viewPublicNSQDrug,2026-09-27T07:50:40Z,REAL
MFR-MONATT-BIOTECH-E-31-4031C8,Monatt Biotech E-31,,,CDSCO NSQ public table (manufacturer address),https://cdscoonline.gov.in/CDSCO/viewPublicNSQDrug,2026-09-27T07:50:40Z,REAL
MFR-MONIQUE-PHARMACEUTICAL-S-DC3AAF,MONIQUE PHARMACEUTICAL S PVT. LTD,Haryana,,CDSCO NSQ public table (manufacturer address),https://cdscoonline.gov.in/CDSCO/viewPublicNSQDrug,2026-09-27T07:50:40Z,REAL
MFR-MONIQUE-PHARMACEUTICALS-E37059,MONIQUE PHARMACEUTICALS PVT. LTD.PLOT NO,Haryana,,CDSCO NSQ public table (manufacturer address),https://cdscoonline.gov.in/CDSCO/viewPublicNSQDrug,2026-09-27T07:50:40Z,REAL
MFR-MOON-MARKS-PHARMACEUTICA-903DD2,Moon Marks Pharmaceuticals,Himachal Pradesh,,CDSCO NSQ public table (manufacturer address),https://cdscoonline.gov.in/CDSCO/viewPublicNSQDrug,2026-09-27T07:50:40Z,REAL
MFR-MOREPEN-LABORATORIES-13A8B2,Morepen Laboratories Ltd,,,CDSCO NSQ public table (manufacturer address),https://cdscoonline.gov.in/CDSCO/viewPublicNSQDrug,2026-09-27T07:50:40Z,REAL
MFR-MORRISONS-LIFECARE-13DCBA,Morrisons Lifecare Pvt Ltd,,,CDSCO NSQ public table (manufacturer address),https://cdscoonline.gov.in/CDSCO/viewPublicNSQDrug,2026-09-27T07:50:40Z,REAL
MFR-MORVIN-HEALTH-CARE-18E0B6,Morvin India Health Care Pvt. Ltd,,,CDSCO NSQ public table (manufacturer address),https://cdscoonline.gov.in/CDSCO/viewPublicNSQDrug,2026-09-27T07:50:40Z,REAL
MFR-MOTHERS-CARE-PHARMA-LABS-2F7448,Mothers Care Pharma Labs Pvt.Ltd,Odisha,,CDSCO NSQ public table (manufacturer address),https://cdscoonline.gov.in/CDSCO/viewPublicNSQDrug,2026-09-27T07:50:40Z,REAL
MFR-MULTICURE-PHARMA-162A9B,Multicure Pharma Private Limited,,,CDSCO NSQ public table (manufacturer address),https://cdscoonline.gov.in/CDSCO/viewPublicNSQDrug,2026-09-27T07:50:40Z,REAL
MFR-N-RANGARAO-SONS-808B15,N. Rangarao & Sons Pvt.Ltd,,,CDSCO NSQ public table (manufacturer address),https://cdscoonline.gov.in/CDSCO/viewPublicNSQDrug,2026-09-27T07:50:40Z,REAL
MFR-NABROS-PHARMA-0EADED,Nabros Pharma Pvt. Ltd,,,CDSCO NSQ public table (manufacturer address),https://cdscoonline.gov.in/CDSCO/viewPublicNSQDrug,2026-09-27T07:50:40Z,REAL
MFR-NANDANI-MEDICAL-LABORATO-595B8E,Nandani Medical Laboratories Pvt. Ltd,,,CDSCO NSQ public table (manufacturer address),https://cdscoonline.gov.in/CDSCO/viewPublicNSQDrug,2026-09-27T07:50:40Z,REAL
MFR-NANOCEUT-THERAPEUTICS-AD3215,Nanoceut Therapeutics Pvt. Ltd,Puducherry,,CDSCO NSQ public table (manufacturer address),https://cdscoonline.gov.in/CDSCO/viewPublicNSQDrug,2026-09-27T07:50:40Z,REAL
MFR-NANZ-MED-SCIENCE-PHARMA-6D1EE8,Nanz med Science Pharma Pvt Ltd,,,CDSCO NSQ public table (manufacturer address),https://cdscoonline.gov.in/CDSCO/viewPublicNSQDrug,2026-09-27T07:50:40Z,REAL
MFR-NATHAN-PHARMA-A15986,Nathan Pharma Pvt. Ltd,Himachal Pradesh,,CDSCO NSQ public table (manufacturer address),https://cdscoonline.gov.in/CDSCO/viewPublicNSQDrug,2026-09-27T07:50:40Z,REAL
MFR-NATINAL-LABORATORIES-D3BF9C,Natinal Laboratories,Himachal Pradesh,,CDSCO NSQ public table (manufacturer address),https://cdscoonline.gov.in/CDSCO/viewPublicNSQDrug,2026-09-27T07:50:40Z,REAL
MFR-NATIONAL-LABORATORIES-40B229,National Laboratories,,,CDSCO NSQ public table (manufacturer address),https://cdscoonline.gov.in/CDSCO/viewPublicNSQDrug,2026-09-27T07:50:40Z,REAL
MFR-NATIONAL-PHARMACETUTICAL-7D569D,National Pharmacetutical G-18/1,,,CDSCO NSQ public table (manufacturer address),https://cdscoonline.gov.in/CDSCO/viewPublicNSQDrug,2026-09-27T07:50:40Z,REAL
MFR-NAVKAR-LIFESCIENCES-62A67D,Navkar Lifesciences,,,CDSCO NSQ public table (manufacturer address),https://cdscoonline.gov.in/CDSCO/viewPublicNSQDrug,2026-09-27T07:50:40Z,REAL
MFR-NAVKAR-LIFESCIENSES-585651,Navkar Lifescienses,,,CDSCO NSQ public table (manufacturer address),https://cdscoonline.gov.in/CDSCO/viewPublicNSQDrug,2026-09-27T07:50:40Z,REAL
MFR-NAXPAR-PHARMA-4F2BEB,Naxpar Pharma Pvt. Ltd,Himachal Pradesh,,CDSCO NSQ public table (manufacturer address),https://cdscoonline.gov.in/CDSCO/viewPublicNSQDrug,2026-09-27T07:50:40Z,REAL
MFR-NDB-HEALTHCARE-85A092,NDB Healthcare,,,CDSCO NSQ public table (manufacturer address),https://cdscoonline.gov.in/CDSCO/viewPublicNSQDrug,2026-09-27T07:50:40Z,REAL
MFR-NEAR-RAILWAY-CROSSING-94DD19,Near Railway Crossing,,,CDSCO NSQ public table (manufacturer address),https://cdscoonline.gov.in/CDSCO/viewPublicNSQDrug,2026-09-27T07:50:40Z,REAL
MFR-NECTOR-LIFESCIENCES-84CDCC,Nector Lifesciences Limited,Himachal Pradesh,,CDSCO NSQ public table (manufacturer address),https://cdscoonline.gov.in/CDSCO/viewPublicNSQDrug,2026-09-27T07:50:40Z,REAL
MFR-NEON-LABORATORIES-9CC920,Neon Laboratories Ltd,,,CDSCO NSQ public table (manufacturer address),https://cdscoonline.gov.in/CDSCO/viewPublicNSQDrug,2026-09-27T07:50:40Z,REAL
MFR-NEON-LABORATORIES-AT-37E36F,Neon Laboratories Ltd.at,,,CDSCO NSQ public table (manufacturer address),https://cdscoonline.gov.in/CDSCO/viewPublicNSQDrug,2026-09-27T07:50:40Z,REAL
MFR-NEPTUNE-LIFE-SCIENCE-9F5BE6,Neptune Life Science Pvt Ltd,,,CDSCO NSQ public table (manufacturer address),https://cdscoonline.gov.in/CDSCO/viewPublicNSQDrug,2026-09-27T07:50:40Z,REAL
MFR-NEPTUNE-LIFE-SCIENCES-795C7C,Neptune Life Sciences Pvt Ltd,,,CDSCO NSQ public table (manufacturer address),https://cdscoonline.gov.in/CDSCO/viewPublicNSQDrug,2026-09-27T07:50:40Z,REAL
MFR-NEST-HEALTHCARE-60DEBC,Nest Healthcare Pvt.Ltd,,,CDSCO NSQ public table (manufacturer address),https://cdscoonline.gov.in/CDSCO/viewPublicNSQDrug,2026-09-27T07:50:40Z,REAL
MFR-NESTOR-PHARMACEUTICALS-146D4B,NESTOR PHARMACEUTICALS LIMITED,,,CDSCO NSQ public table (manufacturer address),https://cdscoonline.gov.in/CDSCO/viewPublicNSQDrug,2026-09-27T07:50:40Z,REAL
MFR-NEUBIN-LIFE-SCIENCES-6CF1E3,Neubin Life Sciences Pvt. Ltd,,,CDSCO NSQ public table (manufacturer address),https://cdscoonline.gov.in/CDSCO/viewPublicNSQDrug,2026-09-27T07:50:40Z,REAL
MFR-NEUCLEUS-SCIENTIFIC-BF96B8,Neucleus Scientific,Assam,,CDSCO NSQ public table (manufacturer address),https://cdscoonline.gov.in/CDSCO/viewPublicNSQDrug,2026-09-27T07:50:40Z,REAL
MFR-NEUTECH-HEALTHCARE-E-698-14F580,Neutech Healthcare private ltd. E-698,Delhi,,CDSCO NSQ public table (manufacturer address),https://cdscoonline.gov.in/CDSCO/viewPublicNSQDrug,2026-09-27T07:50:40Z,REAL
MFR-NEW-GAYZEL-PHARMACEUTICA-8F7709,New Gayzel Pharmaceuticals,Delhi,,CDSCO NSQ public table (manufacturer address),https://cdscoonline.gov.in/CDSCO/viewPublicNSQDrug,2026-09-27T07:50:40Z,REAL
MFR-NEW-LAB-INDUSTRY-F9CE3C,New Lab Industry,,,CDSCO NSQ public table (manufacturer address),https://cdscoonline.gov.in/CDSCO/viewPublicNSQDrug,2026-09-27T07:50:40Z,REAL
MFR-NEW-LAB-INDUSTRY-RAM-NAG-B55B71,New Lab Industry Ram Nagar Rd,Bihar,,CDSCO NSQ public table (manufacturer address),https://cdscoonline.gov.in/CDSCO/viewPublicNSQDrug,2026-09-27T07:50:40Z,REAL
MFR-NEXKEM-BIOTECH-DCDA67,Nexkem Biotech Pvt.Ltd,Himachal Pradesh,,CDSCO NSQ public table (manufacturer address),https://cdscoonline.gov.in/CDSCO/viewPublicNSQDrug,2026-09-27T07:50:40Z,REAL
MFR-NEXKEM-PHARMACEUTICALS-F7EB68,Nexkem Pharmaceuticals Pvt. Ltd,Himachal Pradesh,,CDSCO NSQ public table (manufacturer address),https://cdscoonline.gov.in/CDSCO/viewPublicNSQDrug,2026-09-27T07:50:40Z,REAL
MFR-NEXKEM-PHARMACEUTICALS-I-5E1EA8,Nexkem Pharmaceuticals Pvt Ltd. IP-47,,,CDSCO NSQ public table (manufacturer address),https://cdscoonline.gov.in/CDSCO/viewPublicNSQDrug,2026-09-27T07:50:40Z,REAL
MFR-NH-HEALTHCARE-833D27,NH Healthcare,Telangana,,CDSCO NSQ public table (manufacturer address),https://cdscoonline.gov.in/CDSCO/viewPublicNSQDrug,2026-09-27T07:50:40Z,REAL
MFR-NICHEPHARM-LIFESCIENCES-1A7D45,Nichepharm Lifesciences Private Limited,Uttarakhand,,CDSCO NSQ public table (manufacturer address),https://cdscoonline.gov.in/CDSCO/viewPublicNSQDrug,2026-09-27T07:50:40Z,REAL
MFR-NIHAL-HEALTHCARE-8F4ADD,Nihal Healthcare,,,CDSCO NSQ public table (manufacturer address),https://cdscoonline.gov.in/CDSCO/viewPublicNSQDrug,2026-09-27T07:50:40Z,REAL
MFR-NIKVIN-HEALTHCARE-94735F,Nikvin Healthcare,Himachal Pradesh,,CDSCO NSQ public table (manufacturer address),https://cdscoonline.gov.in/CDSCO/viewPublicNSQDrug,2026-09-27T07:50:40Z,REAL
MFR-NIL-BB71AD,NIL,,,CDSCO NSQ public table (manufacturer address),https://cdscoonline.gov.in/CDSCO/viewPublicNSQDrug,2026-09-27T07:50:40Z,REAL
MFR-NITIN-LIFE-SCIENCES-RAMP-B56129,Nitin Life Sciences Ltd. Rampur Road,Himachal Pradesh,,CDSCO NSQ public table (manufacturer address),https://cdscoonline.gov.in/CDSCO/viewPublicNSQDrug,2026-09-27T07:50:40Z,REAL
MFR-NITIN-LIFESCIENCES-0339B7,Nitin Lifesciences Ltd,Haryana,,CDSCO NSQ public table (manufacturer address),https://cdscoonline.gov.in/CDSCO/viewPublicNSQDrug,2026-09-27T07:50:40Z,REAL
MFR-NIXI-LABORATORIES-0CA86E,Nixi Laboratories Pvt.Ltd,Himachal Pradesh,,CDSCO NSQ public table (manufacturer address),https://cdscoonline.gov.in/CDSCO/viewPublicNSQDrug,2026-09-27T07:50:40Z,REAL
MFR-NOT-APPLICABLE-7E52B5,Not applicable,,,CDSCO NSQ public table (manufacturer address),https://cdscoonline.gov.in/CDSCO/viewPublicNSQDrug,2026-09-27T07:50:40Z,REAL
MFR-NOT-MENTIONED-F0693C,Not Mentioned,,,CDSCO NSQ public table (manufacturer address),https://cdscoonline.gov.in/CDSCO/viewPublicNSQDrug,2026-09-27T07:50:40Z,REAL
MFR-NOVAZING-PHARMA-09003F,Novazing Pharma Pvt. Ltd,,,CDSCO NSQ public table (manufacturer address),https://cdscoonline.gov.in/CDSCO/viewPublicNSQDrug,2026-09-27T07:50:40Z,REAL
MFR-NOVECTOR-LABS-0BB739,Novector Labs,,,CDSCO NSQ public table (manufacturer address),https://cdscoonline.gov.in/CDSCO/viewPublicNSQDrug,2026-09-27T07:50:40Z,REAL
MFR-NTK-PHARMAA-B467E2,NTK PHARMAA,,,CDSCO NSQ public table (manufacturer address),https://cdscoonline.gov.in/CDSCO/viewPublicNSQDrug,2026-09-27T07:50:40Z,REAL
MFR-NUBENO-HEALTHCARE-EB6659,NUBENO HEALTHCARE PRIVATE LIMITED,,,CDSCO NSQ public table (manufacturer address),https://cdscoonline.gov.in/CDSCO/viewPublicNSQDrug,2026-09-27T07:50:40Z,REAL
MFR-NUGEN-HEALTHCARE-A05CBA,NuGen Healthcare,,,CDSCO NSQ public table (manufacturer address),https://cdscoonline.gov.in/CDSCO/viewPublicNSQDrug,2026-09-27T07:50:40Z,REAL
MFR-NUTRA-LIFE-HEALTHCARE-686A58,Nutra Life Healthcare Pvt. Ltd,Uttarakhand,,CDSCO NSQ public table (manufacturer address),https://cdscoonline.gov.in/CDSCO/viewPublicNSQDrug,2026-09-27T07:50:40Z,REAL
MFR-NUVISTA-PHARMACEUTICALS-873749,Nuvista Pharmaceuticals Pvt. Ltd,Telangana,,CDSCO NSQ public table (manufacturer address),https://cdscoonline.gov.in/CDSCO/viewPublicNSQDrug,2026-09-27T07:50:40Z,REAL
MFR-NUVO-MEDSURG-AD60B2,Nuvo Medsurg Pvt. Ltd,Haryana,,CDSCO NSQ public table (manufacturer address),https://cdscoonline.gov.in/CDSCO/viewPublicNSQDrug,2026-09-27T07:50:40Z,REAL
MFR-OAKSUN-LIFESCIENCES-8575E8,Oaksun Lifesciences,,,CDSCO NSQ public table (manufacturer address),https://cdscoonline.gov.in/CDSCO/viewPublicNSQDrug,2026-09-27T07:50:40Z,REAL
MFR-OKVIK-PHARMA-E7AD95,Okvik Pharma Pvt. Ltd,Haryana,,CDSCO NSQ public table (manufacturer address),https://cdscoonline.gov.in/CDSCO/viewPublicNSQDrug,2026-09-27T07:50:40Z,REAL
MFR-OLCARE-LABORATORIES-9A823B,Olcare Laboratories,,,CDSCO NSQ public table (manufacturer address),https://cdscoonline.gov.in/CDSCO/viewPublicNSQDrug,2026-09-27T07:50:40Z,REAL
MFR-OLIVE-HEALTHCARE-421F3B,Olive Healthcare,,,CDSCO NSQ public table (manufacturer address),https://cdscoonline.gov.in/CDSCO/viewPublicNSQDrug,2026-09-27T07:50:40Z,REAL
MFR-OM-BIOMEDIC-E6058E,Om Biomedic Pvt.Ltd,,,CDSCO NSQ public table (manufacturer address),https://cdscoonline.gov.in/CDSCO/viewPublicNSQDrug,2026-09-27T07:50:40Z,REAL
MFR-OM-BIOMETIC-46D7F9,Om Biometic Pvt.Ltd,,,CDSCO NSQ public table (manufacturer address),https://cdscoonline.gov.in/CDSCO/viewPublicNSQDrug,2026-09-27T07:50:40Z,REAL
MFR-OM-SAI-PHARMA-PACK-CA9FC8,Om Sai Pharma Pack,Uttarakhand,,CDSCO NSQ public table (manufacturer address),https://cdscoonline.gov.in/CDSCO/viewPublicNSQDrug,2026-09-27T07:50:40Z,REAL
MFR-OMEGA-PHARMA-99A771,OMEGA PHARMA,Uttarakhand,,CDSCO NSQ public table (manufacturer address),https://cdscoonline.gov.in/CDSCO/viewPublicNSQDrug,2026-09-27T07:50:40Z,REAL
MFR-OMISH-LABORATORIES-E250FE,Omish Laboratories Pvt. Ltd,Gujarat,,CDSCO NSQ public table (manufacturer address),https://cdscoonline.gov.in/CDSCO/viewPublicNSQDrug,2026-09-27T07:50:40Z,REAL
MFR-OMNISON-PHARMA-G-456-9DA7FC,Omnison Pharma Pvt. Ltd. G-456,Uttar Pradesh,,CDSCO NSQ public table (manufacturer address),https://cdscoonline.gov.in/CDSCO/viewPublicNSQDrug,2026-09-27T07:50:40Z,REAL
MFR-ONEX-PHARMACEUTICALS-C59243,Onex Pharmaceuticals,,,CDSCO NSQ public table (manufacturer address),https://cdscoonline.gov.in/CDSCO/viewPublicNSQDrug,2026-09-27T07:50:40Z,REAL
MFR-ONXY-BIOTEC-B9188C,Onxy Biotec Ltd,,,CDSCO NSQ public table (manufacturer address),https://cdscoonline.gov.in/CDSCO/viewPublicNSQDrug,2026-09-27T07:50:40Z,REAL
MFR-ORBIT-LIFESCIENCE-7244DF,Orbit Lifescience Pvt. Ltd,,,CDSCO NSQ public table (manufacturer address),https://cdscoonline.gov.in/CDSCO/viewPublicNSQDrug,2026-09-27T07:50:40Z,REAL
MFR-ORCHID-BIO-TECH-28A801,Orchid Bio-Tech Ltd,Delhi,,CDSCO NSQ public table (manufacturer address),https://cdscoonline.gov.in/CDSCO/viewPublicNSQDrug,2026-09-27T07:50:40Z,REAL
MFR-ORCHID-MEDILIFE-5F18D4,Orchid Medilife Pvt. Ltd,Himachal Pradesh,,CDSCO NSQ public table (manufacturer address),https://cdscoonline.gov.in/CDSCO/viewPublicNSQDrug,2026-09-27T07:50:40Z,REAL
MFR-ORCHID-MEDLIFE-32F2CE,Orchid Medlife Pvt. Ltd,,,CDSCO NSQ public table (manufacturer address),https://cdscoonline.gov.in/CDSCO/viewPublicNSQDrug,2026-09-27T07:50:40Z,REAL
MFR-ORGELLO-HERBAL-CARE-5D7BC2,Orgello Herbal Care,,,CDSCO NSQ public table (manufacturer address),https://cdscoonline.gov.in/CDSCO/viewPublicNSQDrug,2026-09-27T07:50:40Z,REAL
MFR-ORISON-INTERNATIONAL-BA387E,Orison International,Himachal Pradesh,,CDSCO NSQ public table (manufacturer address),https://cdscoonline.gov.in/CDSCO/viewPublicNSQDrug,2026-09-27T07:50:40Z,REAL
MFR-ORISON-PHARMA-INTERNATIO-B13609,Orison Pharma International,Himachal Pradesh,,CDSCO NSQ public table (manufacturer address),https://cdscoonline.gov.in/CDSCO/viewPublicNSQDrug,2026-09-27T07:50:40Z,REAL
MFR-ORISON-PHARMA-INTERNATIO-DE195F,Orison Pharma International Khari,,,CDSCO NSQ public table (manufacturer address),https://cdscoonline.gov.in/CDSCO/viewPublicNSQDrug,2026-09-27T07:50:40Z,REAL
MFR-ORLEY-LABORATORIES-AE041F,Orley Laboratories Pvt. Ltd,,,CDSCO NSQ public table (manufacturer address),https://cdscoonline.gov.in/CDSCO/viewPublicNSQDrug,2026-09-27T07:50:40Z,REAL
MFR-ORNATE-LABS-BC6A1C,Ornate Labs Pvt. Ltd,,,CDSCO NSQ public table (manufacturer address),https://cdscoonline.gov.in/CDSCO/viewPublicNSQDrug,2026-09-27T07:50:40Z,REAL
MFR-ORO-PHARMACEUTICALS-C0509F,Oro Pharmaceuticals Pvt Ltd,Odisha,,CDSCO NSQ public table (manufacturer address),https://cdscoonline.gov.in/CDSCO/viewPublicNSQDrug,2026-09-27T07:50:40Z,REAL
MFR-OSCAR-HOUSE-88F415,Oscar House,,,CDSCO NSQ public table (manufacturer address),https://cdscoonline.gov.in/CDSCO/viewPublicNSQDrug,2026-09-27T07:50:40Z,REAL
MFR-OSCAR-REMEDIES-777DD7,Oscar Remedies Pvt. Ltd,,,CDSCO NSQ public table (manufacturer address),https://cdscoonline.gov.in/CDSCO/viewPublicNSQDrug,2026-09-27T07:50:40Z,REAL
MFR-OSSISKE-LIFE-SCIENCE-F-1-648624,Ossiske Life Science Pvt Ltd. F-18,,,CDSCO NSQ public table (manufacturer address),https://cdscoonline.gov.in/CDSCO/viewPublicNSQDrug,2026-09-27T07:50:40Z,REAL
MFR-OTSUKA-PHARMACEUTICAL-D4BD71,Otsuka Pharmaceutical India Private Limited,,,CDSCO NSQ public table (manufacturer address),https://cdscoonline.gov.in/CDSCO/viewPublicNSQDrug,2026-09-27T07:50:40Z,REAL
MFR-OTSUKA-PHARMACEUTICALS-4326B6,Otsuka Pharmaceuticals India Pvt,,,CDSCO NSQ public table (manufacturer address),https://cdscoonline.gov.in/CDSCO/viewPublicNSQDrug,2026-09-27T07:50:40Z,REAL
MFR-OVERSEAS-HEALTH-CARE-D0DB9B,Overseas Health Care Pvt. Ltd,Punjab,,CDSCO NSQ public table (manufacturer address),https://cdscoonline.gov.in/CDSCO/viewPublicNSQDrug,2026-09-27T07:50:40Z,REAL
MFR-OVERSEAS-HEALTHCARE-87C665,Overseas Healthcare Pvt. Ltd,,,CDSCO NSQ public table (manufacturer address),https://cdscoonline.gov.in/CDSCO/viewPublicNSQDrug,2026-09-27T07:50:40Z,REAL
MFR-OXFORD-PHARMA-9DB81E,Oxford Pharma,,,CDSCO NSQ public table (manufacturer address),https://cdscoonline.gov.in/CDSCO/viewPublicNSQDrug,2026-09-27T07:50:40Z,REAL
MFR-OYSTER-LABS-8E5DCC,Oyster Labs Limited,,,CDSCO NSQ public table (manufacturer address),https://cdscoonline.gov.in/CDSCO/viewPublicNSQDrug,2026-09-27T07:50:40Z,REAL
MFR-P-B-PHARMACEUTICALS-DF1BD5,P & B Pharmaceuticals Pvt. Ltd,Gujarat,,CDSCO NSQ public table (manufacturer address),https://cdscoonline.gov.in/CDSCO/viewPublicNSQDrug,2026-09-27T07:50:40Z,REAL
MFR-PACE-BIOTECH-E23EE2,Pace Biotech,Himachal Pradesh,,CDSCO NSQ public table (manufacturer address),https://cdscoonline.gov.in/CDSCO/viewPublicNSQDrug,2026-09-27T07:50:40Z,REAL
MFR-PACIFIC-696421,Pacific India,Himachal Pradesh,,CDSCO NSQ public table (manufacturer address),https://cdscoonline.gov.in/CDSCO/viewPublicNSQDrug,2026-09-27T07:50:40Z,REAL
MFR-PACKSULES-22C8D3,Packsules,Madhya Pradesh,,CDSCO NSQ public table (manufacturer address),https://cdscoonline.gov.in/CDSCO/viewPublicNSQDrug,2026-09-27T07:50:40Z,REAL
MFR-PAKSONS-PHARMACEUTICALS-11D4E2,Paksons Pharmaceuticals Private Limited,Delhi,,CDSCO NSQ public table (manufacturer address),https://cdscoonline.gov.in/CDSCO/viewPublicNSQDrug,2026-09-27T07:50:40Z,REAL
MFR-PAKSONS-PHARMACEUTICALS-28CB32,Paksons Pharmaceuticals Private Limitated,Delhi,,CDSCO NSQ public table (manufacturer address),https://cdscoonline.gov.in/CDSCO/viewPublicNSQDrug,2026-09-27T07:50:40Z,REAL
MFR-PALAM-PHARMA-1F85FE,Palam Pharma Pvt. Ltd,,,CDSCO NSQ public table (manufacturer address),https://cdscoonline.gov.in/CDSCO/viewPublicNSQDrug,2026-09-27T07:50:40Z,REAL
MFR-PANACEA-LABORATORIES-BD0817,Panacea Laboratories,West Bengal,,CDSCO NSQ public table (manufacturer address),https://cdscoonline.gov.in/CDSCO/viewPublicNSQDrug,2026-09-27T07:50:40Z,REAL
MFR-PARADOX-PHARMACEUTICALS-397CCB,Paradox Pharmaceuticals,Himachal Pradesh,,CDSCO NSQ public table (manufacturer address),https://cdscoonline.gov.in/CDSCO/viewPublicNSQDrug,2026-09-27T07:50:40Z,REAL
MFR-PARK-PHARMACEUTICALS-9F4003,Park Pharmaceuticals,,,CDSCO NSQ public table (manufacturer address),https://cdscoonline.gov.in/CDSCO/viewPublicNSQDrug,2026-09-27T07:50:40Z,REAL
MFR-PARTH-FORMULATION-8246BF,Parth Formulation Pvt. Ltd,,,CDSCO NSQ public table (manufacturer address),https://cdscoonline.gov.in/CDSCO/viewPublicNSQDrug,2026-09-27T07:50:40Z,REAL
MFR-PASCHIM-BANGA-PHARMACEUT-440248,Paschim Banga Pharmaceuticals,,,CDSCO NSQ public table (manufacturer address),https://cdscoonline.gov.in/CDSCO/viewPublicNSQDrug,2026-09-27T07:50:40Z,REAL
MFR-PASCHIM-BANGA-PHARMACEUT-7B0526,Paschim Banga Pharmaceutical NH-31,,,CDSCO NSQ public table (manufacturer address),https://cdscoonline.gov.in/CDSCO/viewPublicNSQDrug,2026-09-27T07:50:40Z,REAL
MFR-PASCHIM-BANGA-PHARMACEUT-AE72F1,Paschim Banga Pharmaceutical,,,CDSCO NSQ public table (manufacturer address),https://cdscoonline.gov.in/CDSCO/viewPublicNSQDrug,2026-09-27T07:50:40Z,REAL
MFR-PEARSONS-HEALTHCARE-PROD-09B0C2,Pearsons Healthcare Products,,,CDSCO NSQ public table (manufacturer address),https://cdscoonline.gov.in/CDSCO/viewPublicNSQDrug,2026-09-27T07:50:40Z,REAL
MFR-PENTA-PHARMACEUTICALS-6DD1C5,Penta Pharmaceuticals,,,CDSCO NSQ public table (manufacturer address),https://cdscoonline.gov.in/CDSCO/viewPublicNSQDrug,2026-09-27T07:50:40Z,REAL
MFR-PENTACHEM-PHARMACEUTICAL-678A75,Pentachem Pharmaceuticals,,,CDSCO NSQ public table (manufacturer address),https://cdscoonline.gov.in/CDSCO/viewPublicNSQDrug,2026-09-27T07:50:40Z,REAL
MFR-PENTAGON-LABS-A48FA0,Pentagon Labs Ltd,,,CDSCO NSQ public table (manufacturer address),https://cdscoonline.gov.in/CDSCO/viewPublicNSQDrug,2026-09-27T07:50:40Z,REAL
MFR-PFIZER-1D995E,Pfizer Limited,,,CDSCO NSQ public table (manufacturer address),https://cdscoonline.gov.in/CDSCO/viewPublicNSQDrug,2026-09-27T07:50:40Z,REAL
MFR-PHAEX-POLYMERS-67CBCF,Phaex Polymers Private Limited,,,CDSCO NSQ public table (manufacturer address),https://cdscoonline.gov.in/CDSCO/viewPublicNSQDrug,2026-09-27T07:50:40Z,REAL
MFR-PHARMA-CHEMICO-LABORATOR-3DC6AE,Pharma Chemico Laboratories Devghat,Himachal Pradesh,,CDSCO NSQ public table (manufacturer address),https://cdscoonline.gov.in/CDSCO/viewPublicNSQDrug,2026-09-27T07:50:40Z,REAL
MFR-PHARMA-CHEMICO-LABORATOR-47B605,Pharma Chemico Laboratories. Deonghat,Himachal Pradesh,,CDSCO NSQ public table (manufacturer address),https://cdscoonline.gov.in/CDSCO/viewPublicNSQDrug,2026-09-27T07:50:40Z,REAL
MFR-PHARMA-CURE-LABORATORIES-BAB7F0,Pharma Cure Laboratories,,,CDSCO NSQ public table (manufacturer address),https://cdscoonline.gov.in/CDSCO/viewPublicNSQDrug,2026-09-27T07:50:40Z,REAL
MFR-PHARMA-FORCE-LAB-B89D3E,Pharma Force Lab,Himachal Pradesh,,CDSCO NSQ public table (manufacturer address),https://cdscoonline.gov.in/CDSCO/viewPublicNSQDrug,2026-09-27T07:50:40Z,REAL
MFR-PHARMA-IMPEX-LABORATORIE-E08183,Pharma Impex Laboratories Pvt. Ltd,,,CDSCO NSQ public table (manufacturer address),https://cdscoonline.gov.in/CDSCO/viewPublicNSQDrug,2026-09-27T07:50:40Z,REAL
MFR-PHARMA-ROOTS-HEALTHCARE-FADD3F,Pharma Roots Healthcare,Himachal Pradesh,,CDSCO NSQ public table (manufacturer address),https://cdscoonline.gov.in/CDSCO/viewPublicNSQDrug,2026-09-27T07:50:40Z,REAL
MFR-PHARMA-SYNTH-FORMULATION-407613,Pharma Synth Formulations Ltd,,,CDSCO NSQ public table (manufacturer address),https://cdscoonline.gov.in/CDSCO/viewPublicNSQDrug,2026-09-27T07:50:40Z,REAL
MFR-PHARMACARE-EAC8A5,Pharmacare,,,CDSCO NSQ public table (manufacturer address),https://cdscoonline.gov.in/CDSCO/viewPublicNSQDrug,2026-09-27T07:50:40Z,REAL
MFR-PHARMACARE-NO-8892C6,Pharmacare NO,,,CDSCO NSQ public table (manufacturer address),https://cdscoonline.gov.in/CDSCO/viewPublicNSQDrug,2026-09-27T07:50:40Z,REAL
MFR-PHARMAROOTS-HEALTHCARE-C97023,Pharmaroots Healthcare,Himachal Pradesh,,CDSCO NSQ public table (manufacturer address),https://cdscoonline.gov.in/CDSCO/viewPublicNSQDrug,2026-09-27T07:50:40Z,REAL
MFR-PHARMEDIC-LABORATORIES-5523E5,Pharmedic Laboratories,,,CDSCO NSQ public table (manufacturer address),https://cdscoonline.gov.in/CDSCO/viewPublicNSQDrug,2026-09-27T07:50:40Z,REAL
MFR-PHARMSSAN-ABD974,Pharmssan,,,CDSCO NSQ public table (manufacturer address),https://cdscoonline.gov.in/CDSCO/viewPublicNSQDrug,2026-09-27T07:50:40Z,REAL
MFR-PIL-PHARMACEUTICALS-E17910,PIL Pharmaceuticals Limited,Uttarakhand,,CDSCO NSQ public table (manufacturer address),https://cdscoonline.gov.in/CDSCO/viewPublicNSQDrug,2026-09-27T07:50:40Z,REAL
MFR-PILCO-HEALTHCARE-2057B2,Pilco Healthcare Pvt. Ltd,,,CDSCO NSQ public table (manufacturer address),https://cdscoonline.gov.in/CDSCO/viewPublicNSQDrug,2026-09-27T07:50:40Z,REAL
MFR-PINNACLE-KLIFE-SCIENCE-F0D3F8,Pinnacle Klife Science Private Limited,Himachal Pradesh,,CDSCO NSQ public table (manufacturer address),https://cdscoonline.gov.in/CDSCO/viewPublicNSQDrug,2026-09-27T07:50:40Z,REAL
MFR-PINNACLE-LIFE-SCIENCES-2C2AED,Pinnacle Life Sciences Pvt. Ltd,Himachal Pradesh,,CDSCO NSQ public table (manufacturer address),https://cdscoonline.gov.in/CDSCO/viewPublicNSQDrug,2026-09-27T07:50:40Z,REAL
MFR-PIONEER-AGRO-INDUSTRIES-D4DB88,Pioneer Agro Industries Sanvin Laboratories Pvt Ltd,Maharashtra,,CDSCO NSQ public table (manufacturer address),https://cdscoonline.gov.in/CDSCO/viewPublicNSQDrug,2026-09-27T07:50:40Z,REAL
MFR-PLENA-REMEDIES-8245EE,Plena Remedies,,,CDSCO NSQ public table (manufacturer address),https://cdscoonline.gov.in/CDSCO/viewPublicNSQDrug,2026-09-27T07:50:40Z,REAL
MFR-PLICA-VACCINES-AC055F,Plica Vaccines Pvt. Ltd,Uttar Pradesh,,CDSCO NSQ public table (manufacturer address),https://cdscoonline.gov.in/CDSCO/viewPublicNSQDrug,2026-09-27T07:50:40Z,REAL
MFR-PLOT-E991F7,Plot,Uttarakhand,,CDSCO NSQ public table (manufacturer address),https://cdscoonline.gov.in/CDSCO/viewPublicNSQDrug,2026-09-27T07:50:40Z,REAL
MFR-PLOT-NO-4F35E9,Plot No,,,CDSCO NSQ public table (manufacturer address),https://cdscoonline.gov.in/CDSCO/viewPublicNSQDrug,2026-09-27T07:50:40Z,REAL
MFR-PLUS-FORMULATIONS-749189,Plus Formulations,Uttarakhand,,CDSCO NSQ public table (manufacturer address),https://cdscoonline.gov.in/CDSCO/viewPublicNSQDrug,2026-09-27T07:50:40Z,REAL
MFR-POLESTAR-POWER-INDUSTRIA-7C49FA,Polestar Power Industrial,Himachal Pradesh,,CDSCO NSQ public table (manufacturer address),https://cdscoonline.gov.in/CDSCO/viewPublicNSQDrug,2026-09-27T07:50:40Z,REAL
MFR-POLESTAR-POWER-INDUSTRIE-5DF868,Polestar power industries,Himachal Pradesh,,CDSCO NSQ public table (manufacturer address),https://cdscoonline.gov.in/CDSCO/viewPublicNSQDrug,2026-09-27T07:50:40Z,REAL
MFR-POLY-MEDICURE-724ADC,Poly Medicure Ltd,Haryana,,CDSCO NSQ public table (manufacturer address),https://cdscoonline.gov.in/CDSCO/viewPublicNSQDrug,2026-09-27T07:50:40Z,REAL
MFR-PONDCHY-PHARMACEUTICALS-CF6FD8,Pondchy Pharmaceuticals,Puducherry,,CDSCO NSQ public table (manufacturer address),https://cdscoonline.gov.in/CDSCO/viewPublicNSQDrug,2026-09-27T07:50:40Z,REAL
MFR-POONIA-BROTHERS-8BE452,Poonia Brothers Pvt Ltd,,,CDSCO NSQ public table (manufacturer address),https://cdscoonline.gov.in/CDSCO/viewPublicNSQDrug,2026-09-27T07:50:40Z,REAL
MFR-PRATIMA-PHARMACEUTICALS-8C8D02,Pratima Pharmaceuticals,,,CDSCO NSQ public table (manufacturer address),https://cdscoonline.gov.in/CDSCO/viewPublicNSQDrug,2026-09-27T07:50:40Z,REAL
MFR-PRATIMA-PHARMACEUTICALS-E4B03C,Pratima Pharmaceuticals G.No,,,CDSCO NSQ public table (manufacturer address),https://cdscoonline.gov.in/CDSCO/viewPublicNSQDrug,2026-09-27T07:50:40Z,REAL
MFR-PRECEPT-PHARMA-AE9329,Precept Pharma Ltd,,,CDSCO NSQ public table (manufacturer address),https://cdscoonline.gov.in/CDSCO/viewPublicNSQDrug,2026-09-27T07:50:40Z,REAL
MFR-PREET-REMEDIES-F94920,Preet Remedies,,,CDSCO NSQ public table (manufacturer address),https://cdscoonline.gov.in/CDSCO/viewPublicNSQDrug,2026-09-27T07:50:40Z,REAL
MFR-PREM-GREEN-51F0BC,Prem Green Pvt. Ltd,,,CDSCO NSQ public table (manufacturer address),https://cdscoonline.gov.in/CDSCO/viewPublicNSQDrug,2026-09-27T07:50:40Z,REAL
MFR-PREM-LABORATORIES-D-NO-36A7EE,Prem Laboratories D.No,Telangana,,CDSCO NSQ public table (manufacturer address),https://cdscoonline.gov.in/CDSCO/viewPublicNSQDrug,2026-09-27T07:50:40Z,REAL
MFR-PRESUN-BIOTECH-9A492B,Presun Biotech,Himachal Pradesh,,CDSCO NSQ public table (manufacturer address),https://cdscoonline.gov.in/CDSCO/viewPublicNSQDrug,2026-09-27T07:50:40Z,REAL
MFR-PRIMESURGE-INTERNATIONAL-CD785C,Primesurge International,,,CDSCO NSQ public table (manufacturer address),https://cdscoonline.gov.in/CDSCO/viewPublicNSQDrug,2026-09-27T07:50:40Z,REAL
MFR-PRIMUS-PHARMACEUTICALS-FB2C4E,Primus Pharmaceuticals,Himachal Pradesh,,CDSCO NSQ public table (manufacturer address),https://cdscoonline.gov.in/CDSCO/viewPublicNSQDrug,2026-09-27T07:50:40Z,REAL
MFR-PRIYA-LIFE-SCIENCE-95537E,Priya Life Science,,,CDSCO NSQ public table (manufacturer address),https://cdscoonline.gov.in/CDSCO/viewPublicNSQDrug,2026-09-27T07:50:40Z,REAL
MFR-PRO-PHARMA-CARE-6A82DE,Pro-pharma Care Pvt. Ltd,Uttarakhand,,CDSCO NSQ public table (manufacturer address),https://cdscoonline.gov.in/CDSCO/viewPublicNSQDrug,2026-09-27T07:50:40Z,REAL
MFR-PROCHEM-PHARMACEUTICALS-E449D8,Prochem Pharmaceuticals Pvt. Ltd,,,CDSCO NSQ public table (manufacturer address),https://cdscoonline.gov.in/CDSCO/viewPublicNSQDrug,2026-09-27T07:50:40Z,REAL
MFR-PROGRESSIVE-LIFESCIENCES-05B5D1,Progressive Lifesciences Pvt Ltd,,,CDSCO NSQ public table (manufacturer address),https://cdscoonline.gov.in/CDSCO/viewPublicNSQDrug,2026-09-27T07:50:40Z,REAL
MFR-PROMEA-THERAPEUTICS-FC112A,Promea Therapeutics Private Limited,Telangana,,CDSCO NSQ public table (manufacturer address),https://cdscoonline.gov.in/CDSCO/viewPublicNSQDrug,2026-09-27T07:50:40Z,REAL
MFR-PROSAFE-BIOLOGICALS-4CCA46,Prosafe Biologicals LLP,Telangana,,CDSCO NSQ public table (manufacturer address),https://cdscoonline.gov.in/CDSCO/viewPublicNSQDrug,2026-09-27T07:50:40Z,REAL
MFR-PROSILIO-PHARMACEUTICALS-5BE254,? Prosilio Pharmaceuticals Pvt. Ltd,Puducherry,,CDSCO NSQ public table (manufacturer address),https://cdscoonline.gov.in/CDSCO/viewPublicNSQDrug,2026-09-27T07:50:40Z,REAL
MFR-PROSPERITY-DRUGS-529E44,Prosperity Drugs Pvt. Ltd,Himachal Pradesh,,CDSCO NSQ public table (manufacturer address),https://cdscoonline.gov.in/CDSCO/viewPublicNSQDrug,2026-09-27T07:50:40Z,REAL
MFR-PROTECH-TELELINKS-7430F5,Protech Telelinks,,,CDSCO NSQ public table (manufacturer address),https://cdscoonline.gov.in/CDSCO/viewPublicNSQDrug,2026-09-27T07:50:40Z,REAL
MFR-PROTECH-TELELINKS-MAUZA-E983AF,Protech Telelinks Mauza Ogli,Himachal Pradesh,,CDSCO NSQ public table (manufacturer address),https://cdscoonline.gov.in/CDSCO/viewPublicNSQDrug,2026-09-27T07:50:40Z,REAL
MFR-PROTECH-TELELINKS-MOUZA-8F3AB2,Protech Telelinks Mouza Ogli,Himachal Pradesh,,CDSCO NSQ public table (manufacturer address),https://cdscoonline.gov.in/CDSCO/viewPublicNSQDrug,2026-09-27T07:50:40Z,REAL
MFR-PRS-PHARMACEUTICALS-2EE162,PRS Pharmaceuticals Pvt Ltd,,,CDSCO NSQ public table (manufacturer address),https://cdscoonline.gov.in/CDSCO/viewPublicNSQDrug,2026-09-27T07:50:40Z,REAL
MFR-PULSE-PHARMA-MFG-3588E6,Pulse Pharma Mfg. Co,Gujarat,,CDSCO NSQ public table (manufacturer address),https://cdscoonline.gov.in/CDSCO/viewPublicNSQDrug,2026-09-27T07:50:40Z,REAL
MFR-PULSE-PHARMACEUTICAL-5ADD15,Pulse Pharmaceutical Pvt. Ltd,Uttarakhand,,CDSCO NSQ public table (manufacturer address),https://cdscoonline.gov.in/CDSCO/viewPublicNSQDrug,2026-09-27T07:50:40Z,REAL
MFR-PULSE-PHARMACEUTICALS-A118A9,Pulse Pharmaceuticals Pvt. Ltd,Uttarakhand,,CDSCO NSQ public table (manufacturer address),https://cdscoonline.gov.in/CDSCO/viewPublicNSQDrug,2026-09-27T07:50:40Z,REAL
MFR-PUNISKA-INJECTABLES-8A23B7,Puniska Injectables Pvt Ltd,Goa,,CDSCO NSQ public table (manufacturer address),https://cdscoonline.gov.in/CDSCO/viewPublicNSQDrug,2026-09-27T07:50:40Z,REAL
MFR-PUNISKA-LNJECTABLES-65491A,Puniska lnjectables Pvt.Ltd,Goa,,CDSCO NSQ public table (manufacturer address),https://cdscoonline.gov.in/CDSCO/viewPublicNSQDrug,2026-09-27T07:50:40Z,REAL
MFR-PURE-AND-CURE-HEALTHCARE-6352E1,Pure and Cure Healthcare Pvt. Ltd,Uttarakhand,,CDSCO NSQ public table (manufacturer address),https://cdscoonline.gov.in/CDSCO/viewPublicNSQDrug,2026-09-27T07:50:40Z,REAL
MFR-PURE-CURE-HEALTHCARE-B55571,Pure & Cure Healthcare Pvt Ltd,Uttarakhand,,CDSCO NSQ public table (manufacturer address),https://cdscoonline.gov.in/CDSCO/viewPublicNSQDrug,2026-09-27T07:50:40Z,REAL
MFR-PURE-CURE-HEATLHCARE-56A5EF,Pure & Cure Heatlhcare Pvt. Ltd,,,CDSCO NSQ public table (manufacturer address),https://cdscoonline.gov.in/CDSCO/viewPublicNSQDrug,2026-09-27T07:50:40Z,REAL
MFR-PUSHKAR-PHARMA-B17B6F,Pushkar Pharma,Himachal Pradesh,,CDSCO NSQ public table (manufacturer address),https://cdscoonline.gov.in/CDSCO/viewPublicNSQDrug,2026-09-27T07:50:40Z,REAL
MFR-PUSHP-HENNA-AE0EE4,PUSHP HENNA PVT. LTD,,,CDSCO NSQ public table (manufacturer address),https://cdscoonline.gov.in/CDSCO/viewPublicNSQDrug,2026-09-27T07:50:40Z,REAL
MFR-QUALITY-PHARMA-PRODUCTIO-DD520D,Quality Pharma Production Pvt. Ltd,Assam,,CDSCO NSQ public table (manufacturer address),https://cdscoonline.gov.in/CDSCO/viewPublicNSQDrug,2026-09-27T07:50:40Z,REAL
MFR-QUASAR-LABS-9CACB4,Quasar Labs Pvt.Ltd,Telangana,,CDSCO NSQ public table (manufacturer address),https://cdscoonline.gov.in/CDSCO/viewPublicNSQDrug,2026-09-27T07:50:40Z,REAL
MFR-QUBIT-PHARMACEUTICALS-AC594E,QUBIT Pharmaceuticals Pvt. Ltd,,,CDSCO NSQ public table (manufacturer address),https://cdscoonline.gov.in/CDSCO/viewPublicNSQDrug,2026-09-27T07:50:40Z,REAL
MFR-QUEST-LABORATORIES-DD0D4F,Quest laboratories Pvt Ltd,,,CDSCO NSQ public table (manufacturer address),https://cdscoonline.gov.in/CDSCO/viewPublicNSQDrug,2026-09-27T07:50:40Z,REAL
MFR-R-P-BIOTECH-1AE744,R.P. Biotech Pvt. Ltd,Punjab,,CDSCO NSQ public table (manufacturer address),https://cdscoonline.gov.in/CDSCO/viewPublicNSQDrug,2026-09-27T07:50:40Z,REAL
MFR-RACHIL-PHARMA-9B3CFF,Rachil Pharma,,,CDSCO NSQ public table (manufacturer address),https://cdscoonline.gov.in/CDSCO/viewPublicNSQDrug,2026-09-27T07:50:40Z,REAL
MFR-RADIANT-PARENTERALS-148F38,Radiant Parenterals Ltd,Gujarat,,CDSCO NSQ public table (manufacturer address),https://cdscoonline.gov.in/CDSCO/viewPublicNSQDrug,2026-09-27T07:50:40Z,REAL
MFR-RAJA-SURGICALS-4947D1,Raja Surgicals,,,CDSCO NSQ public table (manufacturer address),https://cdscoonline.gov.in/CDSCO/viewPublicNSQDrug,2026-09-27T07:50:40Z,REAL
MFR-RAJALAKSHMI-MEDICAL-DEVI-A0860B,Rajalakshmi Medical Device,,,CDSCO NSQ public table (manufacturer address),https://cdscoonline.gov.in/CDSCO/viewPublicNSQDrug,2026-09-27T07:50:40Z,REAL
MFR-RAJDIP-PHARMACEUTICALS-F9426E,Rajdip Pharmaceuticals,,,CDSCO NSQ public table (manufacturer address),https://cdscoonline.gov.in/CDSCO/viewPublicNSQDrug,2026-09-27T07:50:40Z,REAL
MFR-RAMOM-HEALTHCARE-174D22,Ramom Healthcare Pvt.Ltd,Himachal Pradesh,,CDSCO NSQ public table (manufacturer address),https://cdscoonline.gov.in/CDSCO/viewPublicNSQDrug,2026-09-27T07:50:40Z,REAL
MFR-RATHI-LABORATORIES-0DCC5D,Rathi Laboratories,,,CDSCO NSQ public table (manufacturer address),https://cdscoonline.gov.in/CDSCO/viewPublicNSQDrug,2026-09-27T07:50:40Z,REAL
MFR-RATHOD-PHARMACHEM-2E56B7,Rathod Pharmachem Private Limited,Gujarat,,CDSCO NSQ public table (manufacturer address),https://cdscoonline.gov.in/CDSCO/viewPublicNSQDrug,2026-09-27T07:50:40Z,REAL
MFR-RAVENBHEL-HEALTHCARE-0C78AB,Ravenbhel Healthcare Pvt.Ltd,Jammu & Kashmir,,CDSCO NSQ public table (manufacturer address),https://cdscoonline.gov.in/CDSCO/viewPublicNSQDrug,2026-09-27T07:50:40Z,REAL
MFR-RAVIAN-LIFE-SCIENCES-718475,Ravian Life Sciences Pvt Ltd,Uttarakhand,,CDSCO NSQ public table (manufacturer address),https://cdscoonline.gov.in/CDSCO/viewPublicNSQDrug,2026-09-27T07:50:40Z,REAL
MFR-REDNER-FORMULATIONS-A10C98,Redner Formulations,Puducherry,,CDSCO NSQ public table (manufacturer address),https://cdscoonline.gov.in/CDSCO/viewPublicNSQDrug,2026-09-27T07:50:40Z,REAL
MFR-REDNEX-PHARMACEUTICALS-BA9E1D,Rednex Pharmaceuticals Limited,Kerala,,CDSCO NSQ public table (manufacturer address),https://cdscoonline.gov.in/CDSCO/viewPublicNSQDrug,2026-09-27T07:50:40Z,REAL
MFR-REGAIN-LABORATORIES-2C8F96,Regain Laboratories,Haryana,,CDSCO NSQ public table (manufacturer address),https://cdscoonline.gov.in/CDSCO/viewPublicNSQDrug,2026-09-27T07:50:40Z,REAL
MFR-REGAL-LABORATORIES-876676,Regal Laboratories,,,CDSCO NSQ public table (manufacturer address),https://cdscoonline.gov.in/CDSCO/viewPublicNSQDrug,2026-09-27T07:50:40Z,REAL
MFR-REGENIX-DRUGS-7B61AE,Regenix Drugs Ltd,,,CDSCO NSQ public table (manufacturer address),https://cdscoonline.gov.in/CDSCO/viewPublicNSQDrug,2026-09-27T07:50:40Z,REAL
MFR-REGENT-AJANTA-BIOTECH-71B6D7,Regent Ajanta Biotech,,,CDSCO NSQ public table (manufacturer address),https://cdscoonline.gov.in/CDSCO/viewPublicNSQDrug,2026-09-27T07:50:40Z,REAL
MFR-RELAX-PHARMACEUTICALS-C167C3,Relax Pharmaceuticals Pvt. Ltd,Himachal Pradesh,,CDSCO NSQ public table (manufacturer address),https://cdscoonline.gov.in/CDSCO/viewPublicNSQDrug,2026-09-27T07:50:40Z,REAL
MFR-RELIANCE-FORMULATION-59856B,Reliance Formulation Pvt. Ltd,,,CDSCO NSQ public table (manufacturer address),https://cdscoonline.gov.in/CDSCO/viewPublicNSQDrug,2026-09-27T07:50:40Z,REAL
MFR-RELIEF-BIOTECH-C49461,Relief Biotech pvt. Ltd,Delhi,,CDSCO NSQ public table (manufacturer address),https://cdscoonline.gov.in/CDSCO/viewPublicNSQDrug,2026-09-27T07:50:40Z,REAL
MFR-RELIF-BIOTECH-69198D,Relif Biotech Pvt. Ltd,Delhi,,CDSCO NSQ public table (manufacturer address),https://cdscoonline.gov.in/CDSCO/viewPublicNSQDrug,2026-09-27T07:50:40Z,REAL
MFR-RELTSEN-HEALTHCARE-67E8BF,Reltsen Healthcare,Puducherry,,CDSCO NSQ public table (manufacturer address),https://cdscoonline.gov.in/CDSCO/viewPublicNSQDrug,2026-09-27T07:50:40Z,REAL
MFR-RELTSEN-HEALTHCARE-SPL-7207CA,Reltsen Healthcare Spl,Puducherry,,CDSCO NSQ public table (manufacturer address),https://cdscoonline.gov.in/CDSCO/viewPublicNSQDrug,2026-09-27T07:50:40Z,REAL
MFR-REMAX-PHARMACEUTICALS-72FA1E,Remax Pharmaceuticals,,,CDSCO NSQ public table (manufacturer address),https://cdscoonline.gov.in/CDSCO/viewPublicNSQDrug,2026-09-27T07:50:40Z,REAL
MFR-RENOWED-LIFE-SCIENCES-BA4547,Renowed Life Sciences,Uttarakhand,,CDSCO NSQ public table (manufacturer address),https://cdscoonline.gov.in/CDSCO/viewPublicNSQDrug,2026-09-27T07:50:40Z,REAL
MFR-RENOWN-PHARMACEUTICALS-40F132,Renown Pharmaceuticals Pvt. Ltd,Gujarat,,CDSCO NSQ public table (manufacturer address),https://cdscoonline.gov.in/CDSCO/viewPublicNSQDrug,2026-09-27T07:50:40Z,REAL
MFR-REPACKED-BY-GANESH-EUCAL-CD2049,Repacked by Ganesh Eucalyptus Oil Disitillery,,,CDSCO NSQ public table (manufacturer address),https://cdscoonline.gov.in/CDSCO/viewPublicNSQDrug,2026-09-27T07:50:40Z,REAL
MFR-REPACKED-BY-MEDI-SMITH-P-C77E5C,Repacked by- Medi Smith Pharma Lab,,,CDSCO NSQ public table (manufacturer address),https://cdscoonline.gov.in/CDSCO/viewPublicNSQDrug,2026-09-27T07:50:40Z,REAL
MFR-RES-SANCTA-9535FA,Res Sancta,,,CDSCO NSQ public table (manufacturer address),https://cdscoonline.gov.in/CDSCO/viewPublicNSQDrug,2026-09-27T07:50:40Z,REAL
MFR-RESA-LIFE-SCIENCE-FB05EB,Resa Life Science,Delhi,,CDSCO NSQ public table (manufacturer address),https://cdscoonline.gov.in/CDSCO/viewPublicNSQDrug,2026-09-27T07:50:40Z,REAL
MFR-RESCURES-LIFE-SCIENCES-A99D90,Rescures LIfe Sciences Ltd,Himachal Pradesh,,CDSCO NSQ public table (manufacturer address),https://cdscoonline.gov.in/CDSCO/viewPublicNSQDrug,2026-09-27T07:50:40Z,REAL
MFR-RESTECH-FORMULATION-392A8B,Restech Formulation Pvt. Ltd,Puducherry,,CDSCO NSQ public table (manufacturer address),https://cdscoonline.gov.in/CDSCO/viewPublicNSQDrug,2026-09-27T07:50:40Z,REAL
MFR-RESTECH-FORMULATIONS-079596,Restech Formulations Pvt. Ltd,Puducherry,,CDSCO NSQ public table (manufacturer address),https://cdscoonline.gov.in/CDSCO/viewPublicNSQDrug,2026-09-27T07:50:40Z,REAL
MFR-REVANTIS-HEALTHCARE-CA0C4B,Revantis Healthcare,,,CDSCO NSQ public table (manufacturer address),https://cdscoonline.gov.in/CDSCO/viewPublicNSQDrug,2026-09-27T07:50:40Z,REAL
MFR-REVAT-LABORATORIES-DAF538,Revat Laboratories Pvt. Ltd,,,CDSCO NSQ public table (manufacturer address),https://cdscoonline.gov.in/CDSCO/viewPublicNSQDrug,2026-09-27T07:50:40Z,REAL
MFR-REVIVE-FORMULATION-31B7C5,Revive Formulation India Pvt,Tamil Nadu,,CDSCO NSQ public table (manufacturer address),https://cdscoonline.gov.in/CDSCO/viewPublicNSQDrug,2026-09-27T07:50:40Z,REAL
MFR-REVIVE-FORMULATION-R-S-N-A8F64E,Revive Formulation India Pvt. Ltd. R.S.No,Tamil Nadu,,CDSCO NSQ public table (manufacturer address),https://cdscoonline.gov.in/CDSCO/viewPublicNSQDrug,2026-09-27T07:50:40Z,REAL
MFR-REXTUSE-PHARMACEUTICALS-276189,Rextuse Pharmaceuticals,,,CDSCO NSQ public table (manufacturer address),https://cdscoonline.gov.in/CDSCO/viewPublicNSQDrug,2026-09-27T07:50:40Z,REAL
MFR-REYOUNG-PHARMACEUTICAL-055AE8,Reyoung Pharmaceutical Co. Ltd,,,CDSCO NSQ public table (manufacturer address),https://cdscoonline.gov.in/CDSCO/viewPublicNSQDrug,2026-09-27T07:50:40Z,REAL
MFR-RHOMBUS-PHARMA-4343A6,Rhombus Pharma Pvt. Ltd,Gujarat,,CDSCO NSQ public table (manufacturer address),https://cdscoonline.gov.in/CDSCO/viewPublicNSQDrug,2026-09-27T07:50:40Z,REAL
MFR-RHYDBURG-PHARMACEUTICALS-16BBE3,Rhydburg Pharmaceuticals Ltd,Uttarakhand,,CDSCO NSQ public table (manufacturer address),https://cdscoonline.gov.in/CDSCO/viewPublicNSQDrug,2026-09-27T07:50:40Z,REAL
MFR-RIBBEL-INTERNATIONAL-98B28C,Ribbel International Ltd,Haryana,,CDSCO NSQ public table (manufacturer address),https://cdscoonline.gov.in/CDSCO/viewPublicNSQDrug,2026-09-27T07:50:40Z,REAL
MFR-RICA-ENTERPRISES-356E4A,Rica Enterprises,Himachal Pradesh,,CDSCO NSQ public table (manufacturer address),https://cdscoonline.gov.in/CDSCO/viewPublicNSQDrug,2026-09-27T07:50:40Z,REAL
MFR-RIDLEY-LIFE-SCIENCE-D-16-50D48F,Ridley Life Science Pvt. Ltd D-1651,Delhi,,CDSCO NSQ public table (manufacturer address),https://cdscoonline.gov.in/CDSCO/viewPublicNSQDrug,2026-09-27T07:50:40Z,REAL
MFR-RIDLEY-LIFESCIENCE-D13838,Ridley Lifescience Pvt. Ltd,Delhi,,CDSCO NSQ public table (manufacturer address),https://cdscoonline.gov.in/CDSCO/viewPublicNSQDrug,2026-09-27T07:50:40Z,REAL
MFR-RIKENBIK-PHARMA-BBE489,Rikenbik Pharma,,,CDSCO NSQ public table (manufacturer address),https://cdscoonline.gov.in/CDSCO/viewPublicNSQDrug,2026-09-27T07:50:40Z,REAL
MFR-RIPCORD-PHARMACEUTICALS-9AC697,Ripcord Pharmaceuticals Pvt. Ltd,Maharashtra,,CDSCO NSQ public table (manufacturer address),https://cdscoonline.gov.in/CDSCO/viewPublicNSQDrug,2026-09-27T07:50:40Z,REAL
MFR-RIPPON-LABORATORIES-00AC9C,Rippon Laboratories,Puducherry,,CDSCO NSQ public table (manufacturer address),https://cdscoonline.gov.in/CDSCO/viewPublicNSQDrug,2026-09-27T07:50:40Z,REAL
MFR-RITUAL-DRUGS-0D2C80,Ritual Drugs Pvt.Ltd,,,CDSCO NSQ public table (manufacturer address),https://cdscoonline.gov.in/CDSCO/viewPublicNSQDrug,2026-09-27T07:50:40Z,REAL
MFR-RIVPRA-FORMULATION-3E72AB,Rivpra Formulation Pvt. Ltd,,,CDSCO NSQ public table (manufacturer address),https://cdscoonline.gov.in/CDSCO/viewPublicNSQDrug,2026-09-27T07:50:40Z,REAL
MFR-RIVPRA-FORMULATION-PLOT-10B44A,Rivpra Formulation Pvt.Ltd.Plot,,,CDSCO NSQ public table (manufacturer address),https://cdscoonline.gov.in/CDSCO/viewPublicNSQDrug,2026-09-27T07:50:40Z,REAL
MFR-RIVPRA-FORMULATIONS-B4F532,Rivpra Formulations Pvt. Ltd,,,CDSCO NSQ public table (manufacturer address),https://cdscoonline.gov.in/CDSCO/viewPublicNSQDrug,2026-09-27T07:50:40Z,REAL
MFR-RMIS-PHARMACEUTICALS-D86215,RMIS Pharmaceuticals,,,CDSCO NSQ public table (manufacturer address),https://cdscoonline.gov.in/CDSCO/viewPublicNSQDrug,2026-09-27T07:50:40Z,REAL
MFR-ROCKBROOK-OVERSEAS-09FE6C,Rockbrook Overseas Pvt Ltd,,,CDSCO NSQ public table (manufacturer address),https://cdscoonline.gov.in/CDSCO/viewPublicNSQDrug,2026-09-27T07:50:40Z,REAL
MFR-ROCKBROOK-OVERSEAS-DIC-B86DE6,Rockbrook Overseas Pvt.Ltd.DIC,,,CDSCO NSQ public table (manufacturer address),https://cdscoonline.gov.in/CDSCO/viewPublicNSQDrug,2026-09-27T07:50:40Z,REAL
MFR-ROMA-PHARMA-E72CBD,Roma Pharma Pvt. Ltd,,,CDSCO NSQ public table (manufacturer address),https://cdscoonline.gov.in/CDSCO/viewPublicNSQDrug,2026-09-27T07:50:40Z,REAL
MFR-ROMSONS-GROUP-9F949D,Romsons Group Pvt. Ltd,Uttar Pradesh,,CDSCO NSQ public table (manufacturer address),https://cdscoonline.gov.in/CDSCO/viewPublicNSQDrug,2026-09-27T07:50:40Z,REAL
MFR-RONAK-LIFE-CARE-9D25CA,Ronak Life Care Pvt. Ltd,,,CDSCO NSQ public table (manufacturer address),https://cdscoonline.gov.in/CDSCO/viewPublicNSQDrug,2026-09-27T07:50:40Z,REAL
MFR-RONAK-LIFE-CARE-RS-NO-A85563,Ronak Life Care Private Limited. RS No,,,CDSCO NSQ public table (manufacturer address),https://cdscoonline.gov.in/CDSCO/viewPublicNSQDrug,2026-09-27T07:50:40Z,REAL
MFR-RONALD-PHARMACEUTICALS-15DFF1,Ronald Pharmaceuticals,Gujarat,,CDSCO NSQ public table (manufacturer address),https://cdscoonline.gov.in/CDSCO/viewPublicNSQDrug,2026-09-27T07:50:40Z,REAL
MFR-ROQUETTE-FRERES-E23CF6,Roquette Freres,,,CDSCO NSQ public table (manufacturer address),https://cdscoonline.gov.in/CDSCO/viewPublicNSQDrug,2026-09-27T07:50:40Z,REAL
MFR-RSH-GLOBAL-DD1EBF,RSH Global Pvt. Ltd,,,CDSCO NSQ public table (manufacturer address),https://cdscoonline.gov.in/CDSCO/viewPublicNSQDrug,2026-09-27T07:50:40Z,REAL
MFR-RSK-PHARMACY-60EDEA,RSK Pharmacy,,,CDSCO NSQ public table (manufacturer address),https://cdscoonline.gov.in/CDSCO/viewPublicNSQDrug,2026-09-27T07:50:40Z,REAL
MFR-RSONS-MEDIKITS-9793C9,Rsons Medikits India,Telangana,,CDSCO NSQ public table (manufacturer address),https://cdscoonline.gov.in/CDSCO/viewPublicNSQDrug,2026-09-27T07:50:40Z,REAL
MFR-RTN-PHARMA-B4F257,RTN Pharma,Tamil Nadu,,CDSCO NSQ public table (manufacturer address),https://cdscoonline.gov.in/CDSCO/viewPublicNSQDrug,2026-09-27T07:50:40Z,REAL
MFR-RUDRAKSHA-BIOCEUTICALS-2D2EDE,Rudraksha Bioceuticals,,,CDSCO NSQ public table (manufacturer address),https://cdscoonline.gov.in/CDSCO/viewPublicNSQDrug,2026-09-27T07:50:40Z,REAL
MFR-RUMY-PHARMACEUTICALS-076F34,Rumy Pharmaceuticals,Himachal Pradesh,,CDSCO NSQ public table (manufacturer address),https://cdscoonline.gov.in/CDSCO/viewPublicNSQDrug,2026-09-27T07:50:40Z,REAL
MFR-RUSAN-PHARMA-9681D8,Rusan Pharma Ltd,Uttarakhand,,CDSCO NSQ public table (manufacturer address),https://cdscoonline.gov.in/CDSCO/viewPublicNSQDrug,2026-09-27T07:50:40Z,REAL
MFR-RYZER-PHARMACEUTICAL-1B7B8B,Ryzer Pharmaceutical Pvt. Ltd,Gujarat,,CDSCO NSQ public table (manufacturer address),https://cdscoonline.gov.in/CDSCO/viewPublicNSQDrug,2026-09-27T07:50:40Z,REAL
MFR-S-DHOLE-IDCO-9DE1E8,S.DHOLE & Co. IDCO,Odisha,,CDSCO NSQ public table (manufacturer address),https://cdscoonline.gov.in/CDSCO/viewPublicNSQDrug,2026-09-27T07:50:40Z,REAL
MFR-SAAR-BIOTECH-A26300,Saar Biotech Pvt. Ltd,Himachal Pradesh,,CDSCO NSQ public table (manufacturer address),https://cdscoonline.gov.in/CDSCO/viewPublicNSQDrug,2026-09-27T07:50:40Z,REAL
MFR-SAAR-BIOTECH-VPO-BHUD-4B13F6,Saar Biotech Pvt. Ltd.VPO - Bhud,Himachal Pradesh,,CDSCO NSQ public table (manufacturer address),https://cdscoonline.gov.in/CDSCO/viewPublicNSQDrug,2026-09-27T07:50:40Z,REAL
MFR-SABI-PHARMACEUTICALS-SHI-BDD3BC,Sabi Pharmaceuticals Pvt. Ltd - . Shivnath Gogoi Path,Assam,,CDSCO NSQ public table (manufacturer address),https://cdscoonline.gov.in/CDSCO/viewPublicNSQDrug,2026-09-27T07:50:40Z,REAL
MFR-SABUI-MEDICAL-STORES-3D68AF,Sabui Medical Stores,West Bengal,,CDSCO NSQ public table (manufacturer address),https://cdscoonline.gov.in/CDSCO/viewPublicNSQDrug,2026-09-27T07:50:40Z,REAL
MFR-SAFE-PARENTERALS-D12D2B,Safe Parenterals Pvt.Ltd,Andhra Pradesh,,CDSCO NSQ public table (manufacturer address),https://cdscoonline.gov.in/CDSCO/viewPublicNSQDrug,2026-09-27T07:50:40Z,REAL
MFR-SAFE-PARENTERALS-GOLLAPA-6E332D,Safe Parenterals Pvt. Ltd. Gollapadu,Andhra Pradesh,,CDSCO NSQ public table (manufacturer address),https://cdscoonline.gov.in/CDSCO/viewPublicNSQDrug,2026-09-27T07:50:40Z,REAL
MFR-SAFECON-LIFESCIENCES-C28A6D,Safecon Lifesciences Pvt. Ltd,,,CDSCO NSQ public table (manufacturer address),https://cdscoonline.gov.in/CDSCO/viewPublicNSQDrug,2026-09-27T07:50:40Z,REAL
MFR-SAHIKA-PHARMACEUTICALS-7460DD,Sahika Pharmaceuticals Pvt. Ltd,Himachal Pradesh,,CDSCO NSQ public table (manufacturer address),https://cdscoonline.gov.in/CDSCO/viewPublicNSQDrug,2026-09-27T07:50:40Z,REAL
MFR-SAI-PARENTERALS-88388B,SAI Parenterals Limited,Telangana,,CDSCO NSQ public table (manufacturer address),https://cdscoonline.gov.in/CDSCO/viewPublicNSQDrug,2026-09-27T07:50:40Z,REAL
MFR-SAI-PARENTERALS-D1-D4-787552,SAI Parenterals Ltd. D1&D4,Telangana,,CDSCO NSQ public table (manufacturer address),https://cdscoonline.gov.in/CDSCO/viewPublicNSQDrug,2026-09-27T07:50:40Z,REAL
MFR-SAI-SARVAA-BIOTECH-44199E,Sai sarvaa Biotech Pvt. Ltd,,,CDSCO NSQ public table (manufacturer address),https://cdscoonline.gov.in/CDSCO/viewPublicNSQDrug,2026-09-27T07:50:40Z,REAL
MFR-SAIN-MEDICAMENTS-P-2-4-F13EAD,Sain Medicaments Pvt. Ltd. P-2/4,Telangana,,CDSCO NSQ public table (manufacturer address),https://cdscoonline.gov.in/CDSCO/viewPublicNSQDrug,2026-09-27T07:50:40Z,REAL
MFR-SAINTLIFE-PHARMACEUTICAL-4CE857,Saintlife Pharmaceuticals Ltd,Uttarakhand,,CDSCO NSQ public table (manufacturer address),https://cdscoonline.gov.in/CDSCO/viewPublicNSQDrug,2026-09-27T07:50:40Z,REAL
MFR-SAINTLIFE-PHARMACEUTICAL-EBFBBE,Saintlife Pharmaceuticals Ltd AN ISO-9001,,,CDSCO NSQ public table (manufacturer address),https://cdscoonline.gov.in/CDSCO/viewPublicNSQDrug,2026-09-27T07:50:40Z,REAL
MFR-SAITECH-MEDICARE-AA1460,Saitech Medicare Pvt. Ltd,,,CDSCO NSQ public table (manufacturer address),https://cdscoonline.gov.in/CDSCO/viewPublicNSQDrug,2026-09-27T07:50:40Z,REAL
MFR-SAIYAM-HEALTHCARE-38636C,Saiyam Healthcare,,,CDSCO NSQ public table (manufacturer address),https://cdscoonline.gov.in/CDSCO/viewPublicNSQDrug,2026-09-27T07:50:40Z,REAL
MFR-SAKTHI-AYURVEDA-PHARMACE-CE0DCF,Sakthi Ayurveda Pharmaceuticals,,,CDSCO NSQ public table (manufacturer address),https://cdscoonline.gov.in/CDSCO/viewPublicNSQDrug,2026-09-27T07:50:40Z,REAL
MFR-SALIX-PHARMACHEM-B58444,Salix Pharmachem,,,CDSCO NSQ public table (manufacturer address),https://cdscoonline.gov.in/CDSCO/viewPublicNSQDrug,2026-09-27T07:50:40Z,REAL
MFR-SALUD-CARE-10B4BF,Salud Care,,,CDSCO NSQ public table (manufacturer address),https://cdscoonline.gov.in/CDSCO/viewPublicNSQDrug,2026-09-27T07:50:40Z,REAL
MFR-SALUS-PHARMACEUTICAL-29B399,Salus Pharmaceutical,,,CDSCO NSQ public table (manufacturer address),https://cdscoonline.gov.in/CDSCO/viewPublicNSQDrug,2026-09-27T07:50:40Z,REAL
MFR-SALUS-PHARMACEUTICALS-AL-AF5064,Salus Pharmaceuticals Als,Himachal Pradesh,,CDSCO NSQ public table (manufacturer address),https://cdscoonline.gov.in/CDSCO/viewPublicNSQDrug,2026-09-27T07:50:40Z,REAL
MFR-SALUS-PHARMACEUTICALS-B07452,SALUS PHARMACEUTICALS,Himachal Pradesh,,CDSCO NSQ public table (manufacturer address),https://cdscoonline.gov.in/CDSCO/viewPublicNSQDrug,2026-09-27T07:50:40Z,REAL
MFR-SAMARTH-PHARMACEUTICALS-E41B94,Samarth Pharmaceuticals Office No,,,CDSCO NSQ public table (manufacturer address),https://cdscoonline.gov.in/CDSCO/viewPublicNSQDrug,2026-09-27T07:50:40Z,REAL
MFR-SAMAY-PHARMA-AFEBDA,Samay Pharma India Pvt. Ltd,Himachal Pradesh,,CDSCO NSQ public table (manufacturer address),https://cdscoonline.gov.in/CDSCO/viewPublicNSQDrug,2026-09-27T07:50:40Z,REAL
MFR-SAMKEM-B3B4FD,Samkem,,,CDSCO NSQ public table (manufacturer address),https://cdscoonline.gov.in/CDSCO/viewPublicNSQDrug,2026-09-27T07:50:40Z,REAL
MFR-SAMKEM15-B-0C518F,Samkem15-B &,Madhya Pradesh,,CDSCO NSQ public table (manufacturer address),https://cdscoonline.gov.in/CDSCO/viewPublicNSQDrug,2026-09-27T07:50:40Z,REAL
MFR-SAMRVIR-BIOTECH-60B317,Samrvir Biotech Pvt. Ltd,Himachal Pradesh,,CDSCO NSQ public table (manufacturer address),https://cdscoonline.gov.in/CDSCO/viewPublicNSQDrug,2026-09-27T07:50:40Z,REAL
MFR-SAMSON-LABORATORIES-7E2B1F,Samson Laboratories Pvt. Ltd,Himachal Pradesh,,CDSCO NSQ public table (manufacturer address),https://cdscoonline.gov.in/CDSCO/viewPublicNSQDrug,2026-09-27T07:50:40Z,REAL
MFR-SAMSON-LABORATORIES-SAMS-9B950F,Samson Laboratories Pvt. Ltd. - Samson Laboratories Pvt. Ltd,Himachal Pradesh,,CDSCO NSQ public table (manufacturer address),https://cdscoonline.gov.in/CDSCO/viewPublicNSQDrug,2026-09-27T07:50:40Z,REAL
MFR-SAMYAN-HEALTH-CARE-F8C198,Samyan Health Care Pvt. Ltd,Himachal Pradesh,,CDSCO NSQ public table (manufacturer address),https://cdscoonline.gov.in/CDSCO/viewPublicNSQDrug,2026-09-27T07:50:40Z,REAL
MFR-SAN-CITO-THERAPEUTICS-65D41F,San-cito Therapeutics Inc,,,CDSCO NSQ public table (manufacturer address),https://cdscoonline.gov.in/CDSCO/viewPublicNSQDrug,2026-09-27T07:50:40Z,REAL
MFR-SANASAN-FORMULATION-34D069,Sanasan Formulation,,,CDSCO NSQ public table (manufacturer address),https://cdscoonline.gov.in/CDSCO/viewPublicNSQDrug,2026-09-27T07:50:40Z,REAL
MFR-SANCTUS-GLOBAL-FORMULATI-CF5BC6,Sanctus Global Formulations Ltd,,,CDSCO NSQ public table (manufacturer address),https://cdscoonline.gov.in/CDSCO/viewPublicNSQDrug,2026-09-27T07:50:40Z,REAL
MFR-SANGHAI-JINHE-BIO-PHARMA-50EC6F,Sanghai Jinhe Bio- Pharmaceutical Co. Ltd,,,CDSCO NSQ public table (manufacturer address),https://cdscoonline.gov.in/CDSCO/viewPublicNSQDrug,2026-09-27T07:50:40Z,REAL
MFR-SANKHLA-MEHANDI-UDHYOG-F36101,Sankhla Mehandi Udhyog,,,CDSCO NSQ public table (manufacturer address),https://cdscoonline.gov.in/CDSCO/viewPublicNSQDrug,2026-09-27T07:50:40Z,REAL
MFR-SANKHLA-MEHANDI-UDYOG-B44F06,Sankhla Mehandi Udyog,,,CDSCO NSQ public table (manufacturer address),https://cdscoonline.gov.in/CDSCO/viewPublicNSQDrug,2026-09-27T07:50:40Z,REAL
MFR-SANO-CITO-THERAPEUTICS-E40217,Sano-Cito Therapeutics Inc,Himachal Pradesh,,CDSCO NSQ public table (manufacturer address),https://cdscoonline.gov.in/CDSCO/viewPublicNSQDrug,2026-09-27T07:50:40Z,REAL
MFR-SANO-CITO-THEREAPEUTICS-42EBCE,Sano-Cito Thereapeutics Inc,,,CDSCO NSQ public table (manufacturer address),https://cdscoonline.gov.in/CDSCO/viewPublicNSQDrug,2026-09-27T07:50:40Z,REAL
MFR-SANOFI-49F143,Sanofi India Ltd,Gujarat,,CDSCO NSQ public table (manufacturer address),https://cdscoonline.gov.in/CDSCO/viewPublicNSQDrug,2026-09-27T07:50:40Z,REAL
MFR-SANTUS-GLOBAL-FORMULATIO-1B6FF4,Santus Global Formulations Limited,Himachal Pradesh,,CDSCO NSQ public table (manufacturer address),https://cdscoonline.gov.in/CDSCO/viewPublicNSQDrug,2026-09-27T07:50:40Z,REAL
MFR-SAPHNIX-LIFE-SCIENCES-3FDD54,Saphnix Life Sciences,Himachal Pradesh,,CDSCO NSQ public table (manufacturer address),https://cdscoonline.gov.in/CDSCO/viewPublicNSQDrug,2026-09-27T07:50:40Z,REAL
MFR-SAPNA-BUNKAR-HATH-KARGHA-21EC05,Sapna Bunkar Hath Kargha Sahkari Samiti Ltd.B-12,,,CDSCO NSQ public table (manufacturer address),https://cdscoonline.gov.in/CDSCO/viewPublicNSQDrug,2026-09-27T07:50:40Z,REAL
MFR-SAPNA-BUNKAR-HATH-KARGHA-33F929,Sapna Bunkar Hath Kargha Sahkari Samiti Ltd,,,CDSCO NSQ public table (manufacturer address),https://cdscoonline.gov.in/CDSCO/viewPublicNSQDrug,2026-09-27T07:50:40Z,REAL
MFR-SARTHAK-BIOTECH-341E7D,Sarthak Biotech Pvt. Ltd,,,CDSCO NSQ public table (manufacturer address),https://cdscoonline.gov.in/CDSCO/viewPublicNSQDrug,2026-09-27T07:50:40Z,REAL
MFR-SARV-PHARMACEUTICAL-72F8FA,Sarv Pharmaceutical,Uttarakhand,,CDSCO NSQ public table (manufacturer address),https://cdscoonline.gov.in/CDSCO/viewPublicNSQDrug,2026-09-27T07:50:40Z,REAL
MFR-SARV-PHARMACEUTICALS-8E8BEF,Sarv Pharmaceuticals,,,CDSCO NSQ public table (manufacturer address),https://cdscoonline.gov.in/CDSCO/viewPublicNSQDrug,2026-09-27T07:50:40Z,REAL
MFR-SAUDI-BASIC-INDUSTRIES-C-5EC107,Saudi Basic Industries Corporation,,,CDSCO NSQ public table (manufacturer address),https://cdscoonline.gov.in/CDSCO/viewPublicNSQDrug,2026-09-27T07:50:40Z,REAL
MFR-SAVYA-PHARMACEUTICALS-0D29EE,Savya Pharmaceuticals,,,CDSCO NSQ public table (manufacturer address),https://cdscoonline.gov.in/CDSCO/viewPublicNSQDrug,2026-09-27T07:50:40Z,REAL
MFR-SAYORA-PHARMA-D5F98F,Sayora Pharma Private Ltd,,,CDSCO NSQ public table (manufacturer address),https://cdscoonline.gov.in/CDSCO/viewPublicNSQDrug,2026-09-27T07:50:40Z,REAL
MFR-SB-LIFE-SCIENCES-01763B,SB Life Sciences Pvt Ltd,Himachal Pradesh,,CDSCO NSQ public table (manufacturer address),https://cdscoonline.gov.in/CDSCO/viewPublicNSQDrug,2026-09-27T07:50:40Z,REAL
MFR-SB-LIFESCIENCES-A79A71,SB Lifesciences pvt ltd,Himachal Pradesh,,CDSCO NSQ public table (manufacturer address),https://cdscoonline.gov.in/CDSCO/viewPublicNSQDrug,2026-09-27T07:50:40Z,REAL
MFR-SBS-BIOTECH-A1B574,SBS Biotech,Himachal Pradesh,,CDSCO NSQ public table (manufacturer address),https://cdscoonline.gov.in/CDSCO/viewPublicNSQDrug,2026-09-27T07:50:40Z,REAL
MFR-SCOTT-EDIL-PHARMACIA-845EA5,Scott-Edil Pharmacia Ltd,Himachal Pradesh,,CDSCO NSQ public table (manufacturer address),https://cdscoonline.gov.in/CDSCO/viewPublicNSQDrug,2026-09-27T07:50:40Z,REAL
MFR-SCOUT-LIFESCIENCE-CDD6C6,Scout Lifescience Pvt. Ltd,Haryana,,CDSCO NSQ public table (manufacturer address),https://cdscoonline.gov.in/CDSCO/viewPublicNSQDrug,2026-09-27T07:50:40Z,REAL
MFR-SEAGULL-LABORATORIES-0A2A3C,Seagull Laboratories India Pvt. Ltd,,,CDSCO NSQ public table (manufacturer address),https://cdscoonline.gov.in/CDSCO/viewPublicNSQDrug,2026-09-27T07:50:40Z,REAL
MFR-SEEJAR-PHARMACEUTICALLS-2309CC,Seejar Pharmaceuticalls,,,CDSCO NSQ public table (manufacturer address),https://cdscoonline.gov.in/CDSCO/viewPublicNSQDrug,2026-09-27T07:50:40Z,REAL
MFR-SEEJAR-PHARMACEUTICALS-255B2D,Seejar Pharmaceuticals,,,CDSCO NSQ public table (manufacturer address),https://cdscoonline.gov.in/CDSCO/viewPublicNSQDrug,2026-09-27T07:50:40Z,REAL
MFR-SELDOM-PHARMA-5AEB62,SELDOM PHARMA PVT.LTD,Puducherry,,CDSCO NSQ public table (manufacturer address),https://cdscoonline.gov.in/CDSCO/viewPublicNSQDrug,2026-09-27T07:50:40Z,REAL
MFR-SELEMP-PHARMA-ENTERPRISE-10424F,Selemp Pharma Enterprises,Andhra Pradesh,,CDSCO NSQ public table (manufacturer address),https://cdscoonline.gov.in/CDSCO/viewPublicNSQDrug,2026-09-27T07:50:40Z,REAL
MFR-SENTISS-PHARMA-061474,Sentiss Pharma Pvt. Ltd,,,CDSCO NSQ public table (manufacturer address),https://cdscoonline.gov.in/CDSCO/viewPublicNSQDrug,2026-09-27T07:50:40Z,REAL
MFR-SEVEN-SEAS-BEAUTY-PRODUC-FAE8EC,Seven seas Beauty products,Delhi,,CDSCO NSQ public table (manufacturer address),https://cdscoonline.gov.in/CDSCO/viewPublicNSQDrug,2026-09-27T07:50:40Z,REAL
MFR-SEVLOK-PHARMACEUTICAL-534530,Sevlok Pharmaceutical Co,,,CDSCO NSQ public table (manufacturer address),https://cdscoonline.gov.in/CDSCO/viewPublicNSQDrug,2026-09-27T07:50:40Z,REAL
MFR-SGS-FORMULATION-2DF342,SGS Formulation Pvt. Ltd,Tamil Nadu,,CDSCO NSQ public table (manufacturer address),https://cdscoonline.gov.in/CDSCO/viewPublicNSQDrug,2026-09-27T07:50:40Z,REAL
MFR-SGS-PHARMACEUTICALS-02C5E5,SGS Pharmaceuticals Pvt. Ltd,Uttarakhand,,CDSCO NSQ public table (manufacturer address),https://cdscoonline.gov.in/CDSCO/viewPublicNSQDrug,2026-09-27T07:50:40Z,REAL
MFR-SHANDONG-NEW-TIME-PHARMA-8AEC52,Shandong New Time Pharmaceuticals Co. Ltd,,,CDSCO NSQ public table (manufacturer address),https://cdscoonline.gov.in/CDSCO/viewPublicNSQDrug,2026-09-27T07:50:40Z,REAL
MFR-SHANGRILA-INDUSTRIES-D33A12,Shangrila Industries,Sikkim,,CDSCO NSQ public table (manufacturer address),https://cdscoonline.gov.in/CDSCO/viewPublicNSQDrug,2026-09-27T07:50:40Z,REAL
MFR-SHAPE-PHARMA-BFEC80,Shape Pharma Pvt. Ltd,Gujarat,,CDSCO NSQ public table (manufacturer address),https://cdscoonline.gov.in/CDSCO/viewPublicNSQDrug,2026-09-27T07:50:40Z,REAL
MFR-SHARIKA-BIOTECH-JAGAT-KH-BE5931,Sharika Biotech Jagat Khana,,,CDSCO NSQ public table (manufacturer address),https://cdscoonline.gov.in/CDSCO/viewPublicNSQDrug,2026-09-27T07:50:40Z,REAL
MFR-SHARUN-PHARMACEUTICALS-B4E5A3,Sharun Pharmaceuticals Pvt Ltd,Puducherry,,CDSCO NSQ public table (manufacturer address),https://cdscoonline.gov.in/CDSCO/viewPublicNSQDrug,2026-09-27T07:50:40Z,REAL
MFR-SHAYAMG-QINJIANG-CHEMICA-F3800F,Shayamg Qinjiang Chemical,,,CDSCO NSQ public table (manufacturer address),https://cdscoonline.gov.in/CDSCO/viewPublicNSQDrug,2026-09-27T07:50:40Z,REAL
MFR-SHEEN-PHARMACEUTICALS-WA-24D2FC,Sheen Pharmaceuticals Wariana Industrial Complex Jal. P.b,,,CDSCO NSQ public table (manufacturer address),https://cdscoonline.gov.in/CDSCO/viewPublicNSQDrug,2026-09-27T07:50:40Z,REAL
MFR-SHEEN-PHARMACEUTICALS-WA-6DB77F,Sheen Pharmaceuticals Wariana Industrial Complex,,,CDSCO NSQ public table (manufacturer address),https://cdscoonline.gov.in/CDSCO/viewPublicNSQDrug,2026-09-27T07:50:40Z,REAL
MFR-SHELL-EASTERN-CHEMICALS-80255A,Shell Eastern Chemicals,,,CDSCO NSQ public table (manufacturer address),https://cdscoonline.gov.in/CDSCO/viewPublicNSQDrug,2026-09-27T07:50:40Z,REAL
MFR-SHERVOTEC-PHARMACEUTICAL-09AB71,Shervotec Pharmaceuticals,,,CDSCO NSQ public table (manufacturer address),https://cdscoonline.gov.in/CDSCO/viewPublicNSQDrug,2026-09-27T07:50:40Z,REAL
MFR-SHERVOTECH-PHARMACEUTICA-7BA36B,Shervotech Pharmaceuticals,Himachal Pradesh,,CDSCO NSQ public table (manufacturer address),https://cdscoonline.gov.in/CDSCO/viewPublicNSQDrug,2026-09-27T07:50:40Z,REAL
MFR-SHERVOTEE-PHARMACEUTICAL-BF6741,Shervotee Pharmaceuticals,,,CDSCO NSQ public table (manufacturer address),https://cdscoonline.gov.in/CDSCO/viewPublicNSQDrug,2026-09-27T07:50:40Z,REAL
MFR-SHINE-PHARMACEUTICALS-FE248E,Shine Pharmaceuticals Limited,Gujarat,,CDSCO NSQ public table (manufacturer address),https://cdscoonline.gov.in/CDSCO/viewPublicNSQDrug,2026-09-27T07:50:40Z,REAL
MFR-SHIVA-BIOGENETIC-LABORAT-BFCCDC,Shiva Biogenetic Laboratories Pvt. Ltd,Himachal Pradesh,,CDSCO NSQ public table (manufacturer address),https://cdscoonline.gov.in/CDSCO/viewPublicNSQDrug,2026-09-27T07:50:40Z,REAL
MFR-SHIVA-BIOGENETIC-PHARMAC-EFB5DF,Shiva biogenetic Pharmaceuticals Pvt. Ltd,Himachal Pradesh,,CDSCO NSQ public table (manufacturer address),https://cdscoonline.gov.in/CDSCO/viewPublicNSQDrug,2026-09-27T07:50:40Z,REAL
MFR-SHIVA-BIOGENETICS-PHARMA-FBD4A1,Shiva Biogenetics Pharmaceuticals Pvt.Ltd,Himachal Pradesh,,CDSCO NSQ public table (manufacturer address),https://cdscoonline.gov.in/CDSCO/viewPublicNSQDrug,2026-09-27T07:50:40Z,REAL
MFR-SHIVALIK-REMEDIES-15746E,Shivalik Remedies Pvt. Ltd,Uttarakhand,,CDSCO NSQ public table (manufacturer address),https://cdscoonline.gov.in/CDSCO/viewPublicNSQDrug,2026-09-27T07:50:40Z,REAL
MFR-SHIVAM-ENTERPRISES-9F7422,Shivam Enterprises,Himachal Pradesh,,CDSCO NSQ public table (manufacturer address),https://cdscoonline.gov.in/CDSCO/viewPublicNSQDrug,2026-09-27T07:50:40Z,REAL
MFR-SHIVANI-PHARMACEUTICALS-5022AC,Shivani Pharmaceuticals,Himachal Pradesh,,CDSCO NSQ public table (manufacturer address),https://cdscoonline.gov.in/CDSCO/viewPublicNSQDrug,2026-09-27T07:50:40Z,REAL
MFR-SHREE-KRISHNAKESHAV-LABO-1A1C6B,Shree KrishnaKeshav Laboratories Ltd,,,CDSCO NSQ public table (manufacturer address),https://cdscoonline.gov.in/CDSCO/viewPublicNSQDrug,2026-09-27T07:50:40Z,REAL
MFR-SHREYA-LIFESCIENCES-D626D2,Shreya Lifesciences Pvt. Ltd,Uttarakhand,,CDSCO NSQ public table (manufacturer address),https://cdscoonline.gov.in/CDSCO/viewPublicNSQDrug,2026-09-27T07:50:40Z,REAL
MFR-SHRI-RAMESH-INDUSTRY-B0D984,Shri Ramesh Industry Pvt Ltd,,,CDSCO NSQ public table (manufacturer address),https://cdscoonline.gov.in/CDSCO/viewPublicNSQDrug,2026-09-27T07:50:40Z,REAL
MFR-SHRI-RAMESTH-INDUSTRIES-E23F0C,Shri Ramesth Industries,,,CDSCO NSQ public table (manufacturer address),https://cdscoonline.gov.in/CDSCO/viewPublicNSQDrug,2026-09-27T07:50:40Z,REAL
MFR-SHRI-SAI-BALA-JI-PHARMAT-601607,Shri Sai Bala Ji Pharmatech Pvt.Ltd,Himachal Pradesh,,CDSCO NSQ public table (manufacturer address),https://cdscoonline.gov.in/CDSCO/viewPublicNSQDrug,2026-09-27T07:50:40Z,REAL
MFR-SHRI-SAI-BALAJI-PHARMATE-B4A510,Shri Sai Balaji Pharmatech Pvt Ltd,Himachal Pradesh,,CDSCO NSQ public table (manufacturer address),https://cdscoonline.gov.in/CDSCO/viewPublicNSQDrug,2026-09-27T07:50:40Z,REAL
MFR-SHRI-SAI-PHARMATECH-20-BDD52E,Shri sai Pharmatech Pvt. Ltd.20,Himachal Pradesh,,CDSCO NSQ public table (manufacturer address),https://cdscoonline.gov.in/CDSCO/viewPublicNSQDrug,2026-09-27T07:50:40Z,REAL
MFR-SHUBH-LAXMI-TRADERS-EEEF55,Shubh Laxmi Traders,,,CDSCO NSQ public table (manufacturer address),https://cdscoonline.gov.in/CDSCO/viewPublicNSQDrug,2026-09-27T07:50:40Z,REAL
MFR-SHUBHAM-ENTERPRISES-2FD628,Shubham Enterprises,,,CDSCO NSQ public table (manufacturer address),https://cdscoonline.gov.in/CDSCO/viewPublicNSQDrug,2026-09-27T07:50:40Z,REAL
MFR-SIA-PHARMA-94E74B,Sia Pharma Pvt Ltd,Haryana,,CDSCO NSQ public table (manufacturer address),https://cdscoonline.gov.in/CDSCO/viewPublicNSQDrug,2026-09-27T07:50:40Z,REAL
MFR-SIDDHI-VINAYAK-INDUSTRIE-C696D0,Siddhi Vinayak Industries,Himachal Pradesh,,CDSCO NSQ public table (manufacturer address),https://cdscoonline.gov.in/CDSCO/viewPublicNSQDrug,2026-09-27T07:50:40Z,REAL
MFR-SIDHDEEP-BIOTECH-6A677A,Sidhdeep Biotech,Uttar Pradesh,,CDSCO NSQ public table (manufacturer address),https://cdscoonline.gov.in/CDSCO/viewPublicNSQDrug,2026-09-27T07:50:40Z,REAL
MFR-SIDHI-VINAYAK-F4D5E6,Sidhi Vinayak Co,Delhi,,CDSCO NSQ public table (manufacturer address),https://cdscoonline.gov.in/CDSCO/viewPublicNSQDrug,2026-09-27T07:50:40Z,REAL
MFR-SIGMA-SOFTGEL-FORMULATIO-8AF1FC,Sigma Softgel & Formulation,,,CDSCO NSQ public table (manufacturer address),https://cdscoonline.gov.in/CDSCO/viewPublicNSQDrug,2026-09-27T07:50:40Z,REAL
MFR-SIGNATURE-PHYTOCHEMICAL-8B0703,Signature Phytochemical Industries,,,CDSCO NSQ public table (manufacturer address),https://cdscoonline.gov.in/CDSCO/viewPublicNSQDrug,2026-09-27T07:50:40Z,REAL
MFR-SIGNORET-PHARMACEUTICALS-3C15B7,Signoret Pharmaceuticals Pvt.Ltd,,,CDSCO NSQ public table (manufacturer address),https://cdscoonline.gov.in/CDSCO/viewPublicNSQDrug,2026-09-27T07:50:40Z,REAL
MFR-SIGNOVA-HEALTHCARE-FAA5F9,Signova Healthcare Pvt. Ltd,Assam,,CDSCO NSQ public table (manufacturer address),https://cdscoonline.gov.in/CDSCO/viewPublicNSQDrug,2026-09-27T07:50:40Z,REAL
MFR-SIKKIM-ED3964,Sikkim,Sikkim,,CDSCO NSQ public table (manufacturer address),https://cdscoonline.gov.in/CDSCO/viewPublicNSQDrug,2026-09-27T07:50:40Z,REAL
MFR-SINGH-MEHANDI-INDUSTRIES-626BCA,Singh Mehandi Industries Pvt Ltd. Chak No,,,CDSCO NSQ public table (manufacturer address),https://cdscoonline.gov.in/CDSCO/viewPublicNSQDrug,2026-09-27T07:50:40Z,REAL
MFR-SIVA-SIVANI-SURGICAL-COT-1C4D3B,Siva Sivani Surgical Cottons,,,CDSCO NSQ public table (manufacturer address),https://cdscoonline.gov.in/CDSCO/viewPublicNSQDrug,2026-09-27T07:50:40Z,REAL
MFR-SIVANTA-PHARMACEUTICALS-A31729,Sivanta Pharmaceuticals,Gujarat,,CDSCO NSQ public table (manufacturer address),https://cdscoonline.gov.in/CDSCO/viewPublicNSQDrug,2026-09-27T07:50:40Z,REAL
MFR-SJD-SURGICOT-A73AF7,SJD Surgicot Pvt. Ltd,,,CDSCO NSQ public table (manufacturer address),https://cdscoonline.gov.in/CDSCO/viewPublicNSQDrug,2026-09-27T07:50:40Z,REAL
MFR-SKYLINK-PHARMA-A63436,Skylink Pharma,Gujarat,,CDSCO NSQ public table (manufacturer address),https://cdscoonline.gov.in/CDSCO/viewPublicNSQDrug,2026-09-27T07:50:40Z,REAL
MFR-SKYMAP-PHARMACEUTICALS-911F3D,Skymap Pharmaceuticals Pvt. Ltd,,,CDSCO NSQ public table (manufacturer address),https://cdscoonline.gov.in/CDSCO/viewPublicNSQDrug,2026-09-27T07:50:40Z,REAL
MFR-SKYMAP-PHARMACEUTICALS-B-FE8C6C,Skymap Pharmaceuticals Pvt Ltd. B-3,,,CDSCO NSQ public table (manufacturer address),https://cdscoonline.gov.in/CDSCO/viewPublicNSQDrug,2026-09-27T07:50:40Z,REAL
MFR-SMAYAN-HEALTHCARE-6A2939,Smayan Healthcare Pvt ltd,,,CDSCO NSQ public table (manufacturer address),https://cdscoonline.gov.in/CDSCO/viewPublicNSQDrug,2026-09-27T07:50:40Z,REAL
MFR-SMB-HEALTHCARE-75950C,SMB Healthcare,,,CDSCO NSQ public table (manufacturer address),https://cdscoonline.gov.in/CDSCO/viewPublicNSQDrug,2026-09-27T07:50:40Z,REAL
MFR-SMBJ-PHARMACEUTICALS-17A7C3,SMBJ Pharmaceuticals Pvt Ltd,Haryana,,CDSCO NSQ public table (manufacturer address),https://cdscoonline.gov.in/CDSCO/viewPublicNSQDrug,2026-09-27T07:50:40Z,REAL
MFR-SMILAX-HEALTHCARE-DRUG-A8BCA8,Smilax Healthcare Drug Co,Himachal Pradesh,,CDSCO NSQ public table (manufacturer address),https://cdscoonline.gov.in/CDSCO/viewPublicNSQDrug,2026-09-27T07:50:40Z,REAL
MFR-SMITH-KENNER-PHARMACEUTI-3F13AE,Smith & Kenner Pharmaceuticals Pvt.Ltd,Telangana,,CDSCO NSQ public table (manufacturer address),https://cdscoonline.gov.in/CDSCO/viewPublicNSQDrug,2026-09-27T07:50:40Z,REAL
MFR-SNEHAI-PHARMA-SURGICALS-49A6F4,Snehai Pharma & Surgicals Pvt. Ltd,Maharashtra,,CDSCO NSQ public table (manufacturer address),https://cdscoonline.gov.in/CDSCO/viewPublicNSQDrug,2026-09-27T07:50:40Z,REAL
MFR-SNEHAL-PHARMA-SURGICALS-D49AAD,Snehal Pharma & Surgicals Pvt. Ltd. B-1/11,Maharashtra,,CDSCO NSQ public table (manufacturer address),https://cdscoonline.gov.in/CDSCO/viewPublicNSQDrug,2026-09-27T07:50:40Z,REAL
MFR-SNG-PHARMACEUTICALS-D1BAB7,SNG Pharmaceuticals,,,CDSCO NSQ public table (manufacturer address),https://cdscoonline.gov.in/CDSCO/viewPublicNSQDrug,2026-09-27T07:50:40Z,REAL
MFR-SOFT-MEDICAPS-202F12,Soft Medicaps Ltd,Madhya Pradesh,,CDSCO NSQ public table (manufacturer address),https://cdscoonline.gov.in/CDSCO/viewPublicNSQDrug,2026-09-27T07:50:40Z,REAL
MFR-SOFT-TOUCH-PHARMACEUTICA-26E7BD,Soft Touch Pharmaceuticals India Ltd,,,CDSCO NSQ public table (manufacturer address),https://cdscoonline.gov.in/CDSCO/viewPublicNSQDrug,2026-09-27T07:50:40Z,REAL
MFR-SOFT-TOUCH-PHARMACEUTICA-C7380B,Soft Touch Pharmaceuticals India Lt,Himachal Pradesh,,CDSCO NSQ public table (manufacturer address),https://cdscoonline.gov.in/CDSCO/viewPublicNSQDrug,2026-09-27T07:50:40Z,REAL
MFR-SOHAM-HEALHCARE-57CBD5,Soham Healhcare INC,Gujarat,,CDSCO NSQ public table (manufacturer address),https://cdscoonline.gov.in/CDSCO/viewPublicNSQDrug,2026-09-27T07:50:40Z,REAL
MFR-SOLAC-PHARMACEUTICALS-6B5CDF,Solac Pharmaceuticals Ltd,Gujarat,,CDSCO NSQ public table (manufacturer address),https://cdscoonline.gov.in/CDSCO/viewPublicNSQDrug,2026-09-27T07:50:40Z,REAL
MFR-SOLAR-PHARMACEUTICALS-F02660,Solar Pharmaceuticals,,,CDSCO NSQ public table (manufacturer address),https://cdscoonline.gov.in/CDSCO/viewPublicNSQDrug,2026-09-27T07:50:40Z,REAL
MFR-SOLITAIRE-PHARMACIA-4FAC88,Solitaire Pharmacia Pvt. Ltd,Himachal Pradesh,,CDSCO NSQ public table (manufacturer address),https://cdscoonline.gov.in/CDSCO/viewPublicNSQDrug,2026-09-27T07:50:40Z,REAL
MFR-SOTAC-HEALTHCARE-A97E05,Sotac Healthcare Private Limited,Gujarat,,CDSCO NSQ public table (manufacturer address),https://cdscoonline.gov.in/CDSCO/viewPublicNSQDrug,2026-09-27T07:50:40Z,REAL
MFR-SOTAC-PHARMACEUTICALS-AEF11C,Sotac Pharmaceuticals Ltd,Gujarat,,CDSCO NSQ public table (manufacturer address),https://cdscoonline.gov.in/CDSCO/viewPublicNSQDrug,2026-09-27T07:50:40Z,REAL
MFR-SOUTH-EAST-PHARMACEUTICA-59CD3C,South East pharmaceuticals,,,CDSCO NSQ public table (manufacturer address),https://cdscoonline.gov.in/CDSCO/viewPublicNSQDrug,2026-09-27T07:50:40Z,REAL
MFR-SPANKER-BIOTECH-9E2805,Spanker Biotech Ltd,Himachal Pradesh,,CDSCO NSQ public table (manufacturer address),https://cdscoonline.gov.in/CDSCO/viewPublicNSQDrug,2026-09-27T07:50:40Z,REAL
MFR-SPAS-REMEDIES-917AB7,SPAS Remedies,,,CDSCO NSQ public table (manufacturer address),https://cdscoonline.gov.in/CDSCO/viewPublicNSQDrug,2026-09-27T07:50:40Z,REAL
MFR-SPAS-REMEDISE-7D9F89,SPAS REMEDISE,Himachal Pradesh,,CDSCO NSQ public table (manufacturer address),https://cdscoonline.gov.in/CDSCO/viewPublicNSQDrug,2026-09-27T07:50:40Z,REAL
MFR-SPECTRUM-FORMULATION-520BFD,Spectrum Formulation Pvt. Ltd,,,CDSCO NSQ public table (manufacturer address),https://cdscoonline.gov.in/CDSCO/viewPublicNSQDrug,2026-09-27T07:50:40Z,REAL
MFR-SPEN-FORMULATIONS-300E33,Spen Formulations Pvt. Ltd,Himachal Pradesh,,CDSCO NSQ public table (manufacturer address),https://cdscoonline.gov.in/CDSCO/viewPublicNSQDrug,2026-09-27T07:50:40Z,REAL
MFR-SPINKA-PHARMA-03A435,Spinka Pharma,,,CDSCO NSQ public table (manufacturer address),https://cdscoonline.gov.in/CDSCO/viewPublicNSQDrug,2026-09-27T07:50:40Z,REAL
MFR-SPM-DRUGS-6E63CE,SPM Drugs,,,CDSCO NSQ public table (manufacturer address),https://cdscoonline.gov.in/CDSCO/viewPublicNSQDrug,2026-09-27T07:50:40Z,REAL
MFR-SPOORTHI-HERBALS-NO-299-541183,Spoorthi Herbals No.:299,Karnataka,,CDSCO NSQ public table (manufacturer address),https://cdscoonline.gov.in/CDSCO/viewPublicNSQDrug,2026-09-27T07:50:40Z,REAL
MFR-SPRIVIL-HEALTHCARE-L-1-4-CD9209,Sprivil Healthcare Pvt. Ltd. L-1/4,,,CDSCO NSQ public table (manufacturer address),https://cdscoonline.gov.in/CDSCO/viewPublicNSQDrug,2026-09-27T07:50:40Z,REAL
MFR-SPYCAA-LIFE-CARE-SCIENCE-721627,Spycaa Life care Sciences Private Limited,,,CDSCO NSQ public table (manufacturer address),https://cdscoonline.gov.in/CDSCO/viewPublicNSQDrug,2026-09-27T07:50:40Z,REAL
MFR-SQUARE-PHARMACEUTICALS-809FF8,Square Pharmaceuticals,,,CDSCO NSQ public table (manufacturer address),https://cdscoonline.gov.in/CDSCO/viewPublicNSQDrug,2026-09-27T07:50:40Z,REAL
MFR-SREE-SAIE-PHARMA-03611F,Sree Saie Pharma,Tamil Nadu,,CDSCO NSQ public table (manufacturer address),https://cdscoonline.gov.in/CDSCO/viewPublicNSQDrug,2026-09-27T07:50:40Z,REAL
MFR-SRESAN-PHARMACEUTICAL-MA-0790FD,Sresan Pharmaceutical Manufacturer,,,CDSCO NSQ public table (manufacturer address),https://cdscoonline.gov.in/CDSCO/viewPublicNSQDrug,2026-09-27T07:50:40Z,REAL
MFR-SRESAN-PHARMACEUTICAL-MA-647F69,Sresan Pharmaceutical Manufacturer No,,,CDSCO NSQ public table (manufacturer address),https://cdscoonline.gov.in/CDSCO/viewPublicNSQDrug,2026-09-27T07:50:40Z,REAL
MFR-SRESAN-PHARMACEUTICALS-M-C18512,Sresan Pharmaceuticals Manufacturer,,,CDSCO NSQ public table (manufacturer address),https://cdscoonline.gov.in/CDSCO/viewPublicNSQDrug,2026-09-27T07:50:40Z,REAL
MFR-SRI-RAM-HEALTHCARE-82DF19,Sri Ram Healthcare Pvt. Ltd,Himachal Pradesh,,CDSCO NSQ public table (manufacturer address),https://cdscoonline.gov.in/CDSCO/viewPublicNSQDrug,2026-09-27T07:50:40Z,REAL
MFR-SRI-VISHNURAM-45DEA2,Sri Vishnuram Company,Tamil Nadu,,CDSCO NSQ public table (manufacturer address),https://cdscoonline.gov.in/CDSCO/viewPublicNSQDrug,2026-09-27T07:50:40Z,REAL
MFR-SRINIJA-PARENTERALS-DE2ED9,Srinija Parenterals,,,CDSCO NSQ public table (manufacturer address),https://cdscoonline.gov.in/CDSCO/viewPublicNSQDrug,2026-09-27T07:50:40Z,REAL
MFR-SS-ENTERPRISES-F-76-F5B2F1,SS Enterprises F-76,Uttar Pradesh,,CDSCO NSQ public table (manufacturer address),https://cdscoonline.gov.in/CDSCO/viewPublicNSQDrug,2026-09-27T07:50:40Z,REAL
MFR-STADMED-C-18-7B00DD,Stadmed Pvt. Ltd. C-18,,,CDSCO NSQ public table (manufacturer address),https://cdscoonline.gov.in/CDSCO/viewPublicNSQDrug,2026-09-27T07:50:40Z,REAL
MFR-STAFFORD-LABORATORIES-2890A9,Stafford Laboratories Pvt. Ltd,,,CDSCO NSQ public table (manufacturer address),https://cdscoonline.gov.in/CDSCO/viewPublicNSQDrug,2026-09-27T07:50:40Z,REAL
MFR-STANDARD-PHARMACEUTICALS-AC94C3,Standard Pharmaceuticals Ltd,West Bengal,,CDSCO NSQ public table (manufacturer address),https://cdscoonline.gov.in/CDSCO/viewPublicNSQDrug,2026-09-27T07:50:40Z,REAL
MFR-STANDFORD-LABORATORIES-36E3A9,Standford Laboratories Private Limited,,,CDSCO NSQ public table (manufacturer address),https://cdscoonline.gov.in/CDSCO/viewPublicNSQDrug,2026-09-27T07:50:40Z,REAL
MFR-STANFORD-LABORATORIES-217FFF,Stanford Laboratories Pvt. Ltd,Himachal Pradesh,,CDSCO NSQ public table (manufacturer address),https://cdscoonline.gov.in/CDSCO/viewPublicNSQDrug,2026-09-27T07:50:40Z,REAL
MFR-STANMAX-LABORATORIES-CEBF9E,Stanmax Laboratories Pvt. Ltd,,,CDSCO NSQ public table (manufacturer address),https://cdscoonline.gov.in/CDSCO/viewPublicNSQDrug,2026-09-27T07:50:40Z,REAL
MFR-STAR-FILTERATION-SYSTEM-0561C2,Star Filteration System,Himachal Pradesh,,CDSCO NSQ public table (manufacturer address),https://cdscoonline.gov.in/CDSCO/viewPublicNSQDrug,2026-09-27T07:50:40Z,REAL
MFR-STAR-FILTERATION-SYSTEMS-B4E391,Star Filteration Systems,,,CDSCO NSQ public table (manufacturer address),https://cdscoonline.gov.in/CDSCO/viewPublicNSQDrug,2026-09-27T07:50:40Z,REAL
MFR-STEADFAST-EDISHIELD-10BD13,Steadfast edishield Pvt. Ltd,,,CDSCO NSQ public table (manufacturer address),https://cdscoonline.gov.in/CDSCO/viewPublicNSQDrug,2026-09-27T07:50:40Z,REAL
MFR-STEDMAN-PHARMACEUTICALS-EC5850,Stedman Pharmaceuticals Pvt Ltd,,,CDSCO NSQ public table (manufacturer address),https://cdscoonline.gov.in/CDSCO/viewPublicNSQDrug,2026-09-27T07:50:40Z,REAL
MFR-STEDMAN-PHARMCEUTICALS-1BD78E,Stedman Pharmceuticals Pvt.Ltd,,,CDSCO NSQ public table (manufacturer address),https://cdscoonline.gov.in/CDSCO/viewPublicNSQDrug,2026-09-27T07:50:40Z,REAL
MFR-STERISAFE-HEALTH-SOLUTIO-4A5048,STERISAFE HEALTH SOLUTIONS,,,CDSCO NSQ public table (manufacturer address),https://cdscoonline.gov.in/CDSCO/viewPublicNSQDrug,2026-09-27T07:50:40Z,REAL
MFR-STERLIFE-BIOTECH-7DE4A3,Sterlife Biotech Pvt.Ltd,,,CDSCO NSQ public table (manufacturer address),https://cdscoonline.gov.in/CDSCO/viewPublicNSQDrug,2026-09-27T07:50:40Z,REAL
MFR-STRAUSSWELL-ORGANICS-11FDCD,Strausswell Organics,,,CDSCO NSQ public table (manufacturer address),https://cdscoonline.gov.in/CDSCO/viewPublicNSQDrug,2026-09-27T07:50:40Z,REAL
MFR-STRIDE-ORGANICS-84B84F,Stride Organics Private Limited,Telangana,,CDSCO NSQ public table (manufacturer address),https://cdscoonline.gov.in/CDSCO/viewPublicNSQDrug,2026-09-27T07:50:40Z,REAL
MFR-SUCANTIS-BIO-TECH-A79B60,Sucantis Bio Tech Pvt. Ltd,Uttarakhand,,CDSCO NSQ public table (manufacturer address),https://cdscoonline.gov.in/CDSCO/viewPublicNSQDrug,2026-09-27T07:50:40Z,REAL
MFR-SUMAR-BIOTECH-920A17,Sumar Biotech LLP,Gujarat,,CDSCO NSQ public table (manufacturer address),https://cdscoonline.gov.in/CDSCO/viewPublicNSQDrug,2026-09-27T07:50:40Z,REAL
MFR-SUN-PHARMACEUTICALS-IND-8C35D3,Sun Pharmaceuticals Ind. Ltd,,,CDSCO NSQ public table (manufacturer address),https://cdscoonline.gov.in/CDSCO/viewPublicNSQDrug,2026-09-27T07:50:40Z,REAL
MFR-SUNFINE-HEALTHCARE-3BBE5A,Sunfine Healthcare,,,CDSCO NSQ public table (manufacturer address),https://cdscoonline.gov.in/CDSCO/viewPublicNSQDrug,2026-09-27T07:50:40Z,REAL
MFR-SUNLIFE-SCIENCES-96B91D,Sunlife Sciences,,,CDSCO NSQ public table (manufacturer address),https://cdscoonline.gov.in/CDSCO/viewPublicNSQDrug,2026-09-27T07:50:40Z,REAL
MFR-SUNNY-INDUSTRIES-198C78,Sunny Industries Private Ltd,,,CDSCO NSQ public table (manufacturer address),https://cdscoonline.gov.in/CDSCO/viewPublicNSQDrug,2026-09-27T07:50:40Z,REAL
MFR-SUNRISE-INTERNATIONAL-LA-29EE74,Sunrise International Labs Ltd,Telangana,,CDSCO NSQ public table (manufacturer address),https://cdscoonline.gov.in/CDSCO/viewPublicNSQDrug,2026-09-27T07:50:40Z,REAL
MFR-SUNVET-HEALTH-CARE-6B9AD3,Sunvet Health Care,Himachal Pradesh,,CDSCO NSQ public table (manufacturer address),https://cdscoonline.gov.in/CDSCO/viewPublicNSQDrug,2026-09-27T07:50:40Z,REAL
MFR-SUNVET-HEALTHCARE-C15FF8,Sunvet Healthcare,Himachal Pradesh,,CDSCO NSQ public table (manufacturer address),https://cdscoonline.gov.in/CDSCO/viewPublicNSQDrug,2026-09-27T07:50:40Z,REAL
MFR-SUNVET-PHARMA-BC3F1F,Sunvet Pharma Pvt. Ltd,Himachal Pradesh,,CDSCO NSQ public table (manufacturer address),https://cdscoonline.gov.in/CDSCO/viewPublicNSQDrug,2026-09-27T07:50:40Z,REAL
MFR-SUNVIJ-DRUGS-5B87A1,Sunvij Drugs Private Limited,Gujarat,,CDSCO NSQ public table (manufacturer address),https://cdscoonline.gov.in/CDSCO/viewPublicNSQDrug,2026-09-27T07:50:40Z,REAL
MFR-SUPER-FOMULATIONS-54B4FE,Super Fomulations Pvt. Ltd,,,CDSCO NSQ public table (manufacturer address),https://cdscoonline.gov.in/CDSCO/viewPublicNSQDrug,2026-09-27T07:50:40Z,REAL
MFR-SUPER-FORMULATION-5CAC92,Super Formulation Pvt Ltd,,,CDSCO NSQ public table (manufacturer address),https://cdscoonline.gov.in/CDSCO/viewPublicNSQDrug,2026-09-27T07:50:40Z,REAL
MFR-SUPER-FORMULATIONS-BB9219,Super formulations Pvt. Ltd,,,CDSCO NSQ public table (manufacturer address),https://cdscoonline.gov.in/CDSCO/viewPublicNSQDrug,2026-09-27T07:50:40Z,REAL
MFR-SUPER-VAISHALI-LABORATOR-97D633,Super Vaishali Laboratories,Bihar,,CDSCO NSQ public table (manufacturer address),https://cdscoonline.gov.in/CDSCO/viewPublicNSQDrug,2026-09-27T07:50:40Z,REAL
MFR-SUPERCURE-BIOTECH-8AE5E8,Supercure Biotech Pvt. Ltd,Haryana,,CDSCO NSQ public table (manufacturer address),https://cdscoonline.gov.in/CDSCO/viewPublicNSQDrug,2026-09-27T07:50:40Z,REAL
MFR-SUPERMAX-DRUGS-DRUGS-PHA-9469C3,Supermax Drugs & Drugs Pharmaceuticals Pvt. Ltd,Uttarakhand,,CDSCO NSQ public table (manufacturer address),https://cdscoonline.gov.in/CDSCO/viewPublicNSQDrug,2026-09-27T07:50:40Z,REAL
MFR-SUPERMAX-DRUGS-PHARMACEU-C60746,Supermax Drugs & Pharmaceuticals Pvt. Ltd,Uttarakhand,,CDSCO NSQ public table (manufacturer address),https://cdscoonline.gov.in/CDSCO/viewPublicNSQDrug,2026-09-27T07:50:40Z,REAL
MFR-SUPERMAX-DRUGS-PHARNACEU-B095E7,Supermax Drugs & Pharnaceuticals,Delhi,,CDSCO NSQ public table (manufacturer address),https://cdscoonline.gov.in/CDSCO/viewPublicNSQDrug,2026-09-27T07:50:40Z,REAL
MFR-SUPERMAX-LABORATORIES-3110DD,Supermax Laboratories,,,CDSCO NSQ public table (manufacturer address),https://cdscoonline.gov.in/CDSCO/viewPublicNSQDrug,2026-09-27T07:50:40Z,REAL
MFR-SUPREME-CHEMICALS-48DE0E,Supreme Chemicals,,,CDSCO NSQ public table (manufacturer address),https://cdscoonline.gov.in/CDSCO/viewPublicNSQDrug,2026-09-27T07:50:40Z,REAL
MFR-SUPREX-LABORATORIES-C06B10,Suprex Laboratories,,,CDSCO NSQ public table (manufacturer address),https://cdscoonline.gov.in/CDSCO/viewPublicNSQDrug,2026-09-27T07:50:40Z,REAL
MFR-SURAKSHA-PHARMA-907C75,Suraksha Pharma Pvt Ltd,Uttarakhand,,CDSCO NSQ public table (manufacturer address),https://cdscoonline.gov.in/CDSCO/viewPublicNSQDrug,2026-09-27T07:50:40Z,REAL
MFR-SURFACTANTS-AND-ALLIED-C-750CC1,Surfactants and Allied Chemicals,,,CDSCO NSQ public table (manufacturer address),https://cdscoonline.gov.in/CDSCO/viewPublicNSQDrug,2026-09-27T07:50:40Z,REAL
MFR-SURGE-PHARMACEUTICALS-C8003D,Surge Pharmaceuticals Pvt. Ltd,Maharashtra,,CDSCO NSQ public table (manufacturer address),https://cdscoonline.gov.in/CDSCO/viewPublicNSQDrug,2026-09-27T07:50:40Z,REAL
MFR-SVP-LIFE-SCIENCE-EED2C0,SVP Life science,,,CDSCO NSQ public table (manufacturer address),https://cdscoonline.gov.in/CDSCO/viewPublicNSQDrug,2026-09-27T07:50:40Z,REAL
MFR-SVP-LIFE-SCIENCES-C-10-1-560857,SVP Life Sciences - C/10-1 Sara Industrial Estate,,,CDSCO NSQ public table (manufacturer address),https://cdscoonline.gov.in/CDSCO/viewPublicNSQDrug,2026-09-27T07:50:40Z,REAL
MFR-SVP-LIFE-SCIENCES-D0DE12,SVP Life Sciences,,,CDSCO NSQ public table (manufacturer address),https://cdscoonline.gov.in/CDSCO/viewPublicNSQDrug,2026-09-27T07:50:40Z,REAL
MFR-SVR-HEALTHCARE-1A4988,SVR Healthcare,,,CDSCO NSQ public table (manufacturer address),https://cdscoonline.gov.in/CDSCO/viewPublicNSQDrug,2026-09-27T07:50:40Z,REAL
MFR-SWAROOP-PHARMACEUTICALS-0D6CC4,Swaroop Pharmaceuticals Pvt. Ltd,,,CDSCO NSQ public table (manufacturer address),https://cdscoonline.gov.in/CDSCO/viewPublicNSQDrug,2026-09-27T07:50:40Z,REAL
MFR-SWAROOP-PHARMACEUTICALS-7BF0A6,Swaroop Pharmaceuticals Pvt. Ltd. A-10,Uttar Pradesh,,CDSCO NSQ public table (manufacturer address),https://cdscoonline.gov.in/CDSCO/viewPublicNSQDrug,2026-09-27T07:50:40Z,REAL
MFR-SWASTIK-PHARMACEUTICALS-FC1EC7,The Swastik Pharmaceuticals,Andhra Pradesh,,CDSCO NSQ public table (manufacturer address),https://cdscoonline.gov.in/CDSCO/viewPublicNSQDrug,2026-09-27T07:50:40Z,REAL
MFR-SWEFN-PHARMACEUTICALS-D64282,Swefn Pharmaceuticals Pvt. Ltd,,,CDSCO NSQ public table (manufacturer address),https://cdscoonline.gov.in/CDSCO/viewPublicNSQDrug,2026-09-27T07:50:40Z,REAL
MFR-SWIFT-LIFE-SCIENCES-A40253,SWIFT LIFE SCIENCES PVT. LTD,,,CDSCO NSQ public table (manufacturer address),https://cdscoonline.gov.in/CDSCO/viewPublicNSQDrug,2026-09-27T07:50:40Z,REAL
MFR-SWISS-GARNIER-LIFE-SCIEN-6B56C9,Swiss Garnier Life Sciences,Himachal Pradesh,,CDSCO NSQ public table (manufacturer address),https://cdscoonline.gov.in/CDSCO/viewPublicNSQDrug,2026-09-27T07:50:40Z,REAL
MFR-SWISS-GARNIER-LIFE-SCIEN-A2B92F,Swiss Garnier Life Sciences NO,Himachal Pradesh,,CDSCO NSQ public table (manufacturer address),https://cdscoonline.gov.in/CDSCO/viewPublicNSQDrug,2026-09-27T07:50:40Z,REAL
MFR-SWISS-PARENTERALS-F8F77C,Swiss Parenterals Ltd,Gujarat,,CDSCO NSQ public table (manufacturer address),https://cdscoonline.gov.in/CDSCO/viewPublicNSQDrug,2026-09-27T07:50:40Z,REAL
MFR-SYMBIOSIS-PHARMACEUTICAL-428E5B,Symbiosis Pharmaceuticals Pvt. Ltd. - At : C/o Ovation Remedies,,,CDSCO NSQ public table (manufacturer address),https://cdscoonline.gov.in/CDSCO/viewPublicNSQDrug,2026-09-27T07:50:40Z,REAL
MFR-SYMBIOSIS-PHARMACEUTICAL-4F43AB,Symbiosis Pharmaceuticals Pvt. Ltd. Suketi Road,,,CDSCO NSQ public table (manufacturer address),https://cdscoonline.gov.in/CDSCO/viewPublicNSQDrug,2026-09-27T07:50:40Z,REAL
MFR-SYMBIOSIS-PHARMACEUTICAL-64BFAE,Symbiosis Pharmaceuticals Pvt. Ltd,,,CDSCO NSQ public table (manufacturer address),https://cdscoonline.gov.in/CDSCO/viewPublicNSQDrug,2026-09-27T07:50:40Z,REAL
MFR-SYMBIOSIS-PHARMACEUTICAL-A3F475,Symbiosis Pharmaceuticals PvtLtd At .Ovatio Remedies Behind IITT Ergg Collage Trilokpur Road Kala Amb173030,,,CDSCO NSQ public table (manufacturer address),https://cdscoonline.gov.in/CDSCO/viewPublicNSQDrug,2026-09-27T07:50:40Z,REAL
MFR-SYNCOM-FORMULATIONS-C6A8AF,Syncom Formulations,Madhya Pradesh,,CDSCO NSQ public table (manufacturer address),https://cdscoonline.gov.in/CDSCO/viewPublicNSQDrug,2026-09-27T07:50:40Z,REAL
MFR-SYNDICATE-PHARMA-52D69C,Syndicate Pharma,Madhya Pradesh,,CDSCO NSQ public table (manufacturer address),https://cdscoonline.gov.in/CDSCO/viewPublicNSQDrug,2026-09-27T07:50:40Z,REAL
MFR-SYNERGENE-ACTIVE-INGREDI-DD2D10,Synergene Active Ingredients Pvt. Ltd,,,CDSCO NSQ public table (manufacturer address),https://cdscoonline.gov.in/CDSCO/viewPublicNSQDrug,2026-09-27T07:50:40Z,REAL
MFR-SYNMEDIC-LABORATORIES-20AD2D,Synmedic Laboratories,Rajasthan,,CDSCO NSQ public table (manufacturer address),https://cdscoonline.gov.in/CDSCO/viewPublicNSQDrug,2026-09-27T07:50:40Z,REAL
MFR-SYNMEDIC-LABORATORIES-SP-14658A,Synmedic Laboratories SP-3-5 A And C,Rajasthan,,CDSCO NSQ public table (manufacturer address),https://cdscoonline.gov.in/CDSCO/viewPublicNSQDrug,2026-09-27T07:50:40Z,REAL
MFR-SYNOKEM-LIFESCIENCES-7E2498,Synokem Lifesciences Pvt. Ltd,,,CDSCO NSQ public table (manufacturer address),https://cdscoonline.gov.in/CDSCO/viewPublicNSQDrug,2026-09-27T07:50:40Z,REAL
MFR-SYNOKEM-PHARMACEUTICALS-E105FF,Synokem Pharmaceuticals Ltd,Uttarakhand,,CDSCO NSQ public table (manufacturer address),https://cdscoonline.gov.in/CDSCO/viewPublicNSQDrug,2026-09-27T07:50:40Z,REAL
MFR-SYSTOCHEM-LABORATORIES-32C920,Systochem Laboratories Ltd,Uttar Pradesh,,CDSCO NSQ public table (manufacturer address),https://cdscoonline.gov.in/CDSCO/viewPublicNSQDrug,2026-09-27T07:50:40Z,REAL
MFR-SYSTOCHEM-LABORATORIES-B-1B9F74,Systochem Laboratories Ltd. B-75 Roop Nagar,,,CDSCO NSQ public table (manufacturer address),https://cdscoonline.gov.in/CDSCO/viewPublicNSQDrug,2026-09-27T07:50:40Z,REAL
MFR-SYSTOLE-REMEDIES-12A174,SYSTOLE REMEDIES PVT. LTD,Himachal Pradesh,,CDSCO NSQ public table (manufacturer address),https://cdscoonline.gov.in/CDSCO/viewPublicNSQDrug,2026-09-27T07:50:40Z,REAL
MFR-T-G-MEDICARE-DF9887,T & G Medicare,Himachal Pradesh,,CDSCO NSQ public table (manufacturer address),https://cdscoonline.gov.in/CDSCO/viewPublicNSQDrug,2026-09-27T07:50:40Z,REAL
MFR-T-WALKERS-PHARMACEUTICAL-A19F1E,T Walkers Pharmaceuticals Pvt Ltd,Maharashtra,,CDSCO NSQ public table (manufacturer address),https://cdscoonline.gov.in/CDSCO/viewPublicNSQDrug,2026-09-27T07:50:40Z,REAL
MFR-TAJ-PHARMA-BB7A1F,Taj Pharma India Ltd,Gujarat,,CDSCO NSQ public table (manufacturer address),https://cdscoonline.gov.in/CDSCO/viewPublicNSQDrug,2026-09-27T07:50:40Z,REAL
MFR-TAKSA-LIFESCIENCE-E-47-F65138,Taksa Lifescience E-47,,,CDSCO NSQ public table (manufacturer address),https://cdscoonline.gov.in/CDSCO/viewPublicNSQDrug,2026-09-27T07:50:40Z,REAL
MFR-TAKSA-LIFESCIENCE-FE6364,Taksa Lifescience,,,CDSCO NSQ public table (manufacturer address),https://cdscoonline.gov.in/CDSCO/viewPublicNSQDrug,2026-09-27T07:50:40Z,REAL
MFR-TAKSA-LIFESCIENCES-548BE1,Taksa Lifesciences Pvt. Ltd,,,CDSCO NSQ public table (manufacturer address),https://cdscoonline.gov.in/CDSCO/viewPublicNSQDrug,2026-09-27T07:50:40Z,REAL
MFR-TALENT-HEALTHCARE-55CEAF,Talent Healthcare,Uttarakhand,,CDSCO NSQ public table (manufacturer address),https://cdscoonline.gov.in/CDSCO/viewPublicNSQDrug,2026-09-27T07:50:40Z,REAL
MFR-TAMMAN-TITOE-PHARMA-6C4308,Tamman Titoe Pharma Pvt. Ltd,,,CDSCO NSQ public table (manufacturer address),https://cdscoonline.gov.in/CDSCO/viewPublicNSQDrug,2026-09-27T07:50:40Z,REAL
MFR-TANMED-PHARMA-97F3AE,Tanmed Pharma,,,CDSCO NSQ public table (manufacturer address),https://cdscoonline.gov.in/CDSCO/viewPublicNSQDrug,2026-09-27T07:50:40Z,REAL
MFR-TANPAL-PHARMACEUTICALS-8F9202,Tanpal Pharmaceuticals,,,CDSCO NSQ public table (manufacturer address),https://cdscoonline.gov.in/CDSCO/viewPublicNSQDrug,2026-09-27T07:50:40Z,REAL
MFR-TANPAL-PHARMACEUTICALS-D-2696A3,Tanpal Pharmaceuticals D-12-13,Punjab,,CDSCO NSQ public table (manufacturer address),https://cdscoonline.gov.in/CDSCO/viewPublicNSQDrug,2026-09-27T07:50:40Z,REAL
MFR-TAURUS-LIFE-SCIENCES-71973D,Taurus Life Sciences Ltd,,,CDSCO NSQ public table (manufacturer address),https://cdscoonline.gov.in/CDSCO/viewPublicNSQDrug,2026-09-27T07:50:40Z,REAL
MFR-TEEDEECOL-8F2353,Teedeecol,Odisha,,CDSCO NSQ public table (manufacturer address),https://cdscoonline.gov.in/CDSCO/viewPublicNSQDrug,2026-09-27T07:50:40Z,REAL
MFR-TERRACE-PHARMACEUTICALS-60DC90,Terrace Pharmaceuticals,,,CDSCO NSQ public table (manufacturer address),https://cdscoonline.gov.in/CDSCO/viewPublicNSQDrug,2026-09-27T07:50:40Z,REAL
MFR-TEXAS-LIFESCIENCES-A54DB2,Texas Lifesciences Pvt. Ltd,,,CDSCO NSQ public table (manufacturer address),https://cdscoonline.gov.in/CDSCO/viewPublicNSQDrug,2026-09-27T07:50:40Z,REAL
MFR-THAIGER-PHARMA-BC4F59,Thaiger Pharma,,,CDSCO NSQ public table (manufacturer address),https://cdscoonline.gov.in/CDSCO/viewPublicNSQDrug,2026-09-27T07:50:40Z,REAL
MFR-THEMIS-MEDICARE-E982A7,Themis Medicare Limited,Uttarakhand,,CDSCO NSQ public table (manufacturer address),https://cdscoonline.gov.in/CDSCO/viewPublicNSQDrug,2026-09-27T07:50:40Z,REAL
MFR-THEON-PHARMACEUTICALS-272B11,Theon Pharmaceuticals Ltd,Himachal Pradesh,,CDSCO NSQ public table (manufacturer address),https://cdscoonline.gov.in/CDSCO/viewPublicNSQDrug,2026-09-27T07:50:40Z,REAL
MFR-THERMO-FISHER-SCIENTIFIC-DF5D4D,Thermo Fisher scientific India Pvt. Ltd. At,,,CDSCO NSQ public table (manufacturer address),https://cdscoonline.gov.in/CDSCO/viewPublicNSQDrug,2026-09-27T07:50:40Z,REAL
MFR-THORAB-PHARMA-AND-RESEAR-E62604,Thorab Pharma and Research Laboratory,Puducherry,,CDSCO NSQ public table (manufacturer address),https://cdscoonline.gov.in/CDSCO/viewPublicNSQDrug,2026-09-27T07:50:40Z,REAL
MFR-THREE-B-HEALTHCARE-02B247,Three B Healthcare Ltd,Himachal Pradesh,,CDSCO NSQ public table (manufacturer address),https://cdscoonline.gov.in/CDSCO/viewPublicNSQDrug,2026-09-27T07:50:40Z,REAL
MFR-TIBA-PHARMACEUTICALS-2FD74C,Tiba Pharmaceuticals Pvt.Ltd,,,CDSCO NSQ public table (manufacturer address),https://cdscoonline.gov.in/CDSCO/viewPublicNSQDrug,2026-09-27T07:50:40Z,REAL
MFR-TICOMA-PHARMACIA-E-17-EF82CD,Ticoma Pharmacia.. E-17,,,CDSCO NSQ public table (manufacturer address),https://cdscoonline.gov.in/CDSCO/viewPublicNSQDrug,2026-09-27T07:50:40Z,REAL
MFR-TICOMA-PHARMACIA-E-17-IN-05CD93,Ticoma Pharmacia E-17 Industrial Focal Point Debrabassi,,,CDSCO NSQ public table (manufacturer address),https://cdscoonline.gov.in/CDSCO/viewPublicNSQDrug,2026-09-27T07:50:40Z,REAL
MFR-TIDAL-LABORATORIES-F273CB,Tidal Laboratories Pvt. Ltd,Himachal Pradesh,,CDSCO NSQ public table (manufacturer address),https://cdscoonline.gov.in/CDSCO/viewPublicNSQDrug,2026-09-27T07:50:40Z,REAL
MFR-TIDAL-LABORATORIES-PATCH-080BBF,Tidal Laboratories Pvt. Ltd. Patch-5,Himachal Pradesh,,CDSCO NSQ public table (manufacturer address),https://cdscoonline.gov.in/CDSCO/viewPublicNSQDrug,2026-09-27T07:50:40Z,REAL
MFR-TIRUPATI-MEDICARE-E192E5,Tirupati Medicare Ltd,,,CDSCO NSQ public table (manufacturer address),https://cdscoonline.gov.in/CDSCO/viewPublicNSQDrug,2026-09-27T07:50:40Z,REAL
MFR-TIRUPATI-MEDICARE-NAHAN-E6C4D0,Tirupati Medicare Ltd. Nahan Road,,,CDSCO NSQ public table (manufacturer address),https://cdscoonline.gov.in/CDSCO/viewPublicNSQDrug,2026-09-27T07:50:40Z,REAL
MFR-TITANES-PHARM-8CB689,Titanes Pharm,,,CDSCO NSQ public table (manufacturer address),https://cdscoonline.gov.in/CDSCO/viewPublicNSQDrug,2026-09-27T07:50:40Z,REAL
MFR-TITANES-PHARMA-8C4103,Titanes Pharma,Himachal Pradesh,,CDSCO NSQ public table (manufacturer address),https://cdscoonline.gov.in/CDSCO/viewPublicNSQDrug,2026-09-27T07:50:40Z,REAL
MFR-TORINO-LABORATORIES-4C0ECA,Torino Laboratories Pvt. Ltd,,,CDSCO NSQ public table (manufacturer address),https://cdscoonline.gov.in/CDSCO/viewPublicNSQDrug,2026-09-27T07:50:40Z,REAL
MFR-TORQUE-PHAMRMACEUTICALS-1DA5FC,Torque Phamrmaceuticals Pvt. Ltd.13B-14,Himachal Pradesh,,CDSCO NSQ public table (manufacturer address),https://cdscoonline.gov.in/CDSCO/viewPublicNSQDrug,2026-09-27T07:50:40Z,REAL
MFR-TORQUE-PHARMACEUTICALS-2B8C67,Torque Pharmaceuticals Pvt. Ltd,Himachal Pradesh,,CDSCO NSQ public table (manufacturer address),https://cdscoonline.gov.in/CDSCO/viewPublicNSQDrug,2026-09-27T07:50:40Z,REAL
MFR-TORRENT-PHARMACEUTICALS-8F9B8C,Torrent Pharmaceuticals Ltd,,,CDSCO NSQ public table (manufacturer address),https://cdscoonline.gov.in/CDSCO/viewPublicNSQDrug,2026-09-27T07:50:40Z,REAL
MFR-TOWA-PHARMA-1F44CA,Towa Pharma Private Limited,,,CDSCO NSQ public table (manufacturer address),https://cdscoonline.gov.in/CDSCO/viewPublicNSQDrug,2026-09-27T07:50:40Z,REAL
MFR-TPD-ASSOCIATES-AT-NO-5E87B8,TPD Associates At: No,Karnataka,,CDSCO NSQ public table (manufacturer address),https://cdscoonline.gov.in/CDSCO/viewPublicNSQDrug,2026-09-27T07:50:40Z,REAL
MFR-TRIDUS-REMEDIES-B712E4,Tridus Remedies,Bihar,,CDSCO NSQ public table (manufacturer address),https://cdscoonline.gov.in/CDSCO/viewPublicNSQDrug,2026-09-27T07:50:40Z,REAL
MFR-TRIMEDIX-PHARMA-9144E7,Trimedix Pharma,Punjab,,CDSCO NSQ public table (manufacturer address),https://cdscoonline.gov.in/CDSCO/viewPublicNSQDrug,2026-09-27T07:50:40Z,REAL
MFR-TRIO-LIFESCIENCE-644AD3,Trio Lifescience Private Ltd,,,CDSCO NSQ public table (manufacturer address),https://cdscoonline.gov.in/CDSCO/viewPublicNSQDrug,2026-09-27T07:50:40Z,REAL
MFR-TRIVENI-FORMULATIONS-88E3AF,Triveni Formulations Limited,,,CDSCO NSQ public table (manufacturer address),https://cdscoonline.gov.in/CDSCO/viewPublicNSQDrug,2026-09-27T07:50:40Z,REAL
MFR-TRUE-LIFE-PHARMA-1BAAD4,True Life Pharma Pvt. Ltd,,,CDSCO NSQ public table (manufacturer address),https://cdscoonline.gov.in/CDSCO/viewPublicNSQDrug,2026-09-27T07:50:40Z,REAL
MFR-TRUELIFE-PHARMA-18-FB50F6,Truelife Pharma Pvt. Ltd.18,,,CDSCO NSQ public table (manufacturer address),https://cdscoonline.gov.in/CDSCO/viewPublicNSQDrug,2026-09-27T07:50:40Z,REAL
MFR-TRUELIXIR-LIFE-SCIENCES-BD74C3,Truelixir Life Sciences Private. Limited,Maharashtra,,CDSCO NSQ public table (manufacturer address),https://cdscoonline.gov.in/CDSCO/viewPublicNSQDrug,2026-09-27T07:50:40Z,REAL
MFR-TRUGEN-PHARMACEUTICALS-BEDA83,Trugen Pharmaceuticals Pvt. Ltd,Uttarakhand,,CDSCO NSQ public table (manufacturer address),https://cdscoonline.gov.in/CDSCO/viewPublicNSQDrug,2026-09-27T07:50:40Z,REAL
MFR-TULBROS-FORMULATIONS-2316E4,Tulbros Formulations,,,CDSCO NSQ public table (manufacturer address),https://cdscoonline.gov.in/CDSCO/viewPublicNSQDrug,2026-09-27T07:50:40Z,REAL
MFR-TUTTSAN-PHARMA-EFFEB9,Tuttsan Pharma Pvt. Ltd,,,CDSCO NSQ public table (manufacturer address),https://cdscoonline.gov.in/CDSCO/viewPublicNSQDrug,2026-09-27T07:50:40Z,REAL
MFR-TWINS-PHARMA-871D50,Twins Pharma,Telangana,,CDSCO NSQ public table (manufacturer address),https://cdscoonline.gov.in/CDSCO/viewPublicNSQDrug,2026-09-27T07:50:40Z,REAL
MFR-TYCHOS-THERAPEUTICS-E8E717,Tychos Therapeutics Pvt. Ltd,,,CDSCO NSQ public table (manufacturer address),https://cdscoonline.gov.in/CDSCO/viewPublicNSQDrug,2026-09-27T07:50:40Z,REAL
MFR-U-S-REGAIN-LABORATORIES-802E4D,U/s. Regain Laboratories,,,CDSCO NSQ public table (manufacturer address),https://cdscoonline.gov.in/CDSCO/viewPublicNSQDrug,2026-09-27T07:50:40Z,REAL
MFR-ULTATECH-PHARMACEUTICAQL-EF741B,Ultatech Pharmaceuticaqls,Himachal Pradesh,,CDSCO NSQ public table (manufacturer address),https://cdscoonline.gov.in/CDSCO/viewPublicNSQDrug,2026-09-27T07:50:40Z,REAL
MFR-ULTRA-DRUGS-48D2E4,Ultra Drugs Pvt. Ltd,,,CDSCO NSQ public table (manufacturer address),https://cdscoonline.gov.in/CDSCO/viewPublicNSQDrug,2026-09-27T07:50:40Z,REAL
MFR-ULTRA-DRUGS-FORMULATIONS-65A002,Ultra Drugs Formulations Pvt Ltd,,,CDSCO NSQ public table (manufacturer address),https://cdscoonline.gov.in/CDSCO/viewPublicNSQDrug,2026-09-27T07:50:40Z,REAL
MFR-ULTRA-DURGS-FORMULATIONS-1BD526,Ultra Durgs Formulations Pvt. Ltd,,,CDSCO NSQ public table (manufacturer address),https://cdscoonline.gov.in/CDSCO/viewPublicNSQDrug,2026-09-27T07:50:40Z,REAL
MFR-ULTRA-LABORATORIES-4B42F5,Ultra Laboratories Pvt. Ltd,Karnataka,,CDSCO NSQ public table (manufacturer address),https://cdscoonline.gov.in/CDSCO/viewPublicNSQDrug,2026-09-27T07:50:40Z,REAL
MFR-ULTRAMARK-HEALTHCARE-679E8E,Ultramark Healthcare Pvt. Ltd,,,CDSCO NSQ public table (manufacturer address),https://cdscoonline.gov.in/CDSCO/viewPublicNSQDrug,2026-09-27T07:50:40Z,REAL
MFR-UNDER-INVESTIGATION-15164E,Under Investigation,,,CDSCO NSQ public table (manufacturer address),https://cdscoonline.gov.in/CDSCO/viewPublicNSQDrug,2026-09-27T07:50:40Z,REAL
MFR-UNI-MEDICOLABS-EFB6F6,Uni Medicolabs,Uttarakhand,,CDSCO NSQ public table (manufacturer address),https://cdscoonline.gov.in/CDSCO/viewPublicNSQDrug,2026-09-27T07:50:40Z,REAL
MFR-UNICURE-631AE3,Unicure India Ltd,,,CDSCO NSQ public table (manufacturer address),https://cdscoonline.gov.in/CDSCO/viewPublicNSQDrug,2026-09-27T07:50:40Z,REAL
MFR-UNICURE-C-21-4DAAFE,Unicure India Ltd C-21,Uttar Pradesh,,CDSCO NSQ public table (manufacturer address),https://cdscoonline.gov.in/CDSCO/viewPublicNSQDrug,2026-09-27T07:50:40Z,REAL
MFR-UNICURES-C-21-6AF827,Unicures India Ltd.C-21,,,CDSCO NSQ public table (manufacturer address),https://cdscoonline.gov.in/CDSCO/viewPublicNSQDrug,2026-09-27T07:50:40Z,REAL
MFR-UNIGROW-PHARMACEUTICALS-ABF727,Unigrow Pharmaceuticals,Himachal Pradesh,,CDSCO NSQ public table (manufacturer address),https://cdscoonline.gov.in/CDSCO/viewPublicNSQDrug,2026-09-27T07:50:40Z,REAL
MFR-UNIMARCK-HEALTHCARE-69EE99,Unimarck Healthcare Ltd,Uttarakhand,,CDSCO NSQ public table (manufacturer address),https://cdscoonline.gov.in/CDSCO/viewPublicNSQDrug,2026-09-27T07:50:40Z,REAL
MFR-UNIQUE-PHARMACEUTICAL-LA-90A518,Unique Pharmaceutical Labs,Gujarat,,CDSCO NSQ public table (manufacturer address),https://cdscoonline.gov.in/CDSCO/viewPublicNSQDrug,2026-09-27T07:50:40Z,REAL
MFR-UNISHARP-ORGANICS-ALAMGI-431DB5,Unisharp Organics Pvt. Ltd. Alamgir,,,CDSCO NSQ public table (manufacturer address),https://cdscoonline.gov.in/CDSCO/viewPublicNSQDrug,2026-09-27T07:50:40Z,REAL
MFR-UNISPEED-PHARMACEUTICALS-1FED46,Unispeed Pharmaceuticals Pvt. Ltd,Himachal Pradesh,,CDSCO NSQ public table (manufacturer address),https://cdscoonline.gov.in/CDSCO/viewPublicNSQDrug,2026-09-27T07:50:40Z,REAL
MFR-UNITED-BIOCEUTICALS-CA8EFB,United Bioceuticals Pvt. Ltd,Uttarakhand,,CDSCO NSQ public table (manufacturer address),https://cdscoonline.gov.in/CDSCO/viewPublicNSQDrug,2026-09-27T07:50:40Z,REAL
MFR-UNITED-COTTON-5B1E9C,United Cotton,,,CDSCO NSQ public table (manufacturer address),https://cdscoonline.gov.in/CDSCO/viewPublicNSQDrug,2026-09-27T07:50:40Z,REAL
MFR-UNIVERSAL-COSMETICS-INDU-135CF0,Universal Cosmetics Industries,Maharashtra,,CDSCO NSQ public table (manufacturer address),https://cdscoonline.gov.in/CDSCO/viewPublicNSQDrug,2026-09-27T07:50:40Z,REAL
MFR-UPICO-MEDICARE-C8BDDA,Upico Medicare Pvt. Ltd,Gujarat,,CDSCO NSQ public table (manufacturer address),https://cdscoonline.gov.in/CDSCO/viewPublicNSQDrug,2026-09-27T07:50:40Z,REAL
MFR-UPKAR-PHARMACEUTIALS-B39B5B,UPKAR PHARMACEUTIALS,Himachal Pradesh,,CDSCO NSQ public table (manufacturer address),https://cdscoonline.gov.in/CDSCO/viewPublicNSQDrug,2026-09-27T07:50:40Z,REAL
MFR-UPKAR-PHARMACEUTICALS-B8A249,Upkar Pharmaceuticals,Himachal Pradesh,,CDSCO NSQ public table (manufacturer address),https://cdscoonline.gov.in/CDSCO/viewPublicNSQDrug,2026-09-27T07:50:40Z,REAL
MFR-USV-60F172,USV Private Limited,,,CDSCO NSQ public table (manufacturer address),https://cdscoonline.gov.in/CDSCO/viewPublicNSQDrug,2026-09-27T07:50:40Z,REAL
MFR-UTTARANCHAL-PHARMACEUTIC-6F88D7,Uttaranchal Pharmaceuticals Pvt Ltd. Kh No,Uttarakhand,,CDSCO NSQ public table (manufacturer address),https://cdscoonline.gov.in/CDSCO/viewPublicNSQDrug,2026-09-27T07:50:40Z,REAL
MFR-VA-LIFE-SCIENCES-94A276,VA Life sciences,,,CDSCO NSQ public table (manufacturer address),https://cdscoonline.gov.in/CDSCO/viewPublicNSQDrug,2026-09-27T07:50:40Z,REAL
MFR-VADSP-PHARMACEUTICALS-8C7B27,VADSP Pharmaceuticals,,,CDSCO NSQ public table (manufacturer address),https://cdscoonline.gov.in/CDSCO/viewPublicNSQDrug,2026-09-27T07:50:40Z,REAL
MFR-VAIDBAN-AYURVED-BHAWAN-826459,Vaidban Ayurved Bhawan,Haryana,,CDSCO NSQ public table (manufacturer address),https://cdscoonline.gov.in/CDSCO/viewPublicNSQDrug,2026-09-27T07:50:40Z,REAL
MFR-VAIDYASALA-VEETIL-OUSHAD-8AA6CB,Vaidyasala Veetil Oushadhasala,,,CDSCO NSQ public table (manufacturer address),https://cdscoonline.gov.in/CDSCO/viewPublicNSQDrug,2026-09-27T07:50:40Z,REAL
MFR-VAPI-CARE-PHARMA-38F338,Vapi Care Pharma Pvt. Ltd,,,CDSCO NSQ public table (manufacturer address),https://cdscoonline.gov.in/CDSCO/viewPublicNSQDrug,2026-09-27T07:50:40Z,REAL
MFR-VARAV-BIOGENESIS-8E649D,Varav Biogenesis Pvt.Ltd,Himachal Pradesh,,CDSCO NSQ public table (manufacturer address),https://cdscoonline.gov.in/CDSCO/viewPublicNSQDrug,2026-09-27T07:50:40Z,REAL
MFR-VARSHA-LABS-C325F9,Varsha Labs LLP,,,CDSCO NSQ public table (manufacturer address),https://cdscoonline.gov.in/CDSCO/viewPublicNSQDrug,2026-09-27T07:50:40Z,REAL
MFR-VATS-BIOTECH-29CCEE,Vats Biotech Pvt Ltd,,,CDSCO NSQ public table (manufacturer address),https://cdscoonline.gov.in/CDSCO/viewPublicNSQDrug,2026-09-27T07:50:40Z,REAL
MFR-VED-LIFESAVERS-DA5BB7,Ved Lifesavers,,,CDSCO NSQ public table (manufacturer address),https://cdscoonline.gov.in/CDSCO/viewPublicNSQDrug,2026-09-27T07:50:40Z,REAL
MFR-VEE-EXCEL-DRUGS-PHARMACE-6944A3,Vee Excel Drugs & Pharmaceuticals,,,CDSCO NSQ public table (manufacturer address),https://cdscoonline.gov.in/CDSCO/viewPublicNSQDrug,2026-09-27T07:50:40Z,REAL
MFR-VEE-LABORATORIES-EEBB6B,Vee Laboratories,Himachal Pradesh,,CDSCO NSQ public table (manufacturer address),https://cdscoonline.gov.in/CDSCO/viewPublicNSQDrug,2026-09-27T07:50:40Z,REAL
MFR-VEGA-BIOTEC-75D730,Vega Biotec Pvt. Ltd,,,CDSCO NSQ public table (manufacturer address),https://cdscoonline.gov.in/CDSCO/viewPublicNSQDrug,2026-09-27T07:50:40Z,REAL
MFR-VELLINTON-HEALTHCARE-D2A52F,Vellinton Healthcare,Himachal Pradesh,,CDSCO NSQ public table (manufacturer address),https://cdscoonline.gov.in/CDSCO/viewPublicNSQDrug,2026-09-27T07:50:40Z,REAL
MFR-VELNEX-MEDICARE-3C2950,Velnex Medicare India Pvt. Ltd,,,CDSCO NSQ public table (manufacturer address),https://cdscoonline.gov.in/CDSCO/viewPublicNSQDrug,2026-09-27T07:50:40Z,REAL
MFR-VELNIK-28DC8A,Velnik India Limited,Rajasthan,,CDSCO NSQ public table (manufacturer address),https://cdscoonline.gov.in/CDSCO/viewPublicNSQDrug,2026-09-27T07:50:40Z,REAL
MFR-VELVETTE-LIFE-STYLE-588C39,Velvette life style Pvt Ltd,Maharashtra,,CDSCO NSQ public table (manufacturer address),https://cdscoonline.gov.in/CDSCO/viewPublicNSQDrug,2026-09-27T07:50:40Z,REAL
MFR-VENUS-BIO-SCIENCES-15FCA1,Venus Bio Sciences Pvt. Ltd,Himachal Pradesh,,CDSCO NSQ public table (manufacturer address),https://cdscoonline.gov.in/CDSCO/viewPublicNSQDrug,2026-09-27T07:50:40Z,REAL
MFR-VERAX-LIFE-SCIENCE-D42542,Verax Life Science Pvt Ltd,,,CDSCO NSQ public table (manufacturer address),https://cdscoonline.gov.in/CDSCO/viewPublicNSQDrug,2026-09-27T07:50:40Z,REAL
MFR-VERAX-LIFE-SCIENCES-024649,Verax Life Sciences Pvt. Ltd,,,CDSCO NSQ public table (manufacturer address),https://cdscoonline.gov.in/CDSCO/viewPublicNSQDrug,2026-09-27T07:50:40Z,REAL
MFR-VERTEX-PHARMA-CHEMICALS-BD8160,Vertex Pharma Chemicals,Puducherry,,CDSCO NSQ public table (manufacturer address),https://cdscoonline.gov.in/CDSCO/viewPublicNSQDrug,2026-09-27T07:50:40Z,REAL
MFR-VET-NEEDA-LABS-E8B206,Vet-needa Labs,,,CDSCO NSQ public table (manufacturer address),https://cdscoonline.gov.in/CDSCO/viewPublicNSQDrug,2026-09-27T07:50:40Z,REAL
MFR-VETSUN-PHARMACEUTICALS-145EE6,Vetsun Pharmaceuticals,,,CDSCO NSQ public table (manufacturer address),https://cdscoonline.gov.in/CDSCO/viewPublicNSQDrug,2026-09-27T07:50:40Z,REAL
MFR-VIDHYASHA-PHARMACEUTICAL-0530ED,Vidhyasha Pharmaceuticals,Himachal Pradesh,,CDSCO NSQ public table (manufacturer address),https://cdscoonline.gov.in/CDSCO/viewPublicNSQDrug,2026-09-27T07:50:40Z,REAL
MFR-VIDIT-HEALTHCARE-F12C8A,Vidit Healthcare,,,CDSCO NSQ public table (manufacturer address),https://cdscoonline.gov.in/CDSCO/viewPublicNSQDrug,2026-09-27T07:50:40Z,REAL
MFR-VIKAS-PHARMACEUTICAL-LAB-791488,Vikas Pharmaceutical Laboratoires,,,CDSCO NSQ public table (manufacturer address),https://cdscoonline.gov.in/CDSCO/viewPublicNSQDrug,2026-09-27T07:50:40Z,REAL
MFR-VIKRAM-LABORATORIES-193A25,Vikram Laboratories,,,CDSCO NSQ public table (manufacturer address),https://cdscoonline.gov.in/CDSCO/viewPublicNSQDrug,2026-09-27T07:50:40Z,REAL
MFR-VILL-DHANA-C62AD3,Vill-Dhana,,,CDSCO NSQ public table (manufacturer address),https://cdscoonline.gov.in/CDSCO/viewPublicNSQDrug,2026-09-27T07:50:40Z,REAL
MFR-VIMAC-7B4934,VIMAC,,,CDSCO NSQ public table (manufacturer address),https://cdscoonline.gov.in/CDSCO/viewPublicNSQDrug,2026-09-27T07:50:40Z,REAL
MFR-VIMSON-DERMA-EBE7A1,Vimson Derma,Gujarat,,CDSCO NSQ public table (manufacturer address),https://cdscoonline.gov.in/CDSCO/viewPublicNSQDrug,2026-09-27T07:50:40Z,REAL
MFR-VINAYAK-MANUTRADE-91F076,VINAYAK MANUTRADE,,,CDSCO NSQ public table (manufacturer address),https://cdscoonline.gov.in/CDSCO/viewPublicNSQDrug,2026-09-27T07:50:40Z,REAL
MFR-VINDAS-CHEMICAL-INDUSTRI-901A5B,Vindas Chemical Industries,,,CDSCO NSQ public table (manufacturer address),https://cdscoonline.gov.in/CDSCO/viewPublicNSQDrug,2026-09-27T07:50:40Z,REAL
MFR-VINI-COSMETICS-588276,VINI Cosmetics Pvt. Ltd,Gujarat,,CDSCO NSQ public table (manufacturer address),https://cdscoonline.gov.in/CDSCO/viewPublicNSQDrug,2026-09-27T07:50:40Z,REAL
MFR-VISION-PARENTAL-CF62A9,Vision Parental Pvt. Ltd,Uttar Pradesh,,CDSCO NSQ public table (manufacturer address),https://cdscoonline.gov.in/CDSCO/viewPublicNSQDrug,2026-09-27T07:50:40Z,REAL
MFR-VISION-PARENTERAL-4F0399,Vision Parenteral Pvt. Ltd,Uttar Pradesh,,CDSCO NSQ public table (manufacturer address),https://cdscoonline.gov.in/CDSCO/viewPublicNSQDrug,2026-09-27T07:50:40Z,REAL
MFR-VITAL-FORMULATIONS-3488EF,Vital Formulations Limited,,,CDSCO NSQ public table (manufacturer address),https://cdscoonline.gov.in/CDSCO/viewPublicNSQDrug,2026-09-27T07:50:40Z,REAL
MFR-VITAL-HEALTHCARE-WORKS-B2F10A,Vital Healthcare Pvt. Ltd works,,,CDSCO NSQ public table (manufacturer address),https://cdscoonline.gov.in/CDSCO/viewPublicNSQDrug,2026-09-27T07:50:40Z,REAL
MFR-VITAL-THERAPEUTICS-FORMU-7979C2,Vital Therapeutics &Formulations Pvt. Ltd,Telangana,,CDSCO NSQ public table (manufacturer address),https://cdscoonline.gov.in/CDSCO/viewPublicNSQDrug,2026-09-27T07:50:40Z,REAL
MFR-VIVEK-PHARMACEUTICALS-968CA4,Vivek Pharmaceuticals Pvt. Ltd,Jammu & Kashmir,,CDSCO NSQ public table (manufacturer address),https://cdscoonline.gov.in/CDSCO/viewPublicNSQDrug,2026-09-27T07:50:40Z,REAL
MFR-VIVEK-PHARMACHEM-D8CBC7,Vivek Pharmachem,,,CDSCO NSQ public table (manufacturer address),https://cdscoonline.gov.in/CDSCO/viewPublicNSQDrug,2026-09-27T07:50:40Z,REAL
MFR-VIVIMED-LABS-D70675,Vivimed Labs Limited,Telangana,,CDSCO NSQ public table (manufacturer address),https://cdscoonline.gov.in/CDSCO/viewPublicNSQDrug,2026-09-27T07:50:40Z,REAL
MFR-VOIZMED-PHARMA-EF9C84,Voizmed Pharma Pvt. Ltd,,,CDSCO NSQ public table (manufacturer address),https://cdscoonline.gov.in/CDSCO/viewPublicNSQDrug,2026-09-27T07:50:40Z,REAL
MFR-VPAM-HEALTHCARE-F362CF,VPAM Healthcare Pvt. Ltd,,,CDSCO NSQ public table (manufacturer address),https://cdscoonline.gov.in/CDSCO/viewPublicNSQDrug,2026-09-27T07:50:40Z,REAL
MFR-VRD-PHARMACEUTICALS-SURG-A2F93A,VRD Pharmaceuticals & Surgicals Pvt Ltd,Himachal Pradesh,,CDSCO NSQ public table (manufacturer address),https://cdscoonline.gov.in/CDSCO/viewPublicNSQDrug,2026-09-27T07:50:40Z,REAL
MFR-VRIHAAN-PHARMACEUTICALS-2335FF,Vrihaan Pharmaceuticals LLP,,,CDSCO NSQ public table (manufacturer address),https://cdscoonline.gov.in/CDSCO/viewPublicNSQDrug,2026-09-27T07:50:40Z,REAL
MFR-VRINDAVAN-GLOBAL-D360C5,Vrindavan Global,Himachal Pradesh,,CDSCO NSQ public table (manufacturer address),https://cdscoonline.gov.in/CDSCO/viewPublicNSQDrug,2026-09-27T07:50:40Z,REAL
MFR-VRINDHA-BIOTECH-7D5F25,Vrindha Biotech Pvt. Ltd,,,CDSCO NSQ public table (manufacturer address),https://cdscoonline.gov.in/CDSCO/viewPublicNSQDrug,2026-09-27T07:50:40Z,REAL
MFR-VS-HEALTHCARE-2BC3A0,VS Healthcare,Delhi,,CDSCO NSQ public table (manufacturer address),https://cdscoonline.gov.in/CDSCO/viewPublicNSQDrug,2026-09-27T07:50:40Z,REAL
MFR-VTV-FORMULATIONS-AT-C90C26,VTV Formulations India Pvt.Ltd.At,Himachal Pradesh,,CDSCO NSQ public table (manufacturer address),https://cdscoonline.gov.in/CDSCO/viewPublicNSQDrug,2026-09-27T07:50:40Z,REAL
MFR-VTV-FORMULATIONS-E986D7,VTV Formulations India Pvt Ltd,,,CDSCO NSQ public table (manufacturer address),https://cdscoonline.gov.in/CDSCO/viewPublicNSQDrug,2026-09-27T07:50:40Z,REAL
MFR-VZOIC-HEALTHCARE-FD0453,Vzoic Healthcare Pvt. Ltd,Punjab,,CDSCO NSQ public table (manufacturer address),https://cdscoonline.gov.in/CDSCO/viewPublicNSQDrug,2026-09-27T07:50:40Z,REAL
MFR-VZOIC-HEALTHCARE-PLOT-NO-5CCDFD,Vzoic Healthcare Pvt. Ltd.Plot No,,,CDSCO NSQ public table (manufacturer address),https://cdscoonline.gov.in/CDSCO/viewPublicNSQDrug,2026-09-27T07:50:40Z,REAL
MFR-WAMIKA-PHARMACEUTICALS-90A07B,Wamika Pharmaceuticals Private Limited,Haryana,,CDSCO NSQ public table (manufacturer address),https://cdscoonline.gov.in/CDSCO/viewPublicNSQDrug,2026-09-27T07:50:40Z,REAL
MFR-WARNER-HINDUSTAN-38422B,Warner Hindustan Pvt. Ltd,,,CDSCO NSQ public table (manufacturer address),https://cdscoonline.gov.in/CDSCO/viewPublicNSQDrug,2026-09-27T07:50:40Z,REAL
MFR-WEISMANNA-HEALTH-CARE-5A28EF,Weismanna Health Care Pvt. Ltd,Andhra Pradesh,,CDSCO NSQ public table (manufacturer address),https://cdscoonline.gov.in/CDSCO/viewPublicNSQDrug,2026-09-27T07:50:40Z,REAL
MFR-WELCURE-REMEDIES-6280E3,Welcure Remedies,Himachal Pradesh,,CDSCO NSQ public table (manufacturer address),https://cdscoonline.gov.in/CDSCO/viewPublicNSQDrug,2026-09-27T07:50:40Z,REAL
MFR-WELCURE-REMEDIES-NAHAN-R-E2E385,Welcure Remedies Nahan Road,Himachal Pradesh,,CDSCO NSQ public table (manufacturer address),https://cdscoonline.gov.in/CDSCO/viewPublicNSQDrug,2026-09-27T07:50:40Z,REAL
MFR-WELDOW-REMEDIES-43E719,Weldow Remedies,,,CDSCO NSQ public table (manufacturer address),https://cdscoonline.gov.in/CDSCO/viewPublicNSQDrug,2026-09-27T07:50:40Z,REAL
MFR-WELLMED-PHARMA-4BA1FE,Wellmed Pharma,,,CDSCO NSQ public table (manufacturer address),https://cdscoonline.gov.in/CDSCO/viewPublicNSQDrug,2026-09-27T07:50:40Z,REAL
MFR-WESTERLIN-DRUGS-INDUSTRI-742871,Westerlin Drugs Pvt. Ltd. Industrial Area Fatuha,,,CDSCO NSQ public table (manufacturer address),https://cdscoonline.gov.in/CDSCO/viewPublicNSQDrug,2026-09-27T07:50:40Z,REAL
MFR-WHIZ-LABORATORIES-D5762F,Whiz Laboratories,,,CDSCO NSQ public table (manufacturer address),https://cdscoonline.gov.in/CDSCO/viewPublicNSQDrug,2026-09-27T07:50:40Z,REAL
MFR-WILCURE-REMEDIES-37320F,Wilcure Remedies Pvt Ltd,,,CDSCO NSQ public table (manufacturer address),https://cdscoonline.gov.in/CDSCO/viewPublicNSQDrug,2026-09-27T07:50:40Z,REAL
MFR-WILCURE-REMEDIES-PH-NO-47001C,Wilcure Remedies Pvt. Ltd.PH No,,,CDSCO NSQ public table (manufacturer address),https://cdscoonline.gov.in/CDSCO/viewPublicNSQDrug,2026-09-27T07:50:40Z,REAL
MFR-WINDLAS-BIOTECH-4E2513,Windlas Biotech Limited,Uttarakhand,,CDSCO NSQ public table (manufacturer address),https://cdscoonline.gov.in/CDSCO/viewPublicNSQDrug,2026-09-27T07:50:40Z,REAL
MFR-WINDLAS-BIOTECH-PLAIN-2-A83D91,Windlas Biotech Limited Plain-2,,,CDSCO NSQ public table (manufacturer address),https://cdscoonline.gov.in/CDSCO/viewPublicNSQDrug,2026-09-27T07:50:40Z,REAL
MFR-WINGS-BIOTECH-772282,Wings Biotech,Himachal Pradesh,,CDSCO NSQ public table (manufacturer address),https://cdscoonline.gov.in/CDSCO/viewPublicNSQDrug,2026-09-27T07:50:40Z,REAL
MFR-WINGS-NOVITAS-HEALTHCARE-026E1B,Wings Novitas Healthcare LLP,Himachal Pradesh,,CDSCO NSQ public table (manufacturer address),https://cdscoonline.gov.in/CDSCO/viewPublicNSQDrug,2026-09-27T07:50:40Z,REAL
MFR-XCELL-LABS-AA32B8,Xcell Labs,,,CDSCO NSQ public table (manufacturer address),https://cdscoonline.gov.in/CDSCO/viewPublicNSQDrug,2026-09-27T07:50:40Z,REAL
MFR-XENONE-HEALTHCARE-1C5D5E,Xenone Healthcare Pvt. Ltd,,,CDSCO NSQ public table (manufacturer address),https://cdscoonline.gov.in/CDSCO/viewPublicNSQDrug,2026-09-27T07:50:40Z,REAL
MFR-XPERIA-CREATION-25A7B7,Xperia Creation,Gujarat,,CDSCO NSQ public table (manufacturer address),https://cdscoonline.gov.in/CDSCO/viewPublicNSQDrug,2026-09-27T07:50:40Z,REAL
MFR-YACCA-LIFE-SCIENCES-CDD6D4,Yacca Life Sciences Pvt. Ltd,,,CDSCO NSQ public table (manufacturer address),https://cdscoonline.gov.in/CDSCO/viewPublicNSQDrug,2026-09-27T07:50:40Z,REAL
MFR-YACCA-LIFESCIENCES-55B7C3,Yacca Lifesciences Pvt. Ltd,,,CDSCO NSQ public table (manufacturer address),https://cdscoonline.gov.in/CDSCO/viewPublicNSQDrug,2026-09-27T07:50:40Z,REAL
MFR-YACCA-PHARMACEUTICAL-E649D4,Yacca Pharmaceutical Pvt. Ltd,,,CDSCO NSQ public table (manufacturer address),https://cdscoonline.gov.in/CDSCO/viewPublicNSQDrug,2026-09-27T07:50:40Z,REAL
MFR-YELURI-FORMULATIONS-9C3F7F,Yeluri formulations Pvt Ltd,Telangana,,CDSCO NSQ public table (manufacturer address),https://cdscoonline.gov.in/CDSCO/viewPublicNSQDrug,2026-09-27T07:50:40Z,REAL
MFR-YIWN-BAOLINA-COSMETICS-FA36DE,Yiwn Baolina Cosmetics Co Ltd,,,CDSCO NSQ public table (manufacturer address),https://cdscoonline.gov.in/CDSCO/viewPublicNSQDrug,2026-09-27T07:50:40Z,REAL
MFR-YL-PHARMA-17DCAF,YL Pharma,,,CDSCO NSQ public table (manufacturer address),https://cdscoonline.gov.in/CDSCO/viewPublicNSQDrug,2026-09-27T07:50:40Z,REAL
MFR-YL-PHARMA-BADDI-267906,YL Pharma Baddi,Himachal Pradesh,,CDSCO NSQ public table (manufacturer address),https://cdscoonline.gov.in/CDSCO/viewPublicNSQDrug,2026-09-27T07:50:40Z,REAL
MFR-YORK-S-PHARMA-7DDE02,York's Pharma,,,CDSCO NSQ public table (manufacturer address),https://cdscoonline.gov.in/CDSCO/viewPublicNSQDrug,2026-09-27T07:50:40Z,REAL
MFR-YUTIKA-NATURAL-9B0EBE,Yutika Natural Pvt. Ltd,Rajasthan,,CDSCO NSQ public table (manufacturer address),https://cdscoonline.gov.in/CDSCO/viewPublicNSQDrug,2026-09-27T07:50:40Z,REAL
MFR-YUVENTIS-LIFE-SCIENCES-E65C85,Yuventis Life Sciences,,,CDSCO NSQ public table (manufacturer address),https://cdscoonline.gov.in/CDSCO/viewPublicNSQDrug,2026-09-27T07:50:40Z,REAL
MFR-YUVNAM-FORMALY-KNOWN-AS-83F173,Yuvnam Pvt. Ltd. Formaly Known as Prannjivani Healthcare Pvt Ltd,,,CDSCO NSQ public table (manufacturer address),https://cdscoonline.gov.in/CDSCO/viewPublicNSQDrug,2026-09-27T07:50:40Z,REAL
MFR-ZANTIC-PHARMACEUTICALS-740740,Zantic Pharmaceuticals Pvt. Ltd,Uttarakhand,,CDSCO NSQ public table (manufacturer address),https://cdscoonline.gov.in/CDSCO/viewPublicNSQDrug,2026-09-27T07:50:40Z,REAL
MFR-ZAZEN-PHARMA-D35FD8,Zazen Pharma Pvt Ltd,,,CDSCO NSQ public table (manufacturer address),https://cdscoonline.gov.in/CDSCO/viewPublicNSQDrug,2026-09-27T07:50:40Z,REAL
MFR-ZEE-LABORATORIES-BEHIND-9F137C,Zee Laboratories Ltd. Behind,,,CDSCO NSQ public table (manufacturer address),https://cdscoonline.gov.in/CDSCO/viewPublicNSQDrug,2026-09-27T07:50:40Z,REAL
MFR-ZEE-LABORATORIES-F09C2B,Zee Laboratories,,,CDSCO NSQ public table (manufacturer address),https://cdscoonline.gov.in/CDSCO/viewPublicNSQDrug,2026-09-27T07:50:40Z,REAL
MFR-ZENITH-DRUGS-5D0A6D,Zenith Drugs Limited,,,CDSCO NSQ public table (manufacturer address),https://cdscoonline.gov.in/CDSCO/viewPublicNSQDrug,2026-09-27T07:50:40Z,REAL
MFR-ZENITH-DRUGS-72-5-AND-8CCA59,Zenith Drugs Ltd.72/5 and,,,CDSCO NSQ public table (manufacturer address),https://cdscoonline.gov.in/CDSCO/viewPublicNSQDrug,2026-09-27T07:50:40Z,REAL
MFR-ZENON-LIFESCIENCES-48A764,Zenon Lifesciences Pvt. Ltd,Gujarat,,CDSCO NSQ public table (manufacturer address),https://cdscoonline.gov.in/CDSCO/viewPublicNSQDrug,2026-09-27T07:50:40Z,REAL
MFR-ZEST-PHARAMA-47BFB5,Zest Pharama,,,CDSCO NSQ public table (manufacturer address),https://cdscoonline.gov.in/CDSCO/viewPublicNSQDrug,2026-09-27T07:50:40Z,REAL
MFR-ZEST-PHARMA-C45F94,Zest Pharma,,,CDSCO NSQ public table (manufacturer address),https://cdscoonline.gov.in/CDSCO/viewPublicNSQDrug,2026-09-27T07:50:40Z,REAL
MFR-ZETA-FORMULATION-73EAA3,Zeta Formulation Private Limited,,,CDSCO NSQ public table (manufacturer address),https://cdscoonline.gov.in/CDSCO/viewPublicNSQDrug,2026-09-27T07:50:40Z,REAL
MFR-ZIM-LABORATORIES-5F0224,ZIM LABORATORIES LIMITED,Maharashtra,,CDSCO NSQ public table (manufacturer address),https://cdscoonline.gov.in/CDSCO/viewPublicNSQDrug,2026-09-27T07:50:40Z,REAL
MFR-ZOIC-BIOTECH-8901FA,Zoic Biotech Pvt. Ltd,Punjab,,CDSCO NSQ public table (manufacturer address),https://cdscoonline.gov.in/CDSCO/viewPublicNSQDrug,2026-09-27T07:50:40Z,REAL
MFR-ZRS-PHARMACEUTICALS-B941D7,ZRS Pharmaceuticals India Pvt. Ltd,,,CDSCO NSQ public table (manufacturer address),https://cdscoonline.gov.in/CDSCO/viewPublicNSQDrug,2026-09-27T07:50:40Z,REAL
MFR-ZURICH-HEALTH-CARE-82C34D,Zurich Health Care,,,CDSCO NSQ public table (manufacturer address),https://cdscoonline.gov.in/CDSCO/viewPublicNSQDrug,2026-09-27T07:50:40Z,REAL
MFR-ZYDUS-HEALTHCARE-68C2D6,Zydus Healthcare Limited,Gujarat,,CDSCO NSQ public table (manufacturer address),https://cdscoonline.gov.in/CDSCO/viewPublicNSQDrug,2026-09-27T07:50:40Z,REAL
MFR-ZYDUS-HEALTHCARE-AT-PF-D0A9C5,Zydus Healthcare Ltd. At: PF,Gujarat,,CDSCO NSQ public table (manufacturer address),https://cdscoonline.gov.in/CDSCO/viewPublicNSQDrug,2026-09-27T07:50:40Z,REAL
MFR-ZYDUS-LIFE-SCIENCES-B73CEC,Zydus Life Sciences Limited,,,CDSCO NSQ public table (manufacturer address),https://cdscoonline.gov.in/CDSCO/viewPublicNSQDrug,2026-09-27T07:50:40Z,REAL
