FORM_ID,EFFECTIVE_FROM,SO_NUMBER,CEILING_PRICE,PARA,GST_RATE,SOURCE,SOURCE_URL,FETCHED_AT,IS_PROXY
5-AMINO-SALICYLIC-ACID-M-DEDBC17F,2026-04-01,S.O. 1575(E) dated 25.03.2026,17.86,16,,NPPA S.O. 1575(E) dated 25.03.2026 (NLEM 2022 list),https://nppa.gov.in/storage/uploads/tender/0fd8be342c35d5a46a13b281cadc5e4f.pdf,2026-09-26T19:23:24Z,REAL
5-AMINO-SALICYLIC-ACID-M-A6663901,2026-04-01,S.O. 1575(E) dated 25.03.2026,17.11,16,,NPPA S.O. 1575(E) dated 25.03.2026 (NLEM 2022 list),https://nppa.gov.in/storage/uploads/tender/0fd8be342c35d5a46a13b281cadc5e4f.pdf,2026-09-26T19:23:24Z,REAL
5-AMINO-SALICYLIC-ACID-M-E593002B,2026-04-01,S.O. 1575(E) dated 25.03.2026,2.17,16,,NPPA S.O. 1575(E) dated 25.03.2026 (NLEM 2022 list),https://nppa.gov.in/storage/uploads/tender/0fd8be342c35d5a46a13b281cadc5e4f.pdf,2026-09-26T19:23:24Z,REAL
5-AMINOSALICYLIC-ACID-8B4B28D2,2026-04-01,S.O. 1575(E) dated 25.03.2026,8.11,16,,NPPA S.O. 1575(E) dated 25.03.2026 (NLEM 2022 list),https://nppa.gov.in/storage/uploads/tender/0fd8be342c35d5a46a13b281cadc5e4f.pdf,2026-09-26T19:23:24Z,REAL
5-FLUOROURACIL-3669FB4E,2026-04-01,S.O. 1575(E) dated 25.03.2026,2.09,16,,NPPA S.O. 1575(E) dated 25.03.2026 (NLEM 2022 list),https://nppa.gov.in/storage/uploads/tender/0fd8be342c35d5a46a13b281cadc5e4f.pdf,2026-09-26T19:23:24Z,REAL
6-MERCAPTOPURINE-D37D09E7,2026-04-01,S.O. 1575(E) dated 25.03.2026,5.38,16,,NPPA S.O. 1575(E) dated 25.03.2026 (NLEM 2022 list),https://nppa.gov.in/storage/uploads/tender/0fd8be342c35d5a46a13b281cadc5e4f.pdf,2026-09-26T19:23:24Z,REAL
ABACAVIR-A290966F,2026-04-01,S.O. 1575(E) dated 25.03.2026,49.76,16,,NPPA S.O. 1575(E) dated 25.03.2026 (NLEM 2022 list),https://nppa.gov.in/storage/uploads/tender/0fd8be342c35d5a46a13b281cadc5e4f.pdf,2026-09-26T19:23:24Z,REAL
ABACAVIR-A-LAMIVUDINE-B-AA4A748A,2026-04-01,S.O. 1575(E) dated 25.03.2026,74.06,16,,NPPA S.O. 1575(E) dated 25.03.2026 (NLEM 2022 list),https://nppa.gov.in/storage/uploads/tender/0fd8be342c35d5a46a13b281cadc5e4f.pdf,2026-09-26T19:23:24Z,REAL
ACETAZOLAMIDE-DDC5FDD1,2026-04-01,S.O. 1575(E) dated 25.03.2026,4.16,16,,NPPA S.O. 1575(E) dated 25.03.2026 (NLEM 2022 list),https://nppa.gov.in/storage/uploads/tender/0fd8be342c35d5a46a13b281cadc5e4f.pdf,2026-09-26T19:23:24Z,REAL
ACETAZOLAMIDE-5193C096,2026-04-01,S.O. 1575(E) dated 25.03.2026,5.17,16,,NPPA S.O. 1575(E) dated 25.03.2026 (NLEM 2022 list),https://nppa.gov.in/storage/uploads/tender/0fd8be342c35d5a46a13b281cadc5e4f.pdf,2026-09-26T19:23:24Z,REAL
ACETYLSALICYLIC-ACID-6D822A71,2026-04-01,S.O. 1575(E) dated 25.03.2026,0.36,16,,NPPA S.O. 1575(E) dated 25.03.2026 (NLEM 2022 list),https://nppa.gov.in/storage/uploads/tender/0fd8be342c35d5a46a13b281cadc5e4f.pdf,2026-09-26T19:23:24Z,REAL
ACETYLSALICYLIC-ACID-F010224D,2026-04-01,S.O. 1575(E) dated 25.03.2026,0.72,16,,NPPA S.O. 1575(E) dated 25.03.2026 (NLEM 2022 list),https://nppa.gov.in/storage/uploads/tender/0fd8be342c35d5a46a13b281cadc5e4f.pdf,2026-09-26T19:23:24Z,REAL
ACETYLSALICYLIC-ACID-7ACA1DE7,2026-04-01,S.O. 1575(E) dated 25.03.2026,0.68,16,,NPPA S.O. 1575(E) dated 25.03.2026 (NLEM 2022 list),https://nppa.gov.in/storage/uploads/tender/0fd8be342c35d5a46a13b281cadc5e4f.pdf,2026-09-26T19:23:24Z,REAL
ACTINOMYCIN-D-D94774F0,2026-04-01,S.O. 1575(E) dated 25.03.2026,338.98,16,,NPPA S.O. 1575(E) dated 25.03.2026 (NLEM 2022 list),https://nppa.gov.in/storage/uploads/tender/0fd8be342c35d5a46a13b281cadc5e4f.pdf,2026-09-26T19:23:24Z,REAL
ACYCLOVIR-A0A23C03,2026-04-01,S.O. 1575(E) dated 25.03.2026,13.99,16,,NPPA S.O. 1575(E) dated 25.03.2026 (NLEM 2022 list),https://nppa.gov.in/storage/uploads/tender/0fd8be342c35d5a46a13b281cadc5e4f.pdf,2026-09-26T19:23:24Z,REAL
ACYCLOVIR-F8F1A344,2026-04-01,S.O. 1575(E) dated 25.03.2026,7.79,16,,NPPA S.O. 1575(E) dated 25.03.2026 (NLEM 2022 list),https://nppa.gov.in/storage/uploads/tender/0fd8be342c35d5a46a13b281cadc5e4f.pdf,2026-09-26T19:23:24Z,REAL
ACYCLOVIR-8FD566E2,2026-04-01,S.O. 1575(E) dated 25.03.2026,436.64,16,,NPPA S.O. 1575(E) dated 25.03.2026 (NLEM 2022 list),https://nppa.gov.in/storage/uploads/tender/0fd8be342c35d5a46a13b281cadc5e4f.pdf,2026-09-26T19:23:24Z,REAL
ACYCLOVIR-945AB68C,2026-04-01,S.O. 1575(E) dated 25.03.2026,541.14,16,,NPPA S.O. 1575(E) dated 25.03.2026 (NLEM 2022 list),https://nppa.gov.in/storage/uploads/tender/0fd8be342c35d5a46a13b281cadc5e4f.pdf,2026-09-26T19:23:24Z,REAL
ACYCLOVIR-A65E5F51,2026-04-01,S.O. 1575(E) dated 25.03.2026,38.57,16,,NPPA S.O. 1575(E) dated 25.03.2026 (NLEM 2022 list),https://nppa.gov.in/storage/uploads/tender/0fd8be342c35d5a46a13b281cadc5e4f.pdf,2026-09-26T19:23:24Z,REAL
ACYCLOVIR-03253F29,2026-04-01,S.O. 1575(E) dated 25.03.2026,11.95,16,,NPPA S.O. 1575(E) dated 25.03.2026 (NLEM 2022 list),https://nppa.gov.in/storage/uploads/tender/0fd8be342c35d5a46a13b281cadc5e4f.pdf,2026-09-26T19:23:24Z,REAL
ACYCLOVIR-0BBFE2C5,2026-04-01,S.O. 1575(E) dated 25.03.2026,1.39,16,,NPPA S.O. 1575(E) dated 25.03.2026 (NLEM 2022 list),https://nppa.gov.in/storage/uploads/tender/0fd8be342c35d5a46a13b281cadc5e4f.pdf,2026-09-26T19:23:24Z,REAL
ADENOSINE-882B1B0F,2026-04-01,S.O. 1575(E) dated 25.03.2026,95.09,16,,NPPA S.O. 1575(E) dated 25.03.2026 (NLEM 2022 list),https://nppa.gov.in/storage/uploads/tender/0fd8be342c35d5a46a13b281cadc5e4f.pdf,2026-09-26T19:23:24Z,REAL
ADRENALINE-6742CFF2,2026-04-01,S.O. 1575(E) dated 25.03.2026,12.52,16,,NPPA S.O. 1575(E) dated 25.03.2026 (NLEM 2022 list),https://nppa.gov.in/storage/uploads/tender/0fd8be342c35d5a46a13b281cadc5e4f.pdf,2026-09-26T19:23:24Z,REAL
ALBENDAZOLE-A6D91B84,2026-04-01,S.O. 1575(E) dated 25.03.2026,1.83,16,,NPPA S.O. 1575(E) dated 25.03.2026 (NLEM 2022 list),https://nppa.gov.in/storage/uploads/tender/0fd8be342c35d5a46a13b281cadc5e4f.pdf,2026-09-26T19:23:24Z,REAL
ALBENDAZOLE-94C3BACA,2026-04-01,S.O. 1575(E) dated 25.03.2026,7.21,16,,NPPA S.O. 1575(E) dated 25.03.2026 (NLEM 2022 list),https://nppa.gov.in/storage/uploads/tender/0fd8be342c35d5a46a13b281cadc5e4f.pdf,2026-09-26T19:23:24Z,REAL
ALBENDAZOLE-807E2E9E,2026-04-01,S.O. 1575(E) dated 25.03.2026,8.32,16,,NPPA S.O. 1575(E) dated 25.03.2026 (NLEM 2022 list),https://nppa.gov.in/storage/uploads/tender/0fd8be342c35d5a46a13b281cadc5e4f.pdf,2026-09-26T19:23:24Z,REAL
ALLOPURINOL-1CFC3038,2026-04-01,S.O. 1575(E) dated 25.03.2026,5.77,16,,NPPA S.O. 1575(E) dated 25.03.2026 (NLEM 2022 list),https://nppa.gov.in/storage/uploads/tender/0fd8be342c35d5a46a13b281cadc5e4f.pdf,2026-09-26T19:23:24Z,REAL
ALLOPURINOL-B23BD69F,2026-04-01,S.O. 1575(E) dated 25.03.2026,1.93,16,,NPPA S.O. 1575(E) dated 25.03.2026 (NLEM 2022 list),https://nppa.gov.in/storage/uploads/tender/0fd8be342c35d5a46a13b281cadc5e4f.pdf,2026-09-26T19:23:24Z,REAL
ALPROSTADIL-6214F215,2026-04-01,S.O. 1575(E) dated 25.03.2026,6253.38,16,,NPPA S.O. 1575(E) dated 25.03.2026 (NLEM 2022 list),https://nppa.gov.in/storage/uploads/tender/0fd8be342c35d5a46a13b281cadc5e4f.pdf,2026-09-26T19:23:24Z,REAL
AMIKACIN-ED68AE37,2026-04-01,S.O. 1575(E) dated 25.03.2026,55.47,16,,NPPA S.O. 1575(E) dated 25.03.2026 (NLEM 2022 list),https://nppa.gov.in/storage/uploads/tender/0fd8be342c35d5a46a13b281cadc5e4f.pdf,2026-09-26T19:23:24Z,REAL
AMIODARONE-5A8CD43D,2026-04-01,S.O. 1575(E) dated 25.03.2026,11.79,16,,NPPA S.O. 1575(E) dated 25.03.2026 (NLEM 2022 list),https://nppa.gov.in/storage/uploads/tender/0fd8be342c35d5a46a13b281cadc5e4f.pdf,2026-09-26T19:23:24Z,REAL
AMIODARONE-92BF27DC,2026-04-01,S.O. 1575(E) dated 25.03.2026,6.29,16,,NPPA S.O. 1575(E) dated 25.03.2026 (NLEM 2022 list),https://nppa.gov.in/storage/uploads/tender/0fd8be342c35d5a46a13b281cadc5e4f.pdf,2026-09-26T19:23:24Z,REAL
AMIODARONE-3E982FD3,2026-04-01,S.O. 1575(E) dated 25.03.2026,21.64,16,,NPPA S.O. 1575(E) dated 25.03.2026 (NLEM 2022 list),https://nppa.gov.in/storage/uploads/tender/0fd8be342c35d5a46a13b281cadc5e4f.pdf,2026-09-26T19:23:24Z,REAL
AMITRIPTYLINE-4D0E6820,2026-04-01,S.O. 1575(E) dated 25.03.2026,6.13,16,,NPPA S.O. 1575(E) dated 25.03.2026 (NLEM 2022 list),https://nppa.gov.in/storage/uploads/tender/0fd8be342c35d5a46a13b281cadc5e4f.pdf,2026-09-26T19:23:24Z,REAL
AMITRIPTYLINE-06BACC90,2026-04-01,S.O. 1575(E) dated 25.03.2026,5.58,16,,NPPA S.O. 1575(E) dated 25.03.2026 (NLEM 2022 list),https://nppa.gov.in/storage/uploads/tender/0fd8be342c35d5a46a13b281cadc5e4f.pdf,2026-09-26T19:23:24Z,REAL
AMITRIPTYLINE-1BAE476B,2026-04-01,S.O. 1575(E) dated 25.03.2026,2.55,16,,NPPA S.O. 1575(E) dated 25.03.2026 (NLEM 2022 list),https://nppa.gov.in/storage/uploads/tender/0fd8be342c35d5a46a13b281cadc5e4f.pdf,2026-09-26T19:23:24Z,REAL
AMITRIPTYLINE-68C05414,2026-04-01,S.O. 1575(E) dated 25.03.2026,2.45,16,,NPPA S.O. 1575(E) dated 25.03.2026 (NLEM 2022 list),https://nppa.gov.in/storage/uploads/tender/0fd8be342c35d5a46a13b281cadc5e4f.pdf,2026-09-26T19:23:24Z,REAL
AMLODIPINE-B090D790,2026-04-01,S.O. 1575(E) dated 25.03.2026,1.83,16,,NPPA S.O. 1575(E) dated 25.03.2026 (NLEM 2022 list),https://nppa.gov.in/storage/uploads/tender/0fd8be342c35d5a46a13b281cadc5e4f.pdf,2026-09-26T19:23:24Z,REAL
AMLODIPINE-B4311439,2026-04-01,S.O. 1575(E) dated 25.03.2026,2.56,16,,NPPA S.O. 1575(E) dated 25.03.2026 (NLEM 2022 list),https://nppa.gov.in/storage/uploads/tender/0fd8be342c35d5a46a13b281cadc5e4f.pdf,2026-09-26T19:23:24Z,REAL
AMLODIPINE-0929205F,2026-04-01,S.O. 1575(E) dated 25.03.2026,5.58,16,,NPPA S.O. 1575(E) dated 25.03.2026 (NLEM 2022 list),https://nppa.gov.in/storage/uploads/tender/0fd8be342c35d5a46a13b281cadc5e4f.pdf,2026-09-26T19:23:24Z,REAL
AMOXICILLIN-5349FFD7,2026-04-01,S.O. 1575(E) dated 25.03.2026,2.50,16,,NPPA S.O. 1575(E) dated 25.03.2026 (NLEM 2022 list),https://nppa.gov.in/storage/uploads/tender/0fd8be342c35d5a46a13b281cadc5e4f.pdf,2026-09-26T19:23:24Z,REAL
AMOXICILLIN-0D6327FE,2026-04-01,S.O. 1575(E) dated 25.03.2026,7.54,16,,NPPA S.O. 1575(E) dated 25.03.2026 (NLEM 2022 list),https://nppa.gov.in/storage/uploads/tender/0fd8be342c35d5a46a13b281cadc5e4f.pdf,2026-09-26T19:23:24Z,REAL
AMOXICILLIN-F8F01D40,2026-04-01,S.O. 1575(E) dated 25.03.2026,1.60,16,,NPPA S.O. 1575(E) dated 25.03.2026 (NLEM 2022 list),https://nppa.gov.in/storage/uploads/tender/0fd8be342c35d5a46a13b281cadc5e4f.pdf,2026-09-26T19:23:24Z,REAL
AMOXICILLIN-F3DE1709,2026-04-01,S.O. 1575(E) dated 25.03.2026,25.38,16,,NPPA S.O. 1575(E) dated 25.03.2026 (NLEM 2022 list),https://nppa.gov.in/storage/uploads/tender/0fd8be342c35d5a46a13b281cadc5e4f.pdf,2026-09-26T19:23:24Z,REAL
AMOXICILLIN-80C30C73,2026-04-01,S.O. 1575(E) dated 25.03.2026,55.96,16,,NPPA S.O. 1575(E) dated 25.03.2026 (NLEM 2022 list),https://nppa.gov.in/storage/uploads/tender/0fd8be342c35d5a46a13b281cadc5e4f.pdf,2026-09-26T19:23:24Z,REAL
AMOXICILLIN-E49AA4DC,2026-04-01,S.O. 1575(E) dated 25.03.2026,1.05,16,,NPPA S.O. 1575(E) dated 25.03.2026 (NLEM 2022 list),https://nppa.gov.in/storage/uploads/tender/0fd8be342c35d5a46a13b281cadc5e4f.pdf,2026-09-26T19:23:24Z,REAL
AMOXICILLIN-A-CLAVULANIC-D8666D68,2026-04-01,S.O. 1575(E) dated 25.03.2026,103.78,16,,NPPA S.O. 1575(E) dated 25.03.2026 (NLEM 2022 list),https://nppa.gov.in/storage/uploads/tender/0fd8be342c35d5a46a13b281cadc5e4f.pdf,2026-09-26T19:23:24Z,REAL
AMOXICILLIN-A-CLAVULANIC-29D738B2,2026-04-01,S.O. 1575(E) dated 25.03.2026,2.10,16,,NPPA S.O. 1575(E) dated 25.03.2026 (NLEM 2022 list),https://nppa.gov.in/storage/uploads/tender/0fd8be342c35d5a46a13b281cadc5e4f.pdf,2026-09-26T19:23:24Z,REAL
AMOXICILLIN-A-CLAVULANIC-3A34ED98,2026-04-01,S.O. 1575(E) dated 25.03.2026,145.06,16,,NPPA S.O. 1575(E) dated 25.03.2026 (NLEM 2022 list),https://nppa.gov.in/storage/uploads/tender/0fd8be342c35d5a46a13b281cadc5e4f.pdf,2026-09-26T19:23:24Z,REAL
AMOXICILLIN-A-CLAVULANIC-B3BE9AC2,2026-04-01,S.O. 1575(E) dated 25.03.2026,18.74,16,,NPPA S.O. 1575(E) dated 25.03.2026 (NLEM 2022 list),https://nppa.gov.in/storage/uploads/tender/0fd8be342c35d5a46a13b281cadc5e4f.pdf,2026-09-26T19:23:24Z,REAL
AMOXICILLIN-A-CLAVULANIC-93CC3844,2026-04-01,S.O. 1575(E) dated 25.03.2026,2.07,16,,NPPA S.O. 1575(E) dated 25.03.2026 (NLEM 2022 list),https://nppa.gov.in/storage/uploads/tender/0fd8be342c35d5a46a13b281cadc5e4f.pdf,2026-09-26T19:23:24Z,REAL
AMPHOTERICIN-B-639F6C85,2026-04-01,S.O. 1575(E) dated 25.03.2026,232.86,16,,NPPA S.O. 1575(E) dated 25.03.2026 (NLEM 2022 list),https://nppa.gov.in/storage/uploads/tender/0fd8be342c35d5a46a13b281cadc5e4f.pdf,2026-09-26T19:23:24Z,REAL
AMPHOTERICIN-B-LIPID-DF61D999,2026-04-01,S.O. 1575(E) dated 25.03.2026,1933.08,16,,NPPA S.O. 1575(E) dated 25.03.2026 (NLEM 2022 list),https://nppa.gov.in/storage/uploads/tender/0fd8be342c35d5a46a13b281cadc5e4f.pdf,2026-09-26T19:23:24Z,REAL
AMPHOTERICIN-B-LIPOSOMAL-4F144C8B,2026-04-01,S.O. 1575(E) dated 25.03.2026,6807.87,16,,NPPA S.O. 1575(E) dated 25.03.2026 (NLEM 2022 list),https://nppa.gov.in/storage/uploads/tender/0fd8be342c35d5a46a13b281cadc5e4f.pdf,2026-09-26T19:23:24Z,REAL
AMPICILLIN-0FB71DE1,2026-04-01,S.O. 1575(E) dated 25.03.2026,14.59,16,,NPPA S.O. 1575(E) dated 25.03.2026 (NLEM 2022 list),https://nppa.gov.in/storage/uploads/tender/0fd8be342c35d5a46a13b281cadc5e4f.pdf,2026-09-26T19:23:24Z,REAL
AMPICILLIN-A3D3A4B2,2026-04-01,S.O. 1575(E) dated 25.03.2026,25.51,16,,NPPA S.O. 1575(E) dated 25.03.2026 (NLEM 2022 list),https://nppa.gov.in/storage/uploads/tender/0fd8be342c35d5a46a13b281cadc5e4f.pdf,2026-09-26T19:23:24Z,REAL
ANTI-RABIES-IMMUNOGLOBUL-2A7F6D5C,2026-04-01,S.O. 1575(E) dated 25.03.2026,3182.21,16,,NPPA S.O. 1575(E) dated 25.03.2026 (NLEM 2022 list),https://nppa.gov.in/storage/uploads/tender/0fd8be342c35d5a46a13b281cadc5e4f.pdf,2026-09-26T19:23:24Z,REAL
ANTI-RABIES-IMMUNOGLOBUL-7F0BAE4F,2026-04-01,S.O. 1575(E) dated 25.03.2026,112.19,16,,NPPA S.O. 1575(E) dated 25.03.2026 (NLEM 2022 list),https://nppa.gov.in/storage/uploads/tender/0fd8be342c35d5a46a13b281cadc5e4f.pdf,2026-09-26T19:23:24Z,REAL
ANTI-TETANUS-IMMUNOGLOBU-D77E974E,2026-04-01,S.O. 1575(E) dated 25.03.2026,1274.68,16,,NPPA S.O. 1575(E) dated 25.03.2026 (NLEM 2022 list),https://nppa.gov.in/storage/uploads/tender/0fd8be342c35d5a46a13b281cadc5e4f.pdf,2026-09-26T19:23:24Z,REAL
ANTI-TETANUS-IMMUNOGLOBU-7F67B0A3,2026-04-01,S.O. 1575(E) dated 25.03.2026,1920.79,16,,NPPA S.O. 1575(E) dated 25.03.2026 (NLEM 2022 list),https://nppa.gov.in/storage/uploads/tender/0fd8be342c35d5a46a13b281cadc5e4f.pdf,2026-09-26T19:23:24Z,REAL
ANTI-TETANUS-IMMUNOGLOBU-FAF72ADA,2026-04-01,S.O. 1575(E) dated 25.03.2026,2748.64,16,,NPPA S.O. 1575(E) dated 25.03.2026 (NLEM 2022 list),https://nppa.gov.in/storage/uploads/tender/0fd8be342c35d5a46a13b281cadc5e4f.pdf,2026-09-26T19:23:24Z,REAL
ARSENIC-TRIOXIDE-9F2FE9D3,2026-04-01,S.O. 1575(E) dated 25.03.2026,31.27,16,,NPPA S.O. 1575(E) dated 25.03.2026 (NLEM 2022 list),https://nppa.gov.in/storage/uploads/tender/0fd8be342c35d5a46a13b281cadc5e4f.pdf,2026-09-26T19:23:24Z,REAL
ARTEMETHER-A-LUMEFANTRIN-1AC5828D,2026-04-01,S.O. 1575(E) dated 25.03.2026,18.47,16,,NPPA S.O. 1575(E) dated 25.03.2026 (NLEM 2022 list),https://nppa.gov.in/storage/uploads/tender/0fd8be342c35d5a46a13b281cadc5e4f.pdf,2026-09-26T19:23:24Z,REAL
ARTEMETHER-A-LUMEFANTRIN-753705EC,2026-04-01,S.O. 1575(E) dated 25.03.2026,26.12,16,,NPPA S.O. 1575(E) dated 25.03.2026 (NLEM 2022 list),https://nppa.gov.in/storage/uploads/tender/0fd8be342c35d5a46a13b281cadc5e4f.pdf,2026-09-26T19:23:24Z,REAL
ARTEMETHER-A-LUMEFANTRIN-D2D3CA7D,2026-04-01,S.O. 1575(E) dated 25.03.2026,12.95,16,,NPPA S.O. 1575(E) dated 25.03.2026 (NLEM 2022 list),https://nppa.gov.in/storage/uploads/tender/0fd8be342c35d5a46a13b281cadc5e4f.pdf,2026-09-26T19:23:24Z,REAL
ARTESUNATE-FE93F9ED,2026-04-01,S.O. 1575(E) dated 25.03.2026,250.61,16,,NPPA S.O. 1575(E) dated 25.03.2026 (NLEM 2022 list),https://nppa.gov.in/storage/uploads/tender/0fd8be342c35d5a46a13b281cadc5e4f.pdf,2026-09-26T19:23:24Z,REAL
ARTESUNATE-5378E388,2026-04-01,S.O. 1575(E) dated 25.03.2026,465.35,16,,NPPA S.O. 1575(E) dated 25.03.2026 (NLEM 2022 list),https://nppa.gov.in/storage/uploads/tender/0fd8be342c35d5a46a13b281cadc5e4f.pdf,2026-09-26T19:23:24Z,REAL
ARTESUNATE-A-SULPHADOXIN-AD33F95D,2026-04-01,S.O. 1575(E) dated 25.03.2026,23.09,16,,NPPA S.O. 1575(E) dated 25.03.2026 (NLEM 2022 list),https://nppa.gov.in/storage/uploads/tender/0fd8be342c35d5a46a13b281cadc5e4f.pdf,2026-09-26T19:23:24Z,REAL
ASCORBIC-ACID-VITAMIN-C-2B3CA217,2026-04-01,S.O. 1575(E) dated 25.03.2026,0.24,16,,NPPA S.O. 1575(E) dated 25.03.2026 (NLEM 2022 list),https://nppa.gov.in/storage/uploads/tender/0fd8be342c35d5a46a13b281cadc5e4f.pdf,2026-09-26T19:23:24Z,REAL
ASCORBIC-ACID-VITAMINC-76AF4E47,2026-04-01,S.O. 1575(E) dated 25.03.2026,1.58,16,,NPPA S.O. 1575(E) dated 25.03.2026 (NLEM 2022 list),https://nppa.gov.in/storage/uploads/tender/0fd8be342c35d5a46a13b281cadc5e4f.pdf,2026-09-26T19:23:24Z,REAL
ATAZANAVIR-A-RITONAVIR-B-A81A09E8,2026-04-01,S.O. 1575(E) dated 25.03.2026,102.23,16,,NPPA S.O. 1575(E) dated 25.03.2026 (NLEM 2022 list),https://nppa.gov.in/storage/uploads/tender/0fd8be342c35d5a46a13b281cadc5e4f.pdf,2026-09-26T19:23:24Z,REAL
ATORVASTATIN-C16857EC,2026-04-01,S.O. 1575(E) dated 25.03.2026,19.77,16,,NPPA S.O. 1575(E) dated 25.03.2026 (NLEM 2022 list),https://nppa.gov.in/storage/uploads/tender/0fd8be342c35d5a46a13b281cadc5e4f.pdf,2026-09-26T19:23:24Z,REAL
ATORVASTATIN-7A4876AE,2026-04-01,S.O. 1575(E) dated 25.03.2026,12.86,16,,NPPA S.O. 1575(E) dated 25.03.2026 (NLEM 2022 list),https://nppa.gov.in/storage/uploads/tender/0fd8be342c35d5a46a13b281cadc5e4f.pdf,2026-09-26T19:23:24Z,REAL
ATORVASTATIN-4E13D520,2026-04-01,S.O. 1575(E) dated 25.03.2026,41.56,16,,NPPA S.O. 1575(E) dated 25.03.2026 (NLEM 2022 list),https://nppa.gov.in/storage/uploads/tender/0fd8be342c35d5a46a13b281cadc5e4f.pdf,2026-09-26T19:23:24Z,REAL
ATORVASTATIN-AEC38AF9,2026-04-01,S.O. 1575(E) dated 25.03.2026,5.09,16,,NPPA S.O. 1575(E) dated 25.03.2026 (NLEM 2022 list),https://nppa.gov.in/storage/uploads/tender/0fd8be342c35d5a46a13b281cadc5e4f.pdf,2026-09-26T19:23:24Z,REAL
ATRACURIUM-E20D3F8B,2026-04-01,S.O. 1575(E) dated 25.03.2026,17.39,16,,NPPA S.O. 1575(E) dated 25.03.2026 (NLEM 2022 list),https://nppa.gov.in/storage/uploads/tender/0fd8be342c35d5a46a13b281cadc5e4f.pdf,2026-09-26T19:23:24Z,REAL
ATROPINE-FE8B71B9,2026-04-01,S.O. 1575(E) dated 25.03.2026,4.04,16,,NPPA S.O. 1575(E) dated 25.03.2026 (NLEM 2022 list),https://nppa.gov.in/storage/uploads/tender/0fd8be342c35d5a46a13b281cadc5e4f.pdf,2026-09-26T19:23:24Z,REAL
ATROPINE-05E78EE2,2026-04-01,S.O. 1575(E) dated 25.03.2026,4.82,16,,NPPA S.O. 1575(E) dated 25.03.2026 (NLEM 2022 list),https://nppa.gov.in/storage/uploads/tender/0fd8be342c35d5a46a13b281cadc5e4f.pdf,2026-09-26T19:23:24Z,REAL
ATROPINE-6BCEA471,2026-04-01,S.O. 1575(E) dated 25.03.2026,7.03,16,,NPPA S.O. 1575(E) dated 25.03.2026 (NLEM 2022 list),https://nppa.gov.in/storage/uploads/tender/0fd8be342c35d5a46a13b281cadc5e4f.pdf,2026-09-26T19:23:24Z,REAL
AZATHIOPRINE-0485C5E7,2026-04-01,S.O. 1575(E) dated 25.03.2026,11.53,16,,NPPA S.O. 1575(E) dated 25.03.2026 (NLEM 2022 list),https://nppa.gov.in/storage/uploads/tender/0fd8be342c35d5a46a13b281cadc5e4f.pdf,2026-09-26T19:23:24Z,REAL
AZATHIOPRINE-2E29E923,2026-04-01,S.O. 1575(E) dated 25.03.2026,7.42,16,,NPPA S.O. 1575(E) dated 25.03.2026 (NLEM 2022 list),https://nppa.gov.in/storage/uploads/tender/0fd8be342c35d5a46a13b281cadc5e4f.pdf,2026-09-26T19:23:24Z,REAL
AZITHROMYCIN-7A837AC4,2026-04-01,S.O. 1575(E) dated 25.03.2026,209.63,16,,NPPA S.O. 1575(E) dated 25.03.2026 (NLEM 2022 list),https://nppa.gov.in/storage/uploads/tender/0fd8be342c35d5a46a13b281cadc5e4f.pdf,2026-09-26T19:23:24Z,REAL
AZITHROMYCIN-179E461A,2026-04-01,S.O. 1575(E) dated 25.03.2026,24.14,16,,NPPA S.O. 1575(E) dated 25.03.2026 (NLEM 2022 list),https://nppa.gov.in/storage/uploads/tender/0fd8be342c35d5a46a13b281cadc5e4f.pdf,2026-09-26T19:23:24Z,REAL
AZITHROMYCIN-5301F4D4,2026-04-01,S.O. 1575(E) dated 25.03.2026,3.49,16,,NPPA S.O. 1575(E) dated 25.03.2026 (NLEM 2022 list),https://nppa.gov.in/storage/uploads/tender/0fd8be342c35d5a46a13b281cadc5e4f.pdf,2026-09-26T19:23:24Z,REAL
AZITHROMYCIN-F6EA97C2,2026-04-01,S.O. 1575(E) dated 25.03.2026,10.87,16,,NPPA S.O. 1575(E) dated 25.03.2026 (NLEM 2022 list),https://nppa.gov.in/storage/uploads/tender/0fd8be342c35d5a46a13b281cadc5e4f.pdf,2026-09-26T19:23:24Z,REAL
AZITHROMYCIN-14BDBBD6,2026-04-01,S.O. 1575(E) dated 25.03.2026,59.17,16,,NPPA S.O. 1575(E) dated 25.03.2026 (NLEM 2022 list),https://nppa.gov.in/storage/uploads/tender/0fd8be342c35d5a46a13b281cadc5e4f.pdf,2026-09-26T19:23:24Z,REAL
AZITHROMYCIN-AA671A01,2026-04-01,S.O. 1575(E) dated 25.03.2026,19.49,16,,NPPA S.O. 1575(E) dated 25.03.2026 (NLEM 2022 list),https://nppa.gov.in/storage/uploads/tender/0fd8be342c35d5a46a13b281cadc5e4f.pdf,2026-09-26T19:23:24Z,REAL
AZITHROMYCIN-2199048D,2026-04-01,S.O. 1575(E) dated 25.03.2026,11.95,16,,NPPA S.O. 1575(E) dated 25.03.2026 (NLEM 2022 list),https://nppa.gov.in/storage/uploads/tender/0fd8be342c35d5a46a13b281cadc5e4f.pdf,2026-09-26T19:23:24Z,REAL
BACLOFEN-68AAF7CF,2026-04-01,S.O. 1575(E) dated 25.03.2026,16.67,16,,NPPA S.O. 1575(E) dated 25.03.2026 (NLEM 2022 list),https://nppa.gov.in/storage/uploads/tender/0fd8be342c35d5a46a13b281cadc5e4f.pdf,2026-09-26T19:23:24Z,REAL
BACLOFEN-ED5EB600,2026-04-01,S.O. 1575(E) dated 25.03.2026,12.19,16,,NPPA S.O. 1575(E) dated 25.03.2026 (NLEM 2022 list),https://nppa.gov.in/storage/uploads/tender/0fd8be342c35d5a46a13b281cadc5e4f.pdf,2026-09-26T19:23:24Z,REAL
BACLOFEN-E794BD11,2026-04-01,S.O. 1575(E) dated 25.03.2026,6.52,16,,NPPA S.O. 1575(E) dated 25.03.2026 (NLEM 2022 list),https://nppa.gov.in/storage/uploads/tender/0fd8be342c35d5a46a13b281cadc5e4f.pdf,2026-09-26T19:23:24Z,REAL
BCG-VACCINE-961273DA,2026-04-01,S.O. 1575(E) dated 25.03.2026,8.20,16,,NPPA S.O. 1575(E) dated 25.03.2026 (NLEM 2022 list),https://nppa.gov.in/storage/uploads/tender/0fd8be342c35d5a46a13b281cadc5e4f.pdf,2026-09-26T19:23:24Z,REAL
BENDAMUSTINE-HYDROCHLORI-ADE1B3AE,2026-04-01,S.O. 1575(E) dated 25.03.2026,5065.58,16,,NPPA S.O. 1575(E) dated 25.03.2026 (NLEM 2022 list),https://nppa.gov.in/storage/uploads/tender/0fd8be342c35d5a46a13b281cadc5e4f.pdf,2026-09-26T19:23:24Z,REAL
BENZATHINE-BENZYLPENICIL-5E7D1810,2026-04-01,S.O. 1575(E) dated 25.03.2026,20.28,16,,NPPA S.O. 1575(E) dated 25.03.2026 (NLEM 2022 list),https://nppa.gov.in/storage/uploads/tender/0fd8be342c35d5a46a13b281cadc5e4f.pdf,2026-09-26T19:23:24Z,REAL
BENZATHINE-BENZYLPENICIL-4178E7F7,2026-04-01,S.O. 1575(E) dated 25.03.2026,11.97,16,,NPPA S.O. 1575(E) dated 25.03.2026 (NLEM 2022 list),https://nppa.gov.in/storage/uploads/tender/0fd8be342c35d5a46a13b281cadc5e4f.pdf,2026-09-26T19:23:24Z,REAL
BENZOYL-PEROXIDE-FEB4A0F5,2026-04-01,S.O. 1575(E) dated 25.03.2026,3.70,16,,NPPA S.O. 1575(E) dated 25.03.2026 (NLEM 2022 list),https://nppa.gov.in/storage/uploads/tender/0fd8be342c35d5a46a13b281cadc5e4f.pdf,2026-09-26T19:23:24Z,REAL
BENZOYL-PEROXIDE-C12317E3,2026-04-01,S.O. 1575(E) dated 25.03.2026,8.16,16,,NPPA S.O. 1575(E) dated 25.03.2026 (NLEM 2022 list),https://nppa.gov.in/storage/uploads/tender/0fd8be342c35d5a46a13b281cadc5e4f.pdf,2026-09-26T19:23:24Z,REAL
BENZOYL-PEROXIDE-4AD957DC,2026-04-01,S.O. 1575(E) dated 25.03.2026,10.36,16,,NPPA S.O. 1575(E) dated 25.03.2026 (NLEM 2022 list),https://nppa.gov.in/storage/uploads/tender/0fd8be342c35d5a46a13b281cadc5e4f.pdf,2026-09-26T19:23:24Z,REAL
BETAMETHASONE-6B04DD57,2026-04-01,S.O. 1575(E) dated 25.03.2026,4.85,16,,NPPA S.O. 1575(E) dated 25.03.2026 (NLEM 2022 list),https://nppa.gov.in/storage/uploads/tender/0fd8be342c35d5a46a13b281cadc5e4f.pdf,2026-09-26T19:23:24Z,REAL
BETAMETHASONE-VALERATE-DB882A90,2026-04-01,S.O. 1575(E) dated 25.03.2026,0.68,16,,NPPA S.O. 1575(E) dated 25.03.2026 (NLEM 2022 list),https://nppa.gov.in/storage/uploads/tender/0fd8be342c35d5a46a13b281cadc5e4f.pdf,2026-09-26T19:23:24Z,REAL
BETAMETHASONE-VALERATE-D4FA00CE,2026-04-01,S.O. 1575(E) dated 25.03.2026,0.67,16,,NPPA S.O. 1575(E) dated 25.03.2026 (NLEM 2022 list),https://nppa.gov.in/storage/uploads/tender/0fd8be342c35d5a46a13b281cadc5e4f.pdf,2026-09-26T19:23:24Z,REAL
BETAMETHASONE-VALERATE-6DE7C163,2026-04-01,S.O. 1575(E) dated 25.03.2026,0.48,16,,NPPA S.O. 1575(E) dated 25.03.2026 (NLEM 2022 list),https://nppa.gov.in/storage/uploads/tender/0fd8be342c35d5a46a13b281cadc5e4f.pdf,2026-09-26T19:23:24Z,REAL
BETAMETHASONE-VALERATE-ABE3D81B,2026-04-01,S.O. 1575(E) dated 25.03.2026,1.07,16,,NPPA S.O. 1575(E) dated 25.03.2026 (NLEM 2022 list),https://nppa.gov.in/storage/uploads/tender/0fd8be342c35d5a46a13b281cadc5e4f.pdf,2026-09-26T19:23:24Z,REAL
BICALUTAMIDE-45BD2A86,2026-04-01,S.O. 1575(E) dated 25.03.2026,44.34,16,,NPPA S.O. 1575(E) dated 25.03.2026 (NLEM 2022 list),https://nppa.gov.in/storage/uploads/tender/0fd8be342c35d5a46a13b281cadc5e4f.pdf,2026-09-26T19:23:24Z,REAL
BISACODYL-B7B936CD,2026-04-01,S.O. 1575(E) dated 25.03.2026,1.20,16,,NPPA S.O. 1575(E) dated 25.03.2026 (NLEM 2022 list),https://nppa.gov.in/storage/uploads/tender/0fd8be342c35d5a46a13b281cadc5e4f.pdf,2026-09-26T19:23:24Z,REAL
BISACODYL-B274D806,2026-04-01,S.O. 1575(E) dated 25.03.2026,10.22,16,,NPPA S.O. 1575(E) dated 25.03.2026 (NLEM 2022 list),https://nppa.gov.in/storage/uploads/tender/0fd8be342c35d5a46a13b281cadc5e4f.pdf,2026-09-26T19:23:24Z,REAL
BLEOMYCIN-2E42B9EC,2026-04-01,S.O. 1575(E) dated 25.03.2026,693.68,16,,NPPA S.O. 1575(E) dated 25.03.2026 (NLEM 2022 list),https://nppa.gov.in/storage/uploads/tender/0fd8be342c35d5a46a13b281cadc5e4f.pdf,2026-09-26T19:23:24Z,REAL
BORTEZOMIB-6F37A815,2026-04-01,S.O. 1575(E) dated 25.03.2026,5386.81,16,,NPPA S.O. 1575(E) dated 25.03.2026 (NLEM 2022 list),https://nppa.gov.in/storage/uploads/tender/0fd8be342c35d5a46a13b281cadc5e4f.pdf,2026-09-26T19:23:24Z,REAL
BUDESONIDE-F59CE74F,2026-04-01,S.O. 1575(E) dated 25.03.2026,12.19,16,,NPPA S.O. 1575(E) dated 25.03.2026 (NLEM 2022 list),https://nppa.gov.in/storage/uploads/tender/0fd8be342c35d5a46a13b281cadc5e4f.pdf,2026-09-26T19:23:24Z,REAL
BUDESONIDE-DF404EF9,2026-04-01,S.O. 1575(E) dated 25.03.2026,13.46,16,,NPPA S.O. 1575(E) dated 25.03.2026 (NLEM 2022 list),https://nppa.gov.in/storage/uploads/tender/0fd8be342c35d5a46a13b281cadc5e4f.pdf,2026-09-26T19:23:24Z,REAL
BUDESONIDE-7AF545B5,2026-04-01,S.O. 1575(E) dated 25.03.2026,1.44,16,,NPPA S.O. 1575(E) dated 25.03.2026 (NLEM 2022 list),https://nppa.gov.in/storage/uploads/tender/0fd8be342c35d5a46a13b281cadc5e4f.pdf,2026-09-26T19:23:24Z,REAL
BUDESONIDE-6341B0B0,2026-04-01,S.O. 1575(E) dated 25.03.2026,2.08,16,,NPPA S.O. 1575(E) dated 25.03.2026 (NLEM 2022 list),https://nppa.gov.in/storage/uploads/tender/0fd8be342c35d5a46a13b281cadc5e4f.pdf,2026-09-26T19:23:24Z,REAL
BUDESONIDE-60496BC0,2026-04-01,S.O. 1575(E) dated 25.03.2026,3.41,16,,NPPA S.O. 1575(E) dated 25.03.2026 (NLEM 2022 list),https://nppa.gov.in/storage/uploads/tender/0fd8be342c35d5a46a13b281cadc5e4f.pdf,2026-09-26T19:23:24Z,REAL
BUDESONIDE-1CEF4F2C,2026-04-01,S.O. 1575(E) dated 25.03.2026,0.83,16,,NPPA S.O. 1575(E) dated 25.03.2026 (NLEM 2022 list),https://nppa.gov.in/storage/uploads/tender/0fd8be342c35d5a46a13b281cadc5e4f.pdf,2026-09-26T19:23:24Z,REAL
BUDESONIDE-A-FORMOTEROL-07D281D9,2026-04-01,S.O. 1575(E) dated 25.03.2026,7.12,16,,NPPA S.O. 1575(E) dated 25.03.2026 (NLEM 2022 list),https://nppa.gov.in/storage/uploads/tender/0fd8be342c35d5a46a13b281cadc5e4f.pdf,2026-09-26T19:23:24Z,REAL
BUDESONIDE-A-FORMOTEROL-7A8E2A78,2026-04-01,S.O. 1575(E) dated 25.03.2026,2.17,16,,NPPA S.O. 1575(E) dated 25.03.2026 (NLEM 2022 list),https://nppa.gov.in/storage/uploads/tender/0fd8be342c35d5a46a13b281cadc5e4f.pdf,2026-09-26T19:23:24Z,REAL
BUDESONIDE-A-FORMOTEROL-269C8456,2026-04-01,S.O. 1575(E) dated 25.03.2026,4.43,16,,NPPA S.O. 1575(E) dated 25.03.2026 (NLEM 2022 list),https://nppa.gov.in/storage/uploads/tender/0fd8be342c35d5a46a13b281cadc5e4f.pdf,2026-09-26T19:23:24Z,REAL
BUDESONIDE-A-FORMOTEROL-387ADFAE,2026-04-01,S.O. 1575(E) dated 25.03.2026,5.86,16,,NPPA S.O. 1575(E) dated 25.03.2026 (NLEM 2022 list),https://nppa.gov.in/storage/uploads/tender/0fd8be342c35d5a46a13b281cadc5e4f.pdf,2026-09-26T19:23:24Z,REAL
BUDESONIDE-A-FORMOTEROL-B7D67EDF,2026-04-01,S.O. 1575(E) dated 25.03.2026,3.03,16,,NPPA S.O. 1575(E) dated 25.03.2026 (NLEM 2022 list),https://nppa.gov.in/storage/uploads/tender/0fd8be342c35d5a46a13b281cadc5e4f.pdf,2026-09-26T19:23:24Z,REAL
BUDESONIDE-A-FORMOTEROL-C33D5CC6,2026-04-01,S.O. 1575(E) dated 25.03.2026,3.45,16,,NPPA S.O. 1575(E) dated 25.03.2026 (NLEM 2022 list),https://nppa.gov.in/storage/uploads/tender/0fd8be342c35d5a46a13b281cadc5e4f.pdf,2026-09-26T19:23:24Z,REAL
BUPIVACAINE-84BBEDE9,2026-04-01,S.O. 1575(E) dated 25.03.2026,7.57,16,,NPPA S.O. 1575(E) dated 25.03.2026 (NLEM 2022 list),https://nppa.gov.in/storage/uploads/tender/0fd8be342c35d5a46a13b281cadc5e4f.pdf,2026-09-26T19:23:24Z,REAL
BUPIVACAINE-62AE43BD,2026-04-01,S.O. 1575(E) dated 25.03.2026,4.53,16,,NPPA S.O. 1575(E) dated 25.03.2026 (NLEM 2022 list),https://nppa.gov.in/storage/uploads/tender/0fd8be342c35d5a46a13b281cadc5e4f.pdf,2026-09-26T19:23:24Z,REAL
BUPIVACAINE-F136EBA8,2026-04-01,S.O. 1575(E) dated 25.03.2026,2.90,16,,NPPA S.O. 1575(E) dated 25.03.2026 (NLEM 2022 list),https://nppa.gov.in/storage/uploads/tender/0fd8be342c35d5a46a13b281cadc5e4f.pdf,2026-09-26T19:23:24Z,REAL
BUPRENORPHINE-1E1AC82A,2026-04-01,S.O. 1575(E) dated 25.03.2026,9.65,16,,NPPA S.O. 1575(E) dated 25.03.2026 (NLEM 2022 list),https://nppa.gov.in/storage/uploads/tender/0fd8be342c35d5a46a13b281cadc5e4f.pdf,2026-09-26T19:23:24Z,REAL
BUPRENORPHINE-A-NALOXONE-ACFD548E,2026-04-01,S.O. 1575(E) dated 25.03.2026,37.86,16,,NPPA S.O. 1575(E) dated 25.03.2026 (NLEM 2022 list),https://nppa.gov.in/storage/uploads/tender/0fd8be342c35d5a46a13b281cadc5e4f.pdf,2026-09-26T19:23:24Z,REAL
BUPRENORPHINE-A-NALOXONE-1A4F856D,2026-04-01,S.O. 1575(E) dated 25.03.2026,12.11,16,,NPPA S.O. 1575(E) dated 25.03.2026 (NLEM 2022 list),https://nppa.gov.in/storage/uploads/tender/0fd8be342c35d5a46a13b281cadc5e4f.pdf,2026-09-26T19:23:24Z,REAL
CAFFEINE-15CEA7E8,2026-04-01,S.O. 1575(E) dated 25.03.2026,251.58,16,,NPPA S.O. 1575(E) dated 25.03.2026 (NLEM 2022 list),https://nppa.gov.in/storage/uploads/tender/0fd8be342c35d5a46a13b281cadc5e4f.pdf,2026-09-26T19:23:24Z,REAL
CAFFEINE-FA6DCC81,2026-04-01,S.O. 1575(E) dated 25.03.2026,256.52,16,,NPPA S.O. 1575(E) dated 25.03.2026 (NLEM 2022 list),https://nppa.gov.in/storage/uploads/tender/0fd8be342c35d5a46a13b281cadc5e4f.pdf,2026-09-26T19:23:24Z,REAL
CALAMINE-3BC7178C,2026-04-01,S.O. 1575(E) dated 25.03.2026,0.98,16,,NPPA S.O. 1575(E) dated 25.03.2026 (NLEM 2022 list),https://nppa.gov.in/storage/uploads/tender/0fd8be342c35d5a46a13b281cadc5e4f.pdf,2026-09-26T19:23:24Z,REAL
CALCIUM-FOLINATE-71B1E637,2026-04-01,S.O. 1575(E) dated 25.03.2026,48.68,16,,NPPA S.O. 1575(E) dated 25.03.2026 (NLEM 2022 list),https://nppa.gov.in/storage/uploads/tender/0fd8be342c35d5a46a13b281cadc5e4f.pdf,2026-09-26T19:23:24Z,REAL
CAPECITABINE-EBD79DD6,2026-04-01,S.O. 1575(E) dated 25.03.2026,115.43,16,,NPPA S.O. 1575(E) dated 25.03.2026 (NLEM 2022 list),https://nppa.gov.in/storage/uploads/tender/0fd8be342c35d5a46a13b281cadc5e4f.pdf,2026-09-26T19:23:24Z,REAL
CARBAMAZEPINE-7B57EB0A,2026-04-01,S.O. 1575(E) dated 25.03.2026,2.46,16,,NPPA S.O. 1575(E) dated 25.03.2026 (NLEM 2022 list),https://nppa.gov.in/storage/uploads/tender/0fd8be342c35d5a46a13b281cadc5e4f.pdf,2026-09-26T19:23:24Z,REAL
CARBAMAZEPINE-090B0448,2026-04-01,S.O. 1575(E) dated 25.03.2026,4.77,16,,NPPA S.O. 1575(E) dated 25.03.2026 (NLEM 2022 list),https://nppa.gov.in/storage/uploads/tender/0fd8be342c35d5a46a13b281cadc5e4f.pdf,2026-09-26T19:23:24Z,REAL
CARBAMAZEPINE-C043E75F,2026-04-01,S.O. 1575(E) dated 25.03.2026,3.63,16,,NPPA S.O. 1575(E) dated 25.03.2026 (NLEM 2022 list),https://nppa.gov.in/storage/uploads/tender/0fd8be342c35d5a46a13b281cadc5e4f.pdf,2026-09-26T19:23:24Z,REAL
CARBAMAZEPINE-DEBEA124,2026-04-01,S.O. 1575(E) dated 25.03.2026,1.61,16,,NPPA S.O. 1575(E) dated 25.03.2026 (NLEM 2022 list),https://nppa.gov.in/storage/uploads/tender/0fd8be342c35d5a46a13b281cadc5e4f.pdf,2026-09-26T19:23:24Z,REAL
CARBAMAZEPINE-782D5F67,2026-04-01,S.O. 1575(E) dated 25.03.2026,0.32,16,,NPPA S.O. 1575(E) dated 25.03.2026 (NLEM 2022 list),https://nppa.gov.in/storage/uploads/tender/0fd8be342c35d5a46a13b281cadc5e4f.pdf,2026-09-26T19:23:24Z,REAL
CARBAMAZEPINE-D20CC5B1,2026-04-01,S.O. 1575(E) dated 25.03.2026,1.10,16,,NPPA S.O. 1575(E) dated 25.03.2026 (NLEM 2022 list),https://nppa.gov.in/storage/uploads/tender/0fd8be342c35d5a46a13b281cadc5e4f.pdf,2026-09-26T19:23:24Z,REAL
CARBIMAZOLE-C128B2D3,2026-04-01,S.O. 1575(E) dated 25.03.2026,4.36,16,,NPPA S.O. 1575(E) dated 25.03.2026 (NLEM 2022 list),https://nppa.gov.in/storage/uploads/tender/0fd8be342c35d5a46a13b281cadc5e4f.pdf,2026-09-26T19:23:24Z,REAL
CARBIMAZOLE-256326D8,2026-04-01,S.O. 1575(E) dated 25.03.2026,2.24,16,,NPPA S.O. 1575(E) dated 25.03.2026 (NLEM 2022 list),https://nppa.gov.in/storage/uploads/tender/0fd8be342c35d5a46a13b281cadc5e4f.pdf,2026-09-26T19:23:24Z,REAL
CARBIMAZOLE-C0B79C7C,2026-04-01,S.O. 1575(E) dated 25.03.2026,14.20,16,,NPPA S.O. 1575(E) dated 25.03.2026 (NLEM 2022 list),https://nppa.gov.in/storage/uploads/tender/0fd8be342c35d5a46a13b281cadc5e4f.pdf,2026-09-26T19:23:24Z,REAL
CARBOPLATIN-49C2E049,2026-04-01,S.O. 1575(E) dated 25.03.2026,60.49,16,,NPPA S.O. 1575(E) dated 25.03.2026 (NLEM 2022 list),https://nppa.gov.in/storage/uploads/tender/0fd8be342c35d5a46a13b281cadc5e4f.pdf,2026-09-26T19:23:24Z,REAL
CARBOXYMETHYL-CELLULOSE-F23C8AEE,2026-04-01,S.O. 1575(E) dated 25.03.2026,12.59,16,,NPPA S.O. 1575(E) dated 25.03.2026 (NLEM 2022 list),https://nppa.gov.in/storage/uploads/tender/0fd8be342c35d5a46a13b281cadc5e4f.pdf,2026-09-26T19:23:24Z,REAL
CARBOXYMETHYL-CELLULOSE-265EED2E,2026-04-01,S.O. 1575(E) dated 25.03.2026,16.98,16,,NPPA S.O. 1575(E) dated 25.03.2026 (NLEM 2022 list),https://nppa.gov.in/storage/uploads/tender/0fd8be342c35d5a46a13b281cadc5e4f.pdf,2026-09-26T19:23:24Z,REAL
CEFADROXIL-6BAADD66,2026-04-01,S.O. 1575(E) dated 25.03.2026,6.87,16,,NPPA S.O. 1575(E) dated 25.03.2026 (NLEM 2022 list),https://nppa.gov.in/storage/uploads/tender/0fd8be342c35d5a46a13b281cadc5e4f.pdf,2026-09-26T19:23:24Z,REAL
CEFADROXIL-797868F7,2026-04-01,S.O. 1575(E) dated 25.03.2026,0.69,16,,NPPA S.O. 1575(E) dated 25.03.2026 (NLEM 2022 list),https://nppa.gov.in/storage/uploads/tender/0fd8be342c35d5a46a13b281cadc5e4f.pdf,2026-09-26T19:23:24Z,REAL
CEFIXIME-895D735C,2026-04-01,S.O. 1575(E) dated 25.03.2026,22.63,16,,NPPA S.O. 1575(E) dated 25.03.2026 (NLEM 2022 list),https://nppa.gov.in/storage/uploads/tender/0fd8be342c35d5a46a13b281cadc5e4f.pdf,2026-09-26T19:23:24Z,REAL
CEFIXIME-2395E6C0,2026-04-01,S.O. 1575(E) dated 25.03.2026,10.01,16,,NPPA S.O. 1575(E) dated 25.03.2026 (NLEM 2022 list),https://nppa.gov.in/storage/uploads/tender/0fd8be342c35d5a46a13b281cadc5e4f.pdf,2026-09-26T19:23:24Z,REAL
CEFIXIME-6D72C3C0,2026-04-01,S.O. 1575(E) dated 25.03.2026,1.67,16,,NPPA S.O. 1575(E) dated 25.03.2026 (NLEM 2022 list),https://nppa.gov.in/storage/uploads/tender/0fd8be342c35d5a46a13b281cadc5e4f.pdf,2026-09-26T19:23:24Z,REAL
CEFIXIME-8D67D750,2026-04-01,S.O. 1575(E) dated 25.03.2026,2.45,16,,NPPA S.O. 1575(E) dated 25.03.2026 (NLEM 2022 list),https://nppa.gov.in/storage/uploads/tender/0fd8be342c35d5a46a13b281cadc5e4f.pdf,2026-09-26T19:23:24Z,REAL
CEFIXIME-5F954296,2026-04-01,S.O. 1575(E) dated 25.03.2026,15.04,16,,NPPA S.O. 1575(E) dated 25.03.2026 (NLEM 2022 list),https://nppa.gov.in/storage/uploads/tender/0fd8be342c35d5a46a13b281cadc5e4f.pdf,2026-09-26T19:23:24Z,REAL
CEFOTAXIME-1B559F78,2026-04-01,S.O. 1575(E) dated 25.03.2026,18.15,16,,NPPA S.O. 1575(E) dated 25.03.2026 (NLEM 2022 list),https://nppa.gov.in/storage/uploads/tender/0fd8be342c35d5a46a13b281cadc5e4f.pdf,2026-09-26T19:23:24Z,REAL
CEFOTAXIME-A61BCF33,2026-04-01,S.O. 1575(E) dated 25.03.2026,24.96,16,,NPPA S.O. 1575(E) dated 25.03.2026 (NLEM 2022 list),https://nppa.gov.in/storage/uploads/tender/0fd8be342c35d5a46a13b281cadc5e4f.pdf,2026-09-26T19:23:24Z,REAL
CEFOTAXIME-C89581AB,2026-04-01,S.O. 1575(E) dated 25.03.2026,40.92,16,,NPPA S.O. 1575(E) dated 25.03.2026 (NLEM 2022 list),https://nppa.gov.in/storage/uploads/tender/0fd8be342c35d5a46a13b281cadc5e4f.pdf,2026-09-26T19:23:24Z,REAL
CEFTAZIDIME-B10C4EED,2026-04-01,S.O. 1575(E) dated 25.03.2026,232.47,16,,NPPA S.O. 1575(E) dated 25.03.2026 (NLEM 2022 list),https://nppa.gov.in/storage/uploads/tender/0fd8be342c35d5a46a13b281cadc5e4f.pdf,2026-09-26T19:23:24Z,REAL
CEFTAZIDIME-CDCAD391,2026-04-01,S.O. 1575(E) dated 25.03.2026,80.97,16,,NPPA S.O. 1575(E) dated 25.03.2026 (NLEM 2022 list),https://nppa.gov.in/storage/uploads/tender/0fd8be342c35d5a46a13b281cadc5e4f.pdf,2026-09-26T19:23:24Z,REAL
CEFTRIAXONE-30552F04,2026-04-01,S.O. 1575(E) dated 25.03.2026,51.49,16,,NPPA S.O. 1575(E) dated 25.03.2026 (NLEM 2022 list),https://nppa.gov.in/storage/uploads/tender/0fd8be342c35d5a46a13b281cadc5e4f.pdf,2026-09-26T19:23:24Z,REAL
CEFTRIAXONE-2F015B63,2026-04-01,S.O. 1575(E) dated 25.03.2026,29.02,16,,NPPA S.O. 1575(E) dated 25.03.2026 (NLEM 2022 list),https://nppa.gov.in/storage/uploads/tender/0fd8be342c35d5a46a13b281cadc5e4f.pdf,2026-09-26T19:23:24Z,REAL
CEFTRIAXONE-813A5FEE,2026-04-01,S.O. 1575(E) dated 25.03.2026,63.88,16,,NPPA S.O. 1575(E) dated 25.03.2026 (NLEM 2022 list),https://nppa.gov.in/storage/uploads/tender/0fd8be342c35d5a46a13b281cadc5e4f.pdf,2026-09-26T19:23:24Z,REAL
CEFTRIAXONE-98C5456D,2026-04-01,S.O. 1575(E) dated 25.03.2026,141.43,16,,NPPA S.O. 1575(E) dated 25.03.2026 (NLEM 2022 list),https://nppa.gov.in/storage/uploads/tender/0fd8be342c35d5a46a13b281cadc5e4f.pdf,2026-09-26T19:23:24Z,REAL
CEFUROXIME-14E2CFC5,2026-04-01,S.O. 1575(E) dated 25.03.2026,5.44,16,,NPPA S.O. 1575(E) dated 25.03.2026 (NLEM 2022 list),https://nppa.gov.in/storage/uploads/tender/0fd8be342c35d5a46a13b281cadc5e4f.pdf,2026-09-26T19:23:24Z,REAL
CEFUROXIME-3F81C773,2026-04-01,S.O. 1575(E) dated 25.03.2026,52.67,16,,NPPA S.O. 1575(E) dated 25.03.2026 (NLEM 2022 list),https://nppa.gov.in/storage/uploads/tender/0fd8be342c35d5a46a13b281cadc5e4f.pdf,2026-09-26T19:23:24Z,REAL
CEFUROXIME-7555C0FE,2026-04-01,S.O. 1575(E) dated 25.03.2026,346.90,16,,NPPA S.O. 1575(E) dated 25.03.2026 (NLEM 2022 list),https://nppa.gov.in/storage/uploads/tender/0fd8be342c35d5a46a13b281cadc5e4f.pdf,2026-09-26T19:23:24Z,REAL
CETIRIZINE-A4FD20CC,2026-04-01,S.O. 1575(E) dated 25.03.2026,1.92,16,,NPPA S.O. 1575(E) dated 25.03.2026 (NLEM 2022 list),https://nppa.gov.in/storage/uploads/tender/0fd8be342c35d5a46a13b281cadc5e4f.pdf,2026-09-26T19:23:24Z,REAL
CETIRIZINE-2A469F5E,2026-04-01,S.O. 1575(E) dated 25.03.2026,0.67,16,,NPPA S.O. 1575(E) dated 25.03.2026 (NLEM 2022 list),https://nppa.gov.in/storage/uploads/tender/0fd8be342c35d5a46a13b281cadc5e4f.pdf,2026-09-26T19:23:24Z,REAL
CHLORAMBUCIL-C3A2700B,2026-04-01,S.O. 1575(E) dated 25.03.2026,31.91,16,,NPPA S.O. 1575(E) dated 25.03.2026 (NLEM 2022 list),https://nppa.gov.in/storage/uploads/tender/0fd8be342c35d5a46a13b281cadc5e4f.pdf,2026-09-26T19:23:24Z,REAL
CHLORAMBUCIL-6513B69A,2026-04-01,S.O. 1575(E) dated 25.03.2026,79.06,16,,NPPA S.O. 1575(E) dated 25.03.2026 (NLEM 2022 list),https://nppa.gov.in/storage/uploads/tender/0fd8be342c35d5a46a13b281cadc5e4f.pdf,2026-09-26T19:23:24Z,REAL
CHLOROQUINE-0E9C6F84,2026-04-01,S.O. 1575(E) dated 25.03.2026,1.36,16,,NPPA S.O. 1575(E) dated 25.03.2026 (NLEM 2022 list),https://nppa.gov.in/storage/uploads/tender/0fd8be342c35d5a46a13b281cadc5e4f.pdf,2026-09-26T19:23:24Z,REAL
CHLOROQUINE-FCD2DAEE,2026-04-01,S.O. 1575(E) dated 25.03.2026,0.35,16,,NPPA S.O. 1575(E) dated 25.03.2026 (NLEM 2022 list),https://nppa.gov.in/storage/uploads/tender/0fd8be342c35d5a46a13b281cadc5e4f.pdf,2026-09-26T19:23:24Z,REAL
CHOLECALCIFEROL-ACF3F5AA,2026-04-01,S.O. 1575(E) dated 25.03.2026,4.42,16,,NPPA S.O. 1575(E) dated 25.03.2026 (NLEM 2022 list),https://nppa.gov.in/storage/uploads/tender/0fd8be342c35d5a46a13b281cadc5e4f.pdf,2026-09-26T19:23:24Z,REAL
CHOLECALCIFEROL-A23E0716,2026-04-01,S.O. 1575(E) dated 25.03.2026,2.68,16,,NPPA S.O. 1575(E) dated 25.03.2026 (NLEM 2022 list),https://nppa.gov.in/storage/uploads/tender/0fd8be342c35d5a46a13b281cadc5e4f.pdf,2026-09-26T19:23:24Z,REAL
CHOLECALCIFEROL-D41ED455,2026-04-01,S.O. 1575(E) dated 25.03.2026,23.04,16,,NPPA S.O. 1575(E) dated 25.03.2026 (NLEM 2022 list),https://nppa.gov.in/storage/uploads/tender/0fd8be342c35d5a46a13b281cadc5e4f.pdf,2026-09-26T19:23:24Z,REAL
CHOLECALCIFEROL-DD871A3E,2026-04-01,S.O. 1575(E) dated 25.03.2026,31.52,16,,NPPA S.O. 1575(E) dated 25.03.2026 (NLEM 2022 list),https://nppa.gov.in/storage/uploads/tender/0fd8be342c35d5a46a13b281cadc5e4f.pdf,2026-09-26T19:23:24Z,REAL
CHOLECALCIFEROL-85FDA5D9,2026-04-01,S.O. 1575(E) dated 25.03.2026,5.01,16,,NPPA S.O. 1575(E) dated 25.03.2026 (NLEM 2022 list),https://nppa.gov.in/storage/uploads/tender/0fd8be342c35d5a46a13b281cadc5e4f.pdf,2026-09-26T19:23:24Z,REAL
CHOLECALCIFEROL-2D5139E2,2026-04-01,S.O. 1575(E) dated 25.03.2026,34.79,16,,NPPA S.O. 1575(E) dated 25.03.2026 (NLEM 2022 list),https://nppa.gov.in/storage/uploads/tender/0fd8be342c35d5a46a13b281cadc5e4f.pdf,2026-09-26T19:23:24Z,REAL
CHOLECALCIFEROL-44775D15,2026-04-01,S.O. 1575(E) dated 25.03.2026,23.69,16,,NPPA S.O. 1575(E) dated 25.03.2026 (NLEM 2022 list),https://nppa.gov.in/storage/uploads/tender/0fd8be342c35d5a46a13b281cadc5e4f.pdf,2026-09-26T19:23:24Z,REAL
CIPROFLOXACIN-52DA1565,2026-04-01,S.O. 1575(E) dated 25.03.2026,2.25,16,,NPPA S.O. 1575(E) dated 25.03.2026 (NLEM 2022 list),https://nppa.gov.in/storage/uploads/tender/0fd8be342c35d5a46a13b281cadc5e4f.pdf,2026-09-26T19:23:24Z,REAL
CIPROFLOXACIN-E81C4CD3,2026-04-01,S.O. 1575(E) dated 25.03.2026,4.35,16,,NPPA S.O. 1575(E) dated 25.03.2026 (NLEM 2022 list),https://nppa.gov.in/storage/uploads/tender/0fd8be342c35d5a46a13b281cadc5e4f.pdf,2026-09-26T19:23:24Z,REAL
CIPROFLOXACIN-29F57D17,2026-04-01,S.O. 1575(E) dated 25.03.2026,1.58,16,,NPPA S.O. 1575(E) dated 25.03.2026 (NLEM 2022 list),https://nppa.gov.in/storage/uploads/tender/0fd8be342c35d5a46a13b281cadc5e4f.pdf,2026-09-26T19:23:24Z,REAL
CIPROFLOXACIN-B1FA88CF,2026-04-01,S.O. 1575(E) dated 25.03.2026,0.20,16,,NPPA S.O. 1575(E) dated 25.03.2026 (NLEM 2022 list),https://nppa.gov.in/storage/uploads/tender/0fd8be342c35d5a46a13b281cadc5e4f.pdf,2026-09-26T19:23:24Z,REAL
CIPROFLOXACIN-595D3CAE,2026-04-01,S.O. 1575(E) dated 25.03.2026,0.75,16,,NPPA S.O. 1575(E) dated 25.03.2026 (NLEM 2022 list),https://nppa.gov.in/storage/uploads/tender/0fd8be342c35d5a46a13b281cadc5e4f.pdf,2026-09-26T19:23:24Z,REAL
CIPROFLOXACIN-16B32BB9,2026-04-01,S.O. 1575(E) dated 25.03.2026,1.32,16,,NPPA S.O. 1575(E) dated 25.03.2026 (NLEM 2022 list),https://nppa.gov.in/storage/uploads/tender/0fd8be342c35d5a46a13b281cadc5e4f.pdf,2026-09-26T19:23:24Z,REAL
CISPLATIN-1C3AF2A6,2026-04-01,S.O. 1575(E) dated 25.03.2026,7.26,16,,NPPA S.O. 1575(E) dated 25.03.2026 (NLEM 2022 list),https://nppa.gov.in/storage/uploads/tender/0fd8be342c35d5a46a13b281cadc5e4f.pdf,2026-09-26T19:23:24Z,REAL
CLARITHROMYCIN-2ACF3D00,2026-04-01,S.O. 1575(E) dated 25.03.2026,40.79,16,,NPPA S.O. 1575(E) dated 25.03.2026 (NLEM 2022 list),https://nppa.gov.in/storage/uploads/tender/0fd8be342c35d5a46a13b281cadc5e4f.pdf,2026-09-26T19:23:24Z,REAL
CLARITHROMYCIN-A5EFF04B,2026-04-01,S.O. 1575(E) dated 25.03.2026,24.64,16,,NPPA S.O. 1575(E) dated 25.03.2026 (NLEM 2022 list),https://nppa.gov.in/storage/uploads/tender/0fd8be342c35d5a46a13b281cadc5e4f.pdf,2026-09-26T19:23:24Z,REAL
CLARITHROMYCIN-5CA9CC06,2026-04-01,S.O. 1575(E) dated 25.03.2026,4.76,16,,NPPA S.O. 1575(E) dated 25.03.2026 (NLEM 2022 list),https://nppa.gov.in/storage/uploads/tender/0fd8be342c35d5a46a13b281cadc5e4f.pdf,2026-09-26T19:23:24Z,REAL
CLINDAMYCIN-D72B2149,2026-04-01,S.O. 1575(E) dated 25.03.2026,16.75,16,,NPPA S.O. 1575(E) dated 25.03.2026 (NLEM 2022 list),https://nppa.gov.in/storage/uploads/tender/0fd8be342c35d5a46a13b281cadc5e4f.pdf,2026-09-26T19:23:24Z,REAL
CLINDAMYCIN-FB65CE3B,2026-04-01,S.O. 1575(E) dated 25.03.2026,29.05,16,,NPPA S.O. 1575(E) dated 25.03.2026 (NLEM 2022 list),https://nppa.gov.in/storage/uploads/tender/0fd8be342c35d5a46a13b281cadc5e4f.pdf,2026-09-26T19:23:24Z,REAL
CLINDAMYCIN-D00AD83D,2026-04-01,S.O. 1575(E) dated 25.03.2026,19.43,16,,NPPA S.O. 1575(E) dated 25.03.2026 (NLEM 2022 list),https://nppa.gov.in/storage/uploads/tender/0fd8be342c35d5a46a13b281cadc5e4f.pdf,2026-09-26T19:23:24Z,REAL
CLINDAMYCIN-0B9B9968,2026-04-01,S.O. 1575(E) dated 25.03.2026,62.05,16,,NPPA S.O. 1575(E) dated 25.03.2026 (NLEM 2022 list),https://nppa.gov.in/storage/uploads/tender/0fd8be342c35d5a46a13b281cadc5e4f.pdf,2026-09-26T19:23:24Z,REAL
CLOBAZAM-071F7140,2026-04-01,S.O. 1575(E) dated 25.03.2026,5.87,16,,NPPA S.O. 1575(E) dated 25.03.2026 (NLEM 2022 list),https://nppa.gov.in/storage/uploads/tender/0fd8be342c35d5a46a13b281cadc5e4f.pdf,2026-09-26T19:23:24Z,REAL
CLOBAZAM-5D47C125,2026-04-01,S.O. 1575(E) dated 25.03.2026,10.08,16,,NPPA S.O. 1575(E) dated 25.03.2026 (NLEM 2022 list),https://nppa.gov.in/storage/uploads/tender/0fd8be342c35d5a46a13b281cadc5e4f.pdf,2026-09-26T19:23:24Z,REAL
CLOFAZIMINE-F8BE6A2B,2026-04-01,S.O. 1575(E) dated 25.03.2026,4.08,16,,NPPA S.O. 1575(E) dated 25.03.2026 (NLEM 2022 list),https://nppa.gov.in/storage/uploads/tender/0fd8be342c35d5a46a13b281cadc5e4f.pdf,2026-09-26T19:23:24Z,REAL
CLOFAZIMINE-9B463B1C,2026-04-01,S.O. 1575(E) dated 25.03.2026,2.16,16,,NPPA S.O. 1575(E) dated 25.03.2026 (NLEM 2022 list),https://nppa.gov.in/storage/uploads/tender/0fd8be342c35d5a46a13b281cadc5e4f.pdf,2026-09-26T19:23:24Z,REAL
CLOMIPHENE-CITRATE-32B3E595,2026-04-01,S.O. 1575(E) dated 25.03.2026,28.03,16,,NPPA S.O. 1575(E) dated 25.03.2026 (NLEM 2022 list),https://nppa.gov.in/storage/uploads/tender/0fd8be342c35d5a46a13b281cadc5e4f.pdf,2026-09-26T19:23:24Z,REAL
CLOMIPHENE-CITRATE-C852F3D4,2026-04-01,S.O. 1575(E) dated 25.03.2026,52.37,16,,NPPA S.O. 1575(E) dated 25.03.2026 (NLEM 2022 list),https://nppa.gov.in/storage/uploads/tender/0fd8be342c35d5a46a13b281cadc5e4f.pdf,2026-09-26T19:23:24Z,REAL
CLOMIPHENECITRATE-24689230,2026-04-01,S.O. 1575(E) dated 25.03.2026,14.28,16,,NPPA S.O. 1575(E) dated 25.03.2026 (NLEM 2022 list),https://nppa.gov.in/storage/uploads/tender/0fd8be342c35d5a46a13b281cadc5e4f.pdf,2026-09-26T19:23:24Z,REAL
CLOMIPHENECITRATE-58DC13DB,2026-04-01,S.O. 1575(E) dated 25.03.2026,9.05,16,,NPPA S.O. 1575(E) dated 25.03.2026 (NLEM 2022 list),https://nppa.gov.in/storage/uploads/tender/0fd8be342c35d5a46a13b281cadc5e4f.pdf,2026-09-26T19:23:24Z,REAL
CLOMIPRAMINE-AF29F4EF,2026-04-01,S.O. 1575(E) dated 25.03.2026,2.92,16,,NPPA S.O. 1575(E) dated 25.03.2026 (NLEM 2022 list),https://nppa.gov.in/storage/uploads/tender/0fd8be342c35d5a46a13b281cadc5e4f.pdf,2026-09-26T19:23:24Z,REAL
CLOMIPRAMINE-98193BCC,2026-04-01,S.O. 1575(E) dated 25.03.2026,6.37,16,,NPPA S.O. 1575(E) dated 25.03.2026 (NLEM 2022 list),https://nppa.gov.in/storage/uploads/tender/0fd8be342c35d5a46a13b281cadc5e4f.pdf,2026-09-26T19:23:24Z,REAL
CLOMIPRAMINE-495CFD09,2026-04-01,S.O. 1575(E) dated 25.03.2026,16.86,16,,NPPA S.O. 1575(E) dated 25.03.2026 (NLEM 2022 list),https://nppa.gov.in/storage/uploads/tender/0fd8be342c35d5a46a13b281cadc5e4f.pdf,2026-09-26T19:23:24Z,REAL
CLONAZEPAM-21A7CEB5,2026-04-01,S.O. 1575(E) dated 25.03.2026,2.07,16,,NPPA S.O. 1575(E) dated 25.03.2026 (NLEM 2022 list),https://nppa.gov.in/storage/uploads/tender/0fd8be342c35d5a46a13b281cadc5e4f.pdf,2026-09-26T19:23:24Z,REAL
CLONAZEPAM-0A44DC8B,2026-04-01,S.O. 1575(E) dated 25.03.2026,3.53,16,,NPPA S.O. 1575(E) dated 25.03.2026 (NLEM 2022 list),https://nppa.gov.in/storage/uploads/tender/0fd8be342c35d5a46a13b281cadc5e4f.pdf,2026-09-26T19:23:24Z,REAL
CLONAZEPAM-9601BD4C,2026-04-01,S.O. 1575(E) dated 25.03.2026,4.88,16,,NPPA S.O. 1575(E) dated 25.03.2026 (NLEM 2022 list),https://nppa.gov.in/storage/uploads/tender/0fd8be342c35d5a46a13b281cadc5e4f.pdf,2026-09-26T19:23:24Z,REAL
CLOPIDOGREL-4607B51C,2026-04-01,S.O. 1575(E) dated 25.03.2026,6.82,16,,NPPA S.O. 1575(E) dated 25.03.2026 (NLEM 2022 list),https://nppa.gov.in/storage/uploads/tender/0fd8be342c35d5a46a13b281cadc5e4f.pdf,2026-09-26T19:23:24Z,REAL
CLOPIDOGREL-F7218C6B,2026-04-01,S.O. 1575(E) dated 25.03.2026,20.98,16,,NPPA S.O. 1575(E) dated 25.03.2026 (NLEM 2022 list),https://nppa.gov.in/storage/uploads/tender/0fd8be342c35d5a46a13b281cadc5e4f.pdf,2026-09-26T19:23:24Z,REAL
CLOTRIMAZOLE-FE2FE904,2026-04-01,S.O. 1575(E) dated 25.03.2026,3.99,16,,NPPA S.O. 1575(E) dated 25.03.2026 (NLEM 2022 list),https://nppa.gov.in/storage/uploads/tender/0fd8be342c35d5a46a13b281cadc5e4f.pdf,2026-09-26T19:23:24Z,REAL
CLOTRIMAZOLE-726AD3EC,2026-04-01,S.O. 1575(E) dated 25.03.2026,10.25,16,,NPPA S.O. 1575(E) dated 25.03.2026 (NLEM 2022 list),https://nppa.gov.in/storage/uploads/tender/0fd8be342c35d5a46a13b281cadc5e4f.pdf,2026-09-26T19:23:24Z,REAL
CLOTRIMAZOLE-76D56868,2026-04-01,S.O. 1575(E) dated 25.03.2026,3.45,16,,NPPA S.O. 1575(E) dated 25.03.2026 (NLEM 2022 list),https://nppa.gov.in/storage/uploads/tender/0fd8be342c35d5a46a13b281cadc5e4f.pdf,2026-09-26T19:23:24Z,REAL
CLOTRIMAZOLE-BE3E71B1,2026-04-01,S.O. 1575(E) dated 25.03.2026,3.07,16,,NPPA S.O. 1575(E) dated 25.03.2026 (NLEM 2022 list),https://nppa.gov.in/storage/uploads/tender/0fd8be342c35d5a46a13b281cadc5e4f.pdf,2026-09-26T19:23:24Z,REAL
CLOXACILLIN-D282FF1C,2026-04-01,S.O. 1575(E) dated 25.03.2026,2.44,16,,NPPA S.O. 1575(E) dated 25.03.2026 (NLEM 2022 list),https://nppa.gov.in/storage/uploads/tender/0fd8be342c35d5a46a13b281cadc5e4f.pdf,2026-09-26T19:23:24Z,REAL
CLOXACILLIN-E33D9ED8,2026-04-01,S.O. 1575(E) dated 25.03.2026,1.44,16,,NPPA S.O. 1575(E) dated 25.03.2026 (NLEM 2022 list),https://nppa.gov.in/storage/uploads/tender/0fd8be342c35d5a46a13b281cadc5e4f.pdf,2026-09-26T19:23:24Z,REAL
CLOZAPINE-48105AED,2026-04-01,S.O. 1575(E) dated 25.03.2026,2.85,16,,NPPA S.O. 1575(E) dated 25.03.2026 (NLEM 2022 list),https://nppa.gov.in/storage/uploads/tender/0fd8be342c35d5a46a13b281cadc5e4f.pdf,2026-09-26T19:23:24Z,REAL
CLOZAPINE-5306C84A,2026-04-01,S.O. 1575(E) dated 25.03.2026,5.31,16,,NPPA S.O. 1575(E) dated 25.03.2026 (NLEM 2022 list),https://nppa.gov.in/storage/uploads/tender/0fd8be342c35d5a46a13b281cadc5e4f.pdf,2026-09-26T19:23:24Z,REAL
CLOZAPINE-4A1DF70A,2026-04-01,S.O. 1575(E) dated 25.03.2026,8.66,16,,NPPA S.O. 1575(E) dated 25.03.2026 (NLEM 2022 list),https://nppa.gov.in/storage/uploads/tender/0fd8be342c35d5a46a13b281cadc5e4f.pdf,2026-09-26T19:23:24Z,REAL
COLCHICINE-27556B88,2026-04-01,S.O. 1575(E) dated 25.03.2026,3.34,16,,NPPA S.O. 1575(E) dated 25.03.2026 (NLEM 2022 list),https://nppa.gov.in/storage/uploads/tender/0fd8be342c35d5a46a13b281cadc5e4f.pdf,2026-09-26T19:23:24Z,REAL
CO-TRIMOXAZOLE-SULPHAMET-933D8B76,2026-04-01,S.O. 1575(E) dated 25.03.2026,0.93,16,,NPPA S.O. 1575(E) dated 25.03.2026 (NLEM 2022 list),https://nppa.gov.in/storage/uploads/tender/0fd8be342c35d5a46a13b281cadc5e4f.pdf,2026-09-26T19:23:24Z,REAL
CO-TRIMOXAZOLE-SULPHAMET-D73CB4D5,2026-04-01,S.O. 1575(E) dated 25.03.2026,2.36,16,,NPPA S.O. 1575(E) dated 25.03.2026 (NLEM 2022 list),https://nppa.gov.in/storage/uploads/tender/0fd8be342c35d5a46a13b281cadc5e4f.pdf,2026-09-26T19:23:24Z,REAL
CO-TRIMOXAZOLE-SULPHAMET-564BEAA7,2026-04-01,S.O. 1575(E) dated 25.03.2026,0.36,16,,NPPA S.O. 1575(E) dated 25.03.2026 (NLEM 2022 list),https://nppa.gov.in/storage/uploads/tender/0fd8be342c35d5a46a13b281cadc5e4f.pdf,2026-09-26T19:23:24Z,REAL
CYCLOPHOSPHAMIDE-5790BBDC,2026-04-01,S.O. 1575(E) dated 25.03.2026,75.25,16,,NPPA S.O. 1575(E) dated 25.03.2026 (NLEM 2022 list),https://nppa.gov.in/storage/uploads/tender/0fd8be342c35d5a46a13b281cadc5e4f.pdf,2026-09-26T19:23:24Z,REAL
CYCLOPHOSPHAMIDE-8293511A,2026-04-01,S.O. 1575(E) dated 25.03.2026,3.81,16,,NPPA S.O. 1575(E) dated 25.03.2026 (NLEM 2022 list),https://nppa.gov.in/storage/uploads/tender/0fd8be342c35d5a46a13b281cadc5e4f.pdf,2026-09-26T19:23:24Z,REAL
CYCLOSERINE-7930842B,2026-04-01,S.O. 1575(E) dated 25.03.2026,60.61,16,,NPPA S.O. 1575(E) dated 25.03.2026 (NLEM 2022 list),https://nppa.gov.in/storage/uploads/tender/0fd8be342c35d5a46a13b281cadc5e4f.pdf,2026-09-26T19:23:24Z,REAL
CYCLOSERINE-CC803F7F,2026-04-01,S.O. 1575(E) dated 25.03.2026,47.11,16,,NPPA S.O. 1575(E) dated 25.03.2026 (NLEM 2022 list),https://nppa.gov.in/storage/uploads/tender/0fd8be342c35d5a46a13b281cadc5e4f.pdf,2026-09-26T19:23:24Z,REAL
CYCLOSPORINE-66F52304,2026-04-01,S.O. 1575(E) dated 25.03.2026,28.72,16,,NPPA S.O. 1575(E) dated 25.03.2026 (NLEM 2022 list),https://nppa.gov.in/storage/uploads/tender/0fd8be342c35d5a46a13b281cadc5e4f.pdf,2026-09-26T19:23:24Z,REAL
CYCLOSPORINE-F5A11858,2026-04-01,S.O. 1575(E) dated 25.03.2026,82.51,16,,NPPA S.O. 1575(E) dated 25.03.2026 (NLEM 2022 list),https://nppa.gov.in/storage/uploads/tender/0fd8be342c35d5a46a13b281cadc5e4f.pdf,2026-09-26T19:23:24Z,REAL
CYCLOSPORINE-64F92B88,2026-04-01,S.O. 1575(E) dated 25.03.2026,56.43,16,,NPPA S.O. 1575(E) dated 25.03.2026 (NLEM 2022 list),https://nppa.gov.in/storage/uploads/tender/0fd8be342c35d5a46a13b281cadc5e4f.pdf,2026-09-26T19:23:24Z,REAL
CYCLOSPORINE-A3571818,2026-04-01,S.O. 1575(E) dated 25.03.2026,105.59,16,,NPPA S.O. 1575(E) dated 25.03.2026 (NLEM 2022 list),https://nppa.gov.in/storage/uploads/tender/0fd8be342c35d5a46a13b281cadc5e4f.pdf,2026-09-26T19:23:24Z,REAL
CYTOSINE-ARABINOSIDE-FC660206,2026-04-01,S.O. 1575(E) dated 25.03.2026,1157.47,16,,NPPA S.O. 1575(E) dated 25.03.2026 (NLEM 2022 list),https://nppa.gov.in/storage/uploads/tender/0fd8be342c35d5a46a13b281cadc5e4f.pdf,2026-09-26T19:23:24Z,REAL
CYTOSINE-ARABINOSIDE-31E0FA29,2026-04-01,S.O. 1575(E) dated 25.03.2026,142.94,16,,NPPA S.O. 1575(E) dated 25.03.2026 (NLEM 2022 list),https://nppa.gov.in/storage/uploads/tender/0fd8be342c35d5a46a13b281cadc5e4f.pdf,2026-09-26T19:23:24Z,REAL
CYTOSINE-ARABINOSIDE-40D6AD87,2026-04-01,S.O. 1575(E) dated 25.03.2026,549.20,16,,NPPA S.O. 1575(E) dated 25.03.2026 (NLEM 2022 list),https://nppa.gov.in/storage/uploads/tender/0fd8be342c35d5a46a13b281cadc5e4f.pdf,2026-09-26T19:23:24Z,REAL
DABIGATRAN-3D01F704,2026-04-01,S.O. 1575(E) dated 25.03.2026,32.57,16,,NPPA S.O. 1575(E) dated 25.03.2026 (NLEM 2022 list),https://nppa.gov.in/storage/uploads/tender/0fd8be342c35d5a46a13b281cadc5e4f.pdf,2026-09-26T19:23:24Z,REAL
DABIGATRAN-29F1BDDD,2026-04-01,S.O. 1575(E) dated 25.03.2026,36.45,16,,NPPA S.O. 1575(E) dated 25.03.2026 (NLEM 2022 list),https://nppa.gov.in/storage/uploads/tender/0fd8be342c35d5a46a13b281cadc5e4f.pdf,2026-09-26T19:23:24Z,REAL
DACARBAZINE-F21044E2,2026-04-01,S.O. 1575(E) dated 25.03.2026,390.91,16,,NPPA S.O. 1575(E) dated 25.03.2026 (NLEM 2022 list),https://nppa.gov.in/storage/uploads/tender/0fd8be342c35d5a46a13b281cadc5e4f.pdf,2026-09-26T19:23:24Z,REAL
DACARBAZINE-79E9F23F,2026-04-01,S.O. 1575(E) dated 25.03.2026,531.29,16,,NPPA S.O. 1575(E) dated 25.03.2026 (NLEM 2022 list),https://nppa.gov.in/storage/uploads/tender/0fd8be342c35d5a46a13b281cadc5e4f.pdf,2026-09-26T19:23:24Z,REAL
DACLATASVIR-E6AAB6E9,2026-04-01,S.O. 1575(E) dated 25.03.2026,204.77,16,,NPPA S.O. 1575(E) dated 25.03.2026 (NLEM 2022 list),https://nppa.gov.in/storage/uploads/tender/0fd8be342c35d5a46a13b281cadc5e4f.pdf,2026-09-26T19:23:24Z,REAL
DAPSONE-9EAD7BD9,2026-04-01,S.O. 1575(E) dated 25.03.2026,0.42,16,,NPPA S.O. 1575(E) dated 25.03.2026 (NLEM 2022 list),https://nppa.gov.in/storage/uploads/tender/0fd8be342c35d5a46a13b281cadc5e4f.pdf,2026-09-26T19:23:24Z,REAL
DARUNAVIR-AD8E08F7,2026-04-01,S.O. 1575(E) dated 25.03.2026,158.15,16,,NPPA S.O. 1575(E) dated 25.03.2026 (NLEM 2022 list),https://nppa.gov.in/storage/uploads/tender/0fd8be342c35d5a46a13b281cadc5e4f.pdf,2026-09-26T19:23:24Z,REAL
DARUNAVIR-A-RITONAVIR-B-9FD50AE6,2026-04-01,S.O. 1575(E) dated 25.03.2026,149.98,16,,NPPA S.O. 1575(E) dated 25.03.2026 (NLEM 2022 list),https://nppa.gov.in/storage/uploads/tender/0fd8be342c35d5a46a13b281cadc5e4f.pdf,2026-09-26T19:23:24Z,REAL
DESFERRIOXAMINE-D4E309B9,2026-04-01,S.O. 1575(E) dated 25.03.2026,289.77,16,,NPPA S.O. 1575(E) dated 25.03.2026 (NLEM 2022 list),https://nppa.gov.in/storage/uploads/tender/0fd8be342c35d5a46a13b281cadc5e4f.pdf,2026-09-26T19:23:24Z,REAL
DEXAMETHASONE-419DA0D1,2026-04-01,S.O. 1575(E) dated 25.03.2026,0.22,16,,NPPA S.O. 1575(E) dated 25.03.2026 (NLEM 2022 list),https://nppa.gov.in/storage/uploads/tender/0fd8be342c35d5a46a13b281cadc5e4f.pdf,2026-09-26T19:23:24Z,REAL
DEXAMETHASONE-4D07D567,2026-04-01,S.O. 1575(E) dated 25.03.2026,4.73,16,,NPPA S.O. 1575(E) dated 25.03.2026 (NLEM 2022 list),https://nppa.gov.in/storage/uploads/tender/0fd8be342c35d5a46a13b281cadc5e4f.pdf,2026-09-26T19:23:24Z,REAL
DEXAMETHASONE-67DBF819,2026-04-01,S.O. 1575(E) dated 25.03.2026,5.21,16,,NPPA S.O. 1575(E) dated 25.03.2026 (NLEM 2022 list),https://nppa.gov.in/storage/uploads/tender/0fd8be342c35d5a46a13b281cadc5e4f.pdf,2026-09-26T19:23:24Z,REAL
DEXAMETHASONE-3E4CC24E,2026-04-01,S.O. 1575(E) dated 25.03.2026,2.63,16,,NPPA S.O. 1575(E) dated 25.03.2026 (NLEM 2022 list),https://nppa.gov.in/storage/uploads/tender/0fd8be342c35d5a46a13b281cadc5e4f.pdf,2026-09-26T19:23:24Z,REAL
DEXAMETHASONE-7763D836,2026-04-01,S.O. 1575(E) dated 25.03.2026,1.61,16,,NPPA S.O. 1575(E) dated 25.03.2026 (NLEM 2022 list),https://nppa.gov.in/storage/uploads/tender/0fd8be342c35d5a46a13b281cadc5e4f.pdf,2026-09-26T19:23:24Z,REAL
DEXAMETHASONE-72FD4477,2026-04-01,S.O. 1575(E) dated 25.03.2026,1.38,16,,NPPA S.O. 1575(E) dated 25.03.2026 (NLEM 2022 list),https://nppa.gov.in/storage/uploads/tender/0fd8be342c35d5a46a13b281cadc5e4f.pdf,2026-09-26T19:23:24Z,REAL
DEXAMETHASONE-8361F6E7,2026-04-01,S.O. 1575(E) dated 25.03.2026,0.93,16,,NPPA S.O. 1575(E) dated 25.03.2026 (NLEM 2022 list),https://nppa.gov.in/storage/uploads/tender/0fd8be342c35d5a46a13b281cadc5e4f.pdf,2026-09-26T19:23:24Z,REAL
DIAZEPAM-8699EAB8,2026-04-01,S.O. 1575(E) dated 25.03.2026,1.67,16,,NPPA S.O. 1575(E) dated 25.03.2026 (NLEM 2022 list),https://nppa.gov.in/storage/uploads/tender/0fd8be342c35d5a46a13b281cadc5e4f.pdf,2026-09-26T19:23:24Z,REAL
DIAZEPAM-F69C73E4,2026-04-01,S.O. 1575(E) dated 25.03.2026,5.68,16,,NPPA S.O. 1575(E) dated 25.03.2026 (NLEM 2022 list),https://nppa.gov.in/storage/uploads/tender/0fd8be342c35d5a46a13b281cadc5e4f.pdf,2026-09-26T19:23:24Z,REAL
DIAZEPAM-268752FA,2026-04-01,S.O. 1575(E) dated 25.03.2026,1.48,16,,NPPA S.O. 1575(E) dated 25.03.2026 (NLEM 2022 list),https://nppa.gov.in/storage/uploads/tender/0fd8be342c35d5a46a13b281cadc5e4f.pdf,2026-09-26T19:23:24Z,REAL
DIAZEPAM-A66FED3F,2026-04-01,S.O. 1575(E) dated 25.03.2026,6.34,16,,NPPA S.O. 1575(E) dated 25.03.2026 (NLEM 2022 list),https://nppa.gov.in/storage/uploads/tender/0fd8be342c35d5a46a13b281cadc5e4f.pdf,2026-09-26T19:23:24Z,REAL
DICLOFENAC-12DD1F92,2026-04-01,S.O. 1575(E) dated 25.03.2026,2.10,16,,NPPA S.O. 1575(E) dated 25.03.2026 (NLEM 2022 list),https://nppa.gov.in/storage/uploads/tender/0fd8be342c35d5a46a13b281cadc5e4f.pdf,2026-09-26T19:23:24Z,REAL
DICLOFENAC-C7A3A0FC,2026-04-01,S.O. 1575(E) dated 25.03.2026,1.73,16,,NPPA S.O. 1575(E) dated 25.03.2026 (NLEM 2022 list),https://nppa.gov.in/storage/uploads/tender/0fd8be342c35d5a46a13b281cadc5e4f.pdf,2026-09-26T19:23:24Z,REAL
DICYCLOMINE-FA648184,2026-04-01,S.O. 1575(E) dated 25.03.2026,3.40,16,,NPPA S.O. 1575(E) dated 25.03.2026 (NLEM 2022 list),https://nppa.gov.in/storage/uploads/tender/0fd8be342c35d5a46a13b281cadc5e4f.pdf,2026-09-26T19:23:24Z,REAL
DICYCLOMINE-D68EA667,2026-04-01,S.O. 1575(E) dated 25.03.2026,2.15,16,,NPPA S.O. 1575(E) dated 25.03.2026 (NLEM 2022 list),https://nppa.gov.in/storage/uploads/tender/0fd8be342c35d5a46a13b281cadc5e4f.pdf,2026-09-26T19:23:24Z,REAL
DIETHYLCARBAMAZINE-DEC-9485F4CF,2026-04-01,S.O. 1575(E) dated 25.03.2026,1.71,16,,NPPA S.O. 1575(E) dated 25.03.2026 (NLEM 2022 list),https://nppa.gov.in/storage/uploads/tender/0fd8be342c35d5a46a13b281cadc5e4f.pdf,2026-09-26T19:23:24Z,REAL
DIETHYLCARBAMAZINE-DEC-90E1B299,2026-04-01,S.O. 1575(E) dated 25.03.2026,0.57,16,,NPPA S.O. 1575(E) dated 25.03.2026 (NLEM 2022 list),https://nppa.gov.in/storage/uploads/tender/0fd8be342c35d5a46a13b281cadc5e4f.pdf,2026-09-26T19:23:24Z,REAL
DIETHYLCARBAMAZINE-DEC-877ABC52,2026-04-01,S.O. 1575(E) dated 25.03.2026,0.49,16,,NPPA S.O. 1575(E) dated 25.03.2026 (NLEM 2022 list),https://nppa.gov.in/storage/uploads/tender/0fd8be342c35d5a46a13b281cadc5e4f.pdf,2026-09-26T19:23:24Z,REAL
DIGOXIN-905411CD,2026-04-01,S.O. 1575(E) dated 25.03.2026,1.36,16,,NPPA S.O. 1575(E) dated 25.03.2026 (NLEM 2022 list),https://nppa.gov.in/storage/uploads/tender/0fd8be342c35d5a46a13b281cadc5e4f.pdf,2026-09-26T19:23:24Z,REAL
DIGOXIN-A64AC9FC,2026-04-01,S.O. 1575(E) dated 25.03.2026,1.51,16,,NPPA S.O. 1575(E) dated 25.03.2026 (NLEM 2022 list),https://nppa.gov.in/storage/uploads/tender/0fd8be342c35d5a46a13b281cadc5e4f.pdf,2026-09-26T19:23:24Z,REAL
DIGOXIN-E6B63C04,2026-04-01,S.O. 1575(E) dated 25.03.2026,3.97,16,,NPPA S.O. 1575(E) dated 25.03.2026 (NLEM 2022 list),https://nppa.gov.in/storage/uploads/tender/0fd8be342c35d5a46a13b281cadc5e4f.pdf,2026-09-26T19:23:24Z,REAL
DILTIAZEM-4CD2BBC6,2026-04-01,S.O. 1575(E) dated 25.03.2026,5.60,16,,NPPA S.O. 1575(E) dated 25.03.2026 (NLEM 2022 list),https://nppa.gov.in/storage/uploads/tender/0fd8be342c35d5a46a13b281cadc5e4f.pdf,2026-09-26T19:23:24Z,REAL
DILTIAZEM-DAD597A3,2026-04-01,S.O. 1575(E) dated 25.03.2026,2.75,16,,NPPA S.O. 1575(E) dated 25.03.2026 (NLEM 2022 list),https://nppa.gov.in/storage/uploads/tender/0fd8be342c35d5a46a13b281cadc5e4f.pdf,2026-09-26T19:23:24Z,REAL
DILTIAZEM-99C9E65B,2026-04-01,S.O. 1575(E) dated 25.03.2026,3.58,16,,NPPA S.O. 1575(E) dated 25.03.2026 (NLEM 2022 list),https://nppa.gov.in/storage/uploads/tender/0fd8be342c35d5a46a13b281cadc5e4f.pdf,2026-09-26T19:23:24Z,REAL
DILTIAZEM-F87EFCBA,2026-04-01,S.O. 1575(E) dated 25.03.2026,26.89,16,,NPPA S.O. 1575(E) dated 25.03.2026 (NLEM 2022 list),https://nppa.gov.in/storage/uploads/tender/0fd8be342c35d5a46a13b281cadc5e4f.pdf,2026-09-26T19:23:24Z,REAL
DINOPROSTONE-BB152D60,2026-04-01,S.O. 1575(E) dated 25.03.2026,86.75,16,,NPPA S.O. 1575(E) dated 25.03.2026 (NLEM 2022 list),https://nppa.gov.in/storage/uploads/tender/0fd8be342c35d5a46a13b281cadc5e4f.pdf,2026-09-26T19:23:24Z,REAL
DISPOSABLE-PEN-CONTAININ-94854736,2026-04-01,S.O. 1575(E) dated 25.03.2026,250.00,16,,NPPA S.O. 1575(E) dated 25.03.2026 (NLEM 2022 list),https://nppa.gov.in/storage/uploads/tender/0fd8be342c35d5a46a13b281cadc5e4f.pdf,2026-09-26T19:23:24Z,REAL
DOBUTAMINE-94560DE3,2026-04-01,S.O. 1575(E) dated 25.03.2026,9.25,16,,NPPA S.O. 1575(E) dated 25.03.2026 (NLEM 2022 list),https://nppa.gov.in/storage/uploads/tender/0fd8be342c35d5a46a13b281cadc5e4f.pdf,2026-09-26T19:23:24Z,REAL
DOCETAXEL-9F0B0B36,2026-04-01,S.O. 1575(E) dated 25.03.2026,2937.27,16,,NPPA S.O. 1575(E) dated 25.03.2026 (NLEM 2022 list),https://nppa.gov.in/storage/uploads/tender/0fd8be342c35d5a46a13b281cadc5e4f.pdf,2026-09-26T19:23:24Z,REAL
DOCETAXEL-D1107EDA,2026-04-01,S.O. 1575(E) dated 25.03.2026,10581.82,16,,NPPA S.O. 1575(E) dated 25.03.2026 (NLEM 2022 list),https://nppa.gov.in/storage/uploads/tender/0fd8be342c35d5a46a13b281cadc5e4f.pdf,2026-09-26T19:23:24Z,REAL
DOLUTEGRAVIR-292B6BFD,2026-04-01,S.O. 1575(E) dated 25.03.2026,115.50,16,,NPPA S.O. 1575(E) dated 25.03.2026 (NLEM 2022 list),https://nppa.gov.in/storage/uploads/tender/0fd8be342c35d5a46a13b281cadc5e4f.pdf,2026-09-26T19:23:24Z,REAL
DOMPERIDONE-BEE7309B,2026-04-01,S.O. 1575(E) dated 25.03.2026,2.37,16,,NPPA S.O. 1575(E) dated 25.03.2026 (NLEM 2022 list),https://nppa.gov.in/storage/uploads/tender/0fd8be342c35d5a46a13b281cadc5e4f.pdf,2026-09-26T19:23:24Z,REAL
DOMPERIDONE-936BB8E8,2026-04-01,S.O. 1575(E) dated 25.03.2026,1.27,16,,NPPA S.O. 1575(E) dated 25.03.2026 (NLEM 2022 list),https://nppa.gov.in/storage/uploads/tender/0fd8be342c35d5a46a13b281cadc5e4f.pdf,2026-09-26T19:23:24Z,REAL
DONEPEZIL-1183EEB7,2026-04-01,S.O. 1575(E) dated 25.03.2026,17.88,16,,NPPA S.O. 1575(E) dated 25.03.2026 (NLEM 2022 list),https://nppa.gov.in/storage/uploads/tender/0fd8be342c35d5a46a13b281cadc5e4f.pdf,2026-09-26T19:23:24Z,REAL
DONEPEZIL-38052CEB,2026-04-01,S.O. 1575(E) dated 25.03.2026,12.40,16,,NPPA S.O. 1575(E) dated 25.03.2026 (NLEM 2022 list),https://nppa.gov.in/storage/uploads/tender/0fd8be342c35d5a46a13b281cadc5e4f.pdf,2026-09-26T19:23:24Z,REAL
DOPAMINE-2445DEFD,2026-04-01,S.O. 1575(E) dated 25.03.2026,4.88,16,,NPPA S.O. 1575(E) dated 25.03.2026 (NLEM 2022 list),https://nppa.gov.in/storage/uploads/tender/0fd8be342c35d5a46a13b281cadc5e4f.pdf,2026-09-26T19:23:24Z,REAL
DOXORUBICIN-088BB480,2026-04-01,S.O. 1575(E) dated 25.03.2026,32.51,16,,NPPA S.O. 1575(E) dated 25.03.2026 (NLEM 2022 list),https://nppa.gov.in/storage/uploads/tender/0fd8be342c35d5a46a13b281cadc5e4f.pdf,2026-09-26T19:23:24Z,REAL
DOXYCYCLINE-565014F8,2026-04-01,S.O. 1575(E) dated 25.03.2026,3.15,16,,NPPA S.O. 1575(E) dated 25.03.2026 (NLEM 2022 list),https://nppa.gov.in/storage/uploads/tender/0fd8be342c35d5a46a13b281cadc5e4f.pdf,2026-09-26T19:23:24Z,REAL
DOXYCYCLINE-DA24A1C1,2026-04-01,S.O. 1575(E) dated 25.03.2026,1.25,16,,NPPA S.O. 1575(E) dated 25.03.2026 (NLEM 2022 list),https://nppa.gov.in/storage/uploads/tender/0fd8be342c35d5a46a13b281cadc5e4f.pdf,2026-09-26T19:23:24Z,REAL
DOXYCYCLINE-2E60B83A,2026-04-01,S.O. 1575(E) dated 25.03.2026,514.71,16,,NPPA S.O. 1575(E) dated 25.03.2026 (NLEM 2022 list),https://nppa.gov.in/storage/uploads/tender/0fd8be342c35d5a46a13b281cadc5e4f.pdf,2026-09-26T19:23:24Z,REAL
D-PENICILLAMINE-80DDF8FD,2026-04-01,S.O. 1575(E) dated 25.03.2026,16.02,16,,NPPA S.O. 1575(E) dated 25.03.2026 (NLEM 2022 list),https://nppa.gov.in/storage/uploads/tender/0fd8be342c35d5a46a13b281cadc5e4f.pdf,2026-09-26T19:23:24Z,REAL
DPT-HIB-HEP-B-VACCINE-C8DEAE23,2026-04-01,S.O. 1575(E) dated 25.03.2026,77.47,16,,NPPA S.O. 1575(E) dated 25.03.2026 (NLEM 2022 list),https://nppa.gov.in/storage/uploads/tender/0fd8be342c35d5a46a13b281cadc5e4f.pdf,2026-09-26T19:23:24Z,REAL
EFAVIRENZ-6C86A172,2026-04-01,S.O. 1575(E) dated 25.03.2026,72.29,16,,NPPA S.O. 1575(E) dated 25.03.2026 (NLEM 2022 list),https://nppa.gov.in/storage/uploads/tender/0fd8be342c35d5a46a13b281cadc5e4f.pdf,2026-09-26T19:23:24Z,REAL
EFAVIRENZ-84DA37FF,2026-04-01,S.O. 1575(E) dated 25.03.2026,23.08,16,,NPPA S.O. 1575(E) dated 25.03.2026 (NLEM 2022 list),https://nppa.gov.in/storage/uploads/tender/0fd8be342c35d5a46a13b281cadc5e4f.pdf,2026-09-26T19:23:24Z,REAL
EFAVIRENZ-4438F0A1,2026-04-01,S.O. 1575(E) dated 25.03.2026,22.51,16,,NPPA S.O. 1575(E) dated 25.03.2026 (NLEM 2022 list),https://nppa.gov.in/storage/uploads/tender/0fd8be342c35d5a46a13b281cadc5e4f.pdf,2026-09-26T19:23:24Z,REAL
EFAVIRENZ-61323F4F,2026-04-01,S.O. 1575(E) dated 25.03.2026,57.03,16,,NPPA S.O. 1575(E) dated 25.03.2026 (NLEM 2022 list),https://nppa.gov.in/storage/uploads/tender/0fd8be342c35d5a46a13b281cadc5e4f.pdf,2026-09-26T19:23:24Z,REAL
ENALAPRIL-48A40641,2026-04-01,S.O. 1575(E) dated 25.03.2026,3.78,16,,NPPA S.O. 1575(E) dated 25.03.2026 (NLEM 2022 list),https://nppa.gov.in/storage/uploads/tender/0fd8be342c35d5a46a13b281cadc5e4f.pdf,2026-09-26T19:23:24Z,REAL
ENALAPRIL-AD2781E9,2026-04-01,S.O. 1575(E) dated 25.03.2026,2.24,16,,NPPA S.O. 1575(E) dated 25.03.2026 (NLEM 2022 list),https://nppa.gov.in/storage/uploads/tender/0fd8be342c35d5a46a13b281cadc5e4f.pdf,2026-09-26T19:23:24Z,REAL
ENOXAPARIN-33294239,2026-04-01,S.O. 1575(E) dated 25.03.2026,114.68,16,,NPPA S.O. 1575(E) dated 25.03.2026 (NLEM 2022 list),https://nppa.gov.in/storage/uploads/tender/0fd8be342c35d5a46a13b281cadc5e4f.pdf,2026-09-26T19:23:24Z,REAL
ENTECAVIR-B9128A44,2026-04-01,S.O. 1575(E) dated 25.03.2026,133.37,16,,NPPA S.O. 1575(E) dated 25.03.2026 (NLEM 2022 list),https://nppa.gov.in/storage/uploads/tender/0fd8be342c35d5a46a13b281cadc5e4f.pdf,2026-09-26T19:23:24Z,REAL
ENTECAVIR-0D77B4CF,2026-04-01,S.O. 1575(E) dated 25.03.2026,86.47,16,,NPPA S.O. 1575(E) dated 25.03.2026 (NLEM 2022 list),https://nppa.gov.in/storage/uploads/tender/0fd8be342c35d5a46a13b281cadc5e4f.pdf,2026-09-26T19:23:24Z,REAL
ERYTHROPOIETIN-C4476030,2026-04-01,S.O. 1575(E) dated 25.03.2026,562.77,16,,NPPA S.O. 1575(E) dated 25.03.2026 (NLEM 2022 list),https://nppa.gov.in/storage/uploads/tender/0fd8be342c35d5a46a13b281cadc5e4f.pdf,2026-09-26T19:23:24Z,REAL
ERYTHROPOIETIN-E889154F,2026-04-01,S.O. 1575(E) dated 25.03.2026,2016.39,16,,NPPA S.O. 1575(E) dated 25.03.2026 (NLEM 2022 list),https://nppa.gov.in/storage/uploads/tender/0fd8be342c35d5a46a13b281cadc5e4f.pdf,2026-09-26T19:23:24Z,REAL
ESCITALOPRAM-485B8A34,2026-04-01,S.O. 1575(E) dated 25.03.2026,5.14,16,,NPPA S.O. 1575(E) dated 25.03.2026 (NLEM 2022 list),https://nppa.gov.in/storage/uploads/tender/0fd8be342c35d5a46a13b281cadc5e4f.pdf,2026-09-26T19:23:24Z,REAL
ESCITALOPRAM-17D2E0CF,2026-04-01,S.O. 1575(E) dated 25.03.2026,9.22,16,,NPPA S.O. 1575(E) dated 25.03.2026 (NLEM 2022 list),https://nppa.gov.in/storage/uploads/tender/0fd8be342c35d5a46a13b281cadc5e4f.pdf,2026-09-26T19:23:24Z,REAL
ESCITALOPRAM-9F29E276,2026-04-01,S.O. 1575(E) dated 25.03.2026,14.70,16,,NPPA S.O. 1575(E) dated 25.03.2026 (NLEM 2022 list),https://nppa.gov.in/storage/uploads/tender/0fd8be342c35d5a46a13b281cadc5e4f.pdf,2026-09-26T19:23:24Z,REAL
ESMOLOL-87BA86F1,2026-04-01,S.O. 1575(E) dated 25.03.2026,27.01,16,,NPPA S.O. 1575(E) dated 25.03.2026 (NLEM 2022 list),https://nppa.gov.in/storage/uploads/tender/0fd8be342c35d5a46a13b281cadc5e4f.pdf,2026-09-26T19:23:24Z,REAL
ETHAMBUTOL-0564B919,2026-04-01,S.O. 1575(E) dated 25.03.2026,4.18,16,,NPPA S.O. 1575(E) dated 25.03.2026 (NLEM 2022 list),https://nppa.gov.in/storage/uploads/tender/0fd8be342c35d5a46a13b281cadc5e4f.pdf,2026-09-26T19:23:24Z,REAL
ETHAMBUTOL-149DB1CF,2026-04-01,S.O. 1575(E) dated 25.03.2026,5.08,16,,NPPA S.O. 1575(E) dated 25.03.2026 (NLEM 2022 list),https://nppa.gov.in/storage/uploads/tender/0fd8be342c35d5a46a13b281cadc5e4f.pdf,2026-09-26T19:23:24Z,REAL
ETHAMBUTOL-B44F3915,2026-04-01,S.O. 1575(E) dated 25.03.2026,2.68,16,,NPPA S.O. 1575(E) dated 25.03.2026 (NLEM 2022 list),https://nppa.gov.in/storage/uploads/tender/0fd8be342c35d5a46a13b281cadc5e4f.pdf,2026-09-26T19:23:24Z,REAL
ETHAMBUTOL-C4262985,2026-04-01,S.O. 1575(E) dated 25.03.2026,1.17,16,,NPPA S.O. 1575(E) dated 25.03.2026 (NLEM 2022 list),https://nppa.gov.in/storage/uploads/tender/0fd8be342c35d5a46a13b281cadc5e4f.pdf,2026-09-26T19:23:24Z,REAL
ETHINYLESTRADIOL-A-LEVON-2FB782FA,2026-04-01,S.O. 1575(E) dated 25.03.2026,3.25,16,,NPPA S.O. 1575(E) dated 25.03.2026 (NLEM 2022 list),https://nppa.gov.in/storage/uploads/tender/0fd8be342c35d5a46a13b281cadc5e4f.pdf,2026-09-26T19:23:24Z,REAL
ETHIONAMIDE-48635C82,2026-04-01,S.O. 1575(E) dated 25.03.2026,15.17,16,,NPPA S.O. 1575(E) dated 25.03.2026 (NLEM 2022 list),https://nppa.gov.in/storage/uploads/tender/0fd8be342c35d5a46a13b281cadc5e4f.pdf,2026-09-26T19:23:24Z,REAL
ETHYL-ALCOHOL-DENATURED-03D98770,2026-04-01,S.O. 1575(E) dated 25.03.2026,0.40,16,,NPPA S.O. 1575(E) dated 25.03.2026 (NLEM 2022 list),https://nppa.gov.in/storage/uploads/tender/0fd8be342c35d5a46a13b281cadc5e4f.pdf,2026-09-26T19:23:24Z,REAL
ETOPOSIDE-EF341206,2026-04-01,S.O. 1575(E) dated 25.03.2026,57.99,16,,NPPA S.O. 1575(E) dated 25.03.2026 (NLEM 2022 list),https://nppa.gov.in/storage/uploads/tender/0fd8be342c35d5a46a13b281cadc5e4f.pdf,2026-09-26T19:23:24Z,REAL
ETOPOSIDE-1298B0D7,2026-04-01,S.O. 1575(E) dated 25.03.2026,35.34,16,,NPPA S.O. 1575(E) dated 25.03.2026 (NLEM 2022 list),https://nppa.gov.in/storage/uploads/tender/0fd8be342c35d5a46a13b281cadc5e4f.pdf,2026-09-26T19:23:24Z,REAL
FENTANYL-E3DD5753,2026-04-01,S.O. 1575(E) dated 25.03.2026,21.46,16,,NPPA S.O. 1575(E) dated 25.03.2026 (NLEM 2022 list),https://nppa.gov.in/storage/uploads/tender/0fd8be342c35d5a46a13b281cadc5e4f.pdf,2026-09-26T19:23:24Z,REAL
FILGRASTIM-7400C830,2026-04-01,S.O. 1575(E) dated 25.03.2026,1187.83,16,,NPPA S.O. 1575(E) dated 25.03.2026 (NLEM 2022 list),https://nppa.gov.in/storage/uploads/tender/0fd8be342c35d5a46a13b281cadc5e4f.pdf,2026-09-26T19:23:24Z,REAL
FLUCONAZOLE-E1CE95B9,2026-04-01,S.O. 1575(E) dated 25.03.2026,30.47,16,,NPPA S.O. 1575(E) dated 25.03.2026 (NLEM 2022 list),https://nppa.gov.in/storage/uploads/tender/0fd8be342c35d5a46a13b281cadc5e4f.pdf,2026-09-26T19:23:24Z,REAL
FLUCONAZOLE-51747F78,2026-04-01,S.O. 1575(E) dated 25.03.2026,17.88,16,,NPPA S.O. 1575(E) dated 25.03.2026 (NLEM 2022 list),https://nppa.gov.in/storage/uploads/tender/0fd8be342c35d5a46a13b281cadc5e4f.pdf,2026-09-26T19:23:24Z,REAL
FLUCONAZOLE-0E0F6D9C,2026-04-01,S.O. 1575(E) dated 25.03.2026,7.80,16,,NPPA S.O. 1575(E) dated 25.03.2026 (NLEM 2022 list),https://nppa.gov.in/storage/uploads/tender/0fd8be342c35d5a46a13b281cadc5e4f.pdf,2026-09-26T19:23:24Z,REAL
FLUCONAZOLE-1DD5ED00,2026-04-01,S.O. 1575(E) dated 25.03.2026,12.35,16,,NPPA S.O. 1575(E) dated 25.03.2026 (NLEM 2022 list),https://nppa.gov.in/storage/uploads/tender/0fd8be342c35d5a46a13b281cadc5e4f.pdf,2026-09-26T19:23:24Z,REAL
FLUCONAZOLE-5D745416,2026-04-01,S.O. 1575(E) dated 25.03.2026,9.91,16,,NPPA S.O. 1575(E) dated 25.03.2026 (NLEM 2022 list),https://nppa.gov.in/storage/uploads/tender/0fd8be342c35d5a46a13b281cadc5e4f.pdf,2026-09-26T19:23:24Z,REAL
FLUCONAZOLE-5DADB56D,2026-04-01,S.O. 1575(E) dated 25.03.2026,41.08,16,,NPPA S.O. 1575(E) dated 25.03.2026 (NLEM 2022 list),https://nppa.gov.in/storage/uploads/tender/0fd8be342c35d5a46a13b281cadc5e4f.pdf,2026-09-26T19:23:24Z,REAL
FLUCONAZOLE-92E707EE,2026-04-01,S.O. 1575(E) dated 25.03.2026,19.68,16,,NPPA S.O. 1575(E) dated 25.03.2026 (NLEM 2022 list),https://nppa.gov.in/storage/uploads/tender/0fd8be342c35d5a46a13b281cadc5e4f.pdf,2026-09-26T19:23:24Z,REAL
FLUCONAZOLE-D4056F14,2026-04-01,S.O. 1575(E) dated 25.03.2026,94.55,16,,NPPA S.O. 1575(E) dated 25.03.2026 (NLEM 2022 list),https://nppa.gov.in/storage/uploads/tender/0fd8be342c35d5a46a13b281cadc5e4f.pdf,2026-09-26T19:23:24Z,REAL
FLUCONAZOLE-E1B12433,2026-04-01,S.O. 1575(E) dated 25.03.2026,21.91,16,,NPPA S.O. 1575(E) dated 25.03.2026 (NLEM 2022 list),https://nppa.gov.in/storage/uploads/tender/0fd8be342c35d5a46a13b281cadc5e4f.pdf,2026-09-26T19:23:24Z,REAL
FLUDROCORTISONE-D2FF45ED,2026-04-01,S.O. 1575(E) dated 25.03.2026,13.52,16,,NPPA S.O. 1575(E) dated 25.03.2026 (NLEM 2022 list),https://nppa.gov.in/storage/uploads/tender/0fd8be342c35d5a46a13b281cadc5e4f.pdf,2026-09-26T19:23:24Z,REAL
FLUNARIZINE-E64B1EA5,2026-04-01,S.O. 1575(E) dated 25.03.2026,2.54,16,,NPPA S.O. 1575(E) dated 25.03.2026 (NLEM 2022 list),https://nppa.gov.in/storage/uploads/tender/0fd8be342c35d5a46a13b281cadc5e4f.pdf,2026-09-26T19:23:24Z,REAL
FLUNARIZINE-7939B008,2026-04-01,S.O. 1575(E) dated 25.03.2026,4.93,16,,NPPA S.O. 1575(E) dated 25.03.2026 (NLEM 2022 list),https://nppa.gov.in/storage/uploads/tender/0fd8be342c35d5a46a13b281cadc5e4f.pdf,2026-09-26T19:23:24Z,REAL
FLUOXETINE-50169ABF,2026-04-01,S.O. 1575(E) dated 25.03.2026,4.09,16,,NPPA S.O. 1575(E) dated 25.03.2026 (NLEM 2022 list),https://nppa.gov.in/storage/uploads/tender/0fd8be342c35d5a46a13b281cadc5e4f.pdf,2026-09-26T19:23:24Z,REAL
FLUOXETINE-C51A5C79,2026-04-01,S.O. 1575(E) dated 25.03.2026,11.36,16,,NPPA S.O. 1575(E) dated 25.03.2026 (NLEM 2022 list),https://nppa.gov.in/storage/uploads/tender/0fd8be342c35d5a46a13b281cadc5e4f.pdf,2026-09-26T19:23:24Z,REAL
FLUOXETINE-5606498D,2026-04-01,S.O. 1575(E) dated 25.03.2026,6.64,16,,NPPA S.O. 1575(E) dated 25.03.2026 (NLEM 2022 list),https://nppa.gov.in/storage/uploads/tender/0fd8be342c35d5a46a13b281cadc5e4f.pdf,2026-09-26T19:23:24Z,REAL
FLUOXETINE-40312C92,2026-04-01,S.O. 1575(E) dated 25.03.2026,3.40,16,,NPPA S.O. 1575(E) dated 25.03.2026 (NLEM 2022 list),https://nppa.gov.in/storage/uploads/tender/0fd8be342c35d5a46a13b281cadc5e4f.pdf,2026-09-26T19:23:24Z,REAL
FLUOXETINE-1EE0855E,2026-04-01,S.O. 1575(E) dated 25.03.2026,2.85,16,,NPPA S.O. 1575(E) dated 25.03.2026 (NLEM 2022 list),https://nppa.gov.in/storage/uploads/tender/0fd8be342c35d5a46a13b281cadc5e4f.pdf,2026-09-26T19:23:24Z,REAL
FLUOXETINE-35731B78,2026-04-01,S.O. 1575(E) dated 25.03.2026,5.70,16,,NPPA S.O. 1575(E) dated 25.03.2026 (NLEM 2022 list),https://nppa.gov.in/storage/uploads/tender/0fd8be342c35d5a46a13b281cadc5e4f.pdf,2026-09-26T19:23:24Z,REAL
FLUOXETINE-CD5DB794,2026-04-01,S.O. 1575(E) dated 25.03.2026,8.44,16,,NPPA S.O. 1575(E) dated 25.03.2026 (NLEM 2022 list),https://nppa.gov.in/storage/uploads/tender/0fd8be342c35d5a46a13b281cadc5e4f.pdf,2026-09-26T19:23:24Z,REAL
FLUOXETINE-86DDBC03,2026-04-01,S.O. 1575(E) dated 25.03.2026,4.25,16,,NPPA S.O. 1575(E) dated 25.03.2026 (NLEM 2022 list),https://nppa.gov.in/storage/uploads/tender/0fd8be342c35d5a46a13b281cadc5e4f.pdf,2026-09-26T19:23:24Z,REAL
FLUPHENAZINE-FABD4174,2026-04-01,S.O. 1575(E) dated 25.03.2026,56.59,16,,NPPA S.O. 1575(E) dated 25.03.2026 (NLEM 2022 list),https://nppa.gov.in/storage/uploads/tender/0fd8be342c35d5a46a13b281cadc5e4f.pdf,2026-09-26T19:23:24Z,REAL
FOLIC-ACID-951BCEDA,2026-04-01,S.O. 1575(E) dated 25.03.2026,1.55,16,,NPPA S.O. 1575(E) dated 25.03.2026 (NLEM 2022 list),https://nppa.gov.in/storage/uploads/tender/0fd8be342c35d5a46a13b281cadc5e4f.pdf,2026-09-26T19:23:24Z,REAL
FOLIC-ACID-F5A53924,2026-04-01,S.O. 1575(E) dated 25.03.2026,5.16,16,,NPPA S.O. 1575(E) dated 25.03.2026 (NLEM 2022 list),https://nppa.gov.in/storage/uploads/tender/0fd8be342c35d5a46a13b281cadc5e4f.pdf,2026-09-26T19:23:24Z,REAL
FRAMYCETIN-16C4AB88,2026-04-01,S.O. 1575(E) dated 25.03.2026,1.70,16,,NPPA S.O. 1575(E) dated 25.03.2026 (NLEM 2022 list),https://nppa.gov.in/storage/uploads/tender/0fd8be342c35d5a46a13b281cadc5e4f.pdf,2026-09-26T19:23:24Z,REAL
FUROSEMIDE-D5024F1A,2026-04-01,S.O. 1575(E) dated 25.03.2026,0.94,16,,NPPA S.O. 1575(E) dated 25.03.2026 (NLEM 2022 list),https://nppa.gov.in/storage/uploads/tender/0fd8be342c35d5a46a13b281cadc5e4f.pdf,2026-09-26T19:23:24Z,REAL
FUROSEMIDE-AB0E6076,2026-04-01,S.O. 1575(E) dated 25.03.2026,3.06,16,,NPPA S.O. 1575(E) dated 25.03.2026 (NLEM 2022 list),https://nppa.gov.in/storage/uploads/tender/0fd8be342c35d5a46a13b281cadc5e4f.pdf,2026-09-26T19:23:24Z,REAL
FUROSEMIDE-98F931E2,2026-04-01,S.O. 1575(E) dated 25.03.2026,3.40,16,,NPPA S.O. 1575(E) dated 25.03.2026 (NLEM 2022 list),https://nppa.gov.in/storage/uploads/tender/0fd8be342c35d5a46a13b281cadc5e4f.pdf,2026-09-26T19:23:24Z,REAL
FUSIDIC-ACID-06D0F0DF,2026-04-01,S.O. 1575(E) dated 25.03.2026,10.06,16,,NPPA S.O. 1575(E) dated 25.03.2026 (NLEM 2022 list),https://nppa.gov.in/storage/uploads/tender/0fd8be342c35d5a46a13b281cadc5e4f.pdf,2026-09-26T19:23:24Z,REAL
GEFITINIB-DA5888A6,2026-04-01,S.O. 1575(E) dated 25.03.2026,242.84,16,,NPPA S.O. 1575(E) dated 25.03.2026 (NLEM 2022 list),https://nppa.gov.in/storage/uploads/tender/0fd8be342c35d5a46a13b281cadc5e4f.pdf,2026-09-26T19:23:24Z,REAL
GEMCITABINE-6EAE2833,2026-04-01,S.O. 1575(E) dated 25.03.2026,5726.84,16,,NPPA S.O. 1575(E) dated 25.03.2026 (NLEM 2022 list),https://nppa.gov.in/storage/uploads/tender/0fd8be342c35d5a46a13b281cadc5e4f.pdf,2026-09-26T19:23:24Z,REAL
GEMCITABINE-483BFDC5,2026-04-01,S.O. 1575(E) dated 25.03.2026,1331.01,16,,NPPA S.O. 1575(E) dated 25.03.2026 (NLEM 2022 list),https://nppa.gov.in/storage/uploads/tender/0fd8be342c35d5a46a13b281cadc5e4f.pdf,2026-09-26T19:23:24Z,REAL
GENTAMICIN-DEDF7CEC,2026-04-01,S.O. 1575(E) dated 25.03.2026,2.97,16,,NPPA S.O. 1575(E) dated 25.03.2026 (NLEM 2022 list),https://nppa.gov.in/storage/uploads/tender/0fd8be342c35d5a46a13b281cadc5e4f.pdf,2026-09-26T19:23:24Z,REAL
GENTAMICIN-60F52C0E,2026-04-01,S.O. 1575(E) dated 25.03.2026,2.47,16,,NPPA S.O. 1575(E) dated 25.03.2026 (NLEM 2022 list),https://nppa.gov.in/storage/uploads/tender/0fd8be342c35d5a46a13b281cadc5e4f.pdf,2026-09-26T19:23:24Z,REAL
GENTAMICIN-71C830E2,2026-04-01,S.O. 1575(E) dated 25.03.2026,1.55,16,,NPPA S.O. 1575(E) dated 25.03.2026 (NLEM 2022 list),https://nppa.gov.in/storage/uploads/tender/0fd8be342c35d5a46a13b281cadc5e4f.pdf,2026-09-26T19:23:24Z,REAL
GENTAMICIN-A2C2C493,2026-04-01,S.O. 1575(E) dated 25.03.2026,1.59,16,,NPPA S.O. 1575(E) dated 25.03.2026 (NLEM 2022 list),https://nppa.gov.in/storage/uploads/tender/0fd8be342c35d5a46a13b281cadc5e4f.pdf,2026-09-26T19:23:24Z,REAL
GENTAMICIN-6B8E4015,2026-04-01,S.O. 1575(E) dated 25.03.2026,1.26,16,,NPPA S.O. 1575(E) dated 25.03.2026 (NLEM 2022 list),https://nppa.gov.in/storage/uploads/tender/0fd8be342c35d5a46a13b281cadc5e4f.pdf,2026-09-26T19:23:24Z,REAL
GENTAMICIN-BC45877A,2026-04-01,S.O. 1575(E) dated 25.03.2026,4.96,16,,NPPA S.O. 1575(E) dated 25.03.2026 (NLEM 2022 list),https://nppa.gov.in/storage/uploads/tender/0fd8be342c35d5a46a13b281cadc5e4f.pdf,2026-09-26T19:23:24Z,REAL
GLIMEPIRIDE-C0A7172B,2026-04-01,S.O. 1575(E) dated 25.03.2026,5.94,16,,NPPA S.O. 1575(E) dated 25.03.2026 (NLEM 2022 list),https://nppa.gov.in/storage/uploads/tender/0fd8be342c35d5a46a13b281cadc5e4f.pdf,2026-09-26T19:23:24Z,REAL
GLIMEPIRIDE-246429AA,2026-04-01,S.O. 1575(E) dated 25.03.2026,3.78,16,,NPPA S.O. 1575(E) dated 25.03.2026 (NLEM 2022 list),https://nppa.gov.in/storage/uploads/tender/0fd8be342c35d5a46a13b281cadc5e4f.pdf,2026-09-26T19:23:24Z,REAL
GLUCOSE-C61CB669,2026-04-01,S.O. 1575(E) dated 25.03.2026,0.20,16,,NPPA S.O. 1575(E) dated 25.03.2026 (NLEM 2022 list),https://nppa.gov.in/storage/uploads/tender/0fd8be342c35d5a46a13b281cadc5e4f.pdf,2026-09-26T19:23:24Z,REAL
GLYCERIN-GLYCEROL-AS-MEN-DAF76DAB,2026-04-01,S.O. 1575(E) dated 25.03.2026,1.26,16,,NPPA S.O. 1575(E) dated 25.03.2026 (NLEM 2022 list),https://nppa.gov.in/storage/uploads/tender/0fd8be342c35d5a46a13b281cadc5e4f.pdf,2026-09-26T19:23:24Z,REAL
GLYCERIN-GLYCEROL-AS-MEN-FA8A9753,2026-04-01,S.O. 1575(E) dated 25.03.2026,2.43,16,,NPPA S.O. 1575(E) dated 25.03.2026 (NLEM 2022 list),https://nppa.gov.in/storage/uploads/tender/0fd8be342c35d5a46a13b281cadc5e4f.pdf,2026-09-26T19:23:24Z,REAL
GLYCERYL-TRINITRATE-3A91EB37,2026-04-01,S.O. 1575(E) dated 25.03.2026,6.34,16,,NPPA S.O. 1575(E) dated 25.03.2026 (NLEM 2022 list),https://nppa.gov.in/storage/uploads/tender/0fd8be342c35d5a46a13b281cadc5e4f.pdf,2026-09-26T19:23:24Z,REAL
GLYCERYL-TRINITRATE-E8345718,2026-04-01,S.O. 1575(E) dated 25.03.2026,1.30,16,,NPPA S.O. 1575(E) dated 25.03.2026 (NLEM 2022 list),https://nppa.gov.in/storage/uploads/tender/0fd8be342c35d5a46a13b281cadc5e4f.pdf,2026-09-26T19:23:24Z,REAL
GLYCOPYRROLATE-702193EB,2026-04-01,S.O. 1575(E) dated 25.03.2026,14.88,16,,NPPA S.O. 1575(E) dated 25.03.2026 (NLEM 2022 list),https://nppa.gov.in/storage/uploads/tender/0fd8be342c35d5a46a13b281cadc5e4f.pdf,2026-09-26T19:23:24Z,REAL
GRISEOFULVIN-C0671C34,2026-04-01,S.O. 1575(E) dated 25.03.2026,1.81,16,,NPPA S.O. 1575(E) dated 25.03.2026 (NLEM 2022 list),https://nppa.gov.in/storage/uploads/tender/0fd8be342c35d5a46a13b281cadc5e4f.pdf,2026-09-26T19:23:24Z,REAL
HALOPERIDOL-18BC5FA9,2026-04-01,S.O. 1575(E) dated 25.03.2026,3.65,16,,NPPA S.O. 1575(E) dated 25.03.2026 (NLEM 2022 list),https://nppa.gov.in/storage/uploads/tender/0fd8be342c35d5a46a13b281cadc5e4f.pdf,2026-09-26T19:23:24Z,REAL
HALOPERIDOL-EE20C752,2026-04-01,S.O. 1575(E) dated 25.03.2026,4.89,16,,NPPA S.O. 1575(E) dated 25.03.2026 (NLEM 2022 list),https://nppa.gov.in/storage/uploads/tender/0fd8be342c35d5a46a13b281cadc5e4f.pdf,2026-09-26T19:23:24Z,REAL
HALOPERIDOL-239DC47E,2026-04-01,S.O. 1575(E) dated 25.03.2026,2.29,16,,NPPA S.O. 1575(E) dated 25.03.2026 (NLEM 2022 list),https://nppa.gov.in/storage/uploads/tender/0fd8be342c35d5a46a13b281cadc5e4f.pdf,2026-09-26T19:23:24Z,REAL
HALOPERIDOL-4D3BBAFD,2026-04-01,S.O. 1575(E) dated 25.03.2026,6.66,16,,NPPA S.O. 1575(E) dated 25.03.2026 (NLEM 2022 list),https://nppa.gov.in/storage/uploads/tender/0fd8be342c35d5a46a13b281cadc5e4f.pdf,2026-09-26T19:23:24Z,REAL
HALOPERIDOL-1977902B,2026-04-01,S.O. 1575(E) dated 25.03.2026,5.49,16,,NPPA S.O. 1575(E) dated 25.03.2026 (NLEM 2022 list),https://nppa.gov.in/storage/uploads/tender/0fd8be342c35d5a46a13b281cadc5e4f.pdf,2026-09-26T19:23:24Z,REAL
HALOPERIDOL-D040E319,2026-04-01,S.O. 1575(E) dated 25.03.2026,1.62,16,,NPPA S.O. 1575(E) dated 25.03.2026 (NLEM 2022 list),https://nppa.gov.in/storage/uploads/tender/0fd8be342c35d5a46a13b281cadc5e4f.pdf,2026-09-26T19:23:24Z,REAL
HALOTHANE-95AFB24A,2026-04-01,S.O. 1575(E) dated 25.03.2026,6.25,16,,NPPA S.O. 1575(E) dated 25.03.2026 (NLEM 2022 list),https://nppa.gov.in/storage/uploads/tender/0fd8be342c35d5a46a13b281cadc5e4f.pdf,2026-09-26T19:23:24Z,REAL
HEPARIN-B9A75C90,2026-04-01,S.O. 1575(E) dated 25.03.2026,21.72,16,,NPPA S.O. 1575(E) dated 25.03.2026 (NLEM 2022 list),https://nppa.gov.in/storage/uploads/tender/0fd8be342c35d5a46a13b281cadc5e4f.pdf,2026-09-26T19:23:24Z,REAL
HEPARIN-5C85406B,2026-04-01,S.O. 1575(E) dated 25.03.2026,61.40,16,,NPPA S.O. 1575(E) dated 25.03.2026 (NLEM 2022 list),https://nppa.gov.in/storage/uploads/tender/0fd8be342c35d5a46a13b281cadc5e4f.pdf,2026-09-26T19:23:24Z,REAL
HEPATITIS-B-IMMUNOGLOBUL-8ECADDAD,2026-04-01,S.O. 1575(E) dated 25.03.2026,5630.73,16,,NPPA S.O. 1575(E) dated 25.03.2026 (NLEM 2022 list),https://nppa.gov.in/storage/uploads/tender/0fd8be342c35d5a46a13b281cadc5e4f.pdf,2026-09-26T19:23:24Z,REAL
HEPATITIS-B-VACCINE-4828B13A,2026-04-01,S.O. 1575(E) dated 25.03.2026,80.71,16,,NPPA S.O. 1575(E) dated 25.03.2026 (NLEM 2022 list),https://nppa.gov.in/storage/uploads/tender/0fd8be342c35d5a46a13b281cadc5e4f.pdf,2026-09-26T19:23:24Z,REAL
HOMATROPINE-E35BB3E2,2026-04-01,S.O. 1575(E) dated 25.03.2026,6.55,16,,NPPA S.O. 1575(E) dated 25.03.2026 (NLEM 2022 list),https://nppa.gov.in/storage/uploads/tender/0fd8be342c35d5a46a13b281cadc5e4f.pdf,2026-09-26T19:23:24Z,REAL
HORMONE-RELEASING-IUD-534FDE8A,2026-04-01,S.O. 1575(E) dated 25.03.2026,4202.06,16,,NPPA S.O. 1575(E) dated 25.03.2026 (NLEM 2022 list),https://nppa.gov.in/storage/uploads/tender/0fd8be342c35d5a46a13b281cadc5e4f.pdf,2026-09-26T19:23:24Z,REAL
HUMAN-CHORIONIC-GONADO-T-8355D614,2026-04-01,S.O. 1575(E) dated 25.03.2026,427.50,16,,NPPA S.O. 1575(E) dated 25.03.2026 (NLEM 2022 list),https://nppa.gov.in/storage/uploads/tender/0fd8be342c35d5a46a13b281cadc5e4f.pdf,2026-09-26T19:23:24Z,REAL
HUMAN-CHORIONIC-GONADO-T-D6B387F5,2026-04-01,S.O. 1575(E) dated 25.03.2026,950.59,16,,NPPA S.O. 1575(E) dated 25.03.2026 (NLEM 2022 list),https://nppa.gov.in/storage/uploads/tender/0fd8be342c35d5a46a13b281cadc5e4f.pdf,2026-09-26T19:23:24Z,REAL
HUMAN-CHORIONIC-GONADO-T-2D3BC316,2026-04-01,S.O. 1575(E) dated 25.03.2026,351.91,16,,NPPA S.O. 1575(E) dated 25.03.2026 (NLEM 2022 list),https://nppa.gov.in/storage/uploads/tender/0fd8be342c35d5a46a13b281cadc5e4f.pdf,2026-09-26T19:23:24Z,REAL
HUMAN-NORMAL-IMMUNOGLOBU-C0991D63,2026-04-01,S.O. 1575(E) dated 25.03.2026,481.68,16,,NPPA S.O. 1575(E) dated 25.03.2026 (NLEM 2022 list),https://nppa.gov.in/storage/uploads/tender/0fd8be342c35d5a46a13b281cadc5e4f.pdf,2026-09-26T19:23:24Z,REAL
HUMAN-NORMAL-IMMUNOGLOBU-977CDB88,2026-04-01,S.O. 1575(E) dated 25.03.2026,207.87,16,,NPPA S.O. 1575(E) dated 25.03.2026 (NLEM 2022 list),https://nppa.gov.in/storage/uploads/tender/0fd8be342c35d5a46a13b281cadc5e4f.pdf,2026-09-26T19:23:24Z,REAL
HUMAN-NORMAL-IMMUNOGLOBU-6EC3182A,2026-04-01,S.O. 1575(E) dated 25.03.2026,149.57,16,,NPPA S.O. 1575(E) dated 25.03.2026 (NLEM 2022 list),https://nppa.gov.in/storage/uploads/tender/0fd8be342c35d5a46a13b281cadc5e4f.pdf,2026-09-26T19:23:24Z,REAL
HYDROCHLOROTHIAZIDE-92EE01FF,2026-04-01,S.O. 1575(E) dated 25.03.2026,1.79,16,,NPPA S.O. 1575(E) dated 25.03.2026 (NLEM 2022 list),https://nppa.gov.in/storage/uploads/tender/0fd8be342c35d5a46a13b281cadc5e4f.pdf,2026-09-26T19:23:24Z,REAL
HYDROCHLOROTHIAZIDE-0E6008FC,2026-04-01,S.O. 1575(E) dated 25.03.2026,1.07,16,,NPPA S.O. 1575(E) dated 25.03.2026 (NLEM 2022 list),https://nppa.gov.in/storage/uploads/tender/0fd8be342c35d5a46a13b281cadc5e4f.pdf,2026-09-26T19:23:24Z,REAL
HYDROCORTISONE-01F3828C,2026-04-01,S.O. 1575(E) dated 25.03.2026,45.87,16,,NPPA S.O. 1575(E) dated 25.03.2026 (NLEM 2022 list),https://nppa.gov.in/storage/uploads/tender/0fd8be342c35d5a46a13b281cadc5e4f.pdf,2026-09-26T19:23:24Z,REAL
HYDROCORTISONE-40B9DE6F,2026-04-01,S.O. 1575(E) dated 25.03.2026,6.86,16,,NPPA S.O. 1575(E) dated 25.03.2026 (NLEM 2022 list),https://nppa.gov.in/storage/uploads/tender/0fd8be342c35d5a46a13b281cadc5e4f.pdf,2026-09-26T19:23:24Z,REAL
HYDROCORTISONE-6EF7B0FE,2026-04-01,S.O. 1575(E) dated 25.03.2026,67.17,16,,NPPA S.O. 1575(E) dated 25.03.2026 (NLEM 2022 list),https://nppa.gov.in/storage/uploads/tender/0fd8be342c35d5a46a13b281cadc5e4f.pdf,2026-09-26T19:23:24Z,REAL
HYDROCORTISONE-379862F6,2026-04-01,S.O. 1575(E) dated 25.03.2026,3.19,16,,NPPA S.O. 1575(E) dated 25.03.2026 (NLEM 2022 list),https://nppa.gov.in/storage/uploads/tender/0fd8be342c35d5a46a13b281cadc5e4f.pdf,2026-09-26T19:23:24Z,REAL
HYDROCORTISONE-4F17F0B7,2026-04-01,S.O. 1575(E) dated 25.03.2026,15.25,16,,NPPA S.O. 1575(E) dated 25.03.2026 (NLEM 2022 list),https://nppa.gov.in/storage/uploads/tender/0fd8be342c35d5a46a13b281cadc5e4f.pdf,2026-09-26T19:23:24Z,REAL
HYDROXY-PROPYLMETHYL-CEL-1366FE81,2026-04-01,S.O. 1575(E) dated 25.03.2026,29.91,16,,NPPA S.O. 1575(E) dated 25.03.2026 (NLEM 2022 list),https://nppa.gov.in/storage/uploads/tender/0fd8be342c35d5a46a13b281cadc5e4f.pdf,2026-09-26T19:23:24Z,REAL
HYDROXYCHLOROQUINE-9F95BAAF,2026-04-01,S.O. 1575(E) dated 25.03.2026,14.13,16,,NPPA S.O. 1575(E) dated 25.03.2026 (NLEM 2022 list),https://nppa.gov.in/storage/uploads/tender/0fd8be342c35d5a46a13b281cadc5e4f.pdf,2026-09-26T19:23:24Z,REAL
HYDROXYCHLOROQUINE-69477E36,2026-04-01,S.O. 1575(E) dated 25.03.2026,6.51,16,,NPPA S.O. 1575(E) dated 25.03.2026 (NLEM 2022 list),https://nppa.gov.in/storage/uploads/tender/0fd8be342c35d5a46a13b281cadc5e4f.pdf,2026-09-26T19:23:24Z,REAL
HYDROXYUREA-DD703DA7,2026-04-01,S.O. 1575(E) dated 25.03.2026,12.41,16,,NPPA S.O. 1575(E) dated 25.03.2026 (NLEM 2022 list),https://nppa.gov.in/storage/uploads/tender/0fd8be342c35d5a46a13b281cadc5e4f.pdf,2026-09-26T19:23:24Z,REAL
HYOSCINE-BUTYLBROMIDE-E5A6866C,2026-04-01,S.O. 1575(E) dated 25.03.2026,11.51,16,,NPPA S.O. 1575(E) dated 25.03.2026 (NLEM 2022 list),https://nppa.gov.in/storage/uploads/tender/0fd8be342c35d5a46a13b281cadc5e4f.pdf,2026-09-26T19:23:24Z,REAL
IBUPROFEN-B2BE1F6E,2026-04-01,S.O. 1575(E) dated 25.03.2026,0.72,16,,NPPA S.O. 1575(E) dated 25.03.2026 (NLEM 2022 list),https://nppa.gov.in/storage/uploads/tender/0fd8be342c35d5a46a13b281cadc5e4f.pdf,2026-09-26T19:23:24Z,REAL
IBUPROFEN-EDEDFD13,2026-04-01,S.O. 1575(E) dated 25.03.2026,1.23,16,,NPPA S.O. 1575(E) dated 25.03.2026 (NLEM 2022 list),https://nppa.gov.in/storage/uploads/tender/0fd8be342c35d5a46a13b281cadc5e4f.pdf,2026-09-26T19:23:24Z,REAL
IBUPROFEN-A7CCE715,2026-04-01,S.O. 1575(E) dated 25.03.2026,0.22,16,,NPPA S.O. 1575(E) dated 25.03.2026 (NLEM 2022 list),https://nppa.gov.in/storage/uploads/tender/0fd8be342c35d5a46a13b281cadc5e4f.pdf,2026-09-26T19:23:24Z,REAL
IBUPROFEN-DC81C6FB,2026-04-01,S.O. 1575(E) dated 25.03.2026,1.34,16,,NPPA S.O. 1575(E) dated 25.03.2026 (NLEM 2022 list),https://nppa.gov.in/storage/uploads/tender/0fd8be342c35d5a46a13b281cadc5e4f.pdf,2026-09-26T19:23:24Z,REAL
IFOSFAMIDE-148DB136,2026-04-01,S.O. 1575(E) dated 25.03.2026,658.60,16,,NPPA S.O. 1575(E) dated 25.03.2026 (NLEM 2022 list),https://nppa.gov.in/storage/uploads/tender/0fd8be342c35d5a46a13b281cadc5e4f.pdf,2026-09-26T19:23:24Z,REAL
IFOSFAMIDE-AC196A92,2026-04-01,S.O. 1575(E) dated 25.03.2026,326.62,16,,NPPA S.O. 1575(E) dated 25.03.2026 (NLEM 2022 list),https://nppa.gov.in/storage/uploads/tender/0fd8be342c35d5a46a13b281cadc5e4f.pdf,2026-09-26T19:23:24Z,REAL
IMATINIB-1387F793,2026-04-01,S.O. 1575(E) dated 25.03.2026,71.42,16,,NPPA S.O. 1575(E) dated 25.03.2026 (NLEM 2022 list),https://nppa.gov.in/storage/uploads/tender/0fd8be342c35d5a46a13b281cadc5e4f.pdf,2026-09-26T19:23:24Z,REAL
IMATINIB-91D6A9F8,2026-04-01,S.O. 1575(E) dated 25.03.2026,204.41,16,,NPPA S.O. 1575(E) dated 25.03.2026 (NLEM 2022 list),https://nppa.gov.in/storage/uploads/tender/0fd8be342c35d5a46a13b281cadc5e4f.pdf,2026-09-26T19:23:24Z,REAL
IMATINIB-32AB7C0A,2026-04-01,S.O. 1575(E) dated 25.03.2026,75.25,16,,NPPA S.O. 1575(E) dated 25.03.2026 (NLEM 2022 list),https://nppa.gov.in/storage/uploads/tender/0fd8be342c35d5a46a13b281cadc5e4f.pdf,2026-09-26T19:23:24Z,REAL
INSULIN-SOLUBLE-9AF58BBF,2026-04-01,S.O. 1575(E) dated 25.03.2026,17.40,16,,NPPA S.O. 1575(E) dated 25.03.2026 (NLEM 2022 list),https://nppa.gov.in/storage/uploads/tender/0fd8be342c35d5a46a13b281cadc5e4f.pdf,2026-09-26T19:23:24Z,REAL
INSULIN-GLARGINE-DB8E7994,2026-04-01,S.O. 1575(E) dated 25.03.2026,208.34,16,,NPPA S.O. 1575(E) dated 25.03.2026 (NLEM 2022 list),https://nppa.gov.in/storage/uploads/tender/0fd8be342c35d5a46a13b281cadc5e4f.pdf,2026-09-26T19:23:24Z,REAL
INSULIN-INTERMEDIATE-ACT-58C6D5D2,2026-04-01,S.O. 1575(E) dated 25.03.2026,17.40,16,,NPPA S.O. 1575(E) dated 25.03.2026 (NLEM 2022 list),https://nppa.gov.in/storage/uploads/tender/0fd8be342c35d5a46a13b281cadc5e4f.pdf,2026-09-26T19:23:24Z,REAL
IOHEXOL-EB6D0685,2026-04-01,S.O. 1575(E) dated 25.03.2026,19.87,16,,NPPA S.O. 1575(E) dated 25.03.2026 (NLEM 2022 list),https://nppa.gov.in/storage/uploads/tender/0fd8be342c35d5a46a13b281cadc5e4f.pdf,2026-09-26T19:23:24Z,REAL
IOHEXOL-5BE3C1D1,2026-04-01,S.O. 1575(E) dated 25.03.2026,14.58,16,,NPPA S.O. 1575(E) dated 25.03.2026 (NLEM 2022 list),https://nppa.gov.in/storage/uploads/tender/0fd8be342c35d5a46a13b281cadc5e4f.pdf,2026-09-26T19:23:24Z,REAL
IPRATROPIUM-7B684404,2026-04-01,S.O. 1575(E) dated 25.03.2026,2.98,16,,NPPA S.O. 1575(E) dated 25.03.2026 (NLEM 2022 list),https://nppa.gov.in/storage/uploads/tender/0fd8be342c35d5a46a13b281cadc5e4f.pdf,2026-09-26T19:23:24Z,REAL
IRINOTECAN-HCLTRIHYDRATE-9176A33C,2026-04-01,S.O. 1575(E) dated 25.03.2026,988.06,16,,NPPA S.O. 1575(E) dated 25.03.2026 (NLEM 2022 list),https://nppa.gov.in/storage/uploads/tender/0fd8be342c35d5a46a13b281cadc5e4f.pdf,2026-09-26T19:23:24Z,REAL
IRON-SUCROSE-049F2BE2,2026-04-01,S.O. 1575(E) dated 25.03.2026,58.79,16,,NPPA S.O. 1575(E) dated 25.03.2026 (NLEM 2022 list),https://nppa.gov.in/storage/uploads/tender/0fd8be342c35d5a46a13b281cadc5e4f.pdf,2026-09-26T19:23:24Z,REAL
ISOFLURANE-CFE04AE8,2026-04-01,S.O. 1575(E) dated 25.03.2026,9.88,16,,NPPA S.O. 1575(E) dated 25.03.2026 (NLEM 2022 list),https://nppa.gov.in/storage/uploads/tender/0fd8be342c35d5a46a13b281cadc5e4f.pdf,2026-09-26T19:23:24Z,REAL
ISONIAZID-6F6538C0,2026-04-01,S.O. 1575(E) dated 25.03.2026,0.74,16,,NPPA S.O. 1575(E) dated 25.03.2026 (NLEM 2022 list),https://nppa.gov.in/storage/uploads/tender/0fd8be342c35d5a46a13b281cadc5e4f.pdf,2026-09-26T19:23:24Z,REAL
ISONIAZID-807E2A29,2026-04-01,S.O. 1575(E) dated 25.03.2026,1.32,16,,NPPA S.O. 1575(E) dated 25.03.2026 (NLEM 2022 list),https://nppa.gov.in/storage/uploads/tender/0fd8be342c35d5a46a13b281cadc5e4f.pdf,2026-09-26T19:23:24Z,REAL
ISOSORBIDE-DINITRATE-9935B6B6,2026-04-01,S.O. 1575(E) dated 25.03.2026,0.84,16,,NPPA S.O. 1575(E) dated 25.03.2026 (NLEM 2022 list),https://nppa.gov.in/storage/uploads/tender/0fd8be342c35d5a46a13b281cadc5e4f.pdf,2026-09-26T19:23:24Z,REAL
ISOSORBIDE-DINITRATE-B44BA057,2026-04-01,S.O. 1575(E) dated 25.03.2026,0.83,16,,NPPA S.O. 1575(E) dated 25.03.2026 (NLEM 2022 list),https://nppa.gov.in/storage/uploads/tender/0fd8be342c35d5a46a13b281cadc5e4f.pdf,2026-09-26T19:23:24Z,REAL
ISPAGHULA-0DD91D6C,2026-04-01,S.O. 1575(E) dated 25.03.2026,0.97,16,,NPPA S.O. 1575(E) dated 25.03.2026 (NLEM 2022 list),https://nppa.gov.in/storage/uploads/tender/0fd8be342c35d5a46a13b281cadc5e4f.pdf,2026-09-26T19:23:24Z,REAL
ITRACONAZOLE-E560F693,2026-04-01,S.O. 1575(E) dated 25.03.2026,5.06,16,,NPPA S.O. 1575(E) dated 25.03.2026 (NLEM 2022 list),https://nppa.gov.in/storage/uploads/tender/0fd8be342c35d5a46a13b281cadc5e4f.pdf,2026-09-26T19:23:24Z,REAL
ITRACONAZOLE-A4F62D5D,2026-04-01,S.O. 1575(E) dated 25.03.2026,17.07,16,,NPPA S.O. 1575(E) dated 25.03.2026 (NLEM 2022 list),https://nppa.gov.in/storage/uploads/tender/0fd8be342c35d5a46a13b281cadc5e4f.pdf,2026-09-26T19:23:24Z,REAL
ITRACONAZOLE-27CA1D73,2026-04-01,S.O. 1575(E) dated 25.03.2026,22.65,16,,NPPA S.O. 1575(E) dated 25.03.2026 (NLEM 2022 list),https://nppa.gov.in/storage/uploads/tender/0fd8be342c35d5a46a13b281cadc5e4f.pdf,2026-09-26T19:23:24Z,REAL
IUD-CONTAINING-COPPER-A55C26DB,2026-04-01,S.O. 1575(E) dated 25.03.2026,287.77,16,,NPPA S.O. 1575(E) dated 25.03.2026 (NLEM 2022 list),https://nppa.gov.in/storage/uploads/tender/0fd8be342c35d5a46a13b281cadc5e4f.pdf,2026-09-26T19:23:24Z,REAL
IVERMECTIN-98EE0119,2026-04-01,S.O. 1575(E) dated 25.03.2026,22.10,16,,NPPA S.O. 1575(E) dated 25.03.2026 (NLEM 2022 list),https://nppa.gov.in/storage/uploads/tender/0fd8be342c35d5a46a13b281cadc5e4f.pdf,2026-09-26T19:23:24Z,REAL
IVERMECTIN-685ECA52,2026-04-01,S.O. 1575(E) dated 25.03.2026,38.27,16,,NPPA S.O. 1575(E) dated 25.03.2026 (NLEM 2022 list),https://nppa.gov.in/storage/uploads/tender/0fd8be342c35d5a46a13b281cadc5e4f.pdf,2026-09-26T19:23:24Z,REAL
JAPANESE-ENCEPHALITIS-VA-34618ADE,2026-04-01,S.O. 1575(E) dated 25.03.2026,693.43,16,,NPPA S.O. 1575(E) dated 25.03.2026 (NLEM 2022 list),https://nppa.gov.in/storage/uploads/tender/0fd8be342c35d5a46a13b281cadc5e4f.pdf,2026-09-26T19:23:24Z,REAL
JAPANESE-ENCEPHALITIS-VA-CE6059A8,2026-04-01,S.O. 1575(E) dated 25.03.2026,531.12,16,,NPPA S.O. 1575(E) dated 25.03.2026 (NLEM 2022 list),https://nppa.gov.in/storage/uploads/tender/0fd8be342c35d5a46a13b281cadc5e4f.pdf,2026-09-26T19:23:24Z,REAL
KETAMINE-8B4285F1,2026-04-01,S.O. 1575(E) dated 25.03.2026,12.41,16,,NPPA S.O. 1575(E) dated 25.03.2026 (NLEM 2022 list),https://nppa.gov.in/storage/uploads/tender/0fd8be342c35d5a46a13b281cadc5e4f.pdf,2026-09-26T19:23:24Z,REAL
LABETALOL-612221C1,2026-04-01,S.O. 1575(E) dated 25.03.2026,51.18,16,,NPPA S.O. 1575(E) dated 25.03.2026 (NLEM 2022 list),https://nppa.gov.in/storage/uploads/tender/0fd8be342c35d5a46a13b281cadc5e4f.pdf,2026-09-26T19:23:24Z,REAL
LABETALOL-4EE13727,2026-04-01,S.O. 1575(E) dated 25.03.2026,15.52,16,,NPPA S.O. 1575(E) dated 25.03.2026 (NLEM 2022 list),https://nppa.gov.in/storage/uploads/tender/0fd8be342c35d5a46a13b281cadc5e4f.pdf,2026-09-26T19:23:24Z,REAL
LACTULOSE-BD23DC8B,2026-04-01,S.O. 1575(E) dated 25.03.2026,1.26,16,,NPPA S.O. 1575(E) dated 25.03.2026 (NLEM 2022 list),https://nppa.gov.in/storage/uploads/tender/0fd8be342c35d5a46a13b281cadc5e4f.pdf,2026-09-26T19:23:24Z,REAL
LAMIVUDINE-293E0147,2026-04-01,S.O. 1575(E) dated 25.03.2026,11.33,16,,NPPA S.O. 1575(E) dated 25.03.2026 (NLEM 2022 list),https://nppa.gov.in/storage/uploads/tender/0fd8be342c35d5a46a13b281cadc5e4f.pdf,2026-09-26T19:23:24Z,REAL
LAMIVUDINE-1FE69903,2026-04-01,S.O. 1575(E) dated 25.03.2026,11.12,16,,NPPA S.O. 1575(E) dated 25.03.2026 (NLEM 2022 list),https://nppa.gov.in/storage/uploads/tender/0fd8be342c35d5a46a13b281cadc5e4f.pdf,2026-09-26T19:23:24Z,REAL
L-ASPARAGINASE-34D51D20,2026-04-01,S.O. 1575(E) dated 25.03.2026,1059.73,16,,NPPA S.O. 1575(E) dated 25.03.2026 (NLEM 2022 list),https://nppa.gov.in/storage/uploads/tender/0fd8be342c35d5a46a13b281cadc5e4f.pdf,2026-09-26T19:23:24Z,REAL
L-ASPARAGINASE-7CDCE0D5,2026-04-01,S.O. 1575(E) dated 25.03.2026,1748.75,16,,NPPA S.O. 1575(E) dated 25.03.2026 (NLEM 2022 list),https://nppa.gov.in/storage/uploads/tender/0fd8be342c35d5a46a13b281cadc5e4f.pdf,2026-09-26T19:23:24Z,REAL
LATANOPROST-7F28FB91,2026-04-01,S.O. 1575(E) dated 25.03.2026,238.17,16,,NPPA S.O. 1575(E) dated 25.03.2026 (NLEM 2022 list),https://nppa.gov.in/storage/uploads/tender/0fd8be342c35d5a46a13b281cadc5e4f.pdf,2026-09-26T19:23:24Z,REAL
LENALIDOMIDE-D3A88D4A,2026-04-01,S.O. 1575(E) dated 25.03.2026,68.86,16,,NPPA S.O. 1575(E) dated 25.03.2026 (NLEM 2022 list),https://nppa.gov.in/storage/uploads/tender/0fd8be342c35d5a46a13b281cadc5e4f.pdf,2026-09-26T19:23:24Z,REAL
LENALIDOMIDE-A88E894D,2026-04-01,S.O. 1575(E) dated 25.03.2026,299.30,16,,NPPA S.O. 1575(E) dated 25.03.2026 (NLEM 2022 list),https://nppa.gov.in/storage/uploads/tender/0fd8be342c35d5a46a13b281cadc5e4f.pdf,2026-09-26T19:23:24Z,REAL
LETROZOLE-864AB71C,2026-04-01,S.O. 1575(E) dated 25.03.2026,30.02,16,,NPPA S.O. 1575(E) dated 25.03.2026 (NLEM 2022 list),https://nppa.gov.in/storage/uploads/tender/0fd8be342c35d5a46a13b281cadc5e4f.pdf,2026-09-26T19:23:24Z,REAL
LEUPROLIDE-ACETATE-D6F4FB81,2026-04-01,S.O. 1575(E) dated 25.03.2026,17491.66,16,,NPPA S.O. 1575(E) dated 25.03.2026 (NLEM 2022 list),https://nppa.gov.in/storage/uploads/tender/0fd8be342c35d5a46a13b281cadc5e4f.pdf,2026-09-26T19:23:24Z,REAL
LEUPROLIDE-ACETATE-BD560B48,2026-04-01,S.O. 1575(E) dated 25.03.2026,9517.65,16,,NPPA S.O. 1575(E) dated 25.03.2026 (NLEM 2022 list),https://nppa.gov.in/storage/uploads/tender/0fd8be342c35d5a46a13b281cadc5e4f.pdf,2026-09-26T19:23:24Z,REAL
LEUPROLIDE-ACETATE-396B5CDD,2026-04-01,S.O. 1575(E) dated 25.03.2026,3187.41,16,,NPPA S.O. 1575(E) dated 25.03.2026 (NLEM 2022 list),https://nppa.gov.in/storage/uploads/tender/0fd8be342c35d5a46a13b281cadc5e4f.pdf,2026-09-26T19:23:24Z,REAL
LEVETIRACETAM-B8116873,2026-04-01,S.O. 1575(E) dated 25.03.2026,6.45,16,,NPPA S.O. 1575(E) dated 25.03.2026 (NLEM 2022 list),https://nppa.gov.in/storage/uploads/tender/0fd8be342c35d5a46a13b281cadc5e4f.pdf,2026-09-26T19:23:24Z,REAL
LEVETIRACETAM-7DC77AEA,2026-04-01,S.O. 1575(E) dated 25.03.2026,13.30,16,,NPPA S.O. 1575(E) dated 25.03.2026 (NLEM 2022 list),https://nppa.gov.in/storage/uploads/tender/0fd8be342c35d5a46a13b281cadc5e4f.pdf,2026-09-26T19:23:24Z,REAL
LEVETIRACETAM-C61A01F8,2026-04-01,S.O. 1575(E) dated 25.03.2026,18.74,16,,NPPA S.O. 1575(E) dated 25.03.2026 (NLEM 2022 list),https://nppa.gov.in/storage/uploads/tender/0fd8be342c35d5a46a13b281cadc5e4f.pdf,2026-09-26T19:23:24Z,REAL
LEVETIRACETAM-4B8A7AAE,2026-04-01,S.O. 1575(E) dated 25.03.2026,19.81,16,,NPPA S.O. 1575(E) dated 25.03.2026 (NLEM 2022 list),https://nppa.gov.in/storage/uploads/tender/0fd8be342c35d5a46a13b281cadc5e4f.pdf,2026-09-26T19:23:24Z,REAL
LEVETIRACETAM-CEF1B444,2026-04-01,S.O. 1575(E) dated 25.03.2026,4.07,16,,NPPA S.O. 1575(E) dated 25.03.2026 (NLEM 2022 list),https://nppa.gov.in/storage/uploads/tender/0fd8be342c35d5a46a13b281cadc5e4f.pdf,2026-09-26T19:23:24Z,REAL
LEVETIRACETAM-59C63026,2026-04-01,S.O. 1575(E) dated 25.03.2026,23.57,16,,NPPA S.O. 1575(E) dated 25.03.2026 (NLEM 2022 list),https://nppa.gov.in/storage/uploads/tender/0fd8be342c35d5a46a13b281cadc5e4f.pdf,2026-09-26T19:23:24Z,REAL
LEVODOPA-A-CARBIDOPA-B-1E8668FA,2026-04-01,S.O. 1575(E) dated 25.03.2026,4.84,16,,NPPA S.O. 1575(E) dated 25.03.2026 (NLEM 2022 list),https://nppa.gov.in/storage/uploads/tender/0fd8be342c35d5a46a13b281cadc5e4f.pdf,2026-09-26T19:23:24Z,REAL
LEVODOPA-A-CARBIDOPA-B-46A17B0D,2026-04-01,S.O. 1575(E) dated 25.03.2026,2.64,16,,NPPA S.O. 1575(E) dated 25.03.2026 (NLEM 2022 list),https://nppa.gov.in/storage/uploads/tender/0fd8be342c35d5a46a13b281cadc5e4f.pdf,2026-09-26T19:23:24Z,REAL
LEVODOPA-A-CARBIDOPA-B-1B3727F2,2026-04-01,S.O. 1575(E) dated 25.03.2026,1.80,16,,NPPA S.O. 1575(E) dated 25.03.2026 (NLEM 2022 list),https://nppa.gov.in/storage/uploads/tender/0fd8be342c35d5a46a13b281cadc5e4f.pdf,2026-09-26T19:23:24Z,REAL
LEVODOPA-A-CARBIDOPA-B-CFF93250,2026-04-01,S.O. 1575(E) dated 25.03.2026,4.53,16,,NPPA S.O. 1575(E) dated 25.03.2026 (NLEM 2022 list),https://nppa.gov.in/storage/uploads/tender/0fd8be342c35d5a46a13b281cadc5e4f.pdf,2026-09-26T19:23:24Z,REAL
LEVODOPA-A-CARBIDOPA-B-05B192A5,2026-04-01,S.O. 1575(E) dated 25.03.2026,2.86,16,,NPPA S.O. 1575(E) dated 25.03.2026 (NLEM 2022 list),https://nppa.gov.in/storage/uploads/tender/0fd8be342c35d5a46a13b281cadc5e4f.pdf,2026-09-26T19:23:24Z,REAL
LEVOFLOXACIN-53F38734,2026-04-01,S.O. 1575(E) dated 25.03.2026,12.75,16,,NPPA S.O. 1575(E) dated 25.03.2026 (NLEM 2022 list),https://nppa.gov.in/storage/uploads/tender/0fd8be342c35d5a46a13b281cadc5e4f.pdf,2026-09-26T19:23:24Z,REAL
LEVOFLOXACIN-321F7986,2026-04-01,S.O. 1575(E) dated 25.03.2026,4.93,16,,NPPA S.O. 1575(E) dated 25.03.2026 (NLEM 2022 list),https://nppa.gov.in/storage/uploads/tender/0fd8be342c35d5a46a13b281cadc5e4f.pdf,2026-09-26T19:23:24Z,REAL
LEVOFLOXACIN-C72A00D5,2026-04-01,S.O. 1575(E) dated 25.03.2026,9.21,16,,NPPA S.O. 1575(E) dated 25.03.2026 (NLEM 2022 list),https://nppa.gov.in/storage/uploads/tender/0fd8be342c35d5a46a13b281cadc5e4f.pdf,2026-09-26T19:23:24Z,REAL
LEVONORGESTREL-A8C03B1E,2026-04-01,S.O. 1575(E) dated 25.03.2026,77.16,16,,NPPA S.O. 1575(E) dated 25.03.2026 (NLEM 2022 list),https://nppa.gov.in/storage/uploads/tender/0fd8be342c35d5a46a13b281cadc5e4f.pdf,2026-09-26T19:23:24Z,REAL
LEVOTHYROXINE-A89A5AE4,2026-04-01,S.O. 1575(E) dated 25.03.2026,1.06,16,,NPPA S.O. 1575(E) dated 25.03.2026 (NLEM 2022 list),https://nppa.gov.in/storage/uploads/tender/0fd8be342c35d5a46a13b281cadc5e4f.pdf,2026-09-26T19:23:24Z,REAL
LEVOTHYROXINE-7F8C6202,2026-04-01,S.O. 1575(E) dated 25.03.2026,1.48,16,,NPPA S.O. 1575(E) dated 25.03.2026 (NLEM 2022 list),https://nppa.gov.in/storage/uploads/tender/0fd8be342c35d5a46a13b281cadc5e4f.pdf,2026-09-26T19:23:24Z,REAL
LEVOTHYROXINE-89494CF1,2026-04-01,S.O. 1575(E) dated 25.03.2026,1.69,16,,NPPA S.O. 1575(E) dated 25.03.2026 (NLEM 2022 list),https://nppa.gov.in/storage/uploads/tender/0fd8be342c35d5a46a13b281cadc5e4f.pdf,2026-09-26T19:23:24Z,REAL
LEVOTHYROXINE-1D9826FD,2026-04-01,S.O. 1575(E) dated 25.03.2026,1.70,16,,NPPA S.O. 1575(E) dated 25.03.2026 (NLEM 2022 list),https://nppa.gov.in/storage/uploads/tender/0fd8be342c35d5a46a13b281cadc5e4f.pdf,2026-09-26T19:23:24Z,REAL
LEVOTHYROXINE-876AC200,2026-04-01,S.O. 1575(E) dated 25.03.2026,1.49,16,,NPPA S.O. 1575(E) dated 25.03.2026 (NLEM 2022 list),https://nppa.gov.in/storage/uploads/tender/0fd8be342c35d5a46a13b281cadc5e4f.pdf,2026-09-26T19:23:24Z,REAL
LEVOTHYROXINE-139F0218,2026-04-01,S.O. 1575(E) dated 25.03.2026,1.65,16,,NPPA S.O. 1575(E) dated 25.03.2026 (NLEM 2022 list),https://nppa.gov.in/storage/uploads/tender/0fd8be342c35d5a46a13b281cadc5e4f.pdf,2026-09-26T19:23:24Z,REAL
LEVOTHYROXINE-A0026601,2026-04-01,S.O. 1575(E) dated 25.03.2026,1.52,16,,NPPA S.O. 1575(E) dated 25.03.2026 (NLEM 2022 list),https://nppa.gov.in/storage/uploads/tender/0fd8be342c35d5a46a13b281cadc5e4f.pdf,2026-09-26T19:23:24Z,REAL
LEVOTHYROXINE-0BCF5AE9,2026-04-01,S.O. 1575(E) dated 25.03.2026,1.35,16,,NPPA S.O. 1575(E) dated 25.03.2026 (NLEM 2022 list),https://nppa.gov.in/storage/uploads/tender/0fd8be342c35d5a46a13b281cadc5e4f.pdf,2026-09-26T19:23:24Z,REAL
LEVOTHYROXINE-CB58023F,2026-04-01,S.O. 1575(E) dated 25.03.2026,1.73,16,,NPPA S.O. 1575(E) dated 25.03.2026 (NLEM 2022 list),https://nppa.gov.in/storage/uploads/tender/0fd8be342c35d5a46a13b281cadc5e4f.pdf,2026-09-26T19:23:24Z,REAL
LEVOTHYROXINE-C69CE7DF,2026-04-01,S.O. 1575(E) dated 25.03.2026,1.74,16,,NPPA S.O. 1575(E) dated 25.03.2026 (NLEM 2022 list),https://nppa.gov.in/storage/uploads/tender/0fd8be342c35d5a46a13b281cadc5e4f.pdf,2026-09-26T19:23:24Z,REAL
LIGNOCAINE-B93D01A5,2026-04-01,S.O. 1575(E) dated 25.03.2026,9.08,16,,NPPA S.O. 1575(E) dated 25.03.2026 (NLEM 2022 list),https://nppa.gov.in/storage/uploads/tender/0fd8be342c35d5a46a13b281cadc5e4f.pdf,2026-09-26T19:23:24Z,REAL
LIGNOCAINE-D654963C,2026-04-01,S.O. 1575(E) dated 25.03.2026,3.58,16,,NPPA S.O. 1575(E) dated 25.03.2026 (NLEM 2022 list),https://nppa.gov.in/storage/uploads/tender/0fd8be342c35d5a46a13b281cadc5e4f.pdf,2026-09-26T19:23:24Z,REAL
LIGNOCAINE-92468229,2026-04-01,S.O. 1575(E) dated 25.03.2026,1.11,16,,NPPA S.O. 1575(E) dated 25.03.2026 (NLEM 2022 list),https://nppa.gov.in/storage/uploads/tender/0fd8be342c35d5a46a13b281cadc5e4f.pdf,2026-09-26T19:23:24Z,REAL
LIGNOCAINE-631A8050,2026-04-01,S.O. 1575(E) dated 25.03.2026,1.17,16,,NPPA S.O. 1575(E) dated 25.03.2026 (NLEM 2022 list),https://nppa.gov.in/storage/uploads/tender/0fd8be342c35d5a46a13b281cadc5e4f.pdf,2026-09-26T19:23:24Z,REAL
LIGNOCAINE-A-ADRENALINE-679A3813,2026-04-01,S.O. 1575(E) dated 25.03.2026,1.08,16,,NPPA S.O. 1575(E) dated 25.03.2026 (NLEM 2022 list),https://nppa.gov.in/storage/uploads/tender/0fd8be342c35d5a46a13b281cadc5e4f.pdf,2026-09-26T19:23:24Z,REAL
LINEZOLID-8F4E288B,2026-04-01,S.O. 1575(E) dated 25.03.2026,36.53,16,,NPPA S.O. 1575(E) dated 25.03.2026 (NLEM 2022 list),https://nppa.gov.in/storage/uploads/tender/0fd8be342c35d5a46a13b281cadc5e4f.pdf,2026-09-26T19:23:24Z,REAL
LINEZOLID-C5856B28,2026-04-01,S.O. 1575(E) dated 25.03.2026,23.19,16,,NPPA S.O. 1575(E) dated 25.03.2026 (NLEM 2022 list),https://nppa.gov.in/storage/uploads/tender/0fd8be342c35d5a46a13b281cadc5e4f.pdf,2026-09-26T19:23:24Z,REAL
LITHIUM-2AA5768E,2026-04-01,S.O. 1575(E) dated 25.03.2026,2.51,16,,NPPA S.O. 1575(E) dated 25.03.2026 (NLEM 2022 list),https://nppa.gov.in/storage/uploads/tender/0fd8be342c35d5a46a13b281cadc5e4f.pdf,2026-09-26T19:23:24Z,REAL
LOPERAMIDE-3E89896A,2026-04-01,S.O. 1575(E) dated 25.03.2026,2.34,16,,NPPA S.O. 1575(E) dated 25.03.2026 (NLEM 2022 list),https://nppa.gov.in/storage/uploads/tender/0fd8be342c35d5a46a13b281cadc5e4f.pdf,2026-09-26T19:23:24Z,REAL
LOPERAMIDE-607C3B4A,2026-04-01,S.O. 1575(E) dated 25.03.2026,3.89,16,,NPPA S.O. 1575(E) dated 25.03.2026 (NLEM 2022 list),https://nppa.gov.in/storage/uploads/tender/0fd8be342c35d5a46a13b281cadc5e4f.pdf,2026-09-26T19:23:24Z,REAL
LOPINAVIR-A-RITONAVIR-B-9D4160CC,2026-04-01,S.O. 1575(E) dated 25.03.2026,49.12,16,,NPPA S.O. 1575(E) dated 25.03.2026 (NLEM 2022 list),https://nppa.gov.in/storage/uploads/tender/0fd8be342c35d5a46a13b281cadc5e4f.pdf,2026-09-26T19:23:24Z,REAL
LORAZEPAM-4058402B,2026-04-01,S.O. 1575(E) dated 25.03.2026,2.37,16,,NPPA S.O. 1575(E) dated 25.03.2026 (NLEM 2022 list),https://nppa.gov.in/storage/uploads/tender/0fd8be342c35d5a46a13b281cadc5e4f.pdf,2026-09-26T19:23:24Z,REAL
LORAZEPAM-CBB679BD,2026-04-01,S.O. 1575(E) dated 25.03.2026,2.88,16,,NPPA S.O. 1575(E) dated 25.03.2026 (NLEM 2022 list),https://nppa.gov.in/storage/uploads/tender/0fd8be342c35d5a46a13b281cadc5e4f.pdf,2026-09-26T19:23:24Z,REAL
LORAZEPAM-5BFC9821,2026-04-01,S.O. 1575(E) dated 25.03.2026,8.29,16,,NPPA S.O. 1575(E) dated 25.03.2026 (NLEM 2022 list),https://nppa.gov.in/storage/uploads/tender/0fd8be342c35d5a46a13b281cadc5e4f.pdf,2026-09-26T19:23:24Z,REAL
MAGNESIUM-SULPHATE-78ED7D19,2026-04-01,S.O. 1575(E) dated 25.03.2026,4.98,16,,NPPA S.O. 1575(E) dated 25.03.2026 (NLEM 2022 list),https://nppa.gov.in/storage/uploads/tender/0fd8be342c35d5a46a13b281cadc5e4f.pdf,2026-09-26T19:23:24Z,REAL
MANNITOL-D1633569,2026-04-01,S.O. 1575(E) dated 25.03.2026,0.36,16,,NPPA S.O. 1575(E) dated 25.03.2026 (NLEM 2022 list),https://nppa.gov.in/storage/uploads/tender/0fd8be342c35d5a46a13b281cadc5e4f.pdf,2026-09-26T19:23:24Z,REAL
MANNITOL-A3F2C61F,2026-04-01,S.O. 1575(E) dated 25.03.2026,0.19,16,,NPPA S.O. 1575(E) dated 25.03.2026 (NLEM 2022 list),https://nppa.gov.in/storage/uploads/tender/0fd8be342c35d5a46a13b281cadc5e4f.pdf,2026-09-26T19:23:24Z,REAL
MEASLES-RUBELLA-VACCINE-167F0074,2026-04-01,S.O. 1575(E) dated 25.03.2026,72.90,16,,NPPA S.O. 1575(E) dated 25.03.2026 (NLEM 2022 list),https://nppa.gov.in/storage/uploads/tender/0fd8be342c35d5a46a13b281cadc5e4f.pdf,2026-09-26T19:23:24Z,REAL
MEASLES-VACCINE-94806A0B,2026-04-01,S.O. 1575(E) dated 25.03.2026,51.40,16,,NPPA S.O. 1575(E) dated 25.03.2026 (NLEM 2022 list),https://nppa.gov.in/storage/uploads/tender/0fd8be342c35d5a46a13b281cadc5e4f.pdf,2026-09-26T19:23:24Z,REAL
MEBENDAZOLE-8CBAD7E6,2026-04-01,S.O. 1575(E) dated 25.03.2026,2.97,16,,NPPA S.O. 1575(E) dated 25.03.2026 (NLEM 2022 list),https://nppa.gov.in/storage/uploads/tender/0fd8be342c35d5a46a13b281cadc5e4f.pdf,2026-09-26T19:23:24Z,REAL
MEBENDAZOLE-D0785830,2026-04-01,S.O. 1575(E) dated 25.03.2026,0.86,16,,NPPA S.O. 1575(E) dated 25.03.2026 (NLEM 2022 list),https://nppa.gov.in/storage/uploads/tender/0fd8be342c35d5a46a13b281cadc5e4f.pdf,2026-09-26T19:23:24Z,REAL
MEDROXYPROGESTERONE-ACET-08D8FC43,2026-04-01,S.O. 1575(E) dated 25.03.2026,6.40,16,,NPPA S.O. 1575(E) dated 25.03.2026 (NLEM 2022 list),https://nppa.gov.in/storage/uploads/tender/0fd8be342c35d5a46a13b281cadc5e4f.pdf,2026-09-26T19:23:24Z,REAL
MEDROXYPROGESTERONE-ACET-412D93FF,2026-04-01,S.O. 1575(E) dated 25.03.2026,296.72,16,,NPPA S.O. 1575(E) dated 25.03.2026 (NLEM 2022 list),https://nppa.gov.in/storage/uploads/tender/0fd8be342c35d5a46a13b281cadc5e4f.pdf,2026-09-26T19:23:24Z,REAL
MEFENAMIC-ACID-8C44E12C,2026-04-01,S.O. 1575(E) dated 25.03.2026,0.57,16,,NPPA S.O. 1575(E) dated 25.03.2026 (NLEM 2022 list),https://nppa.gov.in/storage/uploads/tender/0fd8be342c35d5a46a13b281cadc5e4f.pdf,2026-09-26T19:23:24Z,REAL
MEFENAMIC-ACID-2D87CE09,2026-04-01,S.O. 1575(E) dated 25.03.2026,2.16,16,,NPPA S.O. 1575(E) dated 25.03.2026 (NLEM 2022 list),https://nppa.gov.in/storage/uploads/tender/0fd8be342c35d5a46a13b281cadc5e4f.pdf,2026-09-26T19:23:24Z,REAL
MEFLOQUINE-0B77B8EB,2026-04-01,S.O. 1575(E) dated 25.03.2026,53.41,16,,NPPA S.O. 1575(E) dated 25.03.2026 (NLEM 2022 list),https://nppa.gov.in/storage/uploads/tender/0fd8be342c35d5a46a13b281cadc5e4f.pdf,2026-09-26T19:23:24Z,REAL
MEGLUMINE-DIATRIZOATE-2E328DFF,2026-04-01,S.O. 1575(E) dated 25.03.2026,9.69,16,,NPPA S.O. 1575(E) dated 25.03.2026 (NLEM 2022 list),https://nppa.gov.in/storage/uploads/tender/0fd8be342c35d5a46a13b281cadc5e4f.pdf,2026-09-26T19:23:24Z,REAL
MEGLUMINE-DIATRIZOATE-2058C847,2026-04-01,S.O. 1575(E) dated 25.03.2026,10.45,16,,NPPA S.O. 1575(E) dated 25.03.2026 (NLEM 2022 list),https://nppa.gov.in/storage/uploads/tender/0fd8be342c35d5a46a13b281cadc5e4f.pdf,2026-09-26T19:23:24Z,REAL
MELPHALAN-1AFD9CEE,2026-04-01,S.O. 1575(E) dated 25.03.2026,93.53,16,,NPPA S.O. 1575(E) dated 25.03.2026 (NLEM 2022 list),https://nppa.gov.in/storage/uploads/tender/0fd8be342c35d5a46a13b281cadc5e4f.pdf,2026-09-26T19:23:24Z,REAL
MELPHALAN-047A61F8,2026-04-01,S.O. 1575(E) dated 25.03.2026,88.11,16,,NPPA S.O. 1575(E) dated 25.03.2026 (NLEM 2022 list),https://nppa.gov.in/storage/uploads/tender/0fd8be342c35d5a46a13b281cadc5e4f.pdf,2026-09-26T19:23:24Z,REAL
MEROPENEM-7E23E6E4,2026-04-01,S.O. 1575(E) dated 25.03.2026,740.38,16,,NPPA S.O. 1575(E) dated 25.03.2026 (NLEM 2022 list),https://nppa.gov.in/storage/uploads/tender/0fd8be342c35d5a46a13b281cadc5e4f.pdf,2026-09-26T19:23:24Z,REAL
MEROPENEM-E4CC262C,2026-04-01,S.O. 1575(E) dated 25.03.2026,975.62,16,,NPPA S.O. 1575(E) dated 25.03.2026 (NLEM 2022 list),https://nppa.gov.in/storage/uploads/tender/0fd8be342c35d5a46a13b281cadc5e4f.pdf,2026-09-26T19:23:24Z,REAL
MESNA-CA282DA7,2026-04-01,S.O. 1575(E) dated 25.03.2026,15.88,16,,NPPA S.O. 1575(E) dated 25.03.2026 (NLEM 2022 list),https://nppa.gov.in/storage/uploads/tender/0fd8be342c35d5a46a13b281cadc5e4f.pdf,2026-09-26T19:23:24Z,REAL
METFORMIN-A5536951,2026-04-01,S.O. 1575(E) dated 25.03.2026,3.57,16,,NPPA S.O. 1575(E) dated 25.03.2026 (NLEM 2022 list),https://nppa.gov.in/storage/uploads/tender/0fd8be342c35d5a46a13b281cadc5e4f.pdf,2026-09-26T19:23:24Z,REAL
METFORMIN-68E5ADE9,2026-04-01,S.O. 1575(E) dated 25.03.2026,2.07,16,,NPPA S.O. 1575(E) dated 25.03.2026 (NLEM 2022 list),https://nppa.gov.in/storage/uploads/tender/0fd8be342c35d5a46a13b281cadc5e4f.pdf,2026-09-26T19:23:24Z,REAL
METFORMIN-637C36A8,2026-04-01,S.O. 1575(E) dated 25.03.2026,4.15,16,,NPPA S.O. 1575(E) dated 25.03.2026 (NLEM 2022 list),https://nppa.gov.in/storage/uploads/tender/0fd8be342c35d5a46a13b281cadc5e4f.pdf,2026-09-26T19:23:24Z,REAL
METHOTREXATE-830C5B46,2026-04-01,S.O. 1575(E) dated 25.03.2026,13.61,16,,NPPA S.O. 1575(E) dated 25.03.2026 (NLEM 2022 list),https://nppa.gov.in/storage/uploads/tender/0fd8be342c35d5a46a13b281cadc5e4f.pdf,2026-09-26T19:23:24Z,REAL
METHOTREXATE-95194072,2026-04-01,S.O. 1575(E) dated 25.03.2026,5.44,16,,NPPA S.O. 1575(E) dated 25.03.2026 (NLEM 2022 list),https://nppa.gov.in/storage/uploads/tender/0fd8be342c35d5a46a13b281cadc5e4f.pdf,2026-09-26T19:23:24Z,REAL
METHOTREXATE-96435804,2026-04-01,S.O. 1575(E) dated 25.03.2026,9.65,16,,NPPA S.O. 1575(E) dated 25.03.2026 (NLEM 2022 list),https://nppa.gov.in/storage/uploads/tender/0fd8be342c35d5a46a13b281cadc5e4f.pdf,2026-09-26T19:23:24Z,REAL
METHYLERGOMETRINE-E66325B6,2026-04-01,S.O. 1575(E) dated 25.03.2026,9.16,16,,NPPA S.O. 1575(E) dated 25.03.2026 (NLEM 2022 list),https://nppa.gov.in/storage/uploads/tender/0fd8be342c35d5a46a13b281cadc5e4f.pdf,2026-09-26T19:23:24Z,REAL
METHYLERGOMETRINE-2C47691C,2026-04-01,S.O. 1575(E) dated 25.03.2026,15.31,16,,NPPA S.O. 1575(E) dated 25.03.2026 (NLEM 2022 list),https://nppa.gov.in/storage/uploads/tender/0fd8be342c35d5a46a13b281cadc5e4f.pdf,2026-09-26T19:23:24Z,REAL
METHYLPREDNISOLONE-A43985BA,2026-04-01,S.O. 1575(E) dated 25.03.2026,46.76,16,,NPPA S.O. 1575(E) dated 25.03.2026 (NLEM 2022 list),https://nppa.gov.in/storage/uploads/tender/0fd8be342c35d5a46a13b281cadc5e4f.pdf,2026-09-26T19:23:24Z,REAL
METOCLOPRAMIDE-0A25392D,2026-04-01,S.O. 1575(E) dated 25.03.2026,1.38,16,,NPPA S.O. 1575(E) dated 25.03.2026 (NLEM 2022 list),https://nppa.gov.in/storage/uploads/tender/0fd8be342c35d5a46a13b281cadc5e4f.pdf,2026-09-26T19:23:24Z,REAL
METOCLOPRAMIDE-C0054A46,2026-04-01,S.O. 1575(E) dated 25.03.2026,2.74,16,,NPPA S.O. 1575(E) dated 25.03.2026 (NLEM 2022 list),https://nppa.gov.in/storage/uploads/tender/0fd8be342c35d5a46a13b281cadc5e4f.pdf,2026-09-26T19:23:24Z,REAL
METOCLOPRAMIDE-11F14F30,2026-04-01,S.O. 1575(E) dated 25.03.2026,1.67,16,,NPPA S.O. 1575(E) dated 25.03.2026 (NLEM 2022 list),https://nppa.gov.in/storage/uploads/tender/0fd8be342c35d5a46a13b281cadc5e4f.pdf,2026-09-26T19:23:24Z,REAL
METOCLOPRAMIDE-7C12CAB5,2026-04-01,S.O. 1575(E) dated 25.03.2026,0.51,16,,NPPA S.O. 1575(E) dated 25.03.2026 (NLEM 2022 list),https://nppa.gov.in/storage/uploads/tender/0fd8be342c35d5a46a13b281cadc5e4f.pdf,2026-09-26T19:23:24Z,REAL
METOPROLOL-27851E55,2026-04-01,S.O. 1575(E) dated 25.03.2026,4.35,16,,NPPA S.O. 1575(E) dated 25.03.2026 (NLEM 2022 list),https://nppa.gov.in/storage/uploads/tender/0fd8be342c35d5a46a13b281cadc5e4f.pdf,2026-09-26T19:23:24Z,REAL
METOPROLOL-F9986911,2026-04-01,S.O. 1575(E) dated 25.03.2026,5.98,16,,NPPA S.O. 1575(E) dated 25.03.2026 (NLEM 2022 list),https://nppa.gov.in/storage/uploads/tender/0fd8be342c35d5a46a13b281cadc5e4f.pdf,2026-09-26T19:23:24Z,REAL
METOPROLOL-40CB470A,2026-04-01,S.O. 1575(E) dated 25.03.2026,15.35,16,,NPPA S.O. 1575(E) dated 25.03.2026 (NLEM 2022 list),https://nppa.gov.in/storage/uploads/tender/0fd8be342c35d5a46a13b281cadc5e4f.pdf,2026-09-26T19:23:24Z,REAL
METOPROLOL-03760D7F,2026-04-01,S.O. 1575(E) dated 25.03.2026,11.39,16,,NPPA S.O. 1575(E) dated 25.03.2026 (NLEM 2022 list),https://nppa.gov.in/storage/uploads/tender/0fd8be342c35d5a46a13b281cadc5e4f.pdf,2026-09-26T19:23:24Z,REAL
METOPROLOL-F9911244,2026-04-01,S.O. 1575(E) dated 25.03.2026,4.24,16,,NPPA S.O. 1575(E) dated 25.03.2026 (NLEM 2022 list),https://nppa.gov.in/storage/uploads/tender/0fd8be342c35d5a46a13b281cadc5e4f.pdf,2026-09-26T19:23:24Z,REAL
METOPROLOL-1727994D,2026-04-01,S.O. 1575(E) dated 25.03.2026,5.96,16,,NPPA S.O. 1575(E) dated 25.03.2026 (NLEM 2022 list),https://nppa.gov.in/storage/uploads/tender/0fd8be342c35d5a46a13b281cadc5e4f.pdf,2026-09-26T19:23:24Z,REAL
METOPROLOL-B55F90E0,2026-04-01,S.O. 1575(E) dated 25.03.2026,3.48,16,,NPPA S.O. 1575(E) dated 25.03.2026 (NLEM 2022 list),https://nppa.gov.in/storage/uploads/tender/0fd8be342c35d5a46a13b281cadc5e4f.pdf,2026-09-26T19:23:24Z,REAL
METRONIDAZOLE-20FC29C5,2026-04-01,S.O. 1575(E) dated 25.03.2026,0.84,16,,NPPA S.O. 1575(E) dated 25.03.2026 (NLEM 2022 list),https://nppa.gov.in/storage/uploads/tender/0fd8be342c35d5a46a13b281cadc5e4f.pdf,2026-09-26T19:23:24Z,REAL
METRONIDAZOLE-013A41E8,2026-04-01,S.O. 1575(E) dated 25.03.2026,1.56,16,,NPPA S.O. 1575(E) dated 25.03.2026 (NLEM 2022 list),https://nppa.gov.in/storage/uploads/tender/0fd8be342c35d5a46a13b281cadc5e4f.pdf,2026-09-26T19:23:24Z,REAL
METRONIDAZOLE-827E5B80,2026-04-01,S.O. 1575(E) dated 25.03.2026,0.21,16,,NPPA S.O. 1575(E) dated 25.03.2026 (NLEM 2022 list),https://nppa.gov.in/storage/uploads/tender/0fd8be342c35d5a46a13b281cadc5e4f.pdf,2026-09-26T19:23:24Z,REAL
METRONIDAZOLE-4ACA45DE,2026-04-01,S.O. 1575(E) dated 25.03.2026,0.53,16,,NPPA S.O. 1575(E) dated 25.03.2026 (NLEM 2022 list),https://nppa.gov.in/storage/uploads/tender/0fd8be342c35d5a46a13b281cadc5e4f.pdf,2026-09-26T19:23:24Z,REAL
MIDAZOLAM-E16D891E,2026-04-01,S.O. 1575(E) dated 25.03.2026,222.02,16,,NPPA S.O. 1575(E) dated 25.03.2026 (NLEM 2022 list),https://nppa.gov.in/storage/uploads/tender/0fd8be342c35d5a46a13b281cadc5e4f.pdf,2026-09-26T19:23:24Z,REAL
MIDAZOLAM-B91C9E27,2026-04-01,S.O. 1575(E) dated 25.03.2026,81.85,16,,NPPA S.O. 1575(E) dated 25.03.2026 (NLEM 2022 list),https://nppa.gov.in/storage/uploads/tender/0fd8be342c35d5a46a13b281cadc5e4f.pdf,2026-09-26T19:23:24Z,REAL
MIDAZOLAM-E8668C59,2026-04-01,S.O. 1575(E) dated 25.03.2026,6.06,16,,NPPA S.O. 1575(E) dated 25.03.2026 (NLEM 2022 list),https://nppa.gov.in/storage/uploads/tender/0fd8be342c35d5a46a13b281cadc5e4f.pdf,2026-09-26T19:23:24Z,REAL
MIDAZOLAM-490CBE4F,2026-04-01,S.O. 1575(E) dated 25.03.2026,11.14,16,,NPPA S.O. 1575(E) dated 25.03.2026 (NLEM 2022 list),https://nppa.gov.in/storage/uploads/tender/0fd8be342c35d5a46a13b281cadc5e4f.pdf,2026-09-26T19:23:24Z,REAL
MIFEPRISTONE-0AD8BE57,2026-04-01,S.O. 1575(E) dated 25.03.2026,359.35,16,,NPPA S.O. 1575(E) dated 25.03.2026 (NLEM 2022 list),https://nppa.gov.in/storage/uploads/tender/0fd8be342c35d5a46a13b281cadc5e4f.pdf,2026-09-26T19:23:24Z,REAL
MISOPROSTOL-7091E6AC,2026-04-01,S.O. 1575(E) dated 25.03.2026,19.43,16,,NPPA S.O. 1575(E) dated 25.03.2026 (NLEM 2022 list),https://nppa.gov.in/storage/uploads/tender/0fd8be342c35d5a46a13b281cadc5e4f.pdf,2026-09-26T19:23:24Z,REAL
MISOPROSTOL-58C192AA,2026-04-01,S.O. 1575(E) dated 25.03.2026,10.16,16,,NPPA S.O. 1575(E) dated 25.03.2026 (NLEM 2022 list),https://nppa.gov.in/storage/uploads/tender/0fd8be342c35d5a46a13b281cadc5e4f.pdf,2026-09-26T19:23:24Z,REAL
MONTELUKAST-2F3670CA,2026-04-01,S.O. 1575(E) dated 25.03.2026,12.30,16,,NPPA S.O. 1575(E) dated 25.03.2026 (NLEM 2022 list),https://nppa.gov.in/storage/uploads/tender/0fd8be342c35d5a46a13b281cadc5e4f.pdf,2026-09-26T19:23:24Z,REAL
MONTELUKAST-9C4D46BF,2026-04-01,S.O. 1575(E) dated 25.03.2026,10.48,16,,NPPA S.O. 1575(E) dated 25.03.2026 (NLEM 2022 list),https://nppa.gov.in/storage/uploads/tender/0fd8be342c35d5a46a13b281cadc5e4f.pdf,2026-09-26T19:23:24Z,REAL
MONTELUKAST-C4305B14,2026-04-01,S.O. 1575(E) dated 25.03.2026,16.84,16,,NPPA S.O. 1575(E) dated 25.03.2026 (NLEM 2022 list),https://nppa.gov.in/storage/uploads/tender/0fd8be342c35d5a46a13b281cadc5e4f.pdf,2026-09-26T19:23:24Z,REAL
MORPHINE-E883D918,2026-04-01,S.O. 1575(E) dated 25.03.2026,20.07,16,,NPPA S.O. 1575(E) dated 25.03.2026 (NLEM 2022 list),https://nppa.gov.in/storage/uploads/tender/0fd8be342c35d5a46a13b281cadc5e4f.pdf,2026-09-26T19:23:24Z,REAL
MORPHINE-744AAEEB,2026-04-01,S.O. 1575(E) dated 25.03.2026,15.29,16,,NPPA S.O. 1575(E) dated 25.03.2026 (NLEM 2022 list),https://nppa.gov.in/storage/uploads/tender/0fd8be342c35d5a46a13b281cadc5e4f.pdf,2026-09-26T19:23:24Z,REAL
MOXIFLOXACIN-274BABD8,2026-04-01,S.O. 1575(E) dated 25.03.2026,26.44,16,,NPPA S.O. 1575(E) dated 25.03.2026 (NLEM 2022 list),https://nppa.gov.in/storage/uploads/tender/0fd8be342c35d5a46a13b281cadc5e4f.pdf,2026-09-26T19:23:24Z,REAL
MUPIROCIN-3808AA95,2026-04-01,S.O. 1575(E) dated 25.03.2026,20.77,16,,NPPA S.O. 1575(E) dated 25.03.2026 (NLEM 2022 list),https://nppa.gov.in/storage/uploads/tender/0fd8be342c35d5a46a13b281cadc5e4f.pdf,2026-09-26T19:23:24Z,REAL
MYCOPHENOLATE-MOFETIL-E36400E4,2026-04-01,S.O. 1575(E) dated 25.03.2026,76.38,16,,NPPA S.O. 1575(E) dated 25.03.2026 (NLEM 2022 list),https://nppa.gov.in/storage/uploads/tender/0fd8be342c35d5a46a13b281cadc5e4f.pdf,2026-09-26T19:23:24Z,REAL
MYCOPHENOLATE-MOFETIL-E3708860,2026-04-01,S.O. 1575(E) dated 25.03.2026,50.79,16,,NPPA S.O. 1575(E) dated 25.03.2026 (NLEM 2022 list),https://nppa.gov.in/storage/uploads/tender/0fd8be342c35d5a46a13b281cadc5e4f.pdf,2026-09-26T19:23:24Z,REAL
N-ACETYLCYSTEINE-897FAC42,2026-04-01,S.O. 1575(E) dated 25.03.2026,24.21,16,,NPPA S.O. 1575(E) dated 25.03.2026 (NLEM 2022 list),https://nppa.gov.in/storage/uploads/tender/0fd8be342c35d5a46a13b281cadc5e4f.pdf,2026-09-26T19:23:24Z,REAL
NALOXONE-910108E1,2026-04-01,S.O. 1575(E) dated 25.03.2026,94.95,16,,NPPA S.O. 1575(E) dated 25.03.2026 (NLEM 2022 list),https://nppa.gov.in/storage/uploads/tender/0fd8be342c35d5a46a13b281cadc5e4f.pdf,2026-09-26T19:23:24Z,REAL
NATAMYCIN-3FFFB2D6,2026-04-01,S.O. 1575(E) dated 25.03.2026,23.94,16,,NPPA S.O. 1575(E) dated 25.03.2026 (NLEM 2022 list),https://nppa.gov.in/storage/uploads/tender/0fd8be342c35d5a46a13b281cadc5e4f.pdf,2026-09-26T19:23:24Z,REAL
NEOSTIGMINE-D50055EC,2026-04-01,S.O. 1575(E) dated 25.03.2026,5.13,16,,NPPA S.O. 1575(E) dated 25.03.2026 (NLEM 2022 list),https://nppa.gov.in/storage/uploads/tender/0fd8be342c35d5a46a13b281cadc5e4f.pdf,2026-09-26T19:23:24Z,REAL
NEOSTIGMINE-098FAD04,2026-04-01,S.O. 1575(E) dated 25.03.2026,4.70,16,,NPPA S.O. 1575(E) dated 25.03.2026 (NLEM 2022 list),https://nppa.gov.in/storage/uploads/tender/0fd8be342c35d5a46a13b281cadc5e4f.pdf,2026-09-26T19:23:24Z,REAL
NEVIRAPINE-8BF9DF78,2026-04-01,S.O. 1575(E) dated 25.03.2026,16.17,16,,NPPA S.O. 1575(E) dated 25.03.2026 (NLEM 2022 list),https://nppa.gov.in/storage/uploads/tender/0fd8be342c35d5a46a13b281cadc5e4f.pdf,2026-09-26T19:23:24Z,REAL
NICOTINE-FOR-NICOTINE-RE-DCBE5C29,2026-04-01,S.O. 1575(E) dated 25.03.2026,8.11,16,,NPPA S.O. 1575(E) dated 25.03.2026 (NLEM 2022 list),https://nppa.gov.in/storage/uploads/tender/0fd8be342c35d5a46a13b281cadc5e4f.pdf,2026-09-26T19:23:24Z,REAL
NICOTINE-FOR-NICOTINE-RE-A309A57A,2026-04-01,S.O. 1575(E) dated 25.03.2026,8.80,16,,NPPA S.O. 1575(E) dated 25.03.2026 (NLEM 2022 list),https://nppa.gov.in/storage/uploads/tender/0fd8be342c35d5a46a13b281cadc5e4f.pdf,2026-09-26T19:23:24Z,REAL
NICOTINE-FOR-NICOTINE-RE-996639C2,2026-04-01,S.O. 1575(E) dated 25.03.2026,10.90,16,,NPPA S.O. 1575(E) dated 25.03.2026 (NLEM 2022 list),https://nppa.gov.in/storage/uploads/tender/0fd8be342c35d5a46a13b281cadc5e4f.pdf,2026-09-26T19:23:24Z,REAL
NICOTINE-FOR-NICOTINE-RE-4A33F9A9,2026-04-01,S.O. 1575(E) dated 25.03.2026,9.98,16,,NPPA S.O. 1575(E) dated 25.03.2026 (NLEM 2022 list),https://nppa.gov.in/storage/uploads/tender/0fd8be342c35d5a46a13b281cadc5e4f.pdf,2026-09-26T19:23:24Z,REAL
NICOTINE-FOR-NICOTINE-RE-A6D4BE0C,2026-04-01,S.O. 1575(E) dated 25.03.2026,7.29,16,,NPPA S.O. 1575(E) dated 25.03.2026 (NLEM 2022 list),https://nppa.gov.in/storage/uploads/tender/0fd8be342c35d5a46a13b281cadc5e4f.pdf,2026-09-26T19:23:24Z,REAL
NICOTINE-FOR-NICOTINE-RE-4A81D2D2,2026-04-01,S.O. 1575(E) dated 25.03.2026,8.02,16,,NPPA S.O. 1575(E) dated 25.03.2026 (NLEM 2022 list),https://nppa.gov.in/storage/uploads/tender/0fd8be342c35d5a46a13b281cadc5e4f.pdf,2026-09-26T19:23:24Z,REAL
NIFEDIPINE-328563FC,2026-04-01,S.O. 1575(E) dated 25.03.2026,1.58,16,,NPPA S.O. 1575(E) dated 25.03.2026 (NLEM 2022 list),https://nppa.gov.in/storage/uploads/tender/0fd8be342c35d5a46a13b281cadc5e4f.pdf,2026-09-26T19:23:24Z,REAL
NIFEDIPINE-A258FCD7,2026-04-01,S.O. 1575(E) dated 25.03.2026,0.98,16,,NPPA S.O. 1575(E) dated 25.03.2026 (NLEM 2022 list),https://nppa.gov.in/storage/uploads/tender/0fd8be342c35d5a46a13b281cadc5e4f.pdf,2026-09-26T19:23:24Z,REAL
NITROFURANTOIN-BDF506E5,2026-04-01,S.O. 1575(E) dated 25.03.2026,8.30,16,,NPPA S.O. 1575(E) dated 25.03.2026 (NLEM 2022 list),https://nppa.gov.in/storage/uploads/tender/0fd8be342c35d5a46a13b281cadc5e4f.pdf,2026-09-26T19:23:24Z,REAL
NITROFURANTOIN-571F2CBB,2026-04-01,S.O. 1575(E) dated 25.03.2026,8.85,16,,NPPA S.O. 1575(E) dated 25.03.2026 (NLEM 2022 list),https://nppa.gov.in/storage/uploads/tender/0fd8be342c35d5a46a13b281cadc5e4f.pdf,2026-09-26T19:23:24Z,REAL
NITROFURANTOIN-49DF8DD3,2026-04-01,S.O. 1575(E) dated 25.03.2026,0.92,16,,NPPA S.O. 1575(E) dated 25.03.2026 (NLEM 2022 list),https://nppa.gov.in/storage/uploads/tender/0fd8be342c35d5a46a13b281cadc5e4f.pdf,2026-09-26T19:23:24Z,REAL
NITROUS-OXIDE-BEA20524,2026-04-01,S.O. 1575(E) dated 25.03.2026,292.85,16,,NPPA S.O. 1575(E) dated 25.03.2026 (NLEM 2022 list),https://nppa.gov.in/storage/uploads/tender/0fd8be342c35d5a46a13b281cadc5e4f.pdf,2026-09-26T19:23:24Z,REAL
NORADRENALINE-C82B2D8C,2026-04-01,S.O. 1575(E) dated 25.03.2026,20.65,16,,NPPA S.O. 1575(E) dated 25.03.2026 (NLEM 2022 list),https://nppa.gov.in/storage/uploads/tender/0fd8be342c35d5a46a13b281cadc5e4f.pdf,2026-09-26T19:23:24Z,REAL
NORETHISTERONE-F176F410,2026-04-01,S.O. 1575(E) dated 25.03.2026,5.52,16,,NPPA S.O. 1575(E) dated 25.03.2026 (NLEM 2022 list),https://nppa.gov.in/storage/uploads/tender/0fd8be342c35d5a46a13b281cadc5e4f.pdf,2026-09-26T19:23:24Z,REAL
OMEPRAZOLE-37BEEC16,2026-04-01,S.O. 1575(E) dated 25.03.2026,2.94,16,,NPPA S.O. 1575(E) dated 25.03.2026 (NLEM 2022 list),https://nppa.gov.in/storage/uploads/tender/0fd8be342c35d5a46a13b281cadc5e4f.pdf,2026-09-26T19:23:24Z,REAL
OMEPRAZOLE-8690A72E,2026-04-01,S.O. 1575(E) dated 25.03.2026,4.45,16,,NPPA S.O. 1575(E) dated 25.03.2026 (NLEM 2022 list),https://nppa.gov.in/storage/uploads/tender/0fd8be342c35d5a46a13b281cadc5e4f.pdf,2026-09-26T19:23:24Z,REAL
OMEPRAZOLE-21BC9A73,2026-04-01,S.O. 1575(E) dated 25.03.2026,2.47,16,,NPPA S.O. 1575(E) dated 25.03.2026 (NLEM 2022 list),https://nppa.gov.in/storage/uploads/tender/0fd8be342c35d5a46a13b281cadc5e4f.pdf,2026-09-26T19:23:24Z,REAL
OMEPRAZOLE-80BECA1C,2026-04-01,S.O. 1575(E) dated 25.03.2026,1.55,16,,NPPA S.O. 1575(E) dated 25.03.2026 (NLEM 2022 list),https://nppa.gov.in/storage/uploads/tender/0fd8be342c35d5a46a13b281cadc5e4f.pdf,2026-09-26T19:23:24Z,REAL
OMEPRAZOLE-FB8740BD,2026-04-01,S.O. 1575(E) dated 25.03.2026,8.66,16,,NPPA S.O. 1575(E) dated 25.03.2026 (NLEM 2022 list),https://nppa.gov.in/storage/uploads/tender/0fd8be342c35d5a46a13b281cadc5e4f.pdf,2026-09-26T19:23:24Z,REAL
OMEPRAZOLE-8B672144,2026-04-01,S.O. 1575(E) dated 25.03.2026,5.81,16,,NPPA S.O. 1575(E) dated 25.03.2026 (NLEM 2022 list),https://nppa.gov.in/storage/uploads/tender/0fd8be342c35d5a46a13b281cadc5e4f.pdf,2026-09-26T19:23:24Z,REAL
ONDANSETRON-90FD0AA4,2026-04-01,S.O. 1575(E) dated 25.03.2026,5.26,16,,NPPA S.O. 1575(E) dated 25.03.2026 (NLEM 2022 list),https://nppa.gov.in/storage/uploads/tender/0fd8be342c35d5a46a13b281cadc5e4f.pdf,2026-09-26T19:23:24Z,REAL
ONDANSETRON-629E9046,2026-04-01,S.O. 1575(E) dated 25.03.2026,1.29,16,,NPPA S.O. 1575(E) dated 25.03.2026 (NLEM 2022 list),https://nppa.gov.in/storage/uploads/tender/0fd8be342c35d5a46a13b281cadc5e4f.pdf,2026-09-26T19:23:24Z,REAL
ONDANSETRON-0C4C8D20,2026-04-01,S.O. 1575(E) dated 25.03.2026,6.10,16,,NPPA S.O. 1575(E) dated 25.03.2026 (NLEM 2022 list),https://nppa.gov.in/storage/uploads/tender/0fd8be342c35d5a46a13b281cadc5e4f.pdf,2026-09-26T19:23:24Z,REAL
ONDANSETRON-BBF6BBF5,2026-04-01,S.O. 1575(E) dated 25.03.2026,9.28,16,,NPPA S.O. 1575(E) dated 25.03.2026 (NLEM 2022 list),https://nppa.gov.in/storage/uploads/tender/0fd8be342c35d5a46a13b281cadc5e4f.pdf,2026-09-26T19:23:24Z,REAL
ORAL-REHYDRATION-SALTS-F8FAEE70,2026-04-01,S.O. 1575(E) dated 25.03.2026,1.02,16,,NPPA S.O. 1575(E) dated 25.03.2026 (NLEM 2022 list),https://nppa.gov.in/storage/uploads/tender/0fd8be342c35d5a46a13b281cadc5e4f.pdf,2026-09-26T19:23:24Z,REAL
ORAL-REHYDRATION-SALTS-F7732499,2026-04-01,S.O. 1575(E) dated 25.03.2026,0.15,16,,NPPA S.O. 1575(E) dated 25.03.2026 (NLEM 2022 list),https://nppa.gov.in/storage/uploads/tender/0fd8be342c35d5a46a13b281cadc5e4f.pdf,2026-09-26T19:23:24Z,REAL
ORMELOXIFENE-CENTCHROMAN-238C670A,2026-04-01,S.O. 1575(E) dated 25.03.2026,8.65,16,,NPPA S.O. 1575(E) dated 25.03.2026 (NLEM 2022 list),https://nppa.gov.in/storage/uploads/tender/0fd8be342c35d5a46a13b281cadc5e4f.pdf,2026-09-26T19:23:24Z,REAL
OXALIPLATIN-26A14319,2026-04-01,S.O. 1575(E) dated 25.03.2026,5099.25,16,,NPPA S.O. 1575(E) dated 25.03.2026 (NLEM 2022 list),https://nppa.gov.in/storage/uploads/tender/0fd8be342c35d5a46a13b281cadc5e4f.pdf,2026-09-26T19:23:24Z,REAL
OXALIPLATIN-FFED6079,2026-04-01,S.O. 1575(E) dated 25.03.2026,2287.59,16,,NPPA S.O. 1575(E) dated 25.03.2026 (NLEM 2022 list),https://nppa.gov.in/storage/uploads/tender/0fd8be342c35d5a46a13b281cadc5e4f.pdf,2026-09-26T19:23:24Z,REAL
OXYGEN-LIQUID-MEDICAL-OX-5635FD57,2026-04-01,S.O. 1575(E) dated 25.03.2026,17.43,16,,NPPA S.O. 1575(E) dated 25.03.2026 (NLEM 2022 list),https://nppa.gov.in/storage/uploads/tender/0fd8be342c35d5a46a13b281cadc5e4f.pdf,2026-09-26T19:23:24Z,REAL
OXYGEN-IN-CYLINDER-41B1FCCE,2026-04-01,S.O. 1575(E) dated 25.03.2026,29.52,16,,NPPA S.O. 1575(E) dated 25.03.2026 (NLEM 2022 list),https://nppa.gov.in/storage/uploads/tender/0fd8be342c35d5a46a13b281cadc5e4f.pdf,2026-09-26T19:23:24Z,REAL
OXYTOCIN-9D30EC50,2026-04-01,S.O. 1575(E) dated 25.03.2026,18.27,16,,NPPA S.O. 1575(E) dated 25.03.2026 (NLEM 2022 list),https://nppa.gov.in/storage/uploads/tender/0fd8be342c35d5a46a13b281cadc5e4f.pdf,2026-09-26T19:23:24Z,REAL
OXYTOCIN-8920711D,2026-04-01,S.O. 1575(E) dated 25.03.2026,40.82,16,,NPPA S.O. 1575(E) dated 25.03.2026 (NLEM 2022 list),https://nppa.gov.in/storage/uploads/tender/0fd8be342c35d5a46a13b281cadc5e4f.pdf,2026-09-26T19:23:24Z,REAL
PACLITAXEL-22F703DC,2026-04-01,S.O. 1575(E) dated 25.03.2026,220.61,16,,NPPA S.O. 1575(E) dated 25.03.2026 (NLEM 2022 list),https://nppa.gov.in/storage/uploads/tender/0fd8be342c35d5a46a13b281cadc5e4f.pdf,2026-09-26T19:23:24Z,REAL
PANTOPRAZOLE-0F1EA4CC,2026-04-01,S.O. 1575(E) dated 25.03.2026,51.66,16,,NPPA S.O. 1575(E) dated 25.03.2026 (NLEM 2022 list),https://nppa.gov.in/storage/uploads/tender/0fd8be342c35d5a46a13b281cadc5e4f.pdf,2026-09-26T19:23:24Z,REAL
PARACETAMOL-5D2DEBA3,2026-04-01,S.O. 1575(E) dated 25.03.2026,2.05,16,,NPPA S.O. 1575(E) dated 25.03.2026 (NLEM 2022 list),https://nppa.gov.in/storage/uploads/tender/0fd8be342c35d5a46a13b281cadc5e4f.pdf,2026-09-26T19:23:24Z,REAL
PARACETAMOL-1F320513,2026-04-01,S.O. 1575(E) dated 25.03.2026,0.38,16,,NPPA S.O. 1575(E) dated 25.03.2026 (NLEM 2022 list),https://nppa.gov.in/storage/uploads/tender/0fd8be342c35d5a46a13b281cadc5e4f.pdf,2026-09-26T19:23:24Z,REAL
PARACETAMOL-E129D8C8,2026-04-01,S.O. 1575(E) dated 25.03.2026,0.68,16,,NPPA S.O. 1575(E) dated 25.03.2026 (NLEM 2022 list),https://nppa.gov.in/storage/uploads/tender/0fd8be342c35d5a46a13b281cadc5e4f.pdf,2026-09-26T19:23:24Z,REAL
PARACETAMOL-D8D024AD,2026-04-01,S.O. 1575(E) dated 25.03.2026,0.62,16,,NPPA S.O. 1575(E) dated 25.03.2026 (NLEM 2022 list),https://nppa.gov.in/storage/uploads/tender/0fd8be342c35d5a46a13b281cadc5e4f.pdf,2026-09-26T19:23:24Z,REAL
PARACETAMOL-D3093EF3,2026-04-01,S.O. 1575(E) dated 25.03.2026,0.93,16,,NPPA S.O. 1575(E) dated 25.03.2026 (NLEM 2022 list),https://nppa.gov.in/storage/uploads/tender/0fd8be342c35d5a46a13b281cadc5e4f.pdf,2026-09-26T19:23:24Z,REAL
PARACETAMOL-067D5E73,2026-04-01,S.O. 1575(E) dated 25.03.2026,6.82,16,,NPPA S.O. 1575(E) dated 25.03.2026 (NLEM 2022 list),https://nppa.gov.in/storage/uploads/tender/0fd8be342c35d5a46a13b281cadc5e4f.pdf,2026-09-26T19:23:24Z,REAL
PARACETAMOL-E26CDB2C,2026-04-01,S.O. 1575(E) dated 25.03.2026,8.14,16,,NPPA S.O. 1575(E) dated 25.03.2026 (NLEM 2022 list),https://nppa.gov.in/storage/uploads/tender/0fd8be342c35d5a46a13b281cadc5e4f.pdf,2026-09-26T19:23:24Z,REAL
PARACETAMOL-CD6E2539,2026-04-01,S.O. 1575(E) dated 25.03.2026,4.07,16,,NPPA S.O. 1575(E) dated 25.03.2026 (NLEM 2022 list),https://nppa.gov.in/storage/uploads/tender/0fd8be342c35d5a46a13b281cadc5e4f.pdf,2026-09-26T19:23:24Z,REAL
PARACETAMOL-390B822B,2026-04-01,S.O. 1575(E) dated 25.03.2026,1.64,16,,NPPA S.O. 1575(E) dated 25.03.2026 (NLEM 2022 list),https://nppa.gov.in/storage/uploads/tender/0fd8be342c35d5a46a13b281cadc5e4f.pdf,2026-09-26T19:23:24Z,REAL
PERITONEAL-DIALYSIS-SOLU-D6A53629,2026-04-01,S.O. 1575(E) dated 25.03.2026,0.22,16,,NPPA S.O. 1575(E) dated 25.03.2026 (NLEM 2022 list),https://nppa.gov.in/storage/uploads/tender/0fd8be342c35d5a46a13b281cadc5e4f.pdf,2026-09-26T19:23:24Z,REAL
PERMETHRIN-1A6BD38E,2026-04-01,S.O. 1575(E) dated 25.03.2026,1.89,16,,NPPA S.O. 1575(E) dated 25.03.2026 (NLEM 2022 list),https://nppa.gov.in/storage/uploads/tender/0fd8be342c35d5a46a13b281cadc5e4f.pdf,2026-09-26T19:23:24Z,REAL
PERMETHRIN-1A4254CD,2026-04-01,S.O. 1575(E) dated 25.03.2026,1.03,16,,NPPA S.O. 1575(E) dated 25.03.2026 (NLEM 2022 list),https://nppa.gov.in/storage/uploads/tender/0fd8be342c35d5a46a13b281cadc5e4f.pdf,2026-09-26T19:23:24Z,REAL
PERMETHRIN-9CDFEBC8,2026-04-01,S.O. 1575(E) dated 25.03.2026,1.54,16,,NPPA S.O. 1575(E) dated 25.03.2026 (NLEM 2022 list),https://nppa.gov.in/storage/uploads/tender/0fd8be342c35d5a46a13b281cadc5e4f.pdf,2026-09-26T19:23:24Z,REAL
PERMETHRIN-51D80480,2026-04-01,S.O. 1575(E) dated 25.03.2026,1.03,16,,NPPA S.O. 1575(E) dated 25.03.2026 (NLEM 2022 list),https://nppa.gov.in/storage/uploads/tender/0fd8be342c35d5a46a13b281cadc5e4f.pdf,2026-09-26T19:23:24Z,REAL
PERMETHRIN-D76AC120,2026-04-01,S.O. 1575(E) dated 25.03.2026,1.34,16,,NPPA S.O. 1575(E) dated 25.03.2026 (NLEM 2022 list),https://nppa.gov.in/storage/uploads/tender/0fd8be342c35d5a46a13b281cadc5e4f.pdf,2026-09-26T19:23:24Z,REAL
PHENIRAMINE-BD282031,2026-04-01,S.O. 1575(E) dated 25.03.2026,2.83,16,,NPPA S.O. 1575(E) dated 25.03.2026 (NLEM 2022 list),https://nppa.gov.in/storage/uploads/tender/0fd8be342c35d5a46a13b281cadc5e4f.pdf,2026-09-26T19:23:24Z,REAL
PHENIRAMINE-262699FD,2026-04-01,S.O. 1575(E) dated 25.03.2026,2.11,16,,NPPA S.O. 1575(E) dated 25.03.2026 (NLEM 2022 list),https://nppa.gov.in/storage/uploads/tender/0fd8be342c35d5a46a13b281cadc5e4f.pdf,2026-09-26T19:23:24Z,REAL
PHENOBARBITONE-111D8A32,2026-04-01,S.O. 1575(E) dated 25.03.2026,1.34,16,,NPPA S.O. 1575(E) dated 25.03.2026 (NLEM 2022 list),https://nppa.gov.in/storage/uploads/tender/0fd8be342c35d5a46a13b281cadc5e4f.pdf,2026-09-26T19:23:24Z,REAL
PHENOBARBITONE-FDECC1E6,2026-04-01,S.O. 1575(E) dated 25.03.2026,1.93,16,,NPPA S.O. 1575(E) dated 25.03.2026 (NLEM 2022 list),https://nppa.gov.in/storage/uploads/tender/0fd8be342c35d5a46a13b281cadc5e4f.pdf,2026-09-26T19:23:24Z,REAL
PHENOBARBITONE-F188174A,2026-04-01,S.O. 1575(E) dated 25.03.2026,22.68,16,,NPPA S.O. 1575(E) dated 25.03.2026 (NLEM 2022 list),https://nppa.gov.in/storage/uploads/tender/0fd8be342c35d5a46a13b281cadc5e4f.pdf,2026-09-26T19:23:24Z,REAL
PHENOBARBITONE-EA31DFE0,2026-04-01,S.O. 1575(E) dated 25.03.2026,0.50,16,,NPPA S.O. 1575(E) dated 25.03.2026 (NLEM 2022 list),https://nppa.gov.in/storage/uploads/tender/0fd8be342c35d5a46a13b281cadc5e4f.pdf,2026-09-26T19:23:24Z,REAL
PHENYTOIN-E89A29E7,2026-04-01,S.O. 1575(E) dated 25.03.2026,5.62,16,,NPPA S.O. 1575(E) dated 25.03.2026 (NLEM 2022 list),https://nppa.gov.in/storage/uploads/tender/0fd8be342c35d5a46a13b281cadc5e4f.pdf,2026-09-26T19:23:24Z,REAL
PHENYTOIN-0168C897,2026-04-01,S.O. 1575(E) dated 25.03.2026,6.09,16,,NPPA S.O. 1575(E) dated 25.03.2026 (NLEM 2022 list),https://nppa.gov.in/storage/uploads/tender/0fd8be342c35d5a46a13b281cadc5e4f.pdf,2026-09-26T19:23:24Z,REAL
PHENYTOIN-BDD1068A,2026-04-01,S.O. 1575(E) dated 25.03.2026,6.72,16,,NPPA S.O. 1575(E) dated 25.03.2026 (NLEM 2022 list),https://nppa.gov.in/storage/uploads/tender/0fd8be342c35d5a46a13b281cadc5e4f.pdf,2026-09-26T19:23:24Z,REAL
PHENYTOIN-60736525,2026-04-01,S.O. 1575(E) dated 25.03.2026,1.80,16,,NPPA S.O. 1575(E) dated 25.03.2026 (NLEM 2022 list),https://nppa.gov.in/storage/uploads/tender/0fd8be342c35d5a46a13b281cadc5e4f.pdf,2026-09-26T19:23:24Z,REAL
PHENYTOIN-8A109829,2026-04-01,S.O. 1575(E) dated 25.03.2026,0.86,16,,NPPA S.O. 1575(E) dated 25.03.2026 (NLEM 2022 list),https://nppa.gov.in/storage/uploads/tender/0fd8be342c35d5a46a13b281cadc5e4f.pdf,2026-09-26T19:23:24Z,REAL
PHENYTOIN-B8F00C35,2026-04-01,S.O. 1575(E) dated 25.03.2026,0.36,16,,NPPA S.O. 1575(E) dated 25.03.2026 (NLEM 2022 list),https://nppa.gov.in/storage/uploads/tender/0fd8be342c35d5a46a13b281cadc5e4f.pdf,2026-09-26T19:23:24Z,REAL
PHENYTOIN-2C58B725,2026-04-01,S.O. 1575(E) dated 25.03.2026,1.13,16,,NPPA S.O. 1575(E) dated 25.03.2026 (NLEM 2022 list),https://nppa.gov.in/storage/uploads/tender/0fd8be342c35d5a46a13b281cadc5e4f.pdf,2026-09-26T19:23:24Z,REAL
PHENYTOIN-643B6DBB,2026-04-01,S.O. 1575(E) dated 25.03.2026,4.76,16,,NPPA S.O. 1575(E) dated 25.03.2026 (NLEM 2022 list),https://nppa.gov.in/storage/uploads/tender/0fd8be342c35d5a46a13b281cadc5e4f.pdf,2026-09-26T19:23:24Z,REAL
PHENYTOIN-56E4E9CD,2026-04-01,S.O. 1575(E) dated 25.03.2026,1.87,16,,NPPA S.O. 1575(E) dated 25.03.2026 (NLEM 2022 list),https://nppa.gov.in/storage/uploads/tender/0fd8be342c35d5a46a13b281cadc5e4f.pdf,2026-09-26T19:23:24Z,REAL
PHYTOMENADIONE-VITAMIN-K-0E634FF8,2026-04-01,S.O. 1575(E) dated 25.03.2026,54.36,16,,NPPA S.O. 1575(E) dated 25.03.2026 (NLEM 2022 list),https://nppa.gov.in/storage/uploads/tender/0fd8be342c35d5a46a13b281cadc5e4f.pdf,2026-09-26T19:23:24Z,REAL
PHYTOMENADIONE-VITAMIN-K-CEE1E369,2026-04-01,S.O. 1575(E) dated 25.03.2026,14.89,16,,NPPA S.O. 1575(E) dated 25.03.2026 (NLEM 2022 list),https://nppa.gov.in/storage/uploads/tender/0fd8be342c35d5a46a13b281cadc5e4f.pdf,2026-09-26T19:23:24Z,REAL
PILOCARPINE-9BF60519,2026-04-01,S.O. 1575(E) dated 25.03.2026,16.64,16,,NPPA S.O. 1575(E) dated 25.03.2026 (NLEM 2022 list),https://nppa.gov.in/storage/uploads/tender/0fd8be342c35d5a46a13b281cadc5e4f.pdf,2026-09-26T19:23:24Z,REAL
PIPERACILLIN-A-TAZOBACTA-6B2198A3,2026-04-01,S.O. 1575(E) dated 25.03.2026,102.05,16,,NPPA S.O. 1575(E) dated 25.03.2026 (NLEM 2022 list),https://nppa.gov.in/storage/uploads/tender/0fd8be342c35d5a46a13b281cadc5e4f.pdf,2026-09-26T19:23:24Z,REAL
PIPERACILLIN-A-TAZOBACTA-463EBAE9,2026-04-01,S.O. 1575(E) dated 25.03.2026,196.15,16,,NPPA S.O. 1575(E) dated 25.03.2026 (NLEM 2022 list),https://nppa.gov.in/storage/uploads/tender/0fd8be342c35d5a46a13b281cadc5e4f.pdf,2026-09-26T19:23:24Z,REAL
PIPERACILLIN-A-TAZOBACTA-36A1B988,2026-04-01,S.O. 1575(E) dated 25.03.2026,409.00,16,,NPPA S.O. 1575(E) dated 25.03.2026 (NLEM 2022 list),https://nppa.gov.in/storage/uploads/tender/0fd8be342c35d5a46a13b281cadc5e4f.pdf,2026-09-26T19:23:24Z,REAL
POTASSIUM-CHLORIDE-EA02BD24,2026-04-01,S.O. 1575(E) dated 25.03.2026,0.31,16,,NPPA S.O. 1575(E) dated 25.03.2026 (NLEM 2022 list),https://nppa.gov.in/storage/uploads/tender/0fd8be342c35d5a46a13b281cadc5e4f.pdf,2026-09-26T19:23:24Z,REAL
POTASSIUM-CHLORIDE-57C032C3,2026-04-01,S.O. 1575(E) dated 25.03.2026,2.46,16,,NPPA S.O. 1575(E) dated 25.03.2026 (NLEM 2022 list),https://nppa.gov.in/storage/uploads/tender/0fd8be342c35d5a46a13b281cadc5e4f.pdf,2026-09-26T19:23:24Z,REAL
POVIDONE-IODINE-3386B458,2026-04-01,S.O. 1575(E) dated 25.03.2026,0.45,16,,NPPA S.O. 1575(E) dated 25.03.2026 (NLEM 2022 list),https://nppa.gov.in/storage/uploads/tender/0fd8be342c35d5a46a13b281cadc5e4f.pdf,2026-09-26T19:23:24Z,REAL
POVIDONE-IODINE-A347EEDA,2026-04-01,S.O. 1575(E) dated 25.03.2026,0.84,16,,NPPA S.O. 1575(E) dated 25.03.2026 (NLEM 2022 list),https://nppa.gov.in/storage/uploads/tender/0fd8be342c35d5a46a13b281cadc5e4f.pdf,2026-09-26T19:23:24Z,REAL
POVIDONE-IODINE-293C8CCF,2026-04-01,S.O. 1575(E) dated 25.03.2026,0.99,16,,NPPA S.O. 1575(E) dated 25.03.2026 (NLEM 2022 list),https://nppa.gov.in/storage/uploads/tender/0fd8be342c35d5a46a13b281cadc5e4f.pdf,2026-09-26T19:23:24Z,REAL
POVIDONE-IODINE-19D61098,2026-04-01,S.O. 1575(E) dated 25.03.2026,1.78,16,,NPPA S.O. 1575(E) dated 25.03.2026 (NLEM 2022 list),https://nppa.gov.in/storage/uploads/tender/0fd8be342c35d5a46a13b281cadc5e4f.pdf,2026-09-26T19:23:24Z,REAL
POVIDONE-IODINE-A9CFB53D,2026-04-01,S.O. 1575(E) dated 25.03.2026,6.30,16,,NPPA S.O. 1575(E) dated 25.03.2026 (NLEM 2022 list),https://nppa.gov.in/storage/uploads/tender/0fd8be342c35d5a46a13b281cadc5e4f.pdf,2026-09-26T19:23:24Z,REAL
PRALIDOXIME-CHLORIDE-2-P-92F3E5E3,2026-04-01,S.O. 1575(E) dated 25.03.2026,4.67,16,,NPPA S.O. 1575(E) dated 25.03.2026 (NLEM 2022 list),https://nppa.gov.in/storage/uploads/tender/0fd8be342c35d5a46a13b281cadc5e4f.pdf,2026-09-26T19:23:24Z,REAL
PREDNISOLONE-CA67DB40,2026-04-01,S.O. 1575(E) dated 25.03.2026,3.49,16,,NPPA S.O. 1575(E) dated 25.03.2026 (NLEM 2022 list),https://nppa.gov.in/storage/uploads/tender/0fd8be342c35d5a46a13b281cadc5e4f.pdf,2026-09-26T19:23:24Z,REAL
PREDNISOLONE-88C23EE0,2026-04-01,S.O. 1575(E) dated 25.03.2026,0.50,16,,NPPA S.O. 1575(E) dated 25.03.2026 (NLEM 2022 list),https://nppa.gov.in/storage/uploads/tender/0fd8be342c35d5a46a13b281cadc5e4f.pdf,2026-09-26T19:23:24Z,REAL
PREDNISOLONE-20394710,2026-04-01,S.O. 1575(E) dated 25.03.2026,0.88,16,,NPPA S.O. 1575(E) dated 25.03.2026 (NLEM 2022 list),https://nppa.gov.in/storage/uploads/tender/0fd8be342c35d5a46a13b281cadc5e4f.pdf,2026-09-26T19:23:24Z,REAL
PREDNISOLONE-C0839DC8,2026-04-01,S.O. 1575(E) dated 25.03.2026,1.23,16,,NPPA S.O. 1575(E) dated 25.03.2026 (NLEM 2022 list),https://nppa.gov.in/storage/uploads/tender/0fd8be342c35d5a46a13b281cadc5e4f.pdf,2026-09-26T19:23:24Z,REAL
PREDNISOLONE-4BD81FF6,2026-04-01,S.O. 1575(E) dated 25.03.2026,0.69,16,,NPPA S.O. 1575(E) dated 25.03.2026 (NLEM 2022 list),https://nppa.gov.in/storage/uploads/tender/0fd8be342c35d5a46a13b281cadc5e4f.pdf,2026-09-26T19:23:24Z,REAL
PREDNISOLONE-A5E46BE4,2026-04-01,S.O. 1575(E) dated 25.03.2026,2.46,16,,NPPA S.O. 1575(E) dated 25.03.2026 (NLEM 2022 list),https://nppa.gov.in/storage/uploads/tender/0fd8be342c35d5a46a13b281cadc5e4f.pdf,2026-09-26T19:23:24Z,REAL
PREDNISOLONE-153CFEE4,2026-04-01,S.O. 1575(E) dated 25.03.2026,5.90,16,,NPPA S.O. 1575(E) dated 25.03.2026 (NLEM 2022 list),https://nppa.gov.in/storage/uploads/tender/0fd8be342c35d5a46a13b281cadc5e4f.pdf,2026-09-26T19:23:24Z,REAL
PREMIX-INSULIN-30-70-INJ-30D0FDAA,2026-04-01,S.O. 1575(E) dated 25.03.2026,17.40,16,,NPPA S.O. 1575(E) dated 25.03.2026 (NLEM 2022 list),https://nppa.gov.in/storage/uploads/tender/0fd8be342c35d5a46a13b281cadc5e4f.pdf,2026-09-26T19:23:24Z,REAL
PRIMAQUINE-425B0622,2026-04-01,S.O. 1575(E) dated 25.03.2026,2.44,16,,NPPA S.O. 1575(E) dated 25.03.2026 (NLEM 2022 list),https://nppa.gov.in/storage/uploads/tender/0fd8be342c35d5a46a13b281cadc5e4f.pdf,2026-09-26T19:23:24Z,REAL
PRIMAQUINE-9ABE29A6,2026-04-01,S.O. 1575(E) dated 25.03.2026,5.26,16,,NPPA S.O. 1575(E) dated 25.03.2026 (NLEM 2022 list),https://nppa.gov.in/storage/uploads/tender/0fd8be342c35d5a46a13b281cadc5e4f.pdf,2026-09-26T19:23:24Z,REAL
PRIMAQUINE-95B1FFF5,2026-04-01,S.O. 1575(E) dated 25.03.2026,1.79,16,,NPPA S.O. 1575(E) dated 25.03.2026 (NLEM 2022 list),https://nppa.gov.in/storage/uploads/tender/0fd8be342c35d5a46a13b281cadc5e4f.pdf,2026-09-26T19:23:24Z,REAL
PROPARACAINE-4C9418EC,2026-04-01,S.O. 1575(E) dated 25.03.2026,10.50,16,,NPPA S.O. 1575(E) dated 25.03.2026 (NLEM 2022 list),https://nppa.gov.in/storage/uploads/tender/0fd8be342c35d5a46a13b281cadc5e4f.pdf,2026-09-26T19:23:24Z,REAL
PROPOFOL-744675ED,2026-04-01,S.O. 1575(E) dated 25.03.2026,6.65,16,,NPPA S.O. 1575(E) dated 25.03.2026 (NLEM 2022 list),https://nppa.gov.in/storage/uploads/tender/0fd8be342c35d5a46a13b281cadc5e4f.pdf,2026-09-26T19:23:24Z,REAL
PROPRANOLOL-5383947B,2026-04-01,S.O. 1575(E) dated 25.03.2026,3.30,16,,NPPA S.O. 1575(E) dated 25.03.2026 (NLEM 2022 list),https://nppa.gov.in/storage/uploads/tender/0fd8be342c35d5a46a13b281cadc5e4f.pdf,2026-09-26T19:23:24Z,REAL
PROPRANOLOL-07044ED2,2026-04-01,S.O. 1575(E) dated 25.03.2026,1.34,16,,NPPA S.O. 1575(E) dated 25.03.2026 (NLEM 2022 list),https://nppa.gov.in/storage/uploads/tender/0fd8be342c35d5a46a13b281cadc5e4f.pdf,2026-09-26T19:23:24Z,REAL
PROPRANOLOL-76A33745,2026-04-01,S.O. 1575(E) dated 25.03.2026,3.28,16,,NPPA S.O. 1575(E) dated 25.03.2026 (NLEM 2022 list),https://nppa.gov.in/storage/uploads/tender/0fd8be342c35d5a46a13b281cadc5e4f.pdf,2026-09-26T19:23:24Z,REAL
PROPRANOLOL-6EF179E7,2026-04-01,S.O. 1575(E) dated 25.03.2026,4.35,16,,NPPA S.O. 1575(E) dated 25.03.2026 (NLEM 2022 list),https://nppa.gov.in/storage/uploads/tender/0fd8be342c35d5a46a13b281cadc5e4f.pdf,2026-09-26T19:23:24Z,REAL
PROPRANOLOL-E59EF814,2026-04-01,S.O. 1575(E) dated 25.03.2026,2.41,16,,NPPA S.O. 1575(E) dated 25.03.2026 (NLEM 2022 list),https://nppa.gov.in/storage/uploads/tender/0fd8be342c35d5a46a13b281cadc5e4f.pdf,2026-09-26T19:23:24Z,REAL
PROPRANOLOL-EB1E1145,2026-04-01,S.O. 1575(E) dated 25.03.2026,2.04,16,,NPPA S.O. 1575(E) dated 25.03.2026 (NLEM 2022 list),https://nppa.gov.in/storage/uploads/tender/0fd8be342c35d5a46a13b281cadc5e4f.pdf,2026-09-26T19:23:24Z,REAL
PROTAMINE-SULPHATE-B6772FBA,2026-04-01,S.O. 1575(E) dated 25.03.2026,10.01,16,,NPPA S.O. 1575(E) dated 25.03.2026 (NLEM 2022 list),https://nppa.gov.in/storage/uploads/tender/0fd8be342c35d5a46a13b281cadc5e4f.pdf,2026-09-26T19:23:24Z,REAL
PYRAZINAMIDE-ED7E451D,2026-04-01,S.O. 1575(E) dated 25.03.2026,10.78,16,,NPPA S.O. 1575(E) dated 25.03.2026 (NLEM 2022 list),https://nppa.gov.in/storage/uploads/tender/0fd8be342c35d5a46a13b281cadc5e4f.pdf,2026-09-26T19:23:24Z,REAL
PYRAZINAMIDE-922547E8,2026-04-01,S.O. 1575(E) dated 25.03.2026,5.01,16,,NPPA S.O. 1575(E) dated 25.03.2026 (NLEM 2022 list),https://nppa.gov.in/storage/uploads/tender/0fd8be342c35d5a46a13b281cadc5e4f.pdf,2026-09-26T19:23:24Z,REAL
PYRAZINAMIDE-B0E15CFD,2026-04-01,S.O. 1575(E) dated 25.03.2026,7.39,16,,NPPA S.O. 1575(E) dated 25.03.2026 (NLEM 2022 list),https://nppa.gov.in/storage/uploads/tender/0fd8be342c35d5a46a13b281cadc5e4f.pdf,2026-09-26T19:23:24Z,REAL
PYRAZINAMIDE-7EE48C31,2026-04-01,S.O. 1575(E) dated 25.03.2026,12.10,16,,NPPA S.O. 1575(E) dated 25.03.2026 (NLEM 2022 list),https://nppa.gov.in/storage/uploads/tender/0fd8be342c35d5a46a13b281cadc5e4f.pdf,2026-09-26T19:23:24Z,REAL
PYRIDOXINE-88D29230,2026-04-01,S.O. 1575(E) dated 25.03.2026,6.12,16,,NPPA S.O. 1575(E) dated 25.03.2026 (NLEM 2022 list),https://nppa.gov.in/storage/uploads/tender/0fd8be342c35d5a46a13b281cadc5e4f.pdf,2026-09-26T19:23:24Z,REAL
PYRIDOXINE-982E237A,2026-04-01,S.O. 1575(E) dated 25.03.2026,0.11,16,,NPPA S.O. 1575(E) dated 25.03.2026 (NLEM 2022 list),https://nppa.gov.in/storage/uploads/tender/0fd8be342c35d5a46a13b281cadc5e4f.pdf,2026-09-26T19:23:24Z,REAL
QUININE-637C2289,2026-04-01,S.O. 1575(E) dated 25.03.2026,5.79,16,,NPPA S.O. 1575(E) dated 25.03.2026 (NLEM 2022 list),https://nppa.gov.in/storage/uploads/tender/0fd8be342c35d5a46a13b281cadc5e4f.pdf,2026-09-26T19:23:24Z,REAL
QUININE-0C5A96AE,2026-04-01,S.O. 1575(E) dated 25.03.2026,9.73,16,,NPPA S.O. 1575(E) dated 25.03.2026 (NLEM 2022 list),https://nppa.gov.in/storage/uploads/tender/0fd8be342c35d5a46a13b281cadc5e4f.pdf,2026-09-26T19:23:24Z,REAL
RABIES-VACCINE-96E0C57C,2026-04-01,S.O. 1575(E) dated 25.03.2026,387.80,16,,NPPA S.O. 1575(E) dated 25.03.2026 (NLEM 2022 list),https://nppa.gov.in/storage/uploads/tender/0fd8be342c35d5a46a13b281cadc5e4f.pdf,2026-09-26T19:23:24Z,REAL
RALTEGRAVIR-D84AE342,2026-04-01,S.O. 1575(E) dated 25.03.2026,151.35,16,,NPPA S.O. 1575(E) dated 25.03.2026 (NLEM 2022 list),https://nppa.gov.in/storage/uploads/tender/0fd8be342c35d5a46a13b281cadc5e4f.pdf,2026-09-26T19:23:24Z,REAL
RAMIPRIL-3331CD01,2026-04-01,S.O. 1575(E) dated 25.03.2026,5.33,16,,NPPA S.O. 1575(E) dated 25.03.2026 (NLEM 2022 list),https://nppa.gov.in/storage/uploads/tender/0fd8be342c35d5a46a13b281cadc5e4f.pdf,2026-09-26T19:23:24Z,REAL
RAMIPRIL-E47F1494,2026-04-01,S.O. 1575(E) dated 25.03.2026,8.37,16,,NPPA S.O. 1575(E) dated 25.03.2026 (NLEM 2022 list),https://nppa.gov.in/storage/uploads/tender/0fd8be342c35d5a46a13b281cadc5e4f.pdf,2026-09-26T19:23:24Z,REAL
RAMIPRIL-549B122A,2026-04-01,S.O. 1575(E) dated 25.03.2026,4.77,16,,NPPA S.O. 1575(E) dated 25.03.2026 (NLEM 2022 list),https://nppa.gov.in/storage/uploads/tender/0fd8be342c35d5a46a13b281cadc5e4f.pdf,2026-09-26T19:23:24Z,REAL
RAMIPRIL-F6F90642,2026-04-01,S.O. 1575(E) dated 25.03.2026,7.37,16,,NPPA S.O. 1575(E) dated 25.03.2026 (NLEM 2022 list),https://nppa.gov.in/storage/uploads/tender/0fd8be342c35d5a46a13b281cadc5e4f.pdf,2026-09-26T19:23:24Z,REAL
RIBAVIRIN-ECED4D55,2026-04-01,S.O. 1575(E) dated 25.03.2026,27.13,16,,NPPA S.O. 1575(E) dated 25.03.2026 (NLEM 2022 list),https://nppa.gov.in/storage/uploads/tender/0fd8be342c35d5a46a13b281cadc5e4f.pdf,2026-09-26T19:23:24Z,REAL
RIBOFLAVIN-6F164404,2026-04-01,S.O. 1575(E) dated 25.03.2026,1.12,16,,NPPA S.O. 1575(E) dated 25.03.2026 (NLEM 2022 list),https://nppa.gov.in/storage/uploads/tender/0fd8be342c35d5a46a13b281cadc5e4f.pdf,2026-09-26T19:23:24Z,REAL
RIFAMPICIN-691EEB22,2026-04-01,S.O. 1575(E) dated 25.03.2026,11.64,16,,NPPA S.O. 1575(E) dated 25.03.2026 (NLEM 2022 list),https://nppa.gov.in/storage/uploads/tender/0fd8be342c35d5a46a13b281cadc5e4f.pdf,2026-09-26T19:23:24Z,REAL
RIFAMPICIN-582E5DF4,2026-04-01,S.O. 1575(E) dated 25.03.2026,5.81,16,,NPPA S.O. 1575(E) dated 25.03.2026 (NLEM 2022 list),https://nppa.gov.in/storage/uploads/tender/0fd8be342c35d5a46a13b281cadc5e4f.pdf,2026-09-26T19:23:24Z,REAL
RIFAMPICIN-3645DA79,2026-04-01,S.O. 1575(E) dated 25.03.2026,2.35,16,,NPPA S.O. 1575(E) dated 25.03.2026 (NLEM 2022 list),https://nppa.gov.in/storage/uploads/tender/0fd8be342c35d5a46a13b281cadc5e4f.pdf,2026-09-26T19:23:24Z,REAL
RIFAMPICIN-DAFBCA60,2026-04-01,S.O. 1575(E) dated 25.03.2026,4.72,16,,NPPA S.O. 1575(E) dated 25.03.2026 (NLEM 2022 list),https://nppa.gov.in/storage/uploads/tender/0fd8be342c35d5a46a13b281cadc5e4f.pdf,2026-09-26T19:23:24Z,REAL
RIFAMPICIN-82844C34,2026-04-01,S.O. 1575(E) dated 25.03.2026,3.72,16,,NPPA S.O. 1575(E) dated 25.03.2026 (NLEM 2022 list),https://nppa.gov.in/storage/uploads/tender/0fd8be342c35d5a46a13b281cadc5e4f.pdf,2026-09-26T19:23:24Z,REAL
RIFAMPICIN-A98B892B,2026-04-01,S.O. 1575(E) dated 25.03.2026,0.48,16,,NPPA S.O. 1575(E) dated 25.03.2026 (NLEM 2022 list),https://nppa.gov.in/storage/uploads/tender/0fd8be342c35d5a46a13b281cadc5e4f.pdf,2026-09-26T19:23:24Z,REAL
RISPERIDONE-2067EC4A,2026-04-01,S.O. 1575(E) dated 25.03.2026,3.10,16,,NPPA S.O. 1575(E) dated 25.03.2026 (NLEM 2022 list),https://nppa.gov.in/storage/uploads/tender/0fd8be342c35d5a46a13b281cadc5e4f.pdf,2026-09-26T19:23:24Z,REAL
RISPERIDONE-3761F505,2026-04-01,S.O. 1575(E) dated 25.03.2026,4.59,16,,NPPA S.O. 1575(E) dated 25.03.2026 (NLEM 2022 list),https://nppa.gov.in/storage/uploads/tender/0fd8be342c35d5a46a13b281cadc5e4f.pdf,2026-09-26T19:23:24Z,REAL
RISPERIDONE-C7840695,2026-04-01,S.O. 1575(E) dated 25.03.2026,7.54,16,,NPPA S.O. 1575(E) dated 25.03.2026 (NLEM 2022 list),https://nppa.gov.in/storage/uploads/tender/0fd8be342c35d5a46a13b281cadc5e4f.pdf,2026-09-26T19:23:24Z,REAL
RISPERIDONE-101A943C,2026-04-01,S.O. 1575(E) dated 25.03.2026,2.26,16,,NPPA S.O. 1575(E) dated 25.03.2026 (NLEM 2022 list),https://nppa.gov.in/storage/uploads/tender/0fd8be342c35d5a46a13b281cadc5e4f.pdf,2026-09-26T19:23:24Z,REAL
RISPERIDONE-1342915C,2026-04-01,S.O. 1575(E) dated 25.03.2026,1976.65,16,,NPPA S.O. 1575(E) dated 25.03.2026 (NLEM 2022 list),https://nppa.gov.in/storage/uploads/tender/0fd8be342c35d5a46a13b281cadc5e4f.pdf,2026-09-26T19:23:24Z,REAL
RISPERIDONE-FAE62D37,2026-04-01,S.O. 1575(E) dated 25.03.2026,2713.03,16,,NPPA S.O. 1575(E) dated 25.03.2026 (NLEM 2022 list),https://nppa.gov.in/storage/uploads/tender/0fd8be342c35d5a46a13b281cadc5e4f.pdf,2026-09-26T19:23:24Z,REAL
RITONAVIR-17AB3DD1,2026-04-01,S.O. 1575(E) dated 25.03.2026,29.91,16,,NPPA S.O. 1575(E) dated 25.03.2026 (NLEM 2022 list),https://nppa.gov.in/storage/uploads/tender/0fd8be342c35d5a46a13b281cadc5e4f.pdf,2026-09-26T19:23:24Z,REAL
RITUXIMAB-3DC83BAF,2026-04-01,S.O. 1575(E) dated 25.03.2026,780.10,16,,NPPA S.O. 1575(E) dated 25.03.2026 (NLEM 2022 list),https://nppa.gov.in/storage/uploads/tender/0fd8be342c35d5a46a13b281cadc5e4f.pdf,2026-09-26T19:23:24Z,REAL
ROTA-VIRUS-VACCINE-627C5B0F,2026-04-01,S.O. 1575(E) dated 25.03.2026,875.10,16,,NPPA S.O. 1575(E) dated 25.03.2026 (NLEM 2022 list),https://nppa.gov.in/storage/uploads/tender/0fd8be342c35d5a46a13b281cadc5e4f.pdf,2026-09-26T19:23:24Z,REAL
SALBUTAMOL-4E228030,2026-04-01,S.O. 1575(E) dated 25.03.2026,0.33,16,,NPPA S.O. 1575(E) dated 25.03.2026 (NLEM 2022 list),https://nppa.gov.in/storage/uploads/tender/0fd8be342c35d5a46a13b281cadc5e4f.pdf,2026-09-26T19:23:24Z,REAL
SALBUTAMOL-F30AE0F7,2026-04-01,S.O. 1575(E) dated 25.03.2026,0.27,16,,NPPA S.O. 1575(E) dated 25.03.2026 (NLEM 2022 list),https://nppa.gov.in/storage/uploads/tender/0fd8be342c35d5a46a13b281cadc5e4f.pdf,2026-09-26T19:23:24Z,REAL
SALBUTAMOL-98EC1949,2026-04-01,S.O. 1575(E) dated 25.03.2026,1.05,16,,NPPA S.O. 1575(E) dated 25.03.2026 (NLEM 2022 list),https://nppa.gov.in/storage/uploads/tender/0fd8be342c35d5a46a13b281cadc5e4f.pdf,2026-09-26T19:23:24Z,REAL
SALBUTAMOL-212D2B21,2026-04-01,S.O. 1575(E) dated 25.03.2026,0.18,16,,NPPA S.O. 1575(E) dated 25.03.2026 (NLEM 2022 list),https://nppa.gov.in/storage/uploads/tender/0fd8be342c35d5a46a13b281cadc5e4f.pdf,2026-09-26T19:23:24Z,REAL
SALBUTAMOL-B2FD26E4,2026-04-01,S.O. 1575(E) dated 25.03.2026,0.50,16,,NPPA S.O. 1575(E) dated 25.03.2026 (NLEM 2022 list),https://nppa.gov.in/storage/uploads/tender/0fd8be342c35d5a46a13b281cadc5e4f.pdf,2026-09-26T19:23:24Z,REAL
SALICYLIC-ACID-8447053E,2026-04-01,S.O. 1575(E) dated 25.03.2026,2.07,16,,NPPA S.O. 1575(E) dated 25.03.2026 (NLEM 2022 list),https://nppa.gov.in/storage/uploads/tender/0fd8be342c35d5a46a13b281cadc5e4f.pdf,2026-09-26T19:23:24Z,REAL
SALICYLICACID-F6E61E57,2026-04-01,S.O. 1575(E) dated 25.03.2026,2.11,16,,NPPA S.O. 1575(E) dated 25.03.2026 (NLEM 2022 list),https://nppa.gov.in/storage/uploads/tender/0fd8be342c35d5a46a13b281cadc5e4f.pdf,2026-09-26T19:23:24Z,REAL
SEVOFLURANE-E132E942,2026-04-01,S.O. 1575(E) dated 25.03.2026,31.92,16,,NPPA S.O. 1575(E) dated 25.03.2026 (NLEM 2022 list),https://nppa.gov.in/storage/uploads/tender/0fd8be342c35d5a46a13b281cadc5e4f.pdf,2026-09-26T19:23:24Z,REAL
SNAKE-VENOM-ANTISERUM-DBCEAE47,2026-04-01,S.O. 1575(E) dated 25.03.2026,681.24,16,,NPPA S.O. 1575(E) dated 25.03.2026 (NLEM 2022 list),https://nppa.gov.in/storage/uploads/tender/0fd8be342c35d5a46a13b281cadc5e4f.pdf,2026-09-26T19:23:24Z,REAL
SNAKE-VENOM-ANTISERUM-0D6D4D44,2026-04-01,S.O. 1575(E) dated 25.03.2026,438.96,16,,NPPA S.O. 1575(E) dated 25.03.2026 (NLEM 2022 list),https://nppa.gov.in/storage/uploads/tender/0fd8be342c35d5a46a13b281cadc5e4f.pdf,2026-09-26T19:23:24Z,REAL
SODIUM-BICARBONATE-606B5E38,2026-04-01,S.O. 1575(E) dated 25.03.2026,1.38,16,,NPPA S.O. 1575(E) dated 25.03.2026 (NLEM 2022 list),https://nppa.gov.in/storage/uploads/tender/0fd8be342c35d5a46a13b281cadc5e4f.pdf,2026-09-26T19:23:24Z,REAL
SODIUM-BICARBONATE-9DDDC2FD,2026-04-01,S.O. 1575(E) dated 25.03.2026,1.04,16,,NPPA S.O. 1575(E) dated 25.03.2026 (NLEM 2022 list),https://nppa.gov.in/storage/uploads/tender/0fd8be342c35d5a46a13b281cadc5e4f.pdf,2026-09-26T19:23:24Z,REAL
SODIUM-NITROPRUSSIDE-9403C7EC,2026-04-01,S.O. 1575(E) dated 25.03.2026,29.18,16,,NPPA S.O. 1575(E) dated 25.03.2026 (NLEM 2022 list),https://nppa.gov.in/storage/uploads/tender/0fd8be342c35d5a46a13b281cadc5e4f.pdf,2026-09-26T19:23:24Z,REAL
SODIUM-VALPROATE-DF889613,2026-04-01,S.O. 1575(E) dated 25.03.2026,4.57,16,,NPPA S.O. 1575(E) dated 25.03.2026 (NLEM 2022 list),https://nppa.gov.in/storage/uploads/tender/0fd8be342c35d5a46a13b281cadc5e4f.pdf,2026-09-26T19:23:24Z,REAL
SODIUM-VALPROATE-6F8D8DD5,2026-04-01,S.O. 1575(E) dated 25.03.2026,0.66,16,,NPPA S.O. 1575(E) dated 25.03.2026 (NLEM 2022 list),https://nppa.gov.in/storage/uploads/tender/0fd8be342c35d5a46a13b281cadc5e4f.pdf,2026-09-26T19:23:24Z,REAL
SODIUM-VALPROATE-2B529A91,2026-04-01,S.O. 1575(E) dated 25.03.2026,3.67,16,,NPPA S.O. 1575(E) dated 25.03.2026 (NLEM 2022 list),https://nppa.gov.in/storage/uploads/tender/0fd8be342c35d5a46a13b281cadc5e4f.pdf,2026-09-26T19:23:24Z,REAL
SODIUM-VALPROATE-4DB4880E,2026-04-01,S.O. 1575(E) dated 25.03.2026,9.50,16,,NPPA S.O. 1575(E) dated 25.03.2026 (NLEM 2022 list),https://nppa.gov.in/storage/uploads/tender/0fd8be342c35d5a46a13b281cadc5e4f.pdf,2026-09-26T19:23:24Z,REAL
SODIUM-VALPROATE-22E9BF39,2026-04-01,S.O. 1575(E) dated 25.03.2026,8.31,16,,NPPA S.O. 1575(E) dated 25.03.2026 (NLEM 2022 list),https://nppa.gov.in/storage/uploads/tender/0fd8be342c35d5a46a13b281cadc5e4f.pdf,2026-09-26T19:23:24Z,REAL
SODIUM-VALPROATE-EA5CAFCB,2026-04-01,S.O. 1575(E) dated 25.03.2026,6.25,16,,NPPA S.O. 1575(E) dated 25.03.2026 (NLEM 2022 list),https://nppa.gov.in/storage/uploads/tender/0fd8be342c35d5a46a13b281cadc5e4f.pdf,2026-09-26T19:23:24Z,REAL
SODIUM-VALPROATE-286C7A4C,2026-04-01,S.O. 1575(E) dated 25.03.2026,6.91,16,,NPPA S.O. 1575(E) dated 25.03.2026 (NLEM 2022 list),https://nppa.gov.in/storage/uploads/tender/0fd8be342c35d5a46a13b281cadc5e4f.pdf,2026-09-26T19:23:24Z,REAL
SOFOSBUVIR-B4D2B2F9,2026-04-01,S.O. 1575(E) dated 25.03.2026,537.73,16,,NPPA S.O. 1575(E) dated 25.03.2026 (NLEM 2022 list),https://nppa.gov.in/storage/uploads/tender/0fd8be342c35d5a46a13b281cadc5e4f.pdf,2026-09-26T19:23:24Z,REAL
SOMATOSTATIN-6B73DDD0,2026-04-01,S.O. 1575(E) dated 25.03.2026,1391.63,16,,NPPA S.O. 1575(E) dated 25.03.2026 (NLEM 2022 list),https://nppa.gov.in/storage/uploads/tender/0fd8be342c35d5a46a13b281cadc5e4f.pdf,2026-09-26T19:23:24Z,REAL
SPIRONOLACTONE-B16C9CC4,2026-04-01,S.O. 1575(E) dated 25.03.2026,4.48,16,,NPPA S.O. 1575(E) dated 25.03.2026 (NLEM 2022 list),https://nppa.gov.in/storage/uploads/tender/0fd8be342c35d5a46a13b281cadc5e4f.pdf,2026-09-26T19:23:24Z,REAL
SPIRONOLACTONE-947A5A4E,2026-04-01,S.O. 1575(E) dated 25.03.2026,2.24,16,,NPPA S.O. 1575(E) dated 25.03.2026 (NLEM 2022 list),https://nppa.gov.in/storage/uploads/tender/0fd8be342c35d5a46a13b281cadc5e4f.pdf,2026-09-26T19:23:24Z,REAL
STREPTOKINASE-869B11AE,2026-04-01,S.O. 1575(E) dated 25.03.2026,1922.41,16,,NPPA S.O. 1575(E) dated 25.03.2026 (NLEM 2022 list),https://nppa.gov.in/storage/uploads/tender/0fd8be342c35d5a46a13b281cadc5e4f.pdf,2026-09-26T19:23:24Z,REAL
STREPTOMYCIN-4A70DA8C,2026-04-01,S.O. 1575(E) dated 25.03.2026,15.51,16,,NPPA S.O. 1575(E) dated 25.03.2026 (NLEM 2022 list),https://nppa.gov.in/storage/uploads/tender/0fd8be342c35d5a46a13b281cadc5e4f.pdf,2026-09-26T19:23:24Z,REAL
STREPTOMYCIN-D2FA81E6,2026-04-01,S.O. 1575(E) dated 25.03.2026,16.68,16,,NPPA S.O. 1575(E) dated 25.03.2026 (NLEM 2022 list),https://nppa.gov.in/storage/uploads/tender/0fd8be342c35d5a46a13b281cadc5e4f.pdf,2026-09-26T19:23:24Z,REAL
SUCCINYLCHOLINE-4C34E37D,2026-04-01,S.O. 1575(E) dated 25.03.2026,5.33,16,,NPPA S.O. 1575(E) dated 25.03.2026 (NLEM 2022 list),https://nppa.gov.in/storage/uploads/tender/0fd8be342c35d5a46a13b281cadc5e4f.pdf,2026-09-26T19:23:24Z,REAL
SULFASALAZINE-8763AA14,2026-04-01,S.O. 1575(E) dated 25.03.2026,4.83,16,,NPPA S.O. 1575(E) dated 25.03.2026 (NLEM 2022 list),https://nppa.gov.in/storage/uploads/tender/0fd8be342c35d5a46a13b281cadc5e4f.pdf,2026-09-26T19:23:24Z,REAL
SUMATRIPTAN-7B72B904,2026-04-01,S.O. 1575(E) dated 25.03.2026,33.28,16,,NPPA S.O. 1575(E) dated 25.03.2026 (NLEM 2022 list),https://nppa.gov.in/storage/uploads/tender/0fd8be342c35d5a46a13b281cadc5e4f.pdf,2026-09-26T19:23:24Z,REAL
SUMATRIPTAN-2FDCED15,2026-04-01,S.O. 1575(E) dated 25.03.2026,57.02,16,,NPPA S.O. 1575(E) dated 25.03.2026 (NLEM 2022 list),https://nppa.gov.in/storage/uploads/tender/0fd8be342c35d5a46a13b281cadc5e4f.pdf,2026-09-26T19:23:24Z,REAL
SURFACTANT-52E24076,2026-04-01,S.O. 1575(E) dated 25.03.2026,80.89,16,,NPPA S.O. 1575(E) dated 25.03.2026 (NLEM 2022 list),https://nppa.gov.in/storage/uploads/tender/0fd8be342c35d5a46a13b281cadc5e4f.pdf,2026-09-26T19:23:24Z,REAL
TACROLIMUS-A9663F5D,2026-04-01,S.O. 1575(E) dated 25.03.2026,21.16,16,,NPPA S.O. 1575(E) dated 25.03.2026 (NLEM 2022 list),https://nppa.gov.in/storage/uploads/tender/0fd8be342c35d5a46a13b281cadc5e4f.pdf,2026-09-26T19:23:24Z,REAL
TACROLIMUS-253DFE48,2026-04-01,S.O. 1575(E) dated 25.03.2026,41.60,16,,NPPA S.O. 1575(E) dated 25.03.2026 (NLEM 2022 list),https://nppa.gov.in/storage/uploads/tender/0fd8be342c35d5a46a13b281cadc5e4f.pdf,2026-09-26T19:23:24Z,REAL
TACROLIMUS-49219EDE,2026-04-01,S.O. 1575(E) dated 25.03.2026,86.37,16,,NPPA S.O. 1575(E) dated 25.03.2026 (NLEM 2022 list),https://nppa.gov.in/storage/uploads/tender/0fd8be342c35d5a46a13b281cadc5e4f.pdf,2026-09-26T19:23:24Z,REAL
TACROLIMUS-8B4479C6,2026-04-01,S.O. 1575(E) dated 25.03.2026,40.94,16,,NPPA S.O. 1575(E) dated 25.03.2026 (NLEM 2022 list),https://nppa.gov.in/storage/uploads/tender/0fd8be342c35d5a46a13b281cadc5e4f.pdf,2026-09-26T19:23:24Z,REAL
TACROLIMUS-6AA42BF1,2026-04-01,S.O. 1575(E) dated 25.03.2026,79.55,16,,NPPA S.O. 1575(E) dated 25.03.2026 (NLEM 2022 list),https://nppa.gov.in/storage/uploads/tender/0fd8be342c35d5a46a13b281cadc5e4f.pdf,2026-09-26T19:23:24Z,REAL
TACROLIMUS-094417C4,2026-04-01,S.O. 1575(E) dated 25.03.2026,21.47,16,,NPPA S.O. 1575(E) dated 25.03.2026 (NLEM 2022 list),https://nppa.gov.in/storage/uploads/tender/0fd8be342c35d5a46a13b281cadc5e4f.pdf,2026-09-26T19:23:24Z,REAL
TAMOXIFEN-B7DFC720,2026-04-01,S.O. 1575(E) dated 25.03.2026,3.02,16,,NPPA S.O. 1575(E) dated 25.03.2026 (NLEM 2022 list),https://nppa.gov.in/storage/uploads/tender/0fd8be342c35d5a46a13b281cadc5e4f.pdf,2026-09-26T19:23:24Z,REAL
TAMOXIFEN-BF48A03F,2026-04-01,S.O. 1575(E) dated 25.03.2026,2.26,16,,NPPA S.O. 1575(E) dated 25.03.2026 (NLEM 2022 list),https://nppa.gov.in/storage/uploads/tender/0fd8be342c35d5a46a13b281cadc5e4f.pdf,2026-09-26T19:23:24Z,REAL
TELMISARTAN-69387138,2026-04-01,S.O. 1575(E) dated 25.03.2026,3.98,16,,NPPA S.O. 1575(E) dated 25.03.2026 (NLEM 2022 list),https://nppa.gov.in/storage/uploads/tender/0fd8be342c35d5a46a13b281cadc5e4f.pdf,2026-09-26T19:23:24Z,REAL
TELMISARTAN-EC263249,2026-04-01,S.O. 1575(E) dated 25.03.2026,6.92,16,,NPPA S.O. 1575(E) dated 25.03.2026 (NLEM 2022 list),https://nppa.gov.in/storage/uploads/tender/0fd8be342c35d5a46a13b281cadc5e4f.pdf,2026-09-26T19:23:24Z,REAL
TELMISARTAN-94A96097,2026-04-01,S.O. 1575(E) dated 25.03.2026,10.65,16,,NPPA S.O. 1575(E) dated 25.03.2026 (NLEM 2022 list),https://nppa.gov.in/storage/uploads/tender/0fd8be342c35d5a46a13b281cadc5e4f.pdf,2026-09-26T19:23:24Z,REAL
TEMOZOLOMIDE-BD84EEB4,2026-04-01,S.O. 1575(E) dated 25.03.2026,451.93,16,,NPPA S.O. 1575(E) dated 25.03.2026 (NLEM 2022 list),https://nppa.gov.in/storage/uploads/tender/0fd8be342c35d5a46a13b281cadc5e4f.pdf,2026-09-26T19:23:24Z,REAL
TEMOZOLOMIDE-70827892,2026-04-01,S.O. 1575(E) dated 25.03.2026,4407.35,16,,NPPA S.O. 1575(E) dated 25.03.2026 (NLEM 2022 list),https://nppa.gov.in/storage/uploads/tender/0fd8be342c35d5a46a13b281cadc5e4f.pdf,2026-09-26T19:23:24Z,REAL
TEMOZOLOMIDE-86229E2C,2026-04-01,S.O. 1575(E) dated 25.03.2026,1544.93,16,,NPPA S.O. 1575(E) dated 25.03.2026 (NLEM 2022 list),https://nppa.gov.in/storage/uploads/tender/0fd8be342c35d5a46a13b281cadc5e4f.pdf,2026-09-26T19:23:24Z,REAL
TEMOZOLOMIDE-94F2E4EE,2026-04-01,S.O. 1575(E) dated 25.03.2026,344.73,16,,NPPA S.O. 1575(E) dated 25.03.2026 (NLEM 2022 list),https://nppa.gov.in/storage/uploads/tender/0fd8be342c35d5a46a13b281cadc5e4f.pdf,2026-09-26T19:23:24Z,REAL
TEMOZOLOMIDE-AB8F96D3,2026-04-01,S.O. 1575(E) dated 25.03.2026,3848.39,16,,NPPA S.O. 1575(E) dated 25.03.2026 (NLEM 2022 list),https://nppa.gov.in/storage/uploads/tender/0fd8be342c35d5a46a13b281cadc5e4f.pdf,2026-09-26T19:23:24Z,REAL
TENECTEPLASE-C39D481C,2026-04-01,S.O. 1575(E) dated 25.03.2026,51599.62,16,,NPPA S.O. 1575(E) dated 25.03.2026 (NLEM 2022 list),https://nppa.gov.in/storage/uploads/tender/0fd8be342c35d5a46a13b281cadc5e4f.pdf,2026-09-26T19:23:24Z,REAL
TENECTEPLASE-E8A0FB22,2026-04-01,S.O. 1575(E) dated 25.03.2026,37796.29,16,,NPPA S.O. 1575(E) dated 25.03.2026 (NLEM 2022 list),https://nppa.gov.in/storage/uploads/tender/0fd8be342c35d5a46a13b281cadc5e4f.pdf,2026-09-26T19:23:24Z,REAL
TENELIGLIPTIN-B1F9C503,2026-04-01,S.O. 1575(E) dated 25.03.2026,11.35,16,,NPPA S.O. 1575(E) dated 25.03.2026 (NLEM 2022 list),https://nppa.gov.in/storage/uploads/tender/0fd8be342c35d5a46a13b281cadc5e4f.pdf,2026-09-26T19:23:24Z,REAL
TENOFOVIR-ALAFENAMIDE-FU-CB7EECEE,2026-04-01,S.O. 1575(E) dated 25.03.2026,50.04,16,,NPPA S.O. 1575(E) dated 25.03.2026 (NLEM 2022 list),https://nppa.gov.in/storage/uploads/tender/0fd8be342c35d5a46a13b281cadc5e4f.pdf,2026-09-26T19:23:24Z,REAL
TENOFOVIR-DISPROXIL-FUMA-73695255,2026-04-01,S.O. 1575(E) dated 25.03.2026,46.67,16,,NPPA S.O. 1575(E) dated 25.03.2026 (NLEM 2022 list),https://nppa.gov.in/storage/uploads/tender/0fd8be342c35d5a46a13b281cadc5e4f.pdf,2026-09-26T19:23:24Z,REAL
TENOFOVIR-DISPROXIL-FUMA-D56061B6,2026-04-01,S.O. 1575(E) dated 25.03.2026,105.32,16,,NPPA S.O. 1575(E) dated 25.03.2026 (NLEM 2022 list),https://nppa.gov.in/storage/uploads/tender/0fd8be342c35d5a46a13b281cadc5e4f.pdf,2026-09-26T19:23:24Z,REAL
TENOFOVIR-DISPROXIL-FUMA-D1DB7CA2,2026-04-01,S.O. 1575(E) dated 25.03.2026,46.94,16,,NPPA S.O. 1575(E) dated 25.03.2026 (NLEM 2022 list),https://nppa.gov.in/storage/uploads/tender/0fd8be342c35d5a46a13b281cadc5e4f.pdf,2026-09-26T19:23:24Z,REAL
TENOFOVIR-DISPROXIL-FUMA-B9981DAE,2026-04-01,S.O. 1575(E) dated 25.03.2026,117.75,16,,NPPA S.O. 1575(E) dated 25.03.2026 (NLEM 2022 list),https://nppa.gov.in/storage/uploads/tender/0fd8be342c35d5a46a13b281cadc5e4f.pdf,2026-09-26T19:23:24Z,REAL
TERBINAFINE-0CF56408,2026-04-01,S.O. 1575(E) dated 25.03.2026,5.38,16,,NPPA S.O. 1575(E) dated 25.03.2026 (NLEM 2022 list),https://nppa.gov.in/storage/uploads/tender/0fd8be342c35d5a46a13b281cadc5e4f.pdf,2026-09-26T19:23:24Z,REAL
TETANUS-TOXOID-91807360,2026-04-01,S.O. 1575(E) dated 25.03.2026,26.14,16,,NPPA S.O. 1575(E) dated 25.03.2026 (NLEM 2022 list),https://nppa.gov.in/storage/uploads/tender/0fd8be342c35d5a46a13b281cadc5e4f.pdf,2026-09-26T19:23:24Z,REAL
TETANUS-TOXOID-D6C721B9,2026-04-01,S.O. 1575(E) dated 25.03.2026,12.77,16,,NPPA S.O. 1575(E) dated 25.03.2026 (NLEM 2022 list),https://nppa.gov.in/storage/uploads/tender/0fd8be342c35d5a46a13b281cadc5e4f.pdf,2026-09-26T19:23:24Z,REAL
THALIDOMIDE-3A22C3F8,2026-04-01,S.O. 1575(E) dated 25.03.2026,31.91,16,,NPPA S.O. 1575(E) dated 25.03.2026 (NLEM 2022 list),https://nppa.gov.in/storage/uploads/tender/0fd8be342c35d5a46a13b281cadc5e4f.pdf,2026-09-26T19:23:24Z,REAL
THALIDOMIDE-973019C2,2026-04-01,S.O. 1575(E) dated 25.03.2026,63.50,16,,NPPA S.O. 1575(E) dated 25.03.2026 (NLEM 2022 list),https://nppa.gov.in/storage/uploads/tender/0fd8be342c35d5a46a13b281cadc5e4f.pdf,2026-09-26T19:23:24Z,REAL
THIAMINE-F3405936,2026-04-01,S.O. 1575(E) dated 25.03.2026,4.57,16,,NPPA S.O. 1575(E) dated 25.03.2026 (NLEM 2022 list),https://nppa.gov.in/storage/uploads/tender/0fd8be342c35d5a46a13b281cadc5e4f.pdf,2026-09-26T19:23:24Z,REAL
THIAMINE-EE30DD27,2026-04-01,S.O. 1575(E) dated 25.03.2026,27.34,16,,NPPA S.O. 1575(E) dated 25.03.2026 (NLEM 2022 list),https://nppa.gov.in/storage/uploads/tender/0fd8be342c35d5a46a13b281cadc5e4f.pdf,2026-09-26T19:23:24Z,REAL
THIOPENTONE-3DA586EE,2026-04-01,S.O. 1575(E) dated 25.03.2026,56.65,16,,NPPA S.O. 1575(E) dated 25.03.2026 (NLEM 2022 list),https://nppa.gov.in/storage/uploads/tender/0fd8be342c35d5a46a13b281cadc5e4f.pdf,2026-09-26T19:23:24Z,REAL
THIOPENTONE-6E187AB7,2026-04-01,S.O. 1575(E) dated 25.03.2026,46.79,16,,NPPA S.O. 1575(E) dated 25.03.2026 (NLEM 2022 list),https://nppa.gov.in/storage/uploads/tender/0fd8be342c35d5a46a13b281cadc5e4f.pdf,2026-09-26T19:23:24Z,REAL
TIMOLOL-CAAABFC2,2026-04-01,S.O. 1575(E) dated 25.03.2026,13.72,16,,NPPA S.O. 1575(E) dated 25.03.2026 (NLEM 2022 list),https://nppa.gov.in/storage/uploads/tender/0fd8be342c35d5a46a13b281cadc5e4f.pdf,2026-09-26T19:23:24Z,REAL
TIOTROPIUM-DAD98086,2026-04-01,S.O. 1575(E) dated 25.03.2026,2.85,16,,NPPA S.O. 1575(E) dated 25.03.2026 (NLEM 2022 list),https://nppa.gov.in/storage/uploads/tender/0fd8be342c35d5a46a13b281cadc5e4f.pdf,2026-09-26T19:23:24Z,REAL
TIOTROPIUM-C174433A,2026-04-01,S.O. 1575(E) dated 25.03.2026,10.97,16,,NPPA S.O. 1575(E) dated 25.03.2026 (NLEM 2022 list),https://nppa.gov.in/storage/uploads/tender/0fd8be342c35d5a46a13b281cadc5e4f.pdf,2026-09-26T19:23:24Z,REAL
TRAMADOL-29E357BD,2026-04-01,S.O. 1575(E) dated 25.03.2026,12.07,16,,NPPA S.O. 1575(E) dated 25.03.2026 (NLEM 2022 list),https://nppa.gov.in/storage/uploads/tender/0fd8be342c35d5a46a13b281cadc5e4f.pdf,2026-09-26T19:23:24Z,REAL
TRAMADOL-A5263A14,2026-04-01,S.O. 1575(E) dated 25.03.2026,4.93,16,,NPPA S.O. 1575(E) dated 25.03.2026 (NLEM 2022 list),https://nppa.gov.in/storage/uploads/tender/0fd8be342c35d5a46a13b281cadc5e4f.pdf,2026-09-26T19:23:24Z,REAL
TRAMADOL-FDD842FB,2026-04-01,S.O. 1575(E) dated 25.03.2026,9.26,16,,NPPA S.O. 1575(E) dated 25.03.2026 (NLEM 2022 list),https://nppa.gov.in/storage/uploads/tender/0fd8be342c35d5a46a13b281cadc5e4f.pdf,2026-09-26T19:23:24Z,REAL
TRAMADOL-1D963C4C,2026-04-01,S.O. 1575(E) dated 25.03.2026,9.93,16,,NPPA S.O. 1575(E) dated 25.03.2026 (NLEM 2022 list),https://nppa.gov.in/storage/uploads/tender/0fd8be342c35d5a46a13b281cadc5e4f.pdf,2026-09-26T19:23:24Z,REAL
TRAMADOL-DD5F4ED0,2026-04-01,S.O. 1575(E) dated 25.03.2026,25.07,16,,NPPA S.O. 1575(E) dated 25.03.2026 (NLEM 2022 list),https://nppa.gov.in/storage/uploads/tender/0fd8be342c35d5a46a13b281cadc5e4f.pdf,2026-09-26T19:23:24Z,REAL
TRANEXAMIC-ACID-90AC84D1,2026-04-01,S.O. 1575(E) dated 25.03.2026,14.04,16,,NPPA S.O. 1575(E) dated 25.03.2026 (NLEM 2022 list),https://nppa.gov.in/storage/uploads/tender/0fd8be342c35d5a46a13b281cadc5e4f.pdf,2026-09-26T19:23:24Z,REAL
TRANEXAMIC-ACID-7F6758C6,2026-04-01,S.O. 1575(E) dated 25.03.2026,18.98,16,,NPPA S.O. 1575(E) dated 25.03.2026 (NLEM 2022 list),https://nppa.gov.in/storage/uploads/tender/0fd8be342c35d5a46a13b281cadc5e4f.pdf,2026-09-26T19:23:24Z,REAL
TRASTUZUMAB-1C828671,2026-04-01,S.O. 1575(E) dated 25.03.2026,56039.24,16,,NPPA S.O. 1575(E) dated 25.03.2026 (NLEM 2022 list),https://nppa.gov.in/storage/uploads/tender/0fd8be342c35d5a46a13b281cadc5e4f.pdf,2026-09-26T19:23:24Z,REAL
TRIHEXYPHENIDYL-FC39219E,2026-04-01,S.O. 1575(E) dated 25.03.2026,1.40,16,,NPPA S.O. 1575(E) dated 25.03.2026 (NLEM 2022 list),https://nppa.gov.in/storage/uploads/tender/0fd8be342c35d5a46a13b281cadc5e4f.pdf,2026-09-26T19:23:24Z,REAL
TROPICAMIDE-B98049F3,2026-04-01,S.O. 1575(E) dated 25.03.2026,9.65,16,,NPPA S.O. 1575(E) dated 25.03.2026 (NLEM 2022 list),https://nppa.gov.in/storage/uploads/tender/0fd8be342c35d5a46a13b281cadc5e4f.pdf,2026-09-26T19:23:24Z,REAL
VALGANCICLOVIR-A61B99B8,2026-04-01,S.O. 1575(E) dated 25.03.2026,418.08,16,,NPPA S.O. 1575(E) dated 25.03.2026 (NLEM 2022 list),https://nppa.gov.in/storage/uploads/tender/0fd8be342c35d5a46a13b281cadc5e4f.pdf,2026-09-26T19:23:24Z,REAL
VANCOMYCIN-F2D6DFE1,2026-04-01,S.O. 1575(E) dated 25.03.2026,325.27,16,,NPPA S.O. 1575(E) dated 25.03.2026 (NLEM 2022 list),https://nppa.gov.in/storage/uploads/tender/0fd8be342c35d5a46a13b281cadc5e4f.pdf,2026-09-26T19:23:24Z,REAL
VANCOMYCIN-A6A1A284,2026-04-01,S.O. 1575(E) dated 25.03.2026,481.56,16,,NPPA S.O. 1575(E) dated 25.03.2026 (NLEM 2022 list),https://nppa.gov.in/storage/uploads/tender/0fd8be342c35d5a46a13b281cadc5e4f.pdf,2026-09-26T19:23:24Z,REAL
VANCOMYCIN-790C3247,2026-04-01,S.O. 1575(E) dated 25.03.2026,257.28,16,,NPPA S.O. 1575(E) dated 25.03.2026 (NLEM 2022 list),https://nppa.gov.in/storage/uploads/tender/0fd8be342c35d5a46a13b281cadc5e4f.pdf,2026-09-26T19:23:24Z,REAL
VANCOMYCIN-2FC774E2,2026-04-01,S.O. 1575(E) dated 25.03.2026,156.05,16,,NPPA S.O. 1575(E) dated 25.03.2026 (NLEM 2022 list),https://nppa.gov.in/storage/uploads/tender/0fd8be342c35d5a46a13b281cadc5e4f.pdf,2026-09-26T19:23:24Z,REAL
VECURONIUM-34FFF827,2026-04-01,S.O. 1575(E) dated 25.03.2026,120.19,16,,NPPA S.O. 1575(E) dated 25.03.2026 (NLEM 2022 list),https://nppa.gov.in/storage/uploads/tender/0fd8be342c35d5a46a13b281cadc5e4f.pdf,2026-09-26T19:23:24Z,REAL
VECURONIUM-18F71EDE,2026-04-01,S.O. 1575(E) dated 25.03.2026,76.18,16,,NPPA S.O. 1575(E) dated 25.03.2026 (NLEM 2022 list),https://nppa.gov.in/storage/uploads/tender/0fd8be342c35d5a46a13b281cadc5e4f.pdf,2026-09-26T19:23:24Z,REAL
VERAPAMIL-2FC82C31,2026-04-01,S.O. 1575(E) dated 25.03.2026,1.63,16,,NPPA S.O. 1575(E) dated 25.03.2026 (NLEM 2022 list),https://nppa.gov.in/storage/uploads/tender/0fd8be342c35d5a46a13b281cadc5e4f.pdf,2026-09-26T19:23:24Z,REAL
VERAPAMIL-B13616A6,2026-04-01,S.O. 1575(E) dated 25.03.2026,0.88,16,,NPPA S.O. 1575(E) dated 25.03.2026 (NLEM 2022 list),https://nppa.gov.in/storage/uploads/tender/0fd8be342c35d5a46a13b281cadc5e4f.pdf,2026-09-26T19:23:24Z,REAL
VINCRISTINE-54838A94,2026-04-01,S.O. 1575(E) dated 25.03.2026,58.90,16,,NPPA S.O. 1575(E) dated 25.03.2026 (NLEM 2022 list),https://nppa.gov.in/storage/uploads/tender/0fd8be342c35d5a46a13b281cadc5e4f.pdf,2026-09-26T19:23:24Z,REAL
VITAMIN-A-6F29AA7C,2026-04-01,S.O. 1575(E) dated 25.03.2026,0.74,16,,NPPA S.O. 1575(E) dated 25.03.2026 (NLEM 2022 list),https://nppa.gov.in/storage/uploads/tender/0fd8be342c35d5a46a13b281cadc5e4f.pdf,2026-09-26T19:23:24Z,REAL
VITAMIN-A-8D799CF4,2026-04-01,S.O. 1575(E) dated 25.03.2026,2.31,16,,NPPA S.O. 1575(E) dated 25.03.2026 (NLEM 2022 list),https://nppa.gov.in/storage/uploads/tender/0fd8be342c35d5a46a13b281cadc5e4f.pdf,2026-09-26T19:23:24Z,REAL
WARFARIN-94764911,2026-04-01,S.O. 1575(E) dated 25.03.2026,2.46,16,,NPPA S.O. 1575(E) dated 25.03.2026 (NLEM 2022 list),https://nppa.gov.in/storage/uploads/tender/0fd8be342c35d5a46a13b281cadc5e4f.pdf,2026-09-26T19:23:24Z,REAL
WARFARIN-0FCE2AFD,2026-04-01,S.O. 1575(E) dated 25.03.2026,3.26,16,,NPPA S.O. 1575(E) dated 25.03.2026 (NLEM 2022 list),https://nppa.gov.in/storage/uploads/tender/0fd8be342c35d5a46a13b281cadc5e4f.pdf,2026-09-26T19:23:24Z,REAL
WARFARIN-59818E97,2026-04-01,S.O. 1575(E) dated 25.03.2026,2.79,16,,NPPA S.O. 1575(E) dated 25.03.2026 (NLEM 2022 list),https://nppa.gov.in/storage/uploads/tender/0fd8be342c35d5a46a13b281cadc5e4f.pdf,2026-09-26T19:23:24Z,REAL
WARFARIN-666CAF0E,2026-04-01,S.O. 1575(E) dated 25.03.2026,2.52,16,,NPPA S.O. 1575(E) dated 25.03.2026 (NLEM 2022 list),https://nppa.gov.in/storage/uploads/tender/0fd8be342c35d5a46a13b281cadc5e4f.pdf,2026-09-26T19:23:24Z,REAL
WATER-FOR-INJECTION-60B25878,2026-04-01,S.O. 1575(E) dated 25.03.2026,2.48,16,,NPPA S.O. 1575(E) dated 25.03.2026 (NLEM 2022 list),https://nppa.gov.in/storage/uploads/tender/0fd8be342c35d5a46a13b281cadc5e4f.pdf,2026-09-26T19:23:24Z,REAL
XYLOMETAZOLINE-4952949E,2026-04-01,S.O. 1575(E) dated 25.03.2026,4.29,16,,NPPA S.O. 1575(E) dated 25.03.2026 (NLEM 2022 list),https://nppa.gov.in/storage/uploads/tender/0fd8be342c35d5a46a13b281cadc5e4f.pdf,2026-09-26T19:23:24Z,REAL
XYLOMETAZOLINE-ACADFF9A,2026-04-01,S.O. 1575(E) dated 25.03.2026,5.24,16,,NPPA S.O. 1575(E) dated 25.03.2026 (NLEM 2022 list),https://nppa.gov.in/storage/uploads/tender/0fd8be342c35d5a46a13b281cadc5e4f.pdf,2026-09-26T19:23:24Z,REAL
ZIDOVUDINE-CAB04C2C,2026-04-01,S.O. 1575(E) dated 25.03.2026,13.92,16,,NPPA S.O. 1575(E) dated 25.03.2026 (NLEM 2022 list),https://nppa.gov.in/storage/uploads/tender/0fd8be342c35d5a46a13b281cadc5e4f.pdf,2026-09-26T19:23:24Z,REAL
ZIDOVUDINE-A-LAMIVUDINE-8E9B490D,2026-04-01,S.O. 1575(E) dated 25.03.2026,21.64,16,,NPPA S.O. 1575(E) dated 25.03.2026 (NLEM 2022 list),https://nppa.gov.in/storage/uploads/tender/0fd8be342c35d5a46a13b281cadc5e4f.pdf,2026-09-26T19:23:24Z,REAL
ZIDOVUDINE-A-LAMIVUDINE-8C7C828A,2026-04-01,S.O. 1575(E) dated 25.03.2026,21.60,16,,NPPA S.O. 1575(E) dated 25.03.2026 (NLEM 2022 list),https://nppa.gov.in/storage/uploads/tender/0fd8be342c35d5a46a13b281cadc5e4f.pdf,2026-09-26T19:23:24Z,REAL
ZINC-SULPHATE-423D4BC6,2026-04-01,S.O. 1575(E) dated 25.03.2026,3.49,16,,NPPA S.O. 1575(E) dated 25.03.2026 (NLEM 2022 list),https://nppa.gov.in/storage/uploads/tender/0fd8be342c35d5a46a13b281cadc5e4f.pdf,2026-09-26T19:23:24Z,REAL
ZOLEDRONIC-ACID-FA7C09FC,2026-04-01,S.O. 1575(E) dated 25.03.2026,2449.49,16,,NPPA S.O. 1575(E) dated 25.03.2026 (NLEM 2022 list),https://nppa.gov.in/storage/uploads/tender/0fd8be342c35d5a46a13b281cadc5e4f.pdf,2026-09-26T19:23:24Z,REAL
ZOLPIDEM-BB3DF2F3,2026-04-01,S.O. 1575(E) dated 25.03.2026,6.36,16,,NPPA S.O. 1575(E) dated 25.03.2026 (NLEM 2022 list),https://nppa.gov.in/storage/uploads/tender/0fd8be342c35d5a46a13b281cadc5e4f.pdf,2026-09-26T19:23:24Z,REAL
ZOLPIDEM-09CCB2A6,2026-04-01,S.O. 1575(E) dated 25.03.2026,8.72,16,,NPPA S.O. 1575(E) dated 25.03.2026 (NLEM 2022 list),https://nppa.gov.in/storage/uploads/tender/0fd8be342c35d5a46a13b281cadc5e4f.pdf,2026-09-26T19:23:24Z,REAL
ABACAVIR-A-LAMIVUDINE-B-8C15B18C,2026-04-01,S.O. 1581(E) dated 25.03.2026,25.61,16,,NPPA S.O. 1581(E) dated 25.03.2026 (NLEM 2015 list),https://nppa.gov.in/storage/uploads/tender/0d883ca9b600c8a13cec452376176fc4.pdf,2026-09-26T19:24:04Z,REAL
ACETYLSALICYLIC-ACID-1E01C4F2,2026-04-01,S.O. 1581(E) dated 25.03.2026,0.22,16,,NPPA S.O. 1581(E) dated 25.03.2026 (NLEM 2015 list),https://nppa.gov.in/storage/uploads/tender/0d883ca9b600c8a13cec452376176fc4.pdf,2026-09-26T19:24:04Z,REAL
ACETYLSALICYLIC-ACID-E39A51F9,2026-04-01,S.O. 1581(E) dated 25.03.2026,0.21,16,,NPPA S.O. 1581(E) dated 25.03.2026 (NLEM 2015 list),https://nppa.gov.in/storage/uploads/tender/0d883ca9b600c8a13cec452376176fc4.pdf,2026-09-26T19:24:04Z,REAL
ACETYLSALICYLIC-ACID-1491933D,2026-04-01,S.O. 1581(E) dated 25.03.2026,0.39,16,,NPPA S.O. 1581(E) dated 25.03.2026 (NLEM 2015 list),https://nppa.gov.in/storage/uploads/tender/0d883ca9b600c8a13cec452376176fc4.pdf,2026-09-26T19:24:04Z,REAL
ACETYLSALICYLIC-ACID-FB4F3B22,2026-04-01,S.O. 1581(E) dated 25.03.2026,0.39,16,,NPPA S.O. 1581(E) dated 25.03.2026 (NLEM 2015 list),https://nppa.gov.in/storage/uploads/tender/0d883ca9b600c8a13cec452376176fc4.pdf,2026-09-26T19:24:04Z,REAL
ACETYLSALICYLIC-ACID-0D16E8C4,2026-04-01,S.O. 1581(E) dated 25.03.2026,0.51,16,,NPPA S.O. 1581(E) dated 25.03.2026 (NLEM 2015 list),https://nppa.gov.in/storage/uploads/tender/0d883ca9b600c8a13cec452376176fc4.pdf,2026-09-26T19:24:04Z,REAL
ALL-TRANS-RETINOIC-ACID-27A1C28C,2026-04-01,S.O. 1581(E) dated 25.03.2026,104.29,16,,NPPA S.O. 1581(E) dated 25.03.2026 (NLEM 2015 list),https://nppa.gov.in/storage/uploads/tender/0d883ca9b600c8a13cec452376176fc4.pdf,2026-09-26T19:24:04Z,REAL
ANTI-DIMMUNOGLOBULIN-33F44CA1,2026-04-01,S.O. 1581(E) dated 25.03.2026,2721.28,16,,NPPA S.O. 1581(E) dated 25.03.2026 (NLEM 2015 list),https://nppa.gov.in/storage/uploads/tender/0d883ca9b600c8a13cec452376176fc4.pdf,2026-09-26T19:24:04Z,REAL
ANTI-D-IMMUNOGLOBULIN-A29059CC,2026-04-01,S.O. 1581(E) dated 25.03.2026,2121.14,16,,NPPA S.O. 1581(E) dated 25.03.2026 (NLEM 2015 list),https://nppa.gov.in/storage/uploads/tender/0d883ca9b600c8a13cec452376176fc4.pdf,2026-09-26T19:24:04Z,REAL
ARTESUNATE-A-SULPHADOXIN-16FD2072,2026-04-01,S.O. 1581(E) dated 25.03.2026,37.60,16,,NPPA S.O. 1581(E) dated 25.03.2026 (NLEM 2015 list),https://nppa.gov.in/storage/uploads/tender/0d883ca9b600c8a13cec452376176fc4.pdf,2026-09-26T19:24:04Z,REAL
ARTESUNATE-A-SULPHADOXIN-25ECD904,2026-04-01,S.O. 1581(E) dated 25.03.2026,51.05,16,,NPPA S.O. 1581(E) dated 25.03.2026 (NLEM 2015 list),https://nppa.gov.in/storage/uploads/tender/0d883ca9b600c8a13cec452376176fc4.pdf,2026-09-26T19:24:04Z,REAL
ARTESUNATE-A-SULPHADOXIN-9D5369A9,2026-04-01,S.O. 1581(E) dated 25.03.2026,46.54,16,,NPPA S.O. 1581(E) dated 25.03.2026 (NLEM 2015 list),https://nppa.gov.in/storage/uploads/tender/0d883ca9b600c8a13cec452376176fc4.pdf,2026-09-26T19:24:04Z,REAL
ARTESUNATE-A-SULPHADOXIN-C09001E5,2026-04-01,S.O. 1581(E) dated 25.03.2026,25.07,16,,NPPA S.O. 1581(E) dated 25.03.2026 (NLEM 2015 list),https://nppa.gov.in/storage/uploads/tender/0d883ca9b600c8a13cec452376176fc4.pdf,2026-09-26T19:24:04Z,REAL
BENZOYL-PEROXIDE-F4EA3E9D,2026-04-01,S.O. 1581(E) dated 25.03.2026,2.97,16,,NPPA S.O. 1581(E) dated 25.03.2026 (NLEM 2015 list),https://nppa.gov.in/storage/uploads/tender/0d883ca9b600c8a13cec452376176fc4.pdf,2026-09-26T19:24:04Z,REAL
BENZYL-PENICILLIN-86CA1B40,2026-04-01,S.O. 1581(E) dated 25.03.2026,14.92,16,,NPPA S.O. 1581(E) dated 25.03.2026 (NLEM 2015 list),https://nppa.gov.in/storage/uploads/tender/0d883ca9b600c8a13cec452376176fc4.pdf,2026-09-26T19:24:04Z,REAL
BETAMETHASONE-B5E1F9EB,2026-04-01,S.O. 1581(E) dated 25.03.2026,1.05,16,,NPPA S.O. 1581(E) dated 25.03.2026 (NLEM 2015 list),https://nppa.gov.in/storage/uploads/tender/0d883ca9b600c8a13cec452376176fc4.pdf,2026-09-26T19:24:04Z,REAL
BUDESONIDE-0C3CE769,2026-04-01,S.O. 1581(E) dated 25.03.2026,1.30,16,,NPPA S.O. 1581(E) dated 25.03.2026 (NLEM 2015 list),https://nppa.gov.in/storage/uploads/tender/0d883ca9b600c8a13cec452376176fc4.pdf,2026-09-26T19:24:04Z,REAL
BUDESONIDE-9741644D,2026-04-01,S.O. 1581(E) dated 25.03.2026,2.55,16,,NPPA S.O. 1581(E) dated 25.03.2026 (NLEM 2015 list),https://nppa.gov.in/storage/uploads/tender/0d883ca9b600c8a13cec452376176fc4.pdf,2026-09-26T19:24:04Z,REAL
CALCIUM-CARBONATE-BAD40ECB,2026-04-01,S.O. 1581(E) dated 25.03.2026,2.20,16,,NPPA S.O. 1581(E) dated 25.03.2026 (NLEM 2015 list),https://nppa.gov.in/storage/uploads/tender/0d883ca9b600c8a13cec452376176fc4.pdf,2026-09-26T19:24:04Z,REAL
CALCIUM-GLUCONATE-B810CD2F,2026-04-01,S.O. 1581(E) dated 25.03.2026,0.69,16,,NPPA S.O. 1581(E) dated 25.03.2026 (NLEM 2015 list),https://nppa.gov.in/storage/uploads/tender/0d883ca9b600c8a13cec452376176fc4.pdf,2026-09-26T19:24:04Z,REAL
CEFADROXIL-97243FDF,2026-04-01,S.O. 1581(E) dated 25.03.2026,9.11,16,,NPPA S.O. 1581(E) dated 25.03.2026 (NLEM 2015 list),https://nppa.gov.in/storage/uploads/tender/0d883ca9b600c8a13cec452376176fc4.pdf,2026-09-26T19:24:04Z,REAL
CEFAZOLIN-54668CD9,2026-04-01,S.O. 1581(E) dated 25.03.2026,31.29,16,,NPPA S.O. 1581(E) dated 25.03.2026 (NLEM 2015 list),https://nppa.gov.in/storage/uploads/tender/0d883ca9b600c8a13cec452376176fc4.pdf,2026-09-26T19:24:04Z,REAL
CEFAZOLIN-5138B42A,2026-04-01,S.O. 1581(E) dated 25.03.2026,19.84,16,,NPPA S.O. 1581(E) dated 25.03.2026 (NLEM 2015 list),https://nppa.gov.in/storage/uploads/tender/0d883ca9b600c8a13cec452376176fc4.pdf,2026-09-26T19:24:04Z,REAL
CEFIXIME-EF4BD2AD,2026-04-01,S.O. 1581(E) dated 25.03.2026,37.28,16,,NPPA S.O. 1581(E) dated 25.03.2026 (NLEM 2015 list),https://nppa.gov.in/storage/uploads/tender/0d883ca9b600c8a13cec452376176fc4.pdf,2026-09-26T19:24:04Z,REAL
CETIRIZINE-950C4336,2026-04-01,S.O. 1581(E) dated 25.03.2026,3.03,16,,NPPA S.O. 1581(E) dated 25.03.2026 (NLEM 2015 list),https://nppa.gov.in/storage/uploads/tender/0d883ca9b600c8a13cec452376176fc4.pdf,2026-09-26T19:24:04Z,REAL
CHLORHEXIDINE-D85BD8D5,2026-04-01,S.O. 1581(E) dated 25.03.2026,0.19,16,,NPPA S.O. 1581(E) dated 25.03.2026 (NLEM 2015 list),https://nppa.gov.in/storage/uploads/tender/0d883ca9b600c8a13cec452376176fc4.pdf,2026-09-26T19:24:04Z,REAL
CLOXACILLIN-69BF0586,2026-04-01,S.O. 1581(E) dated 25.03.2026,2.20,16,,NPPA S.O. 1581(E) dated 25.03.2026 (NLEM 2015 list),https://nppa.gov.in/storage/uploads/tender/0d883ca9b600c8a13cec452376176fc4.pdf,2026-09-26T19:24:04Z,REAL
CLOXACILLIN-9A1B765E,2026-04-01,S.O. 1581(E) dated 25.03.2026,5.67,16,,NPPA S.O. 1581(E) dated 25.03.2026 (NLEM 2015 list),https://nppa.gov.in/storage/uploads/tender/0d883ca9b600c8a13cec452376176fc4.pdf,2026-09-26T19:24:04Z,REAL
COAGULATION-FACTOR-IX-165D97EF,2026-04-01,S.O. 1581(E) dated 25.03.2026,15708.08,16,,NPPA S.O. 1581(E) dated 25.03.2026 (NLEM 2015 list),https://nppa.gov.in/storage/uploads/tender/0d883ca9b600c8a13cec452376176fc4.pdf,2026-09-26T19:24:04Z,REAL
COAGULATION-FACTOR-VIII-BD591A83,2026-04-01,S.O. 1581(E) dated 25.03.2026,4761.81,16,,NPPA S.O. 1581(E) dated 25.03.2026 (NLEM 2015 list),https://nppa.gov.in/storage/uploads/tender/0d883ca9b600c8a13cec452376176fc4.pdf,2026-09-26T19:24:04Z,REAL
COAGULATION-FACTOR-VIII-A3251A86,2026-04-01,S.O. 1581(E) dated 25.03.2026,11685.13,16,,NPPA S.O. 1581(E) dated 25.03.2026 (NLEM 2015 list),https://nppa.gov.in/storage/uploads/tender/0d883ca9b600c8a13cec452376176fc4.pdf,2026-09-26T19:24:04Z,REAL
CYCLOSPORINE-E3C5B592,2026-04-01,S.O. 1581(E) dated 25.03.2026,343.86,16,,NPPA S.O. 1581(E) dated 25.03.2026 (NLEM 2015 list),https://nppa.gov.in/storage/uploads/tender/0d883ca9b600c8a13cec452376176fc4.pdf,2026-09-26T19:24:04Z,REAL
DAUNARUBICIN-D6340337,2026-04-01,S.O. 1581(E) dated 25.03.2026,310.03,16,,NPPA S.O. 1581(E) dated 25.03.2026 (NLEM 2015 list),https://nppa.gov.in/storage/uploads/tender/0d883ca9b600c8a13cec452376176fc4.pdf,2026-09-26T19:24:04Z,REAL
DEXTRAN-40-5AD96CF2,2026-04-01,S.O. 1581(E) dated 25.03.2026,1.08,16,,NPPA S.O. 1581(E) dated 25.03.2026 (NLEM 2015 list),https://nppa.gov.in/storage/uploads/tender/0d883ca9b600c8a13cec452376176fc4.pdf,2026-09-26T19:24:04Z,REAL
DIAZEPAM-6A00434F,2026-04-01,S.O. 1581(E) dated 25.03.2026,3.48,16,,NPPA S.O. 1581(E) dated 25.03.2026 (NLEM 2015 list),https://nppa.gov.in/storage/uploads/tender/0d883ca9b600c8a13cec452376176fc4.pdf,2026-09-26T19:24:04Z,REAL
DICLOFENAC-3A4FDB4D,2026-04-01,S.O. 1581(E) dated 25.03.2026,0.78,16,,NPPA S.O. 1581(E) dated 25.03.2026 (NLEM 2015 list),https://nppa.gov.in/storage/uploads/tender/0d883ca9b600c8a13cec452376176fc4.pdf,2026-09-26T19:24:04Z,REAL
DICYCLOMINE-D24A2230,2026-04-01,S.O. 1581(E) dated 25.03.2026,0.20,16,,NPPA S.O. 1581(E) dated 25.03.2026 (NLEM 2015 list),https://nppa.gov.in/storage/uploads/tender/0d883ca9b600c8a13cec452376176fc4.pdf,2026-09-26T19:24:04Z,REAL
DICYCLOMINE-E3C2DE66,2026-04-01,S.O. 1581(E) dated 25.03.2026,0.13,16,,NPPA S.O. 1581(E) dated 25.03.2026 (NLEM 2015 list),https://nppa.gov.in/storage/uploads/tender/0d883ca9b600c8a13cec452376176fc4.pdf,2026-09-26T19:24:04Z,REAL
DINOPROSTONE-47A8165F,2026-04-01,S.O. 1581(E) dated 25.03.2026,63.80,16,,NPPA S.O. 1581(E) dated 25.03.2026 (NLEM 2015 list),https://nppa.gov.in/storage/uploads/tender/0d883ca9b600c8a13cec452376176fc4.pdf,2026-09-26T19:24:04Z,REAL
DIPHTHERIA-ANTITOXIN-E9EEA2D1,2026-04-01,S.O. 1581(E) dated 25.03.2026,1670.88,16,,NPPA S.O. 1581(E) dated 25.03.2026 (NLEM 2015 list),https://nppa.gov.in/storage/uploads/tender/0d883ca9b600c8a13cec452376176fc4.pdf,2026-09-26T19:24:04Z,REAL
DPT-VACCINE-89AF94F7,2026-04-01,S.O. 1581(E) dated 25.03.2026,18.07,16,,NPPA S.O. 1581(E) dated 25.03.2026 (NLEM 2015 list),https://nppa.gov.in/storage/uploads/tender/0d883ca9b600c8a13cec452376176fc4.pdf,2026-09-26T19:24:04Z,REAL
FERROUS-SALT-A-FOLIC-ACI-4A09FB4D,2026-04-01,S.O. 1581(E) dated 25.03.2026,0.28,16,,NPPA S.O. 1581(E) dated 25.03.2026 (NLEM 2015 list),https://nppa.gov.in/storage/uploads/tender/0d883ca9b600c8a13cec452376176fc4.pdf,2026-09-26T19:24:04Z,REAL
FLUCONAZOLE-EBAF715E,2026-04-01,S.O. 1581(E) dated 25.03.2026,3.33,16,,NPPA S.O. 1581(E) dated 25.03.2026 (NLEM 2015 list),https://nppa.gov.in/storage/uploads/tender/0d883ca9b600c8a13cec452376176fc4.pdf,2026-09-26T19:24:04Z,REAL
GADOBENATE-6E6ADFAB,2026-04-01,S.O. 1581(E) dated 25.03.2026,138.95,16,,NPPA S.O. 1581(E) dated 25.03.2026 (NLEM 2015 list),https://nppa.gov.in/storage/uploads/tender/0d883ca9b600c8a13cec452376176fc4.pdf,2026-09-26T19:24:04Z,REAL
GLUCOSE-520185CC,2026-04-01,S.O. 1581(E) dated 25.03.2026,0.62,16,,NPPA S.O. 1581(E) dated 25.03.2026 (NLEM 2015 list),https://nppa.gov.in/storage/uploads/tender/0d883ca9b600c8a13cec452376176fc4.pdf,2026-09-26T19:24:04Z,REAL
GLUCOSE-317F475F,2026-04-01,S.O. 1581(E) dated 25.03.2026,81.87,16,,NPPA S.O. 1581(E) dated 25.03.2026 (NLEM 2015 list),https://nppa.gov.in/storage/uploads/tender/0d883ca9b600c8a13cec452376176fc4.pdf,2026-09-26T19:24:04Z,REAL
GLUCOSE-BC6AC999,2026-04-01,S.O. 1581(E) dated 25.03.2026,66.10,16,,NPPA S.O. 1581(E) dated 25.03.2026 (NLEM 2015 list),https://nppa.gov.in/storage/uploads/tender/0d883ca9b600c8a13cec452376176fc4.pdf,2026-09-26T19:24:04Z,REAL
GLUCOSE-CE4370B9,2026-04-01,S.O. 1581(E) dated 25.03.2026,22.99,16,,NPPA S.O. 1581(E) dated 25.03.2026 (NLEM 2015 list),https://nppa.gov.in/storage/uploads/tender/0d883ca9b600c8a13cec452376176fc4.pdf,2026-09-26T19:24:04Z,REAL
GLUCOSE-A21E4115,2026-04-01,S.O. 1581(E) dated 25.03.2026,20.80,16,,NPPA S.O. 1581(E) dated 25.03.2026 (NLEM 2015 list),https://nppa.gov.in/storage/uploads/tender/0d883ca9b600c8a13cec452376176fc4.pdf,2026-09-26T19:24:04Z,REAL
GLUCOSE-01263BD1,2026-04-01,S.O. 1581(E) dated 25.03.2026,31.75,16,,NPPA S.O. 1581(E) dated 25.03.2026 (NLEM 2015 list),https://nppa.gov.in/storage/uploads/tender/0d883ca9b600c8a13cec452376176fc4.pdf,2026-09-26T19:24:04Z,REAL
GLUCOSE-3A9DB7F5,2026-04-01,S.O. 1581(E) dated 25.03.2026,28.70,16,,NPPA S.O. 1581(E) dated 25.03.2026 (NLEM 2015 list),https://nppa.gov.in/storage/uploads/tender/0d883ca9b600c8a13cec452376176fc4.pdf,2026-09-26T19:24:04Z,REAL
GLUCOSE-3B9FB723,2026-04-01,S.O. 1581(E) dated 25.03.2026,45.08,16,,NPPA S.O. 1581(E) dated 25.03.2026 (NLEM 2015 list),https://nppa.gov.in/storage/uploads/tender/0d883ca9b600c8a13cec452376176fc4.pdf,2026-09-26T19:24:04Z,REAL
GLUCOSE-531402CF,2026-04-01,S.O. 1581(E) dated 25.03.2026,38.89,16,,NPPA S.O. 1581(E) dated 25.03.2026 (NLEM 2015 list),https://nppa.gov.in/storage/uploads/tender/0d883ca9b600c8a13cec452376176fc4.pdf,2026-09-26T19:24:04Z,REAL
GLUCOSE-D971D3BC,2026-04-01,S.O. 1581(E) dated 25.03.2026,32.93,16,,NPPA S.O. 1581(E) dated 25.03.2026 (NLEM 2015 list),https://nppa.gov.in/storage/uploads/tender/0d883ca9b600c8a13cec452376176fc4.pdf,2026-09-26T19:24:04Z,REAL
GLUCOSE-C2172B3D,2026-04-01,S.O. 1581(E) dated 25.03.2026,35.81,16,,NPPA S.O. 1581(E) dated 25.03.2026 (NLEM 2015 list),https://nppa.gov.in/storage/uploads/tender/0d883ca9b600c8a13cec452376176fc4.pdf,2026-09-26T19:24:04Z,REAL
GLUCOSE-A-SODIUM-CHLORID-63DCE3E8,2026-04-01,S.O. 1581(E) dated 25.03.2026,82.41,16,,NPPA S.O. 1581(E) dated 25.03.2026 (NLEM 2015 list),https://nppa.gov.in/storage/uploads/tender/0d883ca9b600c8a13cec452376176fc4.pdf,2026-09-26T19:24:04Z,REAL
GLUCOSE-A-SODIUM-CHLORID-A54F11CC,2026-04-01,S.O. 1581(E) dated 25.03.2026,66.59,16,,NPPA S.O. 1581(E) dated 25.03.2026 (NLEM 2015 list),https://nppa.gov.in/storage/uploads/tender/0d883ca9b600c8a13cec452376176fc4.pdf,2026-09-26T19:24:04Z,REAL
GLUCOSE-A-SODIUM-CHLORID-429750B5,2026-04-01,S.O. 1581(E) dated 25.03.2026,23.04,16,,NPPA S.O. 1581(E) dated 25.03.2026 (NLEM 2015 list),https://nppa.gov.in/storage/uploads/tender/0d883ca9b600c8a13cec452376176fc4.pdf,2026-09-26T19:24:04Z,REAL
GLUCOSE-A-SODIUM-CHLORID-223B9FFB,2026-04-01,S.O. 1581(E) dated 25.03.2026,20.82,16,,NPPA S.O. 1581(E) dated 25.03.2026 (NLEM 2015 list),https://nppa.gov.in/storage/uploads/tender/0d883ca9b600c8a13cec452376176fc4.pdf,2026-09-26T19:24:04Z,REAL
GLUCOSE-A-SODIUM-CHLORID-0D26FFB3,2026-04-01,S.O. 1581(E) dated 25.03.2026,31.89,16,,NPPA S.O. 1581(E) dated 25.03.2026 (NLEM 2015 list),https://nppa.gov.in/storage/uploads/tender/0d883ca9b600c8a13cec452376176fc4.pdf,2026-09-26T19:24:04Z,REAL
GLUCOSE-A-SODIUM-CHLORID-E752ADD7,2026-04-01,S.O. 1581(E) dated 25.03.2026,28.80,16,,NPPA S.O. 1581(E) dated 25.03.2026 (NLEM 2015 list),https://nppa.gov.in/storage/uploads/tender/0d883ca9b600c8a13cec452376176fc4.pdf,2026-09-26T19:24:04Z,REAL
GLUCOSE-A-SODIUM-CHLORID-B4442C47,2026-04-01,S.O. 1581(E) dated 25.03.2026,45.29,16,,NPPA S.O. 1581(E) dated 25.03.2026 (NLEM 2015 list),https://nppa.gov.in/storage/uploads/tender/0d883ca9b600c8a13cec452376176fc4.pdf,2026-09-26T19:24:04Z,REAL
GLUCOSE-A-SODIUM-CHLORID-574A5042,2026-04-01,S.O. 1581(E) dated 25.03.2026,39.12,16,,NPPA S.O. 1581(E) dated 25.03.2026 (NLEM 2015 list),https://nppa.gov.in/storage/uploads/tender/0d883ca9b600c8a13cec452376176fc4.pdf,2026-09-26T19:24:04Z,REAL
GLUTARALDEHYDE-06FD3868,2026-04-01,S.O. 1581(E) dated 25.03.2026,0.08,16,,NPPA S.O. 1581(E) dated 25.03.2026 (NLEM 2015 list),https://nppa.gov.in/storage/uploads/tender/0d883ca9b600c8a13cec452376176fc4.pdf,2026-09-26T19:24:04Z,REAL
GRISEOFULVIN-2386A142,2026-04-01,S.O. 1581(E) dated 25.03.2026,1.05,16,,NPPA S.O. 1581(E) dated 25.03.2026 (NLEM 2015 list),https://nppa.gov.in/storage/uploads/tender/0d883ca9b600c8a13cec452376176fc4.pdf,2026-09-26T19:24:04Z,REAL
GRISEOFULVIN-08C2F9CC,2026-04-01,S.O. 1581(E) dated 25.03.2026,5.48,16,,NPPA S.O. 1581(E) dated 25.03.2026 (NLEM 2015 list),https://nppa.gov.in/storage/uploads/tender/0d883ca9b600c8a13cec452376176fc4.pdf,2026-09-26T19:24:04Z,REAL
HAEMODIALYSIS-FLUID-16577C8F,2026-04-01,S.O. 1581(E) dated 25.03.2026,0.04,16,,NPPA S.O. 1581(E) dated 25.03.2026 (NLEM 2015 list),https://nppa.gov.in/storage/uploads/tender/0d883ca9b600c8a13cec452376176fc4.pdf,2026-09-26T19:24:04Z,REAL
HYDROCHLOROTHIAZIDE-05C757D4,2026-04-01,S.O. 1581(E) dated 25.03.2026,0.10,16,,NPPA S.O. 1581(E) dated 25.03.2026 (NLEM 2015 list),https://nppa.gov.in/storage/uploads/tender/0d883ca9b600c8a13cec452376176fc4.pdf,2026-09-26T19:24:04Z,REAL
HYDROGEN-PEROXIDE-F6BC5AB0,2026-04-01,S.O. 1581(E) dated 25.03.2026,0.04,16,,NPPA S.O. 1581(E) dated 25.03.2026 (NLEM 2015 list),https://nppa.gov.in/storage/uploads/tender/0d883ca9b600c8a13cec452376176fc4.pdf,2026-09-26T19:24:04Z,REAL
HYDROXOCOBALAMIN-CDA51ECD,2026-04-01,S.O. 1581(E) dated 25.03.2026,12.60,16,,NPPA S.O. 1581(E) dated 25.03.2026 (NLEM 2015 list),https://nppa.gov.in/storage/uploads/tender/0d883ca9b600c8a13cec452376176fc4.pdf,2026-09-26T19:24:04Z,REAL
IBUPROFEN-9BF514F4,2026-04-01,S.O. 1581(E) dated 25.03.2026,3.41,16,,NPPA S.O. 1581(E) dated 25.03.2026 (NLEM 2015 list),https://nppa.gov.in/storage/uploads/tender/0d883ca9b600c8a13cec452376176fc4.pdf,2026-09-26T19:24:04Z,REAL
IMATINIB-1FA776D9,2026-04-01,S.O. 1581(E) dated 25.03.2026,325.64,16,,NPPA S.O. 1581(E) dated 25.03.2026 (NLEM 2015 list),https://nppa.gov.in/storage/uploads/tender/0d883ca9b600c8a13cec452376176fc4.pdf,2026-09-26T19:24:04Z,REAL
IPRATROPIUM-89B63789,2026-04-01,S.O. 1581(E) dated 25.03.2026,0.78,16,,NPPA S.O. 1581(E) dated 25.03.2026 (NLEM 2015 list),https://nppa.gov.in/storage/uploads/tender/0d883ca9b600c8a13cec452376176fc4.pdf,2026-09-26T19:24:04Z,REAL
KETAMINE-F0F0E1E3,2026-04-01,S.O. 1581(E) dated 25.03.2026,13.51,16,,NPPA S.O. 1581(E) dated 25.03.2026 (NLEM 2015 list),https://nppa.gov.in/storage/uploads/tender/0d883ca9b600c8a13cec452376176fc4.pdf,2026-09-26T19:24:04Z,REAL
LEVONORGESTREL-C6B1486B,2026-04-01,S.O. 1581(E) dated 25.03.2026,29.34,16,,NPPA S.O. 1581(E) dated 25.03.2026 (NLEM 2015 list),https://nppa.gov.in/storage/uploads/tender/0d883ca9b600c8a13cec452376176fc4.pdf,2026-09-26T19:24:04Z,REAL
LEVOTHYROXINE-F77E7154,2026-04-01,S.O. 1581(E) dated 25.03.2026,1.51,16,,NPPA S.O. 1581(E) dated 25.03.2026 (NLEM 2015 list),https://nppa.gov.in/storage/uploads/tender/0d883ca9b600c8a13cec452376176fc4.pdf,2026-09-26T19:24:04Z,REAL
LIGNOCAINE-A-ADRENALINE-C4858D44,2026-04-01,S.O. 1581(E) dated 25.03.2026,0.57,16,,NPPA S.O. 1581(E) dated 25.03.2026 (NLEM 2015 list),https://nppa.gov.in/storage/uploads/tender/0d883ca9b600c8a13cec452376176fc4.pdf,2026-09-26T19:24:04Z,REAL
LOPINAVIR-A-RITONAVIR-B-EB703DA3,2026-04-01,S.O. 1581(E) dated 25.03.2026,29.98,16,,NPPA S.O. 1581(E) dated 25.03.2026 (NLEM 2015 list),https://nppa.gov.in/storage/uploads/tender/0d883ca9b600c8a13cec452376176fc4.pdf,2026-09-26T19:24:04Z,REAL
METHOTREXATE-03D4B449,2026-04-01,S.O. 1581(E) dated 25.03.2026,51.06,16,,NPPA S.O. 1581(E) dated 25.03.2026 (NLEM 2015 list),https://nppa.gov.in/storage/uploads/tender/0d883ca9b600c8a13cec452376176fc4.pdf,2026-09-26T19:24:04Z,REAL
METHYLROSANILINIUM-CHLOR-B3905A82,2026-04-01,S.O. 1581(E) dated 25.03.2026,0.10,16,,NPPA S.O. 1581(E) dated 25.03.2026 (NLEM 2015 list),https://nppa.gov.in/storage/uploads/tender/0d883ca9b600c8a13cec452376176fc4.pdf,2026-09-26T19:24:04Z,REAL
METHYLTHIONINIUM-CHLORID-7564A3A3,2026-04-01,S.O. 1581(E) dated 25.03.2026,27.78,16,,NPPA S.O. 1581(E) dated 25.03.2026 (NLEM 2015 list),https://nppa.gov.in/storage/uploads/tender/0d883ca9b600c8a13cec452376176fc4.pdf,2026-09-26T19:24:04Z,REAL
MIDAZOLAM-A2204142,2026-04-01,S.O. 1581(E) dated 25.03.2026,28.61,16,,NPPA S.O. 1581(E) dated 25.03.2026 (NLEM 2015 list),https://nppa.gov.in/storage/uploads/tender/0d883ca9b600c8a13cec452376176fc4.pdf,2026-09-26T19:24:04Z,REAL
MORPHINE-E3223F5F,2026-04-01,S.O. 1581(E) dated 25.03.2026,6.94,16,,NPPA S.O. 1581(E) dated 25.03.2026 (NLEM 2015 list),https://nppa.gov.in/storage/uploads/tender/0d883ca9b600c8a13cec452376176fc4.pdf,2026-09-26T19:24:04Z,REAL
MORPHINE-62EEDDF6,2026-04-01,S.O. 1581(E) dated 25.03.2026,6.79,16,,NPPA S.O. 1581(E) dated 25.03.2026 (NLEM 2015 list),https://nppa.gov.in/storage/uploads/tender/0d883ca9b600c8a13cec452376176fc4.pdf,2026-09-26T19:24:04Z,REAL
N-ACETYLCYSTEINE-DED953CA,2026-04-01,S.O. 1581(E) dated 25.03.2026,11.46,16,,NPPA S.O. 1581(E) dated 25.03.2026 (NLEM 2015 list),https://nppa.gov.in/storage/uploads/tender/0d883ca9b600c8a13cec452376176fc4.pdf,2026-09-26T19:24:04Z,REAL
NEVIRAPINE-8C627BB8,2026-04-01,S.O. 1581(E) dated 25.03.2026,1.07,16,,NPPA S.O. 1581(E) dated 25.03.2026 (NLEM 2015 list),https://nppa.gov.in/storage/uploads/tender/0d883ca9b600c8a13cec452376176fc4.pdf,2026-09-26T19:24:04Z,REAL
OMEPRAZOLE-279AB214,2026-04-01,S.O. 1581(E) dated 25.03.2026,5.66,16,,NPPA S.O. 1581(E) dated 25.03.2026 (NLEM 2015 list),https://nppa.gov.in/storage/uploads/tender/0d883ca9b600c8a13cec452376176fc4.pdf,2026-09-26T19:24:04Z,REAL
ORAL-POLIOMYELITIS-VACCI-ED973BA1,2026-04-01,S.O. 1581(E) dated 25.03.2026,130.73,16,,NPPA S.O. 1581(E) dated 25.03.2026 (NLEM 2015 list),https://nppa.gov.in/storage/uploads/tender/0d883ca9b600c8a13cec452376176fc4.pdf,2026-09-26T19:24:04Z,REAL
PARA-AMINOSALICYLIC-ACID-A82D3E7B,2026-04-01,S.O. 1581(E) dated 25.03.2026,3.62,16,,NPPA S.O. 1581(E) dated 25.03.2026 (NLEM 2015 list),https://nppa.gov.in/storage/uploads/tender/0d883ca9b600c8a13cec452376176fc4.pdf,2026-09-26T19:24:04Z,REAL
PARACETAMOL-D59438CC,2026-04-01,S.O. 1581(E) dated 25.03.2026,3.92,16,,NPPA S.O. 1581(E) dated 25.03.2026 (NLEM 2015 list),https://nppa.gov.in/storage/uploads/tender/0d883ca9b600c8a13cec452376176fc4.pdf,2026-09-26T19:24:04Z,REAL
PARACETAMOL-445449A9,2026-04-01,S.O. 1581(E) dated 25.03.2026,5.34,16,,NPPA S.O. 1581(E) dated 25.03.2026 (NLEM 2015 list),https://nppa.gov.in/storage/uploads/tender/0d883ca9b600c8a13cec452376176fc4.pdf,2026-09-26T19:24:04Z,REAL
PARACETAMOL-39687E18,2026-04-01,S.O. 1581(E) dated 25.03.2026,11.10,16,,NPPA S.O. 1581(E) dated 25.03.2026 (NLEM 2015 list),https://nppa.gov.in/storage/uploads/tender/0d883ca9b600c8a13cec452376176fc4.pdf,2026-09-26T19:24:04Z,REAL
PARACETAMOL-7A6AC331,2026-04-01,S.O. 1581(E) dated 25.03.2026,13.98,16,,NPPA S.O. 1581(E) dated 25.03.2026 (NLEM 2015 list),https://nppa.gov.in/storage/uploads/tender/0d883ca9b600c8a13cec452376176fc4.pdf,2026-09-26T19:24:04Z,REAL
PARACETAMOL-C6EB8321,2026-04-01,S.O. 1581(E) dated 25.03.2026,16.86,16,,NPPA S.O. 1581(E) dated 25.03.2026 (NLEM 2015 list),https://nppa.gov.in/storage/uploads/tender/0d883ca9b600c8a13cec452376176fc4.pdf,2026-09-26T19:24:04Z,REAL
PARACETAMOL-D1C5B933,2026-04-01,S.O. 1581(E) dated 25.03.2026,22.60,16,,NPPA S.O. 1581(E) dated 25.03.2026 (NLEM 2015 list),https://nppa.gov.in/storage/uploads/tender/0d883ca9b600c8a13cec452376176fc4.pdf,2026-09-26T19:24:04Z,REAL
PENICILLAMINE-BB74930C,2026-04-01,S.O. 1581(E) dated 25.03.2026,18.94,16,,NPPA S.O. 1581(E) dated 25.03.2026 (NLEM 2015 list),https://nppa.gov.in/storage/uploads/tender/0d883ca9b600c8a13cec452376176fc4.pdf,2026-09-26T19:24:04Z,REAL
PHENYLEPHRINE-8172379C,2026-04-01,S.O. 1581(E) dated 25.03.2026,10.31,16,,NPPA S.O. 1581(E) dated 25.03.2026 (NLEM 2015 list),https://nppa.gov.in/storage/uploads/tender/0d883ca9b600c8a13cec452376176fc4.pdf,2026-09-26T19:24:04Z,REAL
PHENYLEPHRINE-508DA93E,2026-04-01,S.O. 1581(E) dated 25.03.2026,4.75,16,,NPPA S.O. 1581(E) dated 25.03.2026 (NLEM 2015 list),https://nppa.gov.in/storage/uploads/tender/0d883ca9b600c8a13cec452376176fc4.pdf,2026-09-26T19:24:04Z,REAL
PHENYTOIN-ACE2E427,2026-04-01,S.O. 1581(E) dated 25.03.2026,4.85,16,,NPPA S.O. 1581(E) dated 25.03.2026 (NLEM 2015 list),https://nppa.gov.in/storage/uploads/tender/0d883ca9b600c8a13cec452376176fc4.pdf,2026-09-26T19:24:04Z,REAL
PHENYTOIN-B1CF2801,2026-04-01,S.O. 1581(E) dated 25.03.2026,3.20,16,,NPPA S.O. 1581(E) dated 25.03.2026 (NLEM 2015 list),https://nppa.gov.in/storage/uploads/tender/0d883ca9b600c8a13cec452376176fc4.pdf,2026-09-26T19:24:04Z,REAL
PILOCARPINE-6D240763,2026-04-01,S.O. 1581(E) dated 25.03.2026,14.89,16,,NPPA S.O. 1581(E) dated 25.03.2026 (NLEM 2015 list),https://nppa.gov.in/storage/uploads/tender/0d883ca9b600c8a13cec452376176fc4.pdf,2026-09-26T19:24:04Z,REAL
POTASSIUM-PERMANGANATE-EB846658,2026-04-01,S.O. 1581(E) dated 25.03.2026,0.56,16,,NPPA S.O. 1581(E) dated 25.03.2026 (NLEM 2015 list),https://nppa.gov.in/storage/uploads/tender/0d883ca9b600c8a13cec452376176fc4.pdf,2026-09-26T19:24:04Z,REAL
POVIDONE-IODINE-8D0615A7,2026-04-01,S.O. 1581(E) dated 25.03.2026,2.04,16,,NPPA S.O. 1581(E) dated 25.03.2026 (NLEM 2015 list),https://nppa.gov.in/storage/uploads/tender/0d883ca9b600c8a13cec452376176fc4.pdf,2026-09-26T19:24:04Z,REAL
PRAZIQUANTEL-1A56D2E3,2026-04-01,S.O. 1581(E) dated 25.03.2026,44.29,16,,NPPA S.O. 1581(E) dated 25.03.2026 (NLEM 2015 list),https://nppa.gov.in/storage/uploads/tender/0d883ca9b600c8a13cec452376176fc4.pdf,2026-09-26T19:24:04Z,REAL
PREDNISOLONE-F70C91B2,2026-04-01,S.O. 1581(E) dated 25.03.2026,4.57,16,,NPPA S.O. 1581(E) dated 25.03.2026 (NLEM 2015 list),https://nppa.gov.in/storage/uploads/tender/0d883ca9b600c8a13cec452376176fc4.pdf,2026-09-26T19:24:04Z,REAL
PYRAZINAMIDE-EA07CB65,2026-04-01,S.O. 1581(E) dated 25.03.2026,0.78,16,,NPPA S.O. 1581(E) dated 25.03.2026 (NLEM 2015 list),https://nppa.gov.in/storage/uploads/tender/0d883ca9b600c8a13cec452376176fc4.pdf,2026-09-26T19:24:04Z,REAL
RIFAMPICIN-2161B9C8,2026-04-01,S.O. 1581(E) dated 25.03.2026,2.05,16,,NPPA S.O. 1581(E) dated 25.03.2026 (NLEM 2015 list),https://nppa.gov.in/storage/uploads/tender/0d883ca9b600c8a13cec452376176fc4.pdf,2026-09-26T19:24:04Z,REAL
RINGER-LACTATE-697B4D0D,2026-04-01,S.O. 1581(E) dated 25.03.2026,101.71,16,,NPPA S.O. 1581(E) dated 25.03.2026 (NLEM 2015 list),https://nppa.gov.in/storage/uploads/tender/0d883ca9b600c8a13cec452376176fc4.pdf,2026-09-26T19:24:04Z,REAL
RINGER-LACTATE-C4B94E71,2026-04-01,S.O. 1581(E) dated 25.03.2026,26.62,16,,NPPA S.O. 1581(E) dated 25.03.2026 (NLEM 2015 list),https://nppa.gov.in/storage/uploads/tender/0d883ca9b600c8a13cec452376176fc4.pdf,2026-09-26T19:24:04Z,REAL
RINGER-LACTATE-E2011E33,2026-04-01,S.O. 1581(E) dated 25.03.2026,45.39,16,,NPPA S.O. 1581(E) dated 25.03.2026 (NLEM 2015 list),https://nppa.gov.in/storage/uploads/tender/0d883ca9b600c8a13cec452376176fc4.pdf,2026-09-26T19:24:04Z,REAL
RINGER-LACTATE-FA2F81ED,2026-04-01,S.O. 1581(E) dated 25.03.2026,57.85,16,,NPPA S.O. 1581(E) dated 25.03.2026 (NLEM 2015 list),https://nppa.gov.in/storage/uploads/tender/0d883ca9b600c8a13cec452376176fc4.pdf,2026-09-26T19:24:04Z,REAL
RITONAVIR-7FC25C52,2026-04-01,S.O. 1581(E) dated 25.03.2026,35.98,16,,NPPA S.O. 1581(E) dated 25.03.2026 (NLEM 2015 list),https://nppa.gov.in/storage/uploads/tender/0d883ca9b600c8a13cec452376176fc4.pdf,2026-09-26T19:24:04Z,REAL
SALBUTAMOL-82189B39,2026-04-01,S.O. 1581(E) dated 25.03.2026,0.75,16,,NPPA S.O. 1581(E) dated 25.03.2026 (NLEM 2015 list),https://nppa.gov.in/storage/uploads/tender/0d883ca9b600c8a13cec452376176fc4.pdf,2026-09-26T19:24:04Z,REAL
SILVER-SULPHADIAZINE-AE939DAC,2026-04-01,S.O. 1581(E) dated 25.03.2026,0.64,16,,NPPA S.O. 1581(E) dated 25.03.2026 (NLEM 2015 list),https://nppa.gov.in/storage/uploads/tender/0d883ca9b600c8a13cec452376176fc4.pdf,2026-09-26T19:24:04Z,REAL
SODIUM-CHLORIDE-2E115847,2026-04-01,S.O. 1581(E) dated 25.03.2026,75.66,16,,NPPA S.O. 1581(E) dated 25.03.2026 (NLEM 2015 list),https://nppa.gov.in/storage/uploads/tender/0d883ca9b600c8a13cec452376176fc4.pdf,2026-09-26T19:24:04Z,REAL
SODIUM-CHLORIDE-F1C9DA23,2026-04-01,S.O. 1581(E) dated 25.03.2026,59.67,16,,NPPA S.O. 1581(E) dated 25.03.2026 (NLEM 2015 list),https://nppa.gov.in/storage/uploads/tender/0d883ca9b600c8a13cec452376176fc4.pdf,2026-09-26T19:24:04Z,REAL
SODIUM-CHLORIDE-D3ACA94B,2026-04-01,S.O. 1581(E) dated 25.03.2026,22.36,16,,NPPA S.O. 1581(E) dated 25.03.2026 (NLEM 2015 list),https://nppa.gov.in/storage/uploads/tender/0d883ca9b600c8a13cec452376176fc4.pdf,2026-09-26T19:24:04Z,REAL
SODIUM-CHLORIDE-FCB093A4,2026-04-01,S.O. 1581(E) dated 25.03.2026,20.15,16,,NPPA S.O. 1581(E) dated 25.03.2026 (NLEM 2015 list),https://nppa.gov.in/storage/uploads/tender/0d883ca9b600c8a13cec452376176fc4.pdf,2026-09-26T19:24:04Z,REAL
SODIUM-CHLORIDE-F92EE0CB,2026-04-01,S.O. 1581(E) dated 25.03.2026,30.17,16,,NPPA S.O. 1581(E) dated 25.03.2026 (NLEM 2015 list),https://nppa.gov.in/storage/uploads/tender/0d883ca9b600c8a13cec452376176fc4.pdf,2026-09-26T19:24:04Z,REAL
SODIUM-CHLORIDE-1229197D,2026-04-01,S.O. 1581(E) dated 25.03.2026,27.08,16,,NPPA S.O. 1581(E) dated 25.03.2026 (NLEM 2015 list),https://nppa.gov.in/storage/uploads/tender/0d883ca9b600c8a13cec452376176fc4.pdf,2026-09-26T19:24:04Z,REAL
SODIUM-CHLORIDE-10623EE2,2026-04-01,S.O. 1581(E) dated 25.03.2026,41.95,16,,NPPA S.O. 1581(E) dated 25.03.2026 (NLEM 2015 list),https://nppa.gov.in/storage/uploads/tender/0d883ca9b600c8a13cec452376176fc4.pdf,2026-09-26T19:24:04Z,REAL
SODIUM-CHLORIDE-1DB6A1BA,2026-04-01,S.O. 1581(E) dated 25.03.2026,35.71,16,,NPPA S.O. 1581(E) dated 25.03.2026 (NLEM 2015 list),https://nppa.gov.in/storage/uploads/tender/0d883ca9b600c8a13cec452376176fc4.pdf,2026-09-26T19:24:04Z,REAL
SODIUM-NITRITE-31963066,2026-04-01,S.O. 1581(E) dated 25.03.2026,33.12,16,,NPPA S.O. 1581(E) dated 25.03.2026 (NLEM 2015 list),https://nppa.gov.in/storage/uploads/tender/0d883ca9b600c8a13cec452376176fc4.pdf,2026-09-26T19:24:04Z,REAL
STREPTOKINASE-1F3A8FDC,2026-04-01,S.O. 1581(E) dated 25.03.2026,1605.06,16,,NPPA S.O. 1581(E) dated 25.03.2026 (NLEM 2015 list),https://nppa.gov.in/storage/uploads/tender/0d883ca9b600c8a13cec452376176fc4.pdf,2026-09-26T19:24:04Z,REAL
TD-VACCINE-40223DF0,2026-04-01,S.O. 1581(E) dated 25.03.2026,23.89,16,,NPPA S.O. 1581(E) dated 25.03.2026 (NLEM 2015 list),https://nppa.gov.in/storage/uploads/tender/0d883ca9b600c8a13cec452376176fc4.pdf,2026-09-26T19:24:04Z,REAL
TD-VACCINE-59ED276F,2026-04-01,S.O. 1581(E) dated 25.03.2026,224.52,16,,NPPA S.O. 1581(E) dated 25.03.2026 (NLEM 2015 list),https://nppa.gov.in/storage/uploads/tender/0d883ca9b600c8a13cec452376176fc4.pdf,2026-09-26T19:24:04Z,REAL
TD-VACCINE-927BBEEA,2026-04-01,S.O. 1581(E) dated 25.03.2026,20.48,16,,NPPA S.O. 1581(E) dated 25.03.2026 (NLEM 2015 list),https://nppa.gov.in/storage/uploads/tender/0d883ca9b600c8a13cec452376176fc4.pdf,2026-09-26T19:24:04Z,REAL
TEMOZOLOMIDE-188E88E3,2026-04-01,S.O. 1581(E) dated 25.03.2026,1971.83,16,,NPPA S.O. 1581(E) dated 25.03.2026 (NLEM 2015 list),https://nppa.gov.in/storage/uploads/tender/0d883ca9b600c8a13cec452376176fc4.pdf,2026-09-26T19:24:04Z,REAL
TIMOLOL-AB37262E,2026-04-01,S.O. 1581(E) dated 25.03.2026,6.59,16,,NPPA S.O. 1581(E) dated 25.03.2026 (NLEM 2015 list),https://nppa.gov.in/storage/uploads/tender/0d883ca9b600c8a13cec452376176fc4.pdf,2026-09-26T19:24:04Z,REAL
TRAMADOL-AF8C02D1,2026-04-01,S.O. 1581(E) dated 25.03.2026,1.59,16,,NPPA S.O. 1581(E) dated 25.03.2026 (NLEM 2015 list),https://nppa.gov.in/storage/uploads/tender/0d883ca9b600c8a13cec452376176fc4.pdf,2026-09-26T19:24:04Z,REAL
VERAPAMIL-B0635103,2026-04-01,S.O. 1581(E) dated 25.03.2026,1.50,16,,NPPA S.O. 1581(E) dated 25.03.2026 (NLEM 2015 list),https://nppa.gov.in/storage/uploads/tender/0d883ca9b600c8a13cec452376176fc4.pdf,2026-09-26T19:24:04Z,REAL
VINBLASTINE-57044DEF,2026-04-01,S.O. 1581(E) dated 25.03.2026,26.15,16,,NPPA S.O. 1581(E) dated 25.03.2026 (NLEM 2015 list),https://nppa.gov.in/storage/uploads/tender/0d883ca9b600c8a13cec452376176fc4.pdf,2026-09-26T19:24:04Z,REAL
VITAMIN-A-15213482,2026-04-01,S.O. 1581(E) dated 25.03.2026,0.69,16,,NPPA S.O. 1581(E) dated 25.03.2026 (NLEM 2015 list),https://nppa.gov.in/storage/uploads/tender/0d883ca9b600c8a13cec452376176fc4.pdf,2026-09-26T19:24:04Z,REAL
WATER-FOR-INJECTION-9E7DBD5D,2026-04-01,S.O. 1581(E) dated 25.03.2026,2.86,16,,NPPA S.O. 1581(E) dated 25.03.2026 (NLEM 2015 list),https://nppa.gov.in/storage/uploads/tender/0d883ca9b600c8a13cec452376176fc4.pdf,2026-09-26T19:24:04Z,REAL
WATER-FOR-INJECTION-C0C8AE40,2026-04-01,S.O. 1581(E) dated 25.03.2026,58.78,16,,NPPA S.O. 1581(E) dated 25.03.2026 (NLEM 2015 list),https://nppa.gov.in/storage/uploads/tender/0d883ca9b600c8a13cec452376176fc4.pdf,2026-09-26T19:24:04Z,REAL
WATER-FOR-INJECTION-C82635AA,2026-04-01,S.O. 1581(E) dated 25.03.2026,103.16,16,,NPPA S.O. 1581(E) dated 25.03.2026 (NLEM 2015 list),https://nppa.gov.in/storage/uploads/tender/0d883ca9b600c8a13cec452376176fc4.pdf,2026-09-26T19:24:04Z,REAL
ZIDOVUDINE-CD9FB719,2026-04-01,S.O. 1581(E) dated 25.03.2026,2.63,16,,NPPA S.O. 1581(E) dated 25.03.2026 (NLEM 2015 list),https://nppa.gov.in/storage/uploads/tender/0d883ca9b600c8a13cec452376176fc4.pdf,2026-09-26T19:24:04Z,REAL
ZOLPIDEM-0003BDC9,2026-04-01,S.O. 1581(E) dated 25.03.2026,9.37,16,,NPPA S.O. 1581(E) dated 25.03.2026 (NLEM 2015 list),https://nppa.gov.in/storage/uploads/tender/0d883ca9b600c8a13cec452376176fc4.pdf,2026-09-26T19:24:04Z,REAL
ANTI-TETANUS-IMMUNOGLOBU-D77E974E,2026-06-11,S.O. 3005(E) dated 11.06.2026,1912.02,19,,NPPA S.O. 3005(E) dated 11.06.2026 (Para 19),https://nppa.gov.in/storage/uploads/tender/anti-tetanus-8787c4422856beb6644c1da23d7fd15b.pdf,2026-09-26T19:24:53Z,REAL
ANTI-TETANUS-IMMUNOGLOBU-7F67B0A3,2026-06-11,S.O. 3005(E) dated 11.06.2026,2881.19,19,,NPPA S.O. 3005(E) dated 11.06.2026 (Para 19),https://nppa.gov.in/storage/uploads/tender/anti-tetanus-8787c4422856beb6644c1da23d7fd15b.pdf,2026-09-26T19:24:53Z,REAL
BCG-VACCINE-961273DA,2026-06-11,S.O. 3006(E) dated 11.06.2026,9.89,19,,NPPA S.O. 3006(E) dated 11.06.2026 (Para 19),https://nppa.gov.in/storage/uploads/tender/bcg-vaccine-6bc1c11c39cca0a0e8994f99b99a5e1d.pdf,2026-09-26T19:24:32Z,REAL
MEASLES-RUBELLA-VACCINE-167F0074,2026-06-11,S.O. 3006(E) dated 11.06.2026,87.93,19,,NPPA S.O. 3006(E) dated 11.06.2026 (Para 19),https://nppa.gov.in/storage/uploads/tender/bcg-vaccine-6bc1c11c39cca0a0e8994f99b99a5e1d.pdf,2026-09-26T19:24:32Z,REAL
MEASLES-VACCINE-94806A0B,2026-06-11,S.O. 3006(E) dated 11.06.2026,62.00,19,,NPPA S.O. 3006(E) dated 11.06.2026 (Para 19),https://nppa.gov.in/storage/uploads/tender/bcg-vaccine-6bc1c11c39cca0a0e8994f99b99a5e1d.pdf,2026-09-26T19:24:32Z,REAL
CARBOPLATIN-49C2E049,2026-06-11,S.O. 3004(E) dated 11.06.2026,90.74,19,,NPPA S.O. 3004(E) dated 11.06.2026 (Para 19),https://nppa.gov.in/storage/uploads/tender/cisplatin-aa1ee6fd3965d662b8f4bdb981783485.pdf,2026-09-26T19:25:06Z,REAL
CISPLATIN-1C3AF2A6,2026-06-11,S.O. 3004(E) dated 11.06.2026,10.89,19,,NPPA S.O. 3004(E) dated 11.06.2026 (Para 19),https://nppa.gov.in/storage/uploads/tender/cisplatin-aa1ee6fd3965d662b8f4bdb981783485.pdf,2026-09-26T19:25:06Z,REAL
