API_ID,MONTH,UNIT_VALUE_INR_KG,QTY_KG,SOURCE,SOURCE_URL,FETCHED_AT,IS_PROXY
API-ADRENALINE,2019-01-01,4468545.4176,79633.69,FlowForge synthetic (TradeStat not downloaded; see ingest/tradestat.py),,2026-09-27T00:00:00Z,SYNTH
API-ADRENALINE,2019-02-01,4208611.5618,106683.789,FlowForge synthetic (TradeStat not downloaded; see ingest/tradestat.py),,2026-09-27T00:00:00Z,SYNTH
API-ADRENALINE,2019-03-01,4353616.7332,110900.658,FlowForge synthetic (TradeStat not downloaded; see ingest/tradestat.py),,2026-09-27T00:00:00Z,SYNTH
API-ADRENALINE,2019-04-01,4686544.441,86436.032,FlowForge synthetic (TradeStat not downloaded; see ingest/tradestat.py),,2026-09-27T00:00:00Z,SYNTH
API-ADRENALINE,2019-05-01,5074137.3122,143347.272,FlowForge synthetic (TradeStat not downloaded; see ingest/tradestat.py),,2026-09-27T00:00:00Z,SYNTH
API-ADRENALINE,2019-06-01,5397152.3958,137298.609,FlowForge synthetic (TradeStat not downloaded; see ingest/tradestat.py),,2026-09-27T00:00:00Z,SYNTH
API-ADRENALINE,2019-07-01,5765538.9675,169063.896,FlowForge synthetic (TradeStat not downloaded; see ingest/tradestat.py),,2026-09-27T00:00:00Z,SYNTH
API-ADRENALINE,2019-08-01,5310961.1888,99969.874,FlowForge synthetic (TradeStat not downloaded; see ingest/tradestat.py),,2026-09-27T00:00:00Z,SYNTH
API-ADRENALINE,2019-09-01,5609147.3053,117442.911,FlowForge synthetic (TradeStat not downloaded; see ingest/tradestat.py),,2026-09-27T00:00:00Z,SYNTH
API-ADRENALINE,2019-10-01,5546274.8557,146915.64,FlowForge synthetic (TradeStat not downloaded; see ingest/tradestat.py),,2026-09-27T00:00:00Z,SYNTH
API-ADRENALINE,2019-11-01,5614341.9726,147333.911,FlowForge synthetic (TradeStat not downloaded; see ingest/tradestat.py),,2026-09-27T00:00:00Z,SYNTH
API-ADRENALINE,2019-12-01,4969485.2086,115458.434,FlowForge synthetic (TradeStat not downloaded; see ingest/tradestat.py),,2026-09-27T00:00:00Z,SYNTH
API-ADRENALINE,2020-01-01,4740597.8648,172970.41,FlowForge synthetic (TradeStat not downloaded; see ingest/tradestat.py),,2026-09-27T00:00:00Z,SYNTH
API-ADRENALINE,2020-02-01,4733771.6159,225838.647,FlowForge synthetic (TradeStat not downloaded; see ingest/tradestat.py),,2026-09-27T00:00:00Z,SYNTH
API-ADRENALINE,2020-03-01,4578891.975,110543.645,FlowForge synthetic (TradeStat not downloaded; see ingest/tradestat.py),,2026-09-27T00:00:00Z,SYNTH
API-ADRENALINE,2020-04-01,4437017.4307,200920.554,FlowForge synthetic (TradeStat not downloaded; see ingest/tradestat.py),,2026-09-27T00:00:00Z,SYNTH
API-ADRENALINE,2020-05-01,4302386.5667,137339.3,FlowForge synthetic (TradeStat not downloaded; see ingest/tradestat.py),,2026-09-27T00:00:00Z,SYNTH
API-ADRENALINE,2020-06-01,4107781.4125,212043.981,FlowForge synthetic (TradeStat not downloaded; see ingest/tradestat.py),,2026-09-27T00:00:00Z,SYNTH
API-ADRENALINE,2020-07-01,4067142.4585,136340.018,FlowForge synthetic (TradeStat not downloaded; see ingest/tradestat.py),,2026-09-27T00:00:00Z,SYNTH
API-ADRENALINE,2020-08-01,3848315.6043,154435.076,FlowForge synthetic (TradeStat not downloaded; see ingest/tradestat.py),,2026-09-27T00:00:00Z,SYNTH
API-ADRENALINE,2020-09-01,3514399.572,172439.297,FlowForge synthetic (TradeStat not downloaded; see ingest/tradestat.py),,2026-09-27T00:00:00Z,SYNTH
API-ADRENALINE,2020-10-01,3473808.0528,188614.579,FlowForge synthetic (TradeStat not downloaded; see ingest/tradestat.py),,2026-09-27T00:00:00Z,SYNTH
API-ADRENALINE,2020-11-01,3403040.1898,308154.609,FlowForge synthetic (TradeStat not downloaded; see ingest/tradestat.py),,2026-09-27T00:00:00Z,SYNTH
API-ADRENALINE,2020-12-01,3495270.2697,135540.872,FlowForge synthetic (TradeStat not downloaded; see ingest/tradestat.py),,2026-09-27T00:00:00Z,SYNTH
API-ADRENALINE,2021-01-01,3121521.3089,94310.009,FlowForge synthetic (TradeStat not downloaded; see ingest/tradestat.py),,2026-09-27T00:00:00Z,SYNTH
API-ADRENALINE,2021-02-01,3036926.7697,154754.006,FlowForge synthetic (TradeStat not downloaded; see ingest/tradestat.py),,2026-09-27T00:00:00Z,SYNTH
API-ADRENALINE,2021-03-01,2961518.3416,153864.119,FlowForge synthetic (TradeStat not downloaded; see ingest/tradestat.py),,2026-09-27T00:00:00Z,SYNTH
API-ADRENALINE,2021-04-01,2841425.1314,114195.548,FlowForge synthetic (TradeStat not downloaded; see ingest/tradestat.py),,2026-09-27T00:00:00Z,SYNTH
API-ADRENALINE,2021-05-01,3026040.656,232851.133,FlowForge synthetic (TradeStat not downloaded; see ingest/tradestat.py),,2026-09-27T00:00:00Z,SYNTH
API-ADRENALINE,2021-06-01,3039609.625,110805.468,FlowForge synthetic (TradeStat not downloaded; see ingest/tradestat.py),,2026-09-27T00:00:00Z,SYNTH
API-ADRENALINE,2021-07-01,3359466.9358,127364.932,FlowForge synthetic (TradeStat not downloaded; see ingest/tradestat.py),,2026-09-27T00:00:00Z,SYNTH
API-ADRENALINE,2021-08-01,3410030.9601,173519.822,FlowForge synthetic (TradeStat not downloaded; see ingest/tradestat.py),,2026-09-27T00:00:00Z,SYNTH
API-ADRENALINE,2021-09-01,3417427.976,206140.87,FlowForge synthetic (TradeStat not downloaded; see ingest/tradestat.py),,2026-09-27T00:00:00Z,SYNTH
API-ADRENALINE,2021-10-01,3404492.0999,164890.773,FlowForge synthetic (TradeStat not downloaded; see ingest/tradestat.py),,2026-09-27T00:00:00Z,SYNTH
API-ADRENALINE,2021-11-01,3286338.0641,122027.515,FlowForge synthetic (TradeStat not downloaded; see ingest/tradestat.py),,2026-09-27T00:00:00Z,SYNTH
API-ADRENALINE,2021-12-01,3531414.5374,115696.158,FlowForge synthetic (TradeStat not downloaded; see ingest/tradestat.py),,2026-09-27T00:00:00Z,SYNTH
API-ADRENALINE,2022-01-01,3718029.7412,136971.508,FlowForge synthetic (TradeStat not downloaded; see ingest/tradestat.py),,2026-09-27T00:00:00Z,SYNTH
API-ADRENALINE,2022-02-01,3751953.52,141348.183,FlowForge synthetic (TradeStat not downloaded; see ingest/tradestat.py),,2026-09-27T00:00:00Z,SYNTH
API-ADRENALINE,2022-03-01,3582389.7101,95888.112,FlowForge synthetic (TradeStat not downloaded; see ingest/tradestat.py),,2026-09-27T00:00:00Z,SYNTH
API-ADRENALINE,2022-04-01,3703730.3573,233024.375,FlowForge synthetic (TradeStat not downloaded; see ingest/tradestat.py),,2026-09-27T00:00:00Z,SYNTH
API-ADRENALINE,2022-05-01,3441407.024,132277.904,FlowForge synthetic (TradeStat not downloaded; see ingest/tradestat.py),,2026-09-27T00:00:00Z,SYNTH
API-ADRENALINE,2022-06-01,3290325.8399,183188.061,FlowForge synthetic (TradeStat not downloaded; see ingest/tradestat.py),,2026-09-27T00:00:00Z,SYNTH
API-ADRENALINE,2022-07-01,3264691.4964,129574.413,FlowForge synthetic (TradeStat not downloaded; see ingest/tradestat.py),,2026-09-27T00:00:00Z,SYNTH
API-ADRENALINE,2022-08-01,3521067.6562,109698.175,FlowForge synthetic (TradeStat not downloaded; see ingest/tradestat.py),,2026-09-27T00:00:00Z,SYNTH
API-ADRENALINE,2022-09-01,3322006.4204,179115.958,FlowForge synthetic (TradeStat not downloaded; see ingest/tradestat.py),,2026-09-27T00:00:00Z,SYNTH
API-ADRENALINE,2022-10-01,3331352.8838,71932.099,FlowForge synthetic (TradeStat not downloaded; see ingest/tradestat.py),,2026-09-27T00:00:00Z,SYNTH
API-ADRENALINE,2022-11-01,3472526.7735,94195.648,FlowForge synthetic (TradeStat not downloaded; see ingest/tradestat.py),,2026-09-27T00:00:00Z,SYNTH
API-ADRENALINE,2022-12-01,3562317.0389,214693.996,FlowForge synthetic (TradeStat not downloaded; see ingest/tradestat.py),,2026-09-27T00:00:00Z,SYNTH
API-ADRENALINE,2023-01-01,3892302.0679,175327.88,FlowForge synthetic (TradeStat not downloaded; see ingest/tradestat.py),,2026-09-27T00:00:00Z,SYNTH
API-ADRENALINE,2023-02-01,3733169.909,107713.414,FlowForge synthetic (TradeStat not downloaded; see ingest/tradestat.py),,2026-09-27T00:00:00Z,SYNTH
API-ADRENALINE,2023-03-01,3602584.8831,164746.167,FlowForge synthetic (TradeStat not downloaded; see ingest/tradestat.py),,2026-09-27T00:00:00Z,SYNTH
API-ADRENALINE,2023-04-01,3450743.7678,154990.354,FlowForge synthetic (TradeStat not downloaded; see ingest/tradestat.py),,2026-09-27T00:00:00Z,SYNTH
API-ADRENALINE,2023-05-01,3511956.6641,207910.945,FlowForge synthetic (TradeStat not downloaded; see ingest/tradestat.py),,2026-09-27T00:00:00Z,SYNTH
API-ADRENALINE,2023-06-01,3655510.6184,143366.694,FlowForge synthetic (TradeStat not downloaded; see ingest/tradestat.py),,2026-09-27T00:00:00Z,SYNTH
API-ADRENALINE,2023-07-01,3558380.264,158405.592,FlowForge synthetic (TradeStat not downloaded; see ingest/tradestat.py),,2026-09-27T00:00:00Z,SYNTH
API-ADRENALINE,2023-08-01,3607766.4801,165288.834,FlowForge synthetic (TradeStat not downloaded; see ingest/tradestat.py),,2026-09-27T00:00:00Z,SYNTH
API-ADRENALINE,2023-09-01,3608692.8069,80739.162,FlowForge synthetic (TradeStat not downloaded; see ingest/tradestat.py),,2026-09-27T00:00:00Z,SYNTH
API-ADRENALINE,2023-10-01,3540594.2994,223010.787,FlowForge synthetic (TradeStat not downloaded; see ingest/tradestat.py),,2026-09-27T00:00:00Z,SYNTH
API-ADRENALINE,2023-11-01,3665587.465,205570.7,FlowForge synthetic (TradeStat not downloaded; see ingest/tradestat.py),,2026-09-27T00:00:00Z,SYNTH
API-ADRENALINE,2023-12-01,3643507.4887,101987.501,FlowForge synthetic (TradeStat not downloaded; see ingest/tradestat.py),,2026-09-27T00:00:00Z,SYNTH
API-ADRENALINE,2024-01-01,3913075.2829,153312.587,FlowForge synthetic (TradeStat not downloaded; see ingest/tradestat.py),,2026-09-27T00:00:00Z,SYNTH
API-ADRENALINE,2024-02-01,3624693.9053,180482.967,FlowForge synthetic (TradeStat not downloaded; see ingest/tradestat.py),,2026-09-27T00:00:00Z,SYNTH
API-ADRENALINE,2024-03-01,3533178.963,102450.731,FlowForge synthetic (TradeStat not downloaded; see ingest/tradestat.py),,2026-09-27T00:00:00Z,SYNTH
API-ADRENALINE,2024-04-01,3537487.6635,101359.13,FlowForge synthetic (TradeStat not downloaded; see ingest/tradestat.py),,2026-09-27T00:00:00Z,SYNTH
API-ADRENALINE,2024-05-01,3616198.7608,81371.597,FlowForge synthetic (TradeStat not downloaded; see ingest/tradestat.py),,2026-09-27T00:00:00Z,SYNTH
API-ADRENALINE,2024-06-01,3384032.6207,79990.849,FlowForge synthetic (TradeStat not downloaded; see ingest/tradestat.py),,2026-09-27T00:00:00Z,SYNTH
API-ADRENALINE,2024-07-01,3377020.791,197188.599,FlowForge synthetic (TradeStat not downloaded; see ingest/tradestat.py),,2026-09-27T00:00:00Z,SYNTH
API-ADRENALINE,2024-08-01,3202627.4676,161699.782,FlowForge synthetic (TradeStat not downloaded; see ingest/tradestat.py),,2026-09-27T00:00:00Z,SYNTH
API-ADRENALINE,2024-09-01,3365636.0612,217920.893,FlowForge synthetic (TradeStat not downloaded; see ingest/tradestat.py),,2026-09-27T00:00:00Z,SYNTH
API-ADRENALINE,2024-10-01,3436636.6017,163423.078,FlowForge synthetic (TradeStat not downloaded; see ingest/tradestat.py),,2026-09-27T00:00:00Z,SYNTH
API-ADRENALINE,2024-11-01,3366720.0657,107173.754,FlowForge synthetic (TradeStat not downloaded; see ingest/tradestat.py),,2026-09-27T00:00:00Z,SYNTH
API-ADRENALINE,2024-12-01,3328564.2787,161039.763,FlowForge synthetic (TradeStat not downloaded; see ingest/tradestat.py),,2026-09-27T00:00:00Z,SYNTH
API-ADRENALINE,2025-01-01,3484819.8324,87565.767,FlowForge synthetic (TradeStat not downloaded; see ingest/tradestat.py),,2026-09-27T00:00:00Z,SYNTH
API-ADRENALINE,2025-02-01,3556143.2662,104095.497,FlowForge synthetic (TradeStat not downloaded; see ingest/tradestat.py),,2026-09-27T00:00:00Z,SYNTH
API-ADRENALINE,2025-03-01,3732941.9134,156207.684,FlowForge synthetic (TradeStat not downloaded; see ingest/tradestat.py),,2026-09-27T00:00:00Z,SYNTH
API-ADRENALINE,2025-04-01,3596306.2039,92706.228,FlowForge synthetic (TradeStat not downloaded; see ingest/tradestat.py),,2026-09-27T00:00:00Z,SYNTH
API-ADRENALINE,2025-05-01,3537578.6508,217610.045,FlowForge synthetic (TradeStat not downloaded; see ingest/tradestat.py),,2026-09-27T00:00:00Z,SYNTH
API-ADRENALINE,2025-06-01,3780613.8146,93913.698,FlowForge synthetic (TradeStat not downloaded; see ingest/tradestat.py),,2026-09-27T00:00:00Z,SYNTH
API-ADRENALINE,2025-07-01,3700400.1643,183369.381,FlowForge synthetic (TradeStat not downloaded; see ingest/tradestat.py),,2026-09-27T00:00:00Z,SYNTH
API-ADRENALINE,2025-08-01,3555137.3759,78015.098,FlowForge synthetic (TradeStat not downloaded; see ingest/tradestat.py),,2026-09-27T00:00:00Z,SYNTH
API-ADRENALINE,2025-09-01,3709216.6104,95524.579,FlowForge synthetic (TradeStat not downloaded; see ingest/tradestat.py),,2026-09-27T00:00:00Z,SYNTH
API-ADRENALINE,2025-10-01,3859109.4126,204689.344,FlowForge synthetic (TradeStat not downloaded; see ingest/tradestat.py),,2026-09-27T00:00:00Z,SYNTH
API-ADRENALINE,2025-11-01,3778092.4363,498798.441,FlowForge synthetic (TradeStat not downloaded; see ingest/tradestat.py),,2026-09-27T00:00:00Z,SYNTH
API-ADRENALINE,2025-12-01,4099001.7192,104783.514,FlowForge synthetic (TradeStat not downloaded; see ingest/tradestat.py),,2026-09-27T00:00:00Z,SYNTH
API-ADRENALINE,2026-01-01,4181884.1393,87728.395,FlowForge synthetic (TradeStat not downloaded; see ingest/tradestat.py),,2026-09-27T00:00:00Z,SYNTH
API-ADRENALINE,2026-02-01,4297567.2372,157818.151,FlowForge synthetic (TradeStat not downloaded; see ingest/tradestat.py),,2026-09-27T00:00:00Z,SYNTH
API-ADRENALINE,2026-03-01,4052281.518,100064.964,FlowForge synthetic (TradeStat not downloaded; see ingest/tradestat.py),,2026-09-27T00:00:00Z,SYNTH
API-ADRENALINE,2026-04-01,3802207.0702,122060.884,FlowForge synthetic (TradeStat not downloaded; see ingest/tradestat.py),,2026-09-27T00:00:00Z,SYNTH
API-ADRENALINE,2026-05-01,3939325.1439,134715.991,FlowForge synthetic (TradeStat not downloaded; see ingest/tradestat.py),,2026-09-27T00:00:00Z,SYNTH
API-ADRENALINE,2026-06-01,4085880.1546,170778.243,FlowForge synthetic (TradeStat not downloaded; see ingest/tradestat.py),,2026-09-27T00:00:00Z,SYNTH
API-ADRENALINE,2026-07-01,3764387.0555,154105.006,FlowForge synthetic (TradeStat not downloaded; see ingest/tradestat.py),,2026-09-27T00:00:00Z,SYNTH
API-ADRENALINE,2026-08-01,3859542.0497,150418.155,FlowForge synthetic (TradeStat not downloaded; see ingest/tradestat.py),,2026-09-27T00:00:00Z,SYNTH
API-ADRENALINE,2026-09-01,4085315.0136,128660.702,FlowForge synthetic (TradeStat not downloaded; see ingest/tradestat.py),,2026-09-27T00:00:00Z,SYNTH
API-AMLODIPINE,2019-01-01,114122.734,142183.523,FlowForge synthetic (TradeStat not downloaded; see ingest/tradestat.py),,2026-09-27T00:00:00Z,SYNTH
API-AMLODIPINE,2019-02-01,121876.3028,116444.022,FlowForge synthetic (TradeStat not downloaded; see ingest/tradestat.py),,2026-09-27T00:00:00Z,SYNTH
API-AMLODIPINE,2019-03-01,123986.0567,73447.773,FlowForge synthetic (TradeStat not downloaded; see ingest/tradestat.py),,2026-09-27T00:00:00Z,SYNTH
API-AMLODIPINE,2019-04-01,118211.6787,70667.604,FlowForge synthetic (TradeStat not downloaded; see ingest/tradestat.py),,2026-09-27T00:00:00Z,SYNTH
API-AMLODIPINE,2019-05-01,124354.2088,94843.576,FlowForge synthetic (TradeStat not downloaded; see ingest/tradestat.py),,2026-09-27T00:00:00Z,SYNTH
API-AMLODIPINE,2019-06-01,123839.8628,89149.215,FlowForge synthetic (TradeStat not downloaded; see ingest/tradestat.py),,2026-09-27T00:00:00Z,SYNTH
API-AMLODIPINE,2019-07-01,131050.899,122262.941,FlowForge synthetic (TradeStat not downloaded; see ingest/tradestat.py),,2026-09-27T00:00:00Z,SYNTH
API-AMLODIPINE,2019-08-01,129038.2214,96198.504,FlowForge synthetic (TradeStat not downloaded; see ingest/tradestat.py),,2026-09-27T00:00:00Z,SYNTH
API-AMLODIPINE,2019-09-01,130167.4425,90938.528,FlowForge synthetic (TradeStat not downloaded; see ingest/tradestat.py),,2026-09-27T00:00:00Z,SYNTH
API-AMLODIPINE,2019-10-01,132275.0217,102551.14,FlowForge synthetic (TradeStat not downloaded; see ingest/tradestat.py),,2026-09-27T00:00:00Z,SYNTH
API-AMLODIPINE,2019-11-01,131302.0868,99339.846,FlowForge synthetic (TradeStat not downloaded; see ingest/tradestat.py),,2026-09-27T00:00:00Z,SYNTH
API-AMLODIPINE,2019-12-01,139375.838,77859.615,FlowForge synthetic (TradeStat not downloaded; see ingest/tradestat.py),,2026-09-27T00:00:00Z,SYNTH
API-AMLODIPINE,2020-01-01,135915.4511,76906.415,FlowForge synthetic (TradeStat not downloaded; see ingest/tradestat.py),,2026-09-27T00:00:00Z,SYNTH
API-AMLODIPINE,2020-02-01,137651.7377,39759.396,FlowForge synthetic (TradeStat not downloaded; see ingest/tradestat.py),,2026-09-27T00:00:00Z,SYNTH
API-AMLODIPINE,2020-03-01,141020.5412,111179.845,FlowForge synthetic (TradeStat not downloaded; see ingest/tradestat.py),,2026-09-27T00:00:00Z,SYNTH
API-AMLODIPINE,2020-04-01,131790.0397,139807.392,FlowForge synthetic (TradeStat not downloaded; see ingest/tradestat.py),,2026-09-27T00:00:00Z,SYNTH
API-AMLODIPINE,2020-05-01,133339.9661,95820.882,FlowForge synthetic (TradeStat not downloaded; see ingest/tradestat.py),,2026-09-27T00:00:00Z,SYNTH
API-AMLODIPINE,2020-06-01,128463.7823,117178.827,FlowForge synthetic (TradeStat not downloaded; see ingest/tradestat.py),,2026-09-27T00:00:00Z,SYNTH
API-AMLODIPINE,2020-07-01,124813.0433,59558.624,FlowForge synthetic (TradeStat not downloaded; see ingest/tradestat.py),,2026-09-27T00:00:00Z,SYNTH
API-AMLODIPINE,2020-08-01,124984.3021,101327.971,FlowForge synthetic (TradeStat not downloaded; see ingest/tradestat.py),,2026-09-27T00:00:00Z,SYNTH
API-AMLODIPINE,2020-09-01,129126.3376,136605.854,FlowForge synthetic (TradeStat not downloaded; see ingest/tradestat.py),,2026-09-27T00:00:00Z,SYNTH
API-AMLODIPINE,2020-10-01,131254.8346,97403.843,FlowForge synthetic (TradeStat not downloaded; see ingest/tradestat.py),,2026-09-27T00:00:00Z,SYNTH
API-AMLODIPINE,2020-11-01,131982.6408,89928.938,FlowForge synthetic (TradeStat not downloaded; see ingest/tradestat.py),,2026-09-27T00:00:00Z,SYNTH
API-AMLODIPINE,2020-12-01,129366.5192,79478.336,FlowForge synthetic (TradeStat not downloaded; see ingest/tradestat.py),,2026-09-27T00:00:00Z,SYNTH
API-AMLODIPINE,2021-01-01,128004.5828,66036.653,FlowForge synthetic (TradeStat not downloaded; see ingest/tradestat.py),,2026-09-27T00:00:00Z,SYNTH
API-AMLODIPINE,2021-02-01,127583.7802,82597.329,FlowForge synthetic (TradeStat not downloaded; see ingest/tradestat.py),,2026-09-27T00:00:00Z,SYNTH
API-AMLODIPINE,2021-03-01,132317.9591,92377.133,FlowForge synthetic (TradeStat not downloaded; see ingest/tradestat.py),,2026-09-27T00:00:00Z,SYNTH
API-AMLODIPINE,2021-04-01,133744.766,106362.985,FlowForge synthetic (TradeStat not downloaded; see ingest/tradestat.py),,2026-09-27T00:00:00Z,SYNTH
API-AMLODIPINE,2021-05-01,134613.1104,73519.925,FlowForge synthetic (TradeStat not downloaded; see ingest/tradestat.py),,2026-09-27T00:00:00Z,SYNTH
API-AMLODIPINE,2021-06-01,139562.0349,125203.387,FlowForge synthetic (TradeStat not downloaded; see ingest/tradestat.py),,2026-09-27T00:00:00Z,SYNTH
API-AMLODIPINE,2021-07-01,132840.808,124399.253,FlowForge synthetic (TradeStat not downloaded; see ingest/tradestat.py),,2026-09-27T00:00:00Z,SYNTH
API-AMLODIPINE,2021-08-01,134349.734,81829.116,FlowForge synthetic (TradeStat not downloaded; see ingest/tradestat.py),,2026-09-27T00:00:00Z,SYNTH
API-AMLODIPINE,2021-09-01,132324.3126,126944.986,FlowForge synthetic (TradeStat not downloaded; see ingest/tradestat.py),,2026-09-27T00:00:00Z,SYNTH
API-AMLODIPINE,2021-10-01,132277.1534,67757.965,FlowForge synthetic (TradeStat not downloaded; see ingest/tradestat.py),,2026-09-27T00:00:00Z,SYNTH
API-AMLODIPINE,2021-11-01,129847.9548,104111.065,FlowForge synthetic (TradeStat not downloaded; see ingest/tradestat.py),,2026-09-27T00:00:00Z,SYNTH
API-AMLODIPINE,2021-12-01,134019.3153,96124.19,FlowForge synthetic (TradeStat not downloaded; see ingest/tradestat.py),,2026-09-27T00:00:00Z,SYNTH
API-AMLODIPINE,2022-01-01,134483.0922,44359.759,FlowForge synthetic (TradeStat not downloaded; see ingest/tradestat.py),,2026-09-27T00:00:00Z,SYNTH
API-AMLODIPINE,2022-02-01,142901.2183,58032.808,FlowForge synthetic (TradeStat not downloaded; see ingest/tradestat.py),,2026-09-27T00:00:00Z,SYNTH
API-AMLODIPINE,2022-03-01,140682.7622,99538.103,FlowForge synthetic (TradeStat not downloaded; see ingest/tradestat.py),,2026-09-27T00:00:00Z,SYNTH
API-AMLODIPINE,2022-04-01,142297.0264,51634.349,FlowForge synthetic (TradeStat not downloaded; see ingest/tradestat.py),,2026-09-27T00:00:00Z,SYNTH
API-AMLODIPINE,2022-05-01,140509.9673,153636.77,FlowForge synthetic (TradeStat not downloaded; see ingest/tradestat.py),,2026-09-27T00:00:00Z,SYNTH
API-AMLODIPINE,2022-06-01,135771.6381,160986.214,FlowForge synthetic (TradeStat not downloaded; see ingest/tradestat.py),,2026-09-27T00:00:00Z,SYNTH
API-AMLODIPINE,2022-07-01,131338.9432,160268.612,FlowForge synthetic (TradeStat not downloaded; see ingest/tradestat.py),,2026-09-27T00:00:00Z,SYNTH
API-AMLODIPINE,2022-08-01,137613.7674,74355.237,FlowForge synthetic (TradeStat not downloaded; see ingest/tradestat.py),,2026-09-27T00:00:00Z,SYNTH
API-AMLODIPINE,2022-09-01,138827.3876,127304.31,FlowForge synthetic (TradeStat not downloaded; see ingest/tradestat.py),,2026-09-27T00:00:00Z,SYNTH
API-AMLODIPINE,2022-10-01,136846.6736,235415.932,FlowForge synthetic (TradeStat not downloaded; see ingest/tradestat.py),,2026-09-27T00:00:00Z,SYNTH
API-AMLODIPINE,2022-11-01,131469.7223,149849.735,FlowForge synthetic (TradeStat not downloaded; see ingest/tradestat.py),,2026-09-27T00:00:00Z,SYNTH
API-AMLODIPINE,2022-12-01,128690.7796,68138.188,FlowForge synthetic (TradeStat not downloaded; see ingest/tradestat.py),,2026-09-27T00:00:00Z,SYNTH
API-AMLODIPINE,2023-01-01,132538.3129,127654.516,FlowForge synthetic (TradeStat not downloaded; see ingest/tradestat.py),,2026-09-27T00:00:00Z,SYNTH
API-AMLODIPINE,2023-02-01,137443.0354,101591.918,FlowForge synthetic (TradeStat not downloaded; see ingest/tradestat.py),,2026-09-27T00:00:00Z,SYNTH
API-AMLODIPINE,2023-03-01,133718.4349,53401.329,FlowForge synthetic (TradeStat not downloaded; see ingest/tradestat.py),,2026-09-27T00:00:00Z,SYNTH
API-AMLODIPINE,2023-04-01,130420.2486,52303.749,FlowForge synthetic (TradeStat not downloaded; see ingest/tradestat.py),,2026-09-27T00:00:00Z,SYNTH
API-AMLODIPINE,2023-05-01,133660.3218,130997.941,FlowForge synthetic (TradeStat not downloaded; see ingest/tradestat.py),,2026-09-27T00:00:00Z,SYNTH
API-AMLODIPINE,2023-06-01,134247.8613,98854.089,FlowForge synthetic (TradeStat not downloaded; see ingest/tradestat.py),,2026-09-27T00:00:00Z,SYNTH
API-AMLODIPINE,2023-07-01,130440.3628,72701.671,FlowForge synthetic (TradeStat not downloaded; see ingest/tradestat.py),,2026-09-27T00:00:00Z,SYNTH
API-AMLODIPINE,2023-08-01,139872.8614,152006.637,FlowForge synthetic (TradeStat not downloaded; see ingest/tradestat.py),,2026-09-27T00:00:00Z,SYNTH
API-AMLODIPINE,2023-09-01,142557.4011,109649.809,FlowForge synthetic (TradeStat not downloaded; see ingest/tradestat.py),,2026-09-27T00:00:00Z,SYNTH
API-AMLODIPINE,2023-10-01,154083.2736,51152.181,FlowForge synthetic (TradeStat not downloaded; see ingest/tradestat.py),,2026-09-27T00:00:00Z,SYNTH
API-AMLODIPINE,2023-11-01,149674.9683,61531.925,FlowForge synthetic (TradeStat not downloaded; see ingest/tradestat.py),,2026-09-27T00:00:00Z,SYNTH
API-AMLODIPINE,2023-12-01,150178.2873,107204.77,FlowForge synthetic (TradeStat not downloaded; see ingest/tradestat.py),,2026-09-27T00:00:00Z,SYNTH
API-AMLODIPINE,2024-01-01,157154.3006,164670.351,FlowForge synthetic (TradeStat not downloaded; see ingest/tradestat.py),,2026-09-27T00:00:00Z,SYNTH
API-AMLODIPINE,2024-02-01,158565.2285,61619.896,FlowForge synthetic (TradeStat not downloaded; see ingest/tradestat.py),,2026-09-27T00:00:00Z,SYNTH
API-AMLODIPINE,2024-03-01,161239.3514,84848.15,FlowForge synthetic (TradeStat not downloaded; see ingest/tradestat.py),,2026-09-27T00:00:00Z,SYNTH
API-AMLODIPINE,2024-04-01,167436.6253,142018.082,FlowForge synthetic (TradeStat not downloaded; see ingest/tradestat.py),,2026-09-27T00:00:00Z,SYNTH
API-AMLODIPINE,2024-05-01,168035.4825,146779.425,FlowForge synthetic (TradeStat not downloaded; see ingest/tradestat.py),,2026-09-27T00:00:00Z,SYNTH
API-AMLODIPINE,2024-06-01,170157.3207,77927.53,FlowForge synthetic (TradeStat not downloaded; see ingest/tradestat.py),,2026-09-27T00:00:00Z,SYNTH
API-AMLODIPINE,2024-07-01,165313.1388,113171.391,FlowForge synthetic (TradeStat not downloaded; see ingest/tradestat.py),,2026-09-27T00:00:00Z,SYNTH
API-AMLODIPINE,2024-08-01,163681.5502,76361.922,FlowForge synthetic (TradeStat not downloaded; see ingest/tradestat.py),,2026-09-27T00:00:00Z,SYNTH
API-AMLODIPINE,2024-09-01,155526.0374,111749.255,FlowForge synthetic (TradeStat not downloaded; see ingest/tradestat.py),,2026-09-27T00:00:00Z,SYNTH
API-AMLODIPINE,2024-10-01,158152.5599,90260.256,FlowForge synthetic (TradeStat not downloaded; see ingest/tradestat.py),,2026-09-27T00:00:00Z,SYNTH
API-AMLODIPINE,2024-11-01,158301.7458,76066.226,FlowForge synthetic (TradeStat not downloaded; see ingest/tradestat.py),,2026-09-27T00:00:00Z,SYNTH
API-AMLODIPINE,2024-12-01,157583.2063,100339.127,FlowForge synthetic (TradeStat not downloaded; see ingest/tradestat.py),,2026-09-27T00:00:00Z,SYNTH
API-AMLODIPINE,2025-01-01,159649.6512,75746.446,FlowForge synthetic (TradeStat not downloaded; see ingest/tradestat.py),,2026-09-27T00:00:00Z,SYNTH
API-AMLODIPINE,2025-02-01,156525.0227,91766.128,FlowForge synthetic (TradeStat not downloaded; see ingest/tradestat.py),,2026-09-27T00:00:00Z,SYNTH
API-AMLODIPINE,2025-03-01,153078.1218,66258.418,FlowForge synthetic (TradeStat not downloaded; see ingest/tradestat.py),,2026-09-27T00:00:00Z,SYNTH
API-AMLODIPINE,2025-04-01,153960.1023,51992.355,FlowForge synthetic (TradeStat not downloaded; see ingest/tradestat.py),,2026-09-27T00:00:00Z,SYNTH
API-AMLODIPINE,2025-05-01,147030.0488,86211.774,FlowForge synthetic (TradeStat not downloaded; see ingest/tradestat.py),,2026-09-27T00:00:00Z,SYNTH
API-AMLODIPINE,2025-06-01,144076.397,117744.627,FlowForge synthetic (TradeStat not downloaded; see ingest/tradestat.py),,2026-09-27T00:00:00Z,SYNTH
API-AMLODIPINE,2025-07-01,149066.1119,98556.896,FlowForge synthetic (TradeStat not downloaded; see ingest/tradestat.py),,2026-09-27T00:00:00Z,SYNTH
API-AMLODIPINE,2025-08-01,144221.3835,76945.072,FlowForge synthetic (TradeStat not downloaded; see ingest/tradestat.py),,2026-09-27T00:00:00Z,SYNTH
API-AMLODIPINE,2025-09-01,150892.3512,108354.337,FlowForge synthetic (TradeStat not downloaded; see ingest/tradestat.py),,2026-09-27T00:00:00Z,SYNTH
API-AMLODIPINE,2025-10-01,151353.3397,92086.633,FlowForge synthetic (TradeStat not downloaded; see ingest/tradestat.py),,2026-09-27T00:00:00Z,SYNTH
API-AMLODIPINE,2025-11-01,149048.2183,152527.965,FlowForge synthetic (TradeStat not downloaded; see ingest/tradestat.py),,2026-09-27T00:00:00Z,SYNTH
API-AMLODIPINE,2025-12-01,146917.9165,50898.723,FlowForge synthetic (TradeStat not downloaded; see ingest/tradestat.py),,2026-09-27T00:00:00Z,SYNTH
API-AMLODIPINE,2026-01-01,153223.047,99363.753,FlowForge synthetic (TradeStat not downloaded; see ingest/tradestat.py),,2026-09-27T00:00:00Z,SYNTH
API-AMLODIPINE,2026-02-01,152219.9416,187601.302,FlowForge synthetic (TradeStat not downloaded; see ingest/tradestat.py),,2026-09-27T00:00:00Z,SYNTH
API-AMLODIPINE,2026-03-01,152323.6776,86881.21,FlowForge synthetic (TradeStat not downloaded; see ingest/tradestat.py),,2026-09-27T00:00:00Z,SYNTH
API-AMLODIPINE,2026-04-01,153983.7751,123569.652,FlowForge synthetic (TradeStat not downloaded; see ingest/tradestat.py),,2026-09-27T00:00:00Z,SYNTH
API-AMLODIPINE,2026-05-01,153348.5086,135163.943,FlowForge synthetic (TradeStat not downloaded; see ingest/tradestat.py),,2026-09-27T00:00:00Z,SYNTH
API-AMLODIPINE,2026-06-01,157818.2799,114934.67,FlowForge synthetic (TradeStat not downloaded; see ingest/tradestat.py),,2026-09-27T00:00:00Z,SYNTH
API-AMLODIPINE,2026-07-01,157720.7974,85144.098,FlowForge synthetic (TradeStat not downloaded; see ingest/tradestat.py),,2026-09-27T00:00:00Z,SYNTH
API-AMLODIPINE,2026-08-01,158679.8613,109845.608,FlowForge synthetic (TradeStat not downloaded; see ingest/tradestat.py),,2026-09-27T00:00:00Z,SYNTH
API-AMLODIPINE,2026-09-01,167790.1527,164833.013,FlowForge synthetic (TradeStat not downloaded; see ingest/tradestat.py),,2026-09-27T00:00:00Z,SYNTH
API-AMOXICILLIN,2019-01-01,4017.7022,7231.738,FlowForge synthetic (TradeStat not downloaded; see ingest/tradestat.py),,2026-09-27T00:00:00Z,SYNTH
API-AMOXICILLIN,2019-02-01,4132.3246,7831.163,FlowForge synthetic (TradeStat not downloaded; see ingest/tradestat.py),,2026-09-27T00:00:00Z,SYNTH
API-AMOXICILLIN,2019-03-01,4082.2778,11738.282,FlowForge synthetic (TradeStat not downloaded; see ingest/tradestat.py),,2026-09-27T00:00:00Z,SYNTH
API-AMOXICILLIN,2019-04-01,4103.5243,10973.066,FlowForge synthetic (TradeStat not downloaded; see ingest/tradestat.py),,2026-09-27T00:00:00Z,SYNTH
API-AMOXICILLIN,2019-05-01,4108.5554,16001.865,FlowForge synthetic (TradeStat not downloaded; see ingest/tradestat.py),,2026-09-27T00:00:00Z,SYNTH
API-AMOXICILLIN,2019-06-01,4080.8919,9081.489,FlowForge synthetic (TradeStat not downloaded; see ingest/tradestat.py),,2026-09-27T00:00:00Z,SYNTH
API-AMOXICILLIN,2019-07-01,4136.1058,14720.239,FlowForge synthetic (TradeStat not downloaded; see ingest/tradestat.py),,2026-09-27T00:00:00Z,SYNTH
API-AMOXICILLIN,2019-08-01,4157.4746,12057.034,FlowForge synthetic (TradeStat not downloaded; see ingest/tradestat.py),,2026-09-27T00:00:00Z,SYNTH
API-AMOXICILLIN,2019-09-01,4167.1793,14219.806,FlowForge synthetic (TradeStat not downloaded; see ingest/tradestat.py),,2026-09-27T00:00:00Z,SYNTH
API-AMOXICILLIN,2019-10-01,4181.0695,8999.796,FlowForge synthetic (TradeStat not downloaded; see ingest/tradestat.py),,2026-09-27T00:00:00Z,SYNTH
API-AMOXICILLIN,2019-11-01,4143.3775,9148.144,FlowForge synthetic (TradeStat not downloaded; see ingest/tradestat.py),,2026-09-27T00:00:00Z,SYNTH
API-AMOXICILLIN,2019-12-01,4218.046,15367.022,FlowForge synthetic (TradeStat not downloaded; see ingest/tradestat.py),,2026-09-27T00:00:00Z,SYNTH
API-AMOXICILLIN,2020-01-01,4484.3871,11162.84,FlowForge synthetic (TradeStat not downloaded; see ingest/tradestat.py),,2026-09-27T00:00:00Z,SYNTH
API-AMOXICILLIN,2020-02-01,4485.9051,11010.964,FlowForge synthetic (TradeStat not downloaded; see ingest/tradestat.py),,2026-09-27T00:00:00Z,SYNTH
API-AMOXICILLIN,2020-03-01,4385.8934,11561.949,FlowForge synthetic (TradeStat not downloaded; see ingest/tradestat.py),,2026-09-27T00:00:00Z,SYNTH
API-AMOXICILLIN,2020-04-01,4395.3074,8963.227,FlowForge synthetic (TradeStat not downloaded; see ingest/tradestat.py),,2026-09-27T00:00:00Z,SYNTH
API-AMOXICILLIN,2020-05-01,4437.1364,10356.69,FlowForge synthetic (TradeStat not downloaded; see ingest/tradestat.py),,2026-09-27T00:00:00Z,SYNTH
API-AMOXICILLIN,2020-06-01,4370.6319,10485.423,FlowForge synthetic (TradeStat not downloaded; see ingest/tradestat.py),,2026-09-27T00:00:00Z,SYNTH
API-AMOXICILLIN,2020-07-01,4290.738,9880.607,FlowForge synthetic (TradeStat not downloaded; see ingest/tradestat.py),,2026-09-27T00:00:00Z,SYNTH
API-AMOXICILLIN,2020-08-01,4346.1255,13544.868,FlowForge synthetic (TradeStat not downloaded; see ingest/tradestat.py),,2026-09-27T00:00:00Z,SYNTH
API-AMOXICILLIN,2020-09-01,4365.7578,12604.378,FlowForge synthetic (TradeStat not downloaded; see ingest/tradestat.py),,2026-09-27T00:00:00Z,SYNTH
API-AMOXICILLIN,2020-10-01,4424.4331,9525.406,FlowForge synthetic (TradeStat not downloaded; see ingest/tradestat.py),,2026-09-27T00:00:00Z,SYNTH
API-AMOXICILLIN,2020-11-01,4684.3689,5964.762,FlowForge synthetic (TradeStat not downloaded; see ingest/tradestat.py),,2026-09-27T00:00:00Z,SYNTH
API-AMOXICILLIN,2020-12-01,4745.57,8312.895,FlowForge synthetic (TradeStat not downloaded; see ingest/tradestat.py),,2026-09-27T00:00:00Z,SYNTH
API-AMOXICILLIN,2021-01-01,4866.0009,12166.376,FlowForge synthetic (TradeStat not downloaded; see ingest/tradestat.py),,2026-09-27T00:00:00Z,SYNTH
API-AMOXICILLIN,2021-02-01,4728.574,10638.065,FlowForge synthetic (TradeStat not downloaded; see ingest/tradestat.py),,2026-09-27T00:00:00Z,SYNTH
API-AMOXICILLIN,2021-03-01,4666.32,10455.607,FlowForge synthetic (TradeStat not downloaded; see ingest/tradestat.py),,2026-09-27T00:00:00Z,SYNTH
API-AMOXICILLIN,2021-04-01,4903.412,13536.662,FlowForge synthetic (TradeStat not downloaded; see ingest/tradestat.py),,2026-09-27T00:00:00Z,SYNTH
API-AMOXICILLIN,2021-05-01,5061.7303,8720.492,FlowForge synthetic (TradeStat not downloaded; see ingest/tradestat.py),,2026-09-27T00:00:00Z,SYNTH
API-AMOXICILLIN,2021-06-01,5075.0292,7719.497,FlowForge synthetic (TradeStat not downloaded; see ingest/tradestat.py),,2026-09-27T00:00:00Z,SYNTH
API-AMOXICILLIN,2021-07-01,4905.2294,9174.206,FlowForge synthetic (TradeStat not downloaded; see ingest/tradestat.py),,2026-09-27T00:00:00Z,SYNTH
API-AMOXICILLIN,2021-08-01,4964.1861,12760.348,FlowForge synthetic (TradeStat not downloaded; see ingest/tradestat.py),,2026-09-27T00:00:00Z,SYNTH
API-AMOXICILLIN,2021-09-01,4724.3539,11848.652,FlowForge synthetic (TradeStat not downloaded; see ingest/tradestat.py),,2026-09-27T00:00:00Z,SYNTH
API-AMOXICILLIN,2021-10-01,4925.9758,13087.933,FlowForge synthetic (TradeStat not downloaded; see ingest/tradestat.py),,2026-09-27T00:00:00Z,SYNTH
API-AMOXICILLIN,2021-11-01,4930.0922,22269.268,FlowForge synthetic (TradeStat not downloaded; see ingest/tradestat.py),,2026-09-27T00:00:00Z,SYNTH
API-AMOXICILLIN,2021-12-01,4817.5025,14880.854,FlowForge synthetic (TradeStat not downloaded; see ingest/tradestat.py),,2026-09-27T00:00:00Z,SYNTH
API-AMOXICILLIN,2022-01-01,4950.0919,14301.337,FlowForge synthetic (TradeStat not downloaded; see ingest/tradestat.py),,2026-09-27T00:00:00Z,SYNTH
API-AMOXICILLIN,2022-02-01,4882.6115,11431.173,FlowForge synthetic (TradeStat not downloaded; see ingest/tradestat.py),,2026-09-27T00:00:00Z,SYNTH
API-AMOXICILLIN,2022-03-01,4825.5109,15032.635,FlowForge synthetic (TradeStat not downloaded; see ingest/tradestat.py),,2026-09-27T00:00:00Z,SYNTH
API-AMOXICILLIN,2022-04-01,5033.2495,12969.625,FlowForge synthetic (TradeStat not downloaded; see ingest/tradestat.py),,2026-09-27T00:00:00Z,SYNTH
API-AMOXICILLIN,2022-05-01,5122.4431,8323.361,FlowForge synthetic (TradeStat not downloaded; see ingest/tradestat.py),,2026-09-27T00:00:00Z,SYNTH
API-AMOXICILLIN,2022-06-01,5394.4934,6183.646,FlowForge synthetic (TradeStat not downloaded; see ingest/tradestat.py),,2026-09-27T00:00:00Z,SYNTH
API-AMOXICILLIN,2022-07-01,5228.0703,8756.172,FlowForge synthetic (TradeStat not downloaded; see ingest/tradestat.py),,2026-09-27T00:00:00Z,SYNTH
API-AMOXICILLIN,2022-08-01,5198.1017,10219.35,FlowForge synthetic (TradeStat not downloaded; see ingest/tradestat.py),,2026-09-27T00:00:00Z,SYNTH
API-AMOXICILLIN,2022-09-01,5251.3559,15005.77,FlowForge synthetic (TradeStat not downloaded; see ingest/tradestat.py),,2026-09-27T00:00:00Z,SYNTH
API-AMOXICILLIN,2022-10-01,5367.7408,9489.71,FlowForge synthetic (TradeStat not downloaded; see ingest/tradestat.py),,2026-09-27T00:00:00Z,SYNTH
API-AMOXICILLIN,2022-11-01,5443.5379,7612.923,FlowForge synthetic (TradeStat not downloaded; see ingest/tradestat.py),,2026-09-27T00:00:00Z,SYNTH
API-AMOXICILLIN,2022-12-01,5378.7255,10595.385,FlowForge synthetic (TradeStat not downloaded; see ingest/tradestat.py),,2026-09-27T00:00:00Z,SYNTH
API-AMOXICILLIN,2023-01-01,5316.697,15976.903,FlowForge synthetic (TradeStat not downloaded; see ingest/tradestat.py),,2026-09-27T00:00:00Z,SYNTH
API-AMOXICILLIN,2023-02-01,5328.3713,19581.187,FlowForge synthetic (TradeStat not downloaded; see ingest/tradestat.py),,2026-09-27T00:00:00Z,SYNTH
API-AMOXICILLIN,2023-03-01,5385.49,4858.139,FlowForge synthetic (TradeStat not downloaded; see ingest/tradestat.py),,2026-09-27T00:00:00Z,SYNTH
API-AMOXICILLIN,2023-04-01,5270.117,9921.566,FlowForge synthetic (TradeStat not downloaded; see ingest/tradestat.py),,2026-09-27T00:00:00Z,SYNTH
API-AMOXICILLIN,2023-05-01,5248.953,17733.306,FlowForge synthetic (TradeStat not downloaded; see ingest/tradestat.py),,2026-09-27T00:00:00Z,SYNTH
API-AMOXICILLIN,2023-06-01,5325.9969,7520.376,FlowForge synthetic (TradeStat not downloaded; see ingest/tradestat.py),,2026-09-27T00:00:00Z,SYNTH
API-AMOXICILLIN,2023-07-01,5567.0107,9808.398,FlowForge synthetic (TradeStat not downloaded; see ingest/tradestat.py),,2026-09-27T00:00:00Z,SYNTH
API-AMOXICILLIN,2023-08-01,5523.6097,8610.921,FlowForge synthetic (TradeStat not downloaded; see ingest/tradestat.py),,2026-09-27T00:00:00Z,SYNTH
API-AMOXICILLIN,2023-09-01,5722.4354,13349.24,FlowForge synthetic (TradeStat not downloaded; see ingest/tradestat.py),,2026-09-27T00:00:00Z,SYNTH
API-AMOXICILLIN,2023-10-01,5634.6536,12147.126,FlowForge synthetic (TradeStat not downloaded; see ingest/tradestat.py),,2026-09-27T00:00:00Z,SYNTH
API-AMOXICILLIN,2023-11-01,5676.0359,5066.744,FlowForge synthetic (TradeStat not downloaded; see ingest/tradestat.py),,2026-09-27T00:00:00Z,SYNTH
API-AMOXICILLIN,2023-12-01,5762.2086,10896.428,FlowForge synthetic (TradeStat not downloaded; see ingest/tradestat.py),,2026-09-27T00:00:00Z,SYNTH
API-AMOXICILLIN,2024-01-01,5921.2225,11472.062,FlowForge synthetic (TradeStat not downloaded; see ingest/tradestat.py),,2026-09-27T00:00:00Z,SYNTH
API-AMOXICILLIN,2024-02-01,5859.9118,9686.776,FlowForge synthetic (TradeStat not downloaded; see ingest/tradestat.py),,2026-09-27T00:00:00Z,SYNTH
API-AMOXICILLIN,2024-03-01,5882.9653,14393.745,FlowForge synthetic (TradeStat not downloaded; see ingest/tradestat.py),,2026-09-27T00:00:00Z,SYNTH
API-AMOXICILLIN,2024-04-01,5827.2989,4052.303,FlowForge synthetic (TradeStat not downloaded; see ingest/tradestat.py),,2026-09-27T00:00:00Z,SYNTH
API-AMOXICILLIN,2024-05-01,5883.5382,6166.673,FlowForge synthetic (TradeStat not downloaded; see ingest/tradestat.py),,2026-09-27T00:00:00Z,SYNTH
API-AMOXICILLIN,2024-06-01,6126.1988,12892.764,FlowForge synthetic (TradeStat not downloaded; see ingest/tradestat.py),,2026-09-27T00:00:00Z,SYNTH
API-AMOXICILLIN,2024-07-01,6377.5751,13485.106,FlowForge synthetic (TradeStat not downloaded; see ingest/tradestat.py),,2026-09-27T00:00:00Z,SYNTH
API-AMOXICILLIN,2024-08-01,6334.1158,7996.552,FlowForge synthetic (TradeStat not downloaded; see ingest/tradestat.py),,2026-09-27T00:00:00Z,SYNTH
API-AMOXICILLIN,2024-09-01,6455.3738,12185.78,FlowForge synthetic (TradeStat not downloaded; see ingest/tradestat.py),,2026-09-27T00:00:00Z,SYNTH
API-AMOXICILLIN,2024-10-01,6512.4545,9437.393,FlowForge synthetic (TradeStat not downloaded; see ingest/tradestat.py),,2026-09-27T00:00:00Z,SYNTH
API-AMOXICILLIN,2024-11-01,6756.8356,12606.496,FlowForge synthetic (TradeStat not downloaded; see ingest/tradestat.py),,2026-09-27T00:00:00Z,SYNTH
API-AMOXICILLIN,2024-12-01,6825.0223,4769.304,FlowForge synthetic (TradeStat not downloaded; see ingest/tradestat.py),,2026-09-27T00:00:00Z,SYNTH
API-AMOXICILLIN,2025-01-01,6979.3304,12617.489,FlowForge synthetic (TradeStat not downloaded; see ingest/tradestat.py),,2026-09-27T00:00:00Z,SYNTH
API-AMOXICILLIN,2025-02-01,6990.8565,9786.744,FlowForge synthetic (TradeStat not downloaded; see ingest/tradestat.py),,2026-09-27T00:00:00Z,SYNTH
API-AMOXICILLIN,2025-03-01,7259.1978,9266.144,FlowForge synthetic (TradeStat not downloaded; see ingest/tradestat.py),,2026-09-27T00:00:00Z,SYNTH
API-AMOXICILLIN,2025-04-01,7011.6755,8002.637,FlowForge synthetic (TradeStat not downloaded; see ingest/tradestat.py),,2026-09-27T00:00:00Z,SYNTH
API-AMOXICILLIN,2025-05-01,6939.3557,11071.814,FlowForge synthetic (TradeStat not downloaded; see ingest/tradestat.py),,2026-09-27T00:00:00Z,SYNTH
API-AMOXICILLIN,2025-06-01,7184.5152,16696.514,FlowForge synthetic (TradeStat not downloaded; see ingest/tradestat.py),,2026-09-27T00:00:00Z,SYNTH
API-AMOXICILLIN,2025-07-01,7105.6068,3029.667,FlowForge synthetic (TradeStat not downloaded; see ingest/tradestat.py),,2026-09-27T00:00:00Z,SYNTH
API-AMOXICILLIN,2025-08-01,7062.7152,18283.688,FlowForge synthetic (TradeStat not downloaded; see ingest/tradestat.py),,2026-09-27T00:00:00Z,SYNTH
API-AMOXICILLIN,2025-09-01,7313.9993,5952.433,FlowForge synthetic (TradeStat not downloaded; see ingest/tradestat.py),,2026-09-27T00:00:00Z,SYNTH
API-AMOXICILLIN,2025-10-01,7219.102,10040.86,FlowForge synthetic (TradeStat not downloaded; see ingest/tradestat.py),,2026-09-27T00:00:00Z,SYNTH
API-AMOXICILLIN,2025-11-01,7522.3005,15002.529,FlowForge synthetic (TradeStat not downloaded; see ingest/tradestat.py),,2026-09-27T00:00:00Z,SYNTH
API-AMOXICILLIN,2025-12-01,7420.7834,5401.321,FlowForge synthetic (TradeStat not downloaded; see ingest/tradestat.py),,2026-09-27T00:00:00Z,SYNTH
API-AMOXICILLIN,2026-01-01,7367.2529,14371.165,FlowForge synthetic (TradeStat not downloaded; see ingest/tradestat.py),,2026-09-27T00:00:00Z,SYNTH
API-AMOXICILLIN,2026-02-01,7312.4687,8364.537,FlowForge synthetic (TradeStat not downloaded; see ingest/tradestat.py),,2026-09-27T00:00:00Z,SYNTH
API-AMOXICILLIN,2026-03-01,7532.9375,11485.999,FlowForge synthetic (TradeStat not downloaded; see ingest/tradestat.py),,2026-09-27T00:00:00Z,SYNTH
API-AMOXICILLIN,2026-04-01,7273.192,4601.999,FlowForge synthetic (TradeStat not downloaded; see ingest/tradestat.py),,2026-09-27T00:00:00Z,SYNTH
API-AMOXICILLIN,2026-05-01,7616.9815,16388.346,FlowForge synthetic (TradeStat not downloaded; see ingest/tradestat.py),,2026-09-27T00:00:00Z,SYNTH
API-AMOXICILLIN,2026-06-01,7565.9157,12916.674,FlowForge synthetic (TradeStat not downloaded; see ingest/tradestat.py),,2026-09-27T00:00:00Z,SYNTH
API-AMOXICILLIN,2026-07-01,7796.7424,9342.425,FlowForge synthetic (TradeStat not downloaded; see ingest/tradestat.py),,2026-09-27T00:00:00Z,SYNTH
API-AMOXICILLIN,2026-08-01,7737.0861,7804.555,FlowForge synthetic (TradeStat not downloaded; see ingest/tradestat.py),,2026-09-27T00:00:00Z,SYNTH
API-AMOXICILLIN,2026-09-01,7913.8076,12529.42,FlowForge synthetic (TradeStat not downloaded; see ingest/tradestat.py),,2026-09-27T00:00:00Z,SYNTH
API-AMPICILLIN,2019-01-01,18694.4304,379658.073,FlowForge synthetic (TradeStat not downloaded; see ingest/tradestat.py),,2026-09-27T00:00:00Z,SYNTH
API-AMPICILLIN,2019-02-01,18685.0654,330492.396,FlowForge synthetic (TradeStat not downloaded; see ingest/tradestat.py),,2026-09-27T00:00:00Z,SYNTH
API-AMPICILLIN,2019-03-01,18065.1619,181256.978,FlowForge synthetic (TradeStat not downloaded; see ingest/tradestat.py),,2026-09-27T00:00:00Z,SYNTH
API-AMPICILLIN,2019-04-01,18399.4255,327861.637,FlowForge synthetic (TradeStat not downloaded; see ingest/tradestat.py),,2026-09-27T00:00:00Z,SYNTH
API-AMPICILLIN,2019-05-01,18330.5836,364420.637,FlowForge synthetic (TradeStat not downloaded; see ingest/tradestat.py),,2026-09-27T00:00:00Z,SYNTH
API-AMPICILLIN,2019-06-01,18486.8787,793140.527,FlowForge synthetic (TradeStat not downloaded; see ingest/tradestat.py),,2026-09-27T00:00:00Z,SYNTH
API-AMPICILLIN,2019-07-01,18293.1163,219212.881,FlowForge synthetic (TradeStat not downloaded; see ingest/tradestat.py),,2026-09-27T00:00:00Z,SYNTH
API-AMPICILLIN,2019-08-01,18339.2958,303826.903,FlowForge synthetic (TradeStat not downloaded; see ingest/tradestat.py),,2026-09-27T00:00:00Z,SYNTH
API-AMPICILLIN,2019-09-01,18725.1989,339390.078,FlowForge synthetic (TradeStat not downloaded; see ingest/tradestat.py),,2026-09-27T00:00:00Z,SYNTH
API-AMPICILLIN,2019-10-01,18500.8589,253775.859,FlowForge synthetic (TradeStat not downloaded; see ingest/tradestat.py),,2026-09-27T00:00:00Z,SYNTH
API-AMPICILLIN,2019-11-01,18367.9442,262264.735,FlowForge synthetic (TradeStat not downloaded; see ingest/tradestat.py),,2026-09-27T00:00:00Z,SYNTH
API-AMPICILLIN,2019-12-01,17908.2898,223243.053,FlowForge synthetic (TradeStat not downloaded; see ingest/tradestat.py),,2026-09-27T00:00:00Z,SYNTH
API-AMPICILLIN,2020-01-01,18605.5521,319460.737,FlowForge synthetic (TradeStat not downloaded; see ingest/tradestat.py),,2026-09-27T00:00:00Z,SYNTH
API-AMPICILLIN,2020-02-01,18734.2559,505699.751,FlowForge synthetic (TradeStat not downloaded; see ingest/tradestat.py),,2026-09-27T00:00:00Z,SYNTH
API-AMPICILLIN,2020-03-01,19446.2411,303653.308,FlowForge synthetic (TradeStat not downloaded; see ingest/tradestat.py),,2026-09-27T00:00:00Z,SYNTH
API-AMPICILLIN,2020-04-01,19430.6719,236631.404,FlowForge synthetic (TradeStat not downloaded; see ingest/tradestat.py),,2026-09-27T00:00:00Z,SYNTH
API-AMPICILLIN,2020-05-01,18991.79,185519.733,FlowForge synthetic (TradeStat not downloaded; see ingest/tradestat.py),,2026-09-27T00:00:00Z,SYNTH
API-AMPICILLIN,2020-06-01,18581.4177,471200.228,FlowForge synthetic (TradeStat not downloaded; see ingest/tradestat.py),,2026-09-27T00:00:00Z,SYNTH
API-AMPICILLIN,2020-07-01,18143.2761,378949.788,FlowForge synthetic (TradeStat not downloaded; see ingest/tradestat.py),,2026-09-27T00:00:00Z,SYNTH
API-AMPICILLIN,2020-08-01,18077.7826,362214.981,FlowForge synthetic (TradeStat not downloaded; see ingest/tradestat.py),,2026-09-27T00:00:00Z,SYNTH
API-AMPICILLIN,2020-09-01,17868.7104,312541.407,FlowForge synthetic (TradeStat not downloaded; see ingest/tradestat.py),,2026-09-27T00:00:00Z,SYNTH
API-AMPICILLIN,2020-10-01,17624.3573,447819.955,FlowForge synthetic (TradeStat not downloaded; see ingest/tradestat.py),,2026-09-27T00:00:00Z,SYNTH
API-AMPICILLIN,2020-11-01,17770.8941,176096.137,FlowForge synthetic (TradeStat not downloaded; see ingest/tradestat.py),,2026-09-27T00:00:00Z,SYNTH
API-AMPICILLIN,2020-12-01,18223.3807,213211.804,FlowForge synthetic (TradeStat not downloaded; see ingest/tradestat.py),,2026-09-27T00:00:00Z,SYNTH
API-AMPICILLIN,2021-01-01,18418.7997,256262.947,FlowForge synthetic (TradeStat not downloaded; see ingest/tradestat.py),,2026-09-27T00:00:00Z,SYNTH
API-AMPICILLIN,2021-02-01,18247.1036,512691.781,FlowForge synthetic (TradeStat not downloaded; see ingest/tradestat.py),,2026-09-27T00:00:00Z,SYNTH
API-AMPICILLIN,2021-03-01,17827.1911,485553.535,FlowForge synthetic (TradeStat not downloaded; see ingest/tradestat.py),,2026-09-27T00:00:00Z,SYNTH
API-AMPICILLIN,2021-04-01,17581.3298,346924.695,FlowForge synthetic (TradeStat not downloaded; see ingest/tradestat.py),,2026-09-27T00:00:00Z,SYNTH
API-AMPICILLIN,2021-05-01,17042.0151,186787.616,FlowForge synthetic (TradeStat not downloaded; see ingest/tradestat.py),,2026-09-27T00:00:00Z,SYNTH
API-AMPICILLIN,2021-06-01,16781.92,231960.244,FlowForge synthetic (TradeStat not downloaded; see ingest/tradestat.py),,2026-09-27T00:00:00Z,SYNTH
API-AMPICILLIN,2021-07-01,16429.7377,329263.527,FlowForge synthetic (TradeStat not downloaded; see ingest/tradestat.py),,2026-09-27T00:00:00Z,SYNTH
API-AMPICILLIN,2021-08-01,16364.5492,141566.594,FlowForge synthetic (TradeStat not downloaded; see ingest/tradestat.py),,2026-09-27T00:00:00Z,SYNTH
API-AMPICILLIN,2021-09-01,16019.4884,525273.619,FlowForge synthetic (TradeStat not downloaded; see ingest/tradestat.py),,2026-09-27T00:00:00Z,SYNTH
API-AMPICILLIN,2021-10-01,15345.3554,250628.081,FlowForge synthetic (TradeStat not downloaded; see ingest/tradestat.py),,2026-09-27T00:00:00Z,SYNTH
API-AMPICILLIN,2021-11-01,15064.3774,277799.905,FlowForge synthetic (TradeStat not downloaded; see ingest/tradestat.py),,2026-09-27T00:00:00Z,SYNTH
API-AMPICILLIN,2021-12-01,14717.0454,286207.14,FlowForge synthetic (TradeStat not downloaded; see ingest/tradestat.py),,2026-09-27T00:00:00Z,SYNTH
API-AMPICILLIN,2022-01-01,14053.2888,457465.508,FlowForge synthetic (TradeStat not downloaded; see ingest/tradestat.py),,2026-09-27T00:00:00Z,SYNTH
API-AMPICILLIN,2022-02-01,13370.0942,221488.039,FlowForge synthetic (TradeStat not downloaded; see ingest/tradestat.py),,2026-09-27T00:00:00Z,SYNTH
API-AMPICILLIN,2022-03-01,13144.677,504931.782,FlowForge synthetic (TradeStat not downloaded; see ingest/tradestat.py),,2026-09-27T00:00:00Z,SYNTH
API-AMPICILLIN,2022-04-01,13469.4532,353467.641,FlowForge synthetic (TradeStat not downloaded; see ingest/tradestat.py),,2026-09-27T00:00:00Z,SYNTH
API-AMPICILLIN,2022-05-01,13024.5917,160901.197,FlowForge synthetic (TradeStat not downloaded; see ingest/tradestat.py),,2026-09-27T00:00:00Z,SYNTH
API-AMPICILLIN,2022-06-01,12700.1351,420112.873,FlowForge synthetic (TradeStat not downloaded; see ingest/tradestat.py),,2026-09-27T00:00:00Z,SYNTH
API-AMPICILLIN,2022-07-01,11902.981,341281.844,FlowForge synthetic (TradeStat not downloaded; see ingest/tradestat.py),,2026-09-27T00:00:00Z,SYNTH
API-AMPICILLIN,2022-08-01,12048.4966,240341.229,FlowForge synthetic (TradeStat not downloaded; see ingest/tradestat.py),,2026-09-27T00:00:00Z,SYNTH
API-AMPICILLIN,2022-09-01,11949.0062,481253.052,FlowForge synthetic (TradeStat not downloaded; see ingest/tradestat.py),,2026-09-27T00:00:00Z,SYNTH
API-AMPICILLIN,2022-10-01,11489.1622,331796.3,FlowForge synthetic (TradeStat not downloaded; see ingest/tradestat.py),,2026-09-27T00:00:00Z,SYNTH
API-AMPICILLIN,2022-11-01,11292.5477,273725.957,FlowForge synthetic (TradeStat not downloaded; see ingest/tradestat.py),,2026-09-27T00:00:00Z,SYNTH
API-AMPICILLIN,2022-12-01,11073.7612,196826.371,FlowForge synthetic (TradeStat not downloaded; see ingest/tradestat.py),,2026-09-27T00:00:00Z,SYNTH
API-AMPICILLIN,2023-01-01,10789.5405,288261.234,FlowForge synthetic (TradeStat not downloaded; see ingest/tradestat.py),,2026-09-27T00:00:00Z,SYNTH
API-AMPICILLIN,2023-02-01,10636.0072,387913.012,FlowForge synthetic (TradeStat not downloaded; see ingest/tradestat.py),,2026-09-27T00:00:00Z,SYNTH
API-AMPICILLIN,2023-03-01,10456.6031,485880.216,FlowForge synthetic (TradeStat not downloaded; see ingest/tradestat.py),,2026-09-27T00:00:00Z,SYNTH
API-AMPICILLIN,2023-04-01,10924.49,311710.117,FlowForge synthetic (TradeStat not downloaded; see ingest/tradestat.py),,2026-09-27T00:00:00Z,SYNTH
API-AMPICILLIN,2023-05-01,11202.964,240251.85,FlowForge synthetic (TradeStat not downloaded; see ingest/tradestat.py),,2026-09-27T00:00:00Z,SYNTH
API-AMPICILLIN,2023-06-01,11273.2356,237972.95,FlowForge synthetic (TradeStat not downloaded; see ingest/tradestat.py),,2026-09-27T00:00:00Z,SYNTH
API-AMPICILLIN,2023-07-01,10747.7755,202948.091,FlowForge synthetic (TradeStat not downloaded; see ingest/tradestat.py),,2026-09-27T00:00:00Z,SYNTH
API-AMPICILLIN,2023-08-01,10678.8702,547071.62,FlowForge synthetic (TradeStat not downloaded; see ingest/tradestat.py),,2026-09-27T00:00:00Z,SYNTH
API-AMPICILLIN,2023-09-01,10580.9734,404029.575,FlowForge synthetic (TradeStat not downloaded; see ingest/tradestat.py),,2026-09-27T00:00:00Z,SYNTH
API-AMPICILLIN,2023-10-01,10225.9498,331261.477,FlowForge synthetic (TradeStat not downloaded; see ingest/tradestat.py),,2026-09-27T00:00:00Z,SYNTH
API-AMPICILLIN,2023-11-01,10050.9166,315611.984,FlowForge synthetic (TradeStat not downloaded; see ingest/tradestat.py),,2026-09-27T00:00:00Z,SYNTH
API-AMPICILLIN,2023-12-01,10213.4846,196493.537,FlowForge synthetic (TradeStat not downloaded; see ingest/tradestat.py),,2026-09-27T00:00:00Z,SYNTH
API-AMPICILLIN,2024-01-01,9936.7365,216883.289,FlowForge synthetic (TradeStat not downloaded; see ingest/tradestat.py),,2026-09-27T00:00:00Z,SYNTH
API-AMPICILLIN,2024-02-01,10076.0197,402833.968,FlowForge synthetic (TradeStat not downloaded; see ingest/tradestat.py),,2026-09-27T00:00:00Z,SYNTH
API-AMPICILLIN,2024-03-01,9819.431,241182.12,FlowForge synthetic (TradeStat not downloaded; see ingest/tradestat.py),,2026-09-27T00:00:00Z,SYNTH
API-AMPICILLIN,2024-04-01,9759.852,378148.544,FlowForge synthetic (TradeStat not downloaded; see ingest/tradestat.py),,2026-09-27T00:00:00Z,SYNTH
API-AMPICILLIN,2024-05-01,9602.2577,512885.357,FlowForge synthetic (TradeStat not downloaded; see ingest/tradestat.py),,2026-09-27T00:00:00Z,SYNTH
API-AMPICILLIN,2024-06-01,9236.625,256531.037,FlowForge synthetic (TradeStat not downloaded; see ingest/tradestat.py),,2026-09-27T00:00:00Z,SYNTH
API-AMPICILLIN,2024-07-01,9100.2546,328662.04,FlowForge synthetic (TradeStat not downloaded; see ingest/tradestat.py),,2026-09-27T00:00:00Z,SYNTH
API-AMPICILLIN,2024-08-01,8983.4764,99367.662,FlowForge synthetic (TradeStat not downloaded; see ingest/tradestat.py),,2026-09-27T00:00:00Z,SYNTH
API-AMPICILLIN,2024-09-01,9264.953,273496.689,FlowForge synthetic (TradeStat not downloaded; see ingest/tradestat.py),,2026-09-27T00:00:00Z,SYNTH
API-AMPICILLIN,2024-10-01,9377.6957,589413.901,FlowForge synthetic (TradeStat not downloaded; see ingest/tradestat.py),,2026-09-27T00:00:00Z,SYNTH
API-AMPICILLIN,2024-11-01,9085.4828,309738.57,FlowForge synthetic (TradeStat not downloaded; see ingest/tradestat.py),,2026-09-27T00:00:00Z,SYNTH
API-AMPICILLIN,2024-12-01,8990.4519,353917.207,FlowForge synthetic (TradeStat not downloaded; see ingest/tradestat.py),,2026-09-27T00:00:00Z,SYNTH
API-AMPICILLIN,2025-01-01,9034.1693,526817.58,FlowForge synthetic (TradeStat not downloaded; see ingest/tradestat.py),,2026-09-27T00:00:00Z,SYNTH
API-AMPICILLIN,2025-02-01,8963.6799,227578.3,FlowForge synthetic (TradeStat not downloaded; see ingest/tradestat.py),,2026-09-27T00:00:00Z,SYNTH
API-AMPICILLIN,2025-03-01,8777.9927,217174.004,FlowForge synthetic (TradeStat not downloaded; see ingest/tradestat.py),,2026-09-27T00:00:00Z,SYNTH
API-AMPICILLIN,2025-04-01,8992.616,188698.861,FlowForge synthetic (TradeStat not downloaded; see ingest/tradestat.py),,2026-09-27T00:00:00Z,SYNTH
API-AMPICILLIN,2025-05-01,8834.1985,273127.635,FlowForge synthetic (TradeStat not downloaded; see ingest/tradestat.py),,2026-09-27T00:00:00Z,SYNTH
API-AMPICILLIN,2025-06-01,8683.5953,343554.433,FlowForge synthetic (TradeStat not downloaded; see ingest/tradestat.py),,2026-09-27T00:00:00Z,SYNTH
API-AMPICILLIN,2025-07-01,8255.6539,306204.629,FlowForge synthetic (TradeStat not downloaded; see ingest/tradestat.py),,2026-09-27T00:00:00Z,SYNTH
API-AMPICILLIN,2025-08-01,8435.1849,585908.104,FlowForge synthetic (TradeStat not downloaded; see ingest/tradestat.py),,2026-09-27T00:00:00Z,SYNTH
API-AMPICILLIN,2025-09-01,8428.3618,331298.479,FlowForge synthetic (TradeStat not downloaded; see ingest/tradestat.py),,2026-09-27T00:00:00Z,SYNTH
API-AMPICILLIN,2025-10-01,8036.2495,223729.144,FlowForge synthetic (TradeStat not downloaded; see ingest/tradestat.py),,2026-09-27T00:00:00Z,SYNTH
API-AMPICILLIN,2025-11-01,7944.6764,357895.448,FlowForge synthetic (TradeStat not downloaded; see ingest/tradestat.py),,2026-09-27T00:00:00Z,SYNTH
API-AMPICILLIN,2025-12-01,8237.282,298996.243,FlowForge synthetic (TradeStat not downloaded; see ingest/tradestat.py),,2026-09-27T00:00:00Z,SYNTH
API-AMPICILLIN,2026-01-01,8321.568,268241.371,FlowForge synthetic (TradeStat not downloaded; see ingest/tradestat.py),,2026-09-27T00:00:00Z,SYNTH
API-AMPICILLIN,2026-02-01,8356.353,403945.911,FlowForge synthetic (TradeStat not downloaded; see ingest/tradestat.py),,2026-09-27T00:00:00Z,SYNTH
API-AMPICILLIN,2026-03-01,8002.9451,433113.745,FlowForge synthetic (TradeStat not downloaded; see ingest/tradestat.py),,2026-09-27T00:00:00Z,SYNTH
API-AMPICILLIN,2026-04-01,7806.9046,212023.636,FlowForge synthetic (TradeStat not downloaded; see ingest/tradestat.py),,2026-09-27T00:00:00Z,SYNTH
API-AMPICILLIN,2026-05-01,7747.9649,236285.062,FlowForge synthetic (TradeStat not downloaded; see ingest/tradestat.py),,2026-09-27T00:00:00Z,SYNTH
API-AMPICILLIN,2026-06-01,7757.2443,191975.833,FlowForge synthetic (TradeStat not downloaded; see ingest/tradestat.py),,2026-09-27T00:00:00Z,SYNTH
API-AMPICILLIN,2026-07-01,7629.7432,334844.479,FlowForge synthetic (TradeStat not downloaded; see ingest/tradestat.py),,2026-09-27T00:00:00Z,SYNTH
API-AMPICILLIN,2026-08-01,7691.1334,417563.155,FlowForge synthetic (TradeStat not downloaded; see ingest/tradestat.py),,2026-09-27T00:00:00Z,SYNTH
API-AMPICILLIN,2026-09-01,7571.4207,334846.426,FlowForge synthetic (TradeStat not downloaded; see ingest/tradestat.py),,2026-09-27T00:00:00Z,SYNTH
API-ASCORBIC-ACID,2019-01-01,800.3197,392199.565,FlowForge synthetic (TradeStat not downloaded; see ingest/tradestat.py),,2026-09-27T00:00:00Z,SYNTH
API-ASCORBIC-ACID,2019-02-01,852.3818,459422.768,FlowForge synthetic (TradeStat not downloaded; see ingest/tradestat.py),,2026-09-27T00:00:00Z,SYNTH
API-ASCORBIC-ACID,2019-03-01,866.9632,299404.054,FlowForge synthetic (TradeStat not downloaded; see ingest/tradestat.py),,2026-09-27T00:00:00Z,SYNTH
API-ASCORBIC-ACID,2019-04-01,880.0702,455701.297,FlowForge synthetic (TradeStat not downloaded; see ingest/tradestat.py),,2026-09-27T00:00:00Z,SYNTH
API-ASCORBIC-ACID,2019-05-01,888.6048,324063.903,FlowForge synthetic (TradeStat not downloaded; see ingest/tradestat.py),,2026-09-27T00:00:00Z,SYNTH
API-ASCORBIC-ACID,2019-06-01,898.0604,345304.718,FlowForge synthetic (TradeStat not downloaded; see ingest/tradestat.py),,2026-09-27T00:00:00Z,SYNTH
API-ASCORBIC-ACID,2019-07-01,936.053,399486.615,FlowForge synthetic (TradeStat not downloaded; see ingest/tradestat.py),,2026-09-27T00:00:00Z,SYNTH
API-ASCORBIC-ACID,2019-08-01,975.8874,296538.898,FlowForge synthetic (TradeStat not downloaded; see ingest/tradestat.py),,2026-09-27T00:00:00Z,SYNTH
API-ASCORBIC-ACID,2019-09-01,956.681,448191.357,FlowForge synthetic (TradeStat not downloaded; see ingest/tradestat.py),,2026-09-27T00:00:00Z,SYNTH
API-ASCORBIC-ACID,2019-10-01,917.0055,209823.209,FlowForge synthetic (TradeStat not downloaded; see ingest/tradestat.py),,2026-09-27T00:00:00Z,SYNTH
API-ASCORBIC-ACID,2019-11-01,935.4974,376964.522,FlowForge synthetic (TradeStat not downloaded; see ingest/tradestat.py),,2026-09-27T00:00:00Z,SYNTH
API-ASCORBIC-ACID,2019-12-01,1006.1433,242777.494,FlowForge synthetic (TradeStat not downloaded; see ingest/tradestat.py),,2026-09-27T00:00:00Z,SYNTH
API-ASCORBIC-ACID,2020-01-01,950.6135,296824.982,FlowForge synthetic (TradeStat not downloaded; see ingest/tradestat.py),,2026-09-27T00:00:00Z,SYNTH
API-ASCORBIC-ACID,2020-02-01,911.5267,320119.525,FlowForge synthetic (TradeStat not downloaded; see ingest/tradestat.py),,2026-09-27T00:00:00Z,SYNTH
API-ASCORBIC-ACID,2020-03-01,905.7778,210555.697,FlowForge synthetic (TradeStat not downloaded; see ingest/tradestat.py),,2026-09-27T00:00:00Z,SYNTH
API-ASCORBIC-ACID,2020-04-01,923.873,194554.746,FlowForge synthetic (TradeStat not downloaded; see ingest/tradestat.py),,2026-09-27T00:00:00Z,SYNTH
API-ASCORBIC-ACID,2020-05-01,954.4102,269458.894,FlowForge synthetic (TradeStat not downloaded; see ingest/tradestat.py),,2026-09-27T00:00:00Z,SYNTH
API-ASCORBIC-ACID,2020-06-01,938.4087,399999.235,FlowForge synthetic (TradeStat not downloaded; see ingest/tradestat.py),,2026-09-27T00:00:00Z,SYNTH
API-ASCORBIC-ACID,2020-07-01,943.5467,283905.363,FlowForge synthetic (TradeStat not downloaded; see ingest/tradestat.py),,2026-09-27T00:00:00Z,SYNTH
API-ASCORBIC-ACID,2020-08-01,934.515,313211.993,FlowForge synthetic (TradeStat not downloaded; see ingest/tradestat.py),,2026-09-27T00:00:00Z,SYNTH
API-ASCORBIC-ACID,2020-09-01,919.3871,587703.582,FlowForge synthetic (TradeStat not downloaded; see ingest/tradestat.py),,2026-09-27T00:00:00Z,SYNTH
API-ASCORBIC-ACID,2020-10-01,920.169,445737.98,FlowForge synthetic (TradeStat not downloaded; see ingest/tradestat.py),,2026-09-27T00:00:00Z,SYNTH
API-ASCORBIC-ACID,2020-11-01,897.4333,351308.425,FlowForge synthetic (TradeStat not downloaded; see ingest/tradestat.py),,2026-09-27T00:00:00Z,SYNTH
API-ASCORBIC-ACID,2020-12-01,909.8263,234535.863,FlowForge synthetic (TradeStat not downloaded; see ingest/tradestat.py),,2026-09-27T00:00:00Z,SYNTH
API-ASCORBIC-ACID,2021-01-01,887.2675,301229.493,FlowForge synthetic (TradeStat not downloaded; see ingest/tradestat.py),,2026-09-27T00:00:00Z,SYNTH
API-ASCORBIC-ACID,2021-02-01,887.4727,407513.619,FlowForge synthetic (TradeStat not downloaded; see ingest/tradestat.py),,2026-09-27T00:00:00Z,SYNTH
API-ASCORBIC-ACID,2021-03-01,901.8806,312764.592,FlowForge synthetic (TradeStat not downloaded; see ingest/tradestat.py),,2026-09-27T00:00:00Z,SYNTH
API-ASCORBIC-ACID,2021-04-01,852.6528,661736.899,FlowForge synthetic (TradeStat not downloaded; see ingest/tradestat.py),,2026-09-27T00:00:00Z,SYNTH
API-ASCORBIC-ACID,2021-05-01,887.0286,652802.789,FlowForge synthetic (TradeStat not downloaded; see ingest/tradestat.py),,2026-09-27T00:00:00Z,SYNTH
API-ASCORBIC-ACID,2021-06-01,907.8002,542116.562,FlowForge synthetic (TradeStat not downloaded; see ingest/tradestat.py),,2026-09-27T00:00:00Z,SYNTH
API-ASCORBIC-ACID,2021-07-01,944.6588,142124.177,FlowForge synthetic (TradeStat not downloaded; see ingest/tradestat.py),,2026-09-27T00:00:00Z,SYNTH
API-ASCORBIC-ACID,2021-08-01,920.5509,273503.005,FlowForge synthetic (TradeStat not downloaded; see ingest/tradestat.py),,2026-09-27T00:00:00Z,SYNTH
API-ASCORBIC-ACID,2021-09-01,950.4861,670189.346,FlowForge synthetic (TradeStat not downloaded; see ingest/tradestat.py),,2026-09-27T00:00:00Z,SYNTH
API-ASCORBIC-ACID,2021-10-01,960.1178,331612.888,FlowForge synthetic (TradeStat not downloaded; see ingest/tradestat.py),,2026-09-27T00:00:00Z,SYNTH
API-ASCORBIC-ACID,2021-11-01,991.7811,223274.411,FlowForge synthetic (TradeStat not downloaded; see ingest/tradestat.py),,2026-09-27T00:00:00Z,SYNTH
API-ASCORBIC-ACID,2021-12-01,1041.8533,331171.75,FlowForge synthetic (TradeStat not downloaded; see ingest/tradestat.py),,2026-09-27T00:00:00Z,SYNTH
API-ASCORBIC-ACID,2022-01-01,1015.5618,156711.195,FlowForge synthetic (TradeStat not downloaded; see ingest/tradestat.py),,2026-09-27T00:00:00Z,SYNTH
API-ASCORBIC-ACID,2022-02-01,972.9309,233741.125,FlowForge synthetic (TradeStat not downloaded; see ingest/tradestat.py),,2026-09-27T00:00:00Z,SYNTH
API-ASCORBIC-ACID,2022-03-01,991.4979,567631.018,FlowForge synthetic (TradeStat not downloaded; see ingest/tradestat.py),,2026-09-27T00:00:00Z,SYNTH
API-ASCORBIC-ACID,2022-04-01,1002.5183,217371.223,FlowForge synthetic (TradeStat not downloaded; see ingest/tradestat.py),,2026-09-27T00:00:00Z,SYNTH
API-ASCORBIC-ACID,2022-05-01,1029.9412,275845.057,FlowForge synthetic (TradeStat not downloaded; see ingest/tradestat.py),,2026-09-27T00:00:00Z,SYNTH
API-ASCORBIC-ACID,2022-06-01,1033.0549,358879.441,FlowForge synthetic (TradeStat not downloaded; see ingest/tradestat.py),,2026-09-27T00:00:00Z,SYNTH
API-ASCORBIC-ACID,2022-07-01,1078.3834,367717.158,FlowForge synthetic (TradeStat not downloaded; see ingest/tradestat.py),,2026-09-27T00:00:00Z,SYNTH
API-ASCORBIC-ACID,2022-08-01,1078.6667,329316.362,FlowForge synthetic (TradeStat not downloaded; see ingest/tradestat.py),,2026-09-27T00:00:00Z,SYNTH
API-ASCORBIC-ACID,2022-09-01,1095.7774,236588.309,FlowForge synthetic (TradeStat not downloaded; see ingest/tradestat.py),,2026-09-27T00:00:00Z,SYNTH
API-ASCORBIC-ACID,2022-10-01,1112.1624,274304.645,FlowForge synthetic (TradeStat not downloaded; see ingest/tradestat.py),,2026-09-27T00:00:00Z,SYNTH
API-ASCORBIC-ACID,2022-11-01,1069.1228,261142.044,FlowForge synthetic (TradeStat not downloaded; see ingest/tradestat.py),,2026-09-27T00:00:00Z,SYNTH
API-ASCORBIC-ACID,2022-12-01,1052.3345,622447.13,FlowForge synthetic (TradeStat not downloaded; see ingest/tradestat.py),,2026-09-27T00:00:00Z,SYNTH
API-ASCORBIC-ACID,2023-01-01,1070.9637,470174.551,FlowForge synthetic (TradeStat not downloaded; see ingest/tradestat.py),,2026-09-27T00:00:00Z,SYNTH
API-ASCORBIC-ACID,2023-02-01,1080.54,255564.099,FlowForge synthetic (TradeStat not downloaded; see ingest/tradestat.py),,2026-09-27T00:00:00Z,SYNTH
API-ASCORBIC-ACID,2023-03-01,1082.015,304825.801,FlowForge synthetic (TradeStat not downloaded; see ingest/tradestat.py),,2026-09-27T00:00:00Z,SYNTH
API-ASCORBIC-ACID,2023-04-01,1048.5203,248172.659,FlowForge synthetic (TradeStat not downloaded; see ingest/tradestat.py),,2026-09-27T00:00:00Z,SYNTH
API-ASCORBIC-ACID,2023-05-01,1057.1215,461814.522,FlowForge synthetic (TradeStat not downloaded; see ingest/tradestat.py),,2026-09-27T00:00:00Z,SYNTH
API-ASCORBIC-ACID,2023-06-01,1060.9619,254578.438,FlowForge synthetic (TradeStat not downloaded; see ingest/tradestat.py),,2026-09-27T00:00:00Z,SYNTH
API-ASCORBIC-ACID,2023-07-01,1064.7068,265502.827,FlowForge synthetic (TradeStat not downloaded; see ingest/tradestat.py),,2026-09-27T00:00:00Z,SYNTH
API-ASCORBIC-ACID,2023-08-01,1079.6094,402911.02,FlowForge synthetic (TradeStat not downloaded; see ingest/tradestat.py),,2026-09-27T00:00:00Z,SYNTH
API-ASCORBIC-ACID,2023-09-01,1046.9409,277266.516,FlowForge synthetic (TradeStat not downloaded; see ingest/tradestat.py),,2026-09-27T00:00:00Z,SYNTH
API-ASCORBIC-ACID,2023-10-01,1040.6209,397428.561,FlowForge synthetic (TradeStat not downloaded; see ingest/tradestat.py),,2026-09-27T00:00:00Z,SYNTH
API-ASCORBIC-ACID,2023-11-01,1001.9705,482398.757,FlowForge synthetic (TradeStat not downloaded; see ingest/tradestat.py),,2026-09-27T00:00:00Z,SYNTH
API-ASCORBIC-ACID,2023-12-01,1027.5632,201217.439,FlowForge synthetic (TradeStat not downloaded; see ingest/tradestat.py),,2026-09-27T00:00:00Z,SYNTH
API-ASCORBIC-ACID,2024-01-01,1060.5956,311269.636,FlowForge synthetic (TradeStat not downloaded; see ingest/tradestat.py),,2026-09-27T00:00:00Z,SYNTH
API-ASCORBIC-ACID,2024-02-01,1046.0236,259242.05,FlowForge synthetic (TradeStat not downloaded; see ingest/tradestat.py),,2026-09-27T00:00:00Z,SYNTH
API-ASCORBIC-ACID,2024-03-01,1108.6585,339012.407,FlowForge synthetic (TradeStat not downloaded; see ingest/tradestat.py),,2026-09-27T00:00:00Z,SYNTH
API-ASCORBIC-ACID,2024-04-01,1102.8601,436215.734,FlowForge synthetic (TradeStat not downloaded; see ingest/tradestat.py),,2026-09-27T00:00:00Z,SYNTH
API-ASCORBIC-ACID,2024-05-01,1111.772,300839.068,FlowForge synthetic (TradeStat not downloaded; see ingest/tradestat.py),,2026-09-27T00:00:00Z,SYNTH
API-ASCORBIC-ACID,2024-06-01,1123.8265,254659.017,FlowForge synthetic (TradeStat not downloaded; see ingest/tradestat.py),,2026-09-27T00:00:00Z,SYNTH
API-ASCORBIC-ACID,2024-07-01,1189.6837,549106.207,FlowForge synthetic (TradeStat not downloaded; see ingest/tradestat.py),,2026-09-27T00:00:00Z,SYNTH
API-ASCORBIC-ACID,2024-08-01,1188.4205,585787.302,FlowForge synthetic (TradeStat not downloaded; see ingest/tradestat.py),,2026-09-27T00:00:00Z,SYNTH
API-ASCORBIC-ACID,2024-09-01,1202.0948,376302.107,FlowForge synthetic (TradeStat not downloaded; see ingest/tradestat.py),,2026-09-27T00:00:00Z,SYNTH
API-ASCORBIC-ACID,2024-10-01,1229.5722,314909.204,FlowForge synthetic (TradeStat not downloaded; see ingest/tradestat.py),,2026-09-27T00:00:00Z,SYNTH
API-ASCORBIC-ACID,2024-11-01,1269.1093,534958.32,FlowForge synthetic (TradeStat not downloaded; see ingest/tradestat.py),,2026-09-27T00:00:00Z,SYNTH
API-ASCORBIC-ACID,2024-12-01,1259.3139,268043.867,FlowForge synthetic (TradeStat not downloaded; see ingest/tradestat.py),,2026-09-27T00:00:00Z,SYNTH
API-ASCORBIC-ACID,2025-01-01,1263.9391,280324.198,FlowForge synthetic (TradeStat not downloaded; see ingest/tradestat.py),,2026-09-27T00:00:00Z,SYNTH
API-ASCORBIC-ACID,2025-02-01,1332.9786,522889.608,FlowForge synthetic (TradeStat not downloaded; see ingest/tradestat.py),,2026-09-27T00:00:00Z,SYNTH
API-ASCORBIC-ACID,2025-03-01,1360.5583,556553.915,FlowForge synthetic (TradeStat not downloaded; see ingest/tradestat.py),,2026-09-27T00:00:00Z,SYNTH
API-ASCORBIC-ACID,2025-04-01,1403.6866,462568.34,FlowForge synthetic (TradeStat not downloaded; see ingest/tradestat.py),,2026-09-27T00:00:00Z,SYNTH
API-ASCORBIC-ACID,2025-05-01,1399.0344,287799.009,FlowForge synthetic (TradeStat not downloaded; see ingest/tradestat.py),,2026-09-27T00:00:00Z,SYNTH
API-ASCORBIC-ACID,2025-06-01,1415.6855,335197.483,FlowForge synthetic (TradeStat not downloaded; see ingest/tradestat.py),,2026-09-27T00:00:00Z,SYNTH
API-ASCORBIC-ACID,2025-07-01,1443.5282,211606.27,FlowForge synthetic (TradeStat not downloaded; see ingest/tradestat.py),,2026-09-27T00:00:00Z,SYNTH
API-ASCORBIC-ACID,2025-08-01,1384.2529,213257.05,FlowForge synthetic (TradeStat not downloaded; see ingest/tradestat.py),,2026-09-27T00:00:00Z,SYNTH
API-ASCORBIC-ACID,2025-09-01,1342.5751,169674.323,FlowForge synthetic (TradeStat not downloaded; see ingest/tradestat.py),,2026-09-27T00:00:00Z,SYNTH
API-ASCORBIC-ACID,2025-10-01,1308.0863,314840.23,FlowForge synthetic (TradeStat not downloaded; see ingest/tradestat.py),,2026-09-27T00:00:00Z,SYNTH
API-ASCORBIC-ACID,2025-11-01,1293.4831,354989.232,FlowForge synthetic (TradeStat not downloaded; see ingest/tradestat.py),,2026-09-27T00:00:00Z,SYNTH
API-ASCORBIC-ACID,2025-12-01,1277.7943,311571.967,FlowForge synthetic (TradeStat not downloaded; see ingest/tradestat.py),,2026-09-27T00:00:00Z,SYNTH
API-ASCORBIC-ACID,2026-01-01,1264.0662,399777.612,FlowForge synthetic (TradeStat not downloaded; see ingest/tradestat.py),,2026-09-27T00:00:00Z,SYNTH
API-ASCORBIC-ACID,2026-02-01,1287.6602,170381.555,FlowForge synthetic (TradeStat not downloaded; see ingest/tradestat.py),,2026-09-27T00:00:00Z,SYNTH
API-ASCORBIC-ACID,2026-03-01,1290.4687,251256.501,FlowForge synthetic (TradeStat not downloaded; see ingest/tradestat.py),,2026-09-27T00:00:00Z,SYNTH
API-ASCORBIC-ACID,2026-04-01,1295.066,168047.876,FlowForge synthetic (TradeStat not downloaded; see ingest/tradestat.py),,2026-09-27T00:00:00Z,SYNTH
API-ASCORBIC-ACID,2026-05-01,1296.6467,254584.648,FlowForge synthetic (TradeStat not downloaded; see ingest/tradestat.py),,2026-09-27T00:00:00Z,SYNTH
API-ASCORBIC-ACID,2026-06-01,1324.1596,231246.515,FlowForge synthetic (TradeStat not downloaded; see ingest/tradestat.py),,2026-09-27T00:00:00Z,SYNTH
API-ASCORBIC-ACID,2026-07-01,1380.3323,468041.387,FlowForge synthetic (TradeStat not downloaded; see ingest/tradestat.py),,2026-09-27T00:00:00Z,SYNTH
API-ASCORBIC-ACID,2026-08-01,1473.3709,319632.987,FlowForge synthetic (TradeStat not downloaded; see ingest/tradestat.py),,2026-09-27T00:00:00Z,SYNTH
API-ASCORBIC-ACID,2026-09-01,1424.7293,424021.916,FlowForge synthetic (TradeStat not downloaded; see ingest/tradestat.py),,2026-09-27T00:00:00Z,SYNTH
API-ATROPINE,2019-01-01,10987968.551,255940.113,FlowForge synthetic (TradeStat not downloaded; see ingest/tradestat.py),,2026-09-27T00:00:00Z,SYNTH
API-ATROPINE,2019-02-01,10582663.2148,156844.663,FlowForge synthetic (TradeStat not downloaded; see ingest/tradestat.py),,2026-09-27T00:00:00Z,SYNTH
API-ATROPINE,2019-03-01,10350022.7915,456721.077,FlowForge synthetic (TradeStat not downloaded; see ingest/tradestat.py),,2026-09-27T00:00:00Z,SYNTH
API-ATROPINE,2019-04-01,10139044.1195,264689.851,FlowForge synthetic (TradeStat not downloaded; see ingest/tradestat.py),,2026-09-27T00:00:00Z,SYNTH
API-ATROPINE,2019-05-01,9582374.5902,371724.869,FlowForge synthetic (TradeStat not downloaded; see ingest/tradestat.py),,2026-09-27T00:00:00Z,SYNTH
API-ATROPINE,2019-06-01,9143732.0267,470221.695,FlowForge synthetic (TradeStat not downloaded; see ingest/tradestat.py),,2026-09-27T00:00:00Z,SYNTH
API-ATROPINE,2019-07-01,9138017.4129,284957.552,FlowForge synthetic (TradeStat not downloaded; see ingest/tradestat.py),,2026-09-27T00:00:00Z,SYNTH
API-ATROPINE,2019-08-01,8810017.4218,291206.51,FlowForge synthetic (TradeStat not downloaded; see ingest/tradestat.py),,2026-09-27T00:00:00Z,SYNTH
API-ATROPINE,2019-09-01,8326071.1884,290600.04,FlowForge synthetic (TradeStat not downloaded; see ingest/tradestat.py),,2026-09-27T00:00:00Z,SYNTH
API-ATROPINE,2019-10-01,8227280.9695,238509.178,FlowForge synthetic (TradeStat not downloaded; see ingest/tradestat.py),,2026-09-27T00:00:00Z,SYNTH
API-ATROPINE,2019-11-01,8448631.4399,269925.602,FlowForge synthetic (TradeStat not downloaded; see ingest/tradestat.py),,2026-09-27T00:00:00Z,SYNTH
API-ATROPINE,2019-12-01,8890100.1459,531579.504,FlowForge synthetic (TradeStat not downloaded; see ingest/tradestat.py),,2026-09-27T00:00:00Z,SYNTH
API-ATROPINE,2020-01-01,8584407.1268,413891.263,FlowForge synthetic (TradeStat not downloaded; see ingest/tradestat.py),,2026-09-27T00:00:00Z,SYNTH
API-ATROPINE,2020-02-01,8675755.36,303650.663,FlowForge synthetic (TradeStat not downloaded; see ingest/tradestat.py),,2026-09-27T00:00:00Z,SYNTH
API-ATROPINE,2020-03-01,8235089.5233,540060.895,FlowForge synthetic (TradeStat not downloaded; see ingest/tradestat.py),,2026-09-27T00:00:00Z,SYNTH
API-ATROPINE,2020-04-01,8028836.8402,352675.602,FlowForge synthetic (TradeStat not downloaded; see ingest/tradestat.py),,2026-09-27T00:00:00Z,SYNTH
API-ATROPINE,2020-05-01,8208000.7137,141004.199,FlowForge synthetic (TradeStat not downloaded; see ingest/tradestat.py),,2026-09-27T00:00:00Z,SYNTH
API-ATROPINE,2020-06-01,8268156.9545,324797.285,FlowForge synthetic (TradeStat not downloaded; see ingest/tradestat.py),,2026-09-27T00:00:00Z,SYNTH
API-ATROPINE,2020-07-01,7903949.6044,448702.861,FlowForge synthetic (TradeStat not downloaded; see ingest/tradestat.py),,2026-09-27T00:00:00Z,SYNTH
API-ATROPINE,2020-08-01,7621934.8965,404334.892,FlowForge synthetic (TradeStat not downloaded; see ingest/tradestat.py),,2026-09-27T00:00:00Z,SYNTH
API-ATROPINE,2020-09-01,7497696.5429,207867.164,FlowForge synthetic (TradeStat not downloaded; see ingest/tradestat.py),,2026-09-27T00:00:00Z,SYNTH
API-ATROPINE,2020-10-01,7626598.1417,119717.741,FlowForge synthetic (TradeStat not downloaded; see ingest/tradestat.py),,2026-09-27T00:00:00Z,SYNTH
API-ATROPINE,2020-11-01,8011894.4513,165165.208,FlowForge synthetic (TradeStat not downloaded; see ingest/tradestat.py),,2026-09-27T00:00:00Z,SYNTH
API-ATROPINE,2020-12-01,7567149.6635,255419.57,FlowForge synthetic (TradeStat not downloaded; see ingest/tradestat.py),,2026-09-27T00:00:00Z,SYNTH
API-ATROPINE,2021-01-01,7899183.49,299774.103,FlowForge synthetic (TradeStat not downloaded; see ingest/tradestat.py),,2026-09-27T00:00:00Z,SYNTH
API-ATROPINE,2021-02-01,8414136.7803,208688.031,FlowForge synthetic (TradeStat not downloaded; see ingest/tradestat.py),,2026-09-27T00:00:00Z,SYNTH
API-ATROPINE,2021-03-01,8720491.7261,287426.468,FlowForge synthetic (TradeStat not downloaded; see ingest/tradestat.py),,2026-09-27T00:00:00Z,SYNTH
API-ATROPINE,2021-04-01,8131762.2818,216610.946,FlowForge synthetic (TradeStat not downloaded; see ingest/tradestat.py),,2026-09-27T00:00:00Z,SYNTH
API-ATROPINE,2021-05-01,8259792.5027,404183.364,FlowForge synthetic (TradeStat not downloaded; see ingest/tradestat.py),,2026-09-27T00:00:00Z,SYNTH
API-ATROPINE,2021-06-01,8179856.9101,564710.328,FlowForge synthetic (TradeStat not downloaded; see ingest/tradestat.py),,2026-09-27T00:00:00Z,SYNTH
API-ATROPINE,2021-07-01,8402085.4555,261785.162,FlowForge synthetic (TradeStat not downloaded; see ingest/tradestat.py),,2026-09-27T00:00:00Z,SYNTH
API-ATROPINE,2021-08-01,8049076.3555,248943.209,FlowForge synthetic (TradeStat not downloaded; see ingest/tradestat.py),,2026-09-27T00:00:00Z,SYNTH
API-ATROPINE,2021-09-01,7562498.7617,152301.13,FlowForge synthetic (TradeStat not downloaded; see ingest/tradestat.py),,2026-09-27T00:00:00Z,SYNTH
API-ATROPINE,2021-10-01,7318900.5658,258516.234,FlowForge synthetic (TradeStat not downloaded; see ingest/tradestat.py),,2026-09-27T00:00:00Z,SYNTH
API-ATROPINE,2021-11-01,7515026.7282,199006.185,FlowForge synthetic (TradeStat not downloaded; see ingest/tradestat.py),,2026-09-27T00:00:00Z,SYNTH
API-ATROPINE,2021-12-01,7551138.2352,276557.551,FlowForge synthetic (TradeStat not downloaded; see ingest/tradestat.py),,2026-09-27T00:00:00Z,SYNTH
API-ATROPINE,2022-01-01,7288728.2535,374736.383,FlowForge synthetic (TradeStat not downloaded; see ingest/tradestat.py),,2026-09-27T00:00:00Z,SYNTH
API-ATROPINE,2022-02-01,7457786.6045,328967.689,FlowForge synthetic (TradeStat not downloaded; see ingest/tradestat.py),,2026-09-27T00:00:00Z,SYNTH
API-ATROPINE,2022-03-01,7171010.3305,352340.821,FlowForge synthetic (TradeStat not downloaded; see ingest/tradestat.py),,2026-09-27T00:00:00Z,SYNTH
API-ATROPINE,2022-04-01,7191501.3382,346553.233,FlowForge synthetic (TradeStat not downloaded; see ingest/tradestat.py),,2026-09-27T00:00:00Z,SYNTH
API-ATROPINE,2022-05-01,6965667.9767,429177.168,FlowForge synthetic (TradeStat not downloaded; see ingest/tradestat.py),,2026-09-27T00:00:00Z,SYNTH
API-ATROPINE,2022-06-01,6709016.5384,300540.287,FlowForge synthetic (TradeStat not downloaded; see ingest/tradestat.py),,2026-09-27T00:00:00Z,SYNTH
API-ATROPINE,2022-07-01,6645234.3327,269006.546,FlowForge synthetic (TradeStat not downloaded; see ingest/tradestat.py),,2026-09-27T00:00:00Z,SYNTH
API-ATROPINE,2022-08-01,6900850.7492,339864.971,FlowForge synthetic (TradeStat not downloaded; see ingest/tradestat.py),,2026-09-27T00:00:00Z,SYNTH
API-ATROPINE,2022-09-01,6616465.4267,387701.577,FlowForge synthetic (TradeStat not downloaded; see ingest/tradestat.py),,2026-09-27T00:00:00Z,SYNTH
API-ATROPINE,2022-10-01,6955919.749,440179.161,FlowForge synthetic (TradeStat not downloaded; see ingest/tradestat.py),,2026-09-27T00:00:00Z,SYNTH
API-ATROPINE,2022-11-01,6754355.4473,192068.87,FlowForge synthetic (TradeStat not downloaded; see ingest/tradestat.py),,2026-09-27T00:00:00Z,SYNTH
API-ATROPINE,2022-12-01,6720942.6748,450062.874,FlowForge synthetic (TradeStat not downloaded; see ingest/tradestat.py),,2026-09-27T00:00:00Z,SYNTH
API-ATROPINE,2023-01-01,6872747.3088,190212.99,FlowForge synthetic (TradeStat not downloaded; see ingest/tradestat.py),,2026-09-27T00:00:00Z,SYNTH
API-ATROPINE,2023-02-01,6566825.5588,329350.449,FlowForge synthetic (TradeStat not downloaded; see ingest/tradestat.py),,2026-09-27T00:00:00Z,SYNTH
API-ATROPINE,2023-03-01,6456283.6856,389034.75,FlowForge synthetic (TradeStat not downloaded; see ingest/tradestat.py),,2026-09-27T00:00:00Z,SYNTH
API-ATROPINE,2023-04-01,6501505.5456,313645.62,FlowForge synthetic (TradeStat not downloaded; see ingest/tradestat.py),,2026-09-27T00:00:00Z,SYNTH
API-ATROPINE,2023-05-01,6521614.103,242048.987,FlowForge synthetic (TradeStat not downloaded; see ingest/tradestat.py),,2026-09-27T00:00:00Z,SYNTH
API-ATROPINE,2023-06-01,6130911.343,204229.647,FlowForge synthetic (TradeStat not downloaded; see ingest/tradestat.py),,2026-09-27T00:00:00Z,SYNTH
API-ATROPINE,2023-07-01,6243965.5423,296200.975,FlowForge synthetic (TradeStat not downloaded; see ingest/tradestat.py),,2026-09-27T00:00:00Z,SYNTH
API-ATROPINE,2023-08-01,6286061.4953,310943.138,FlowForge synthetic (TradeStat not downloaded; see ingest/tradestat.py),,2026-09-27T00:00:00Z,SYNTH
API-ATROPINE,2023-09-01,6104887.277,326476.745,FlowForge synthetic (TradeStat not downloaded; see ingest/tradestat.py),,2026-09-27T00:00:00Z,SYNTH
API-ATROPINE,2023-10-01,5868711.8245,351392.886,FlowForge synthetic (TradeStat not downloaded; see ingest/tradestat.py),,2026-09-27T00:00:00Z,SYNTH
API-ATROPINE,2023-11-01,5904101.2447,319841.519,FlowForge synthetic (TradeStat not downloaded; see ingest/tradestat.py),,2026-09-27T00:00:00Z,SYNTH
API-ATROPINE,2023-12-01,6301108.8841,231523.134,FlowForge synthetic (TradeStat not downloaded; see ingest/tradestat.py),,2026-09-27T00:00:00Z,SYNTH
API-ATROPINE,2024-01-01,6183408.0005,761099.495,FlowForge synthetic (TradeStat not downloaded; see ingest/tradestat.py),,2026-09-27T00:00:00Z,SYNTH
API-ATROPINE,2024-02-01,6155666.8648,333961.285,FlowForge synthetic (TradeStat not downloaded; see ingest/tradestat.py),,2026-09-27T00:00:00Z,SYNTH
API-ATROPINE,2024-03-01,5898891.4424,409684.748,FlowForge synthetic (TradeStat not downloaded; see ingest/tradestat.py),,2026-09-27T00:00:00Z,SYNTH
API-ATROPINE,2024-04-01,6333101.5058,245594.95,FlowForge synthetic (TradeStat not downloaded; see ingest/tradestat.py),,2026-09-27T00:00:00Z,SYNTH
API-ATROPINE,2024-05-01,6553466.3396,478409.935,FlowForge synthetic (TradeStat not downloaded; see ingest/tradestat.py),,2026-09-27T00:00:00Z,SYNTH
API-ATROPINE,2024-06-01,6736645.8406,496507.725,FlowForge synthetic (TradeStat not downloaded; see ingest/tradestat.py),,2026-09-27T00:00:00Z,SYNTH
API-ATROPINE,2024-07-01,6863713.6514,137623.634,FlowForge synthetic (TradeStat not downloaded; see ingest/tradestat.py),,2026-09-27T00:00:00Z,SYNTH
API-ATROPINE,2024-08-01,6704000.676,297687.453,FlowForge synthetic (TradeStat not downloaded; see ingest/tradestat.py),,2026-09-27T00:00:00Z,SYNTH
API-ATROPINE,2024-09-01,6232323.8972,384511.601,FlowForge synthetic (TradeStat not downloaded; see ingest/tradestat.py),,2026-09-27T00:00:00Z,SYNTH
API-ATROPINE,2024-10-01,5991329.5333,180963.374,FlowForge synthetic (TradeStat not downloaded; see ingest/tradestat.py),,2026-09-27T00:00:00Z,SYNTH
API-ATROPINE,2024-11-01,6173027.9921,379689.118,FlowForge synthetic (TradeStat not downloaded; see ingest/tradestat.py),,2026-09-27T00:00:00Z,SYNTH
API-ATROPINE,2024-12-01,6231034.1952,231391.377,FlowForge synthetic (TradeStat not downloaded; see ingest/tradestat.py),,2026-09-27T00:00:00Z,SYNTH
API-ATROPINE,2025-01-01,6263179.2408,297686.359,FlowForge synthetic (TradeStat not downloaded; see ingest/tradestat.py),,2026-09-27T00:00:00Z,SYNTH
API-ATROPINE,2025-02-01,6457095.0646,254067.926,FlowForge synthetic (TradeStat not downloaded; see ingest/tradestat.py),,2026-09-27T00:00:00Z,SYNTH
API-ATROPINE,2025-03-01,6151212.4211,381612.116,FlowForge synthetic (TradeStat not downloaded; see ingest/tradestat.py),,2026-09-27T00:00:00Z,SYNTH
API-ATROPINE,2025-04-01,6133591.9909,382885.686,FlowForge synthetic (TradeStat not downloaded; see ingest/tradestat.py),,2026-09-27T00:00:00Z,SYNTH
API-ATROPINE,2025-05-01,6194469.8441,191586.747,FlowForge synthetic (TradeStat not downloaded; see ingest/tradestat.py),,2026-09-27T00:00:00Z,SYNTH
API-ATROPINE,2025-06-01,6048422.0925,369968.622,FlowForge synthetic (TradeStat not downloaded; see ingest/tradestat.py),,2026-09-27T00:00:00Z,SYNTH
API-ATROPINE,2025-07-01,6446390.6629,430107.892,FlowForge synthetic (TradeStat not downloaded; see ingest/tradestat.py),,2026-09-27T00:00:00Z,SYNTH
API-ATROPINE,2025-08-01,6487871.6354,195836.747,FlowForge synthetic (TradeStat not downloaded; see ingest/tradestat.py),,2026-09-27T00:00:00Z,SYNTH
API-ATROPINE,2025-09-01,6159010.7998,783205.98,FlowForge synthetic (TradeStat not downloaded; see ingest/tradestat.py),,2026-09-27T00:00:00Z,SYNTH
API-ATROPINE,2025-10-01,6287810.987,393980.993,FlowForge synthetic (TradeStat not downloaded; see ingest/tradestat.py),,2026-09-27T00:00:00Z,SYNTH
API-ATROPINE,2025-11-01,6648964.5645,235175.269,FlowForge synthetic (TradeStat not downloaded; see ingest/tradestat.py),,2026-09-27T00:00:00Z,SYNTH
API-ATROPINE,2025-12-01,6639519.4504,301855.554,FlowForge synthetic (TradeStat not downloaded; see ingest/tradestat.py),,2026-09-27T00:00:00Z,SYNTH
API-ATROPINE,2026-01-01,6515101.0387,203003.83,FlowForge synthetic (TradeStat not downloaded; see ingest/tradestat.py),,2026-09-27T00:00:00Z,SYNTH
API-ATROPINE,2026-02-01,6589593.2417,206047.46,FlowForge synthetic (TradeStat not downloaded; see ingest/tradestat.py),,2026-09-27T00:00:00Z,SYNTH
API-ATROPINE,2026-03-01,6470243.9677,495773.126,FlowForge synthetic (TradeStat not downloaded; see ingest/tradestat.py),,2026-09-27T00:00:00Z,SYNTH
API-ATROPINE,2026-04-01,6396044.6509,390034.254,FlowForge synthetic (TradeStat not downloaded; see ingest/tradestat.py),,2026-09-27T00:00:00Z,SYNTH
API-ATROPINE,2026-05-01,6420225.1597,207816.555,FlowForge synthetic (TradeStat not downloaded; see ingest/tradestat.py),,2026-09-27T00:00:00Z,SYNTH
API-ATROPINE,2026-06-01,6762431.1502,286590.827,FlowForge synthetic (TradeStat not downloaded; see ingest/tradestat.py),,2026-09-27T00:00:00Z,SYNTH
API-ATROPINE,2026-07-01,6606191.1338,626707.205,FlowForge synthetic (TradeStat not downloaded; see ingest/tradestat.py),,2026-09-27T00:00:00Z,SYNTH
API-ATROPINE,2026-08-01,6588584.5029,305423.905,FlowForge synthetic (TradeStat not downloaded; see ingest/tradestat.py),,2026-09-27T00:00:00Z,SYNTH
API-ATROPINE,2026-09-01,6435635.3639,373817.09,FlowForge synthetic (TradeStat not downloaded; see ingest/tradestat.py),,2026-09-27T00:00:00Z,SYNTH
API-BENZYLPENICILLIN,2019-01-01,5310.9586,313028.106,FlowForge synthetic (TradeStat not downloaded; see ingest/tradestat.py),,2026-09-27T00:00:00Z,SYNTH
API-BENZYLPENICILLIN,2019-02-01,5382.0704,155854.376,FlowForge synthetic (TradeStat not downloaded; see ingest/tradestat.py),,2026-09-27T00:00:00Z,SYNTH
API-BENZYLPENICILLIN,2019-03-01,5691.8024,57763.049,FlowForge synthetic (TradeStat not downloaded; see ingest/tradestat.py),,2026-09-27T00:00:00Z,SYNTH
API-BENZYLPENICILLIN,2019-04-01,5575.89,139514.211,FlowForge synthetic (TradeStat not downloaded; see ingest/tradestat.py),,2026-09-27T00:00:00Z,SYNTH
API-BENZYLPENICILLIN,2019-05-01,5505.1302,144109.011,FlowForge synthetic (TradeStat not downloaded; see ingest/tradestat.py),,2026-09-27T00:00:00Z,SYNTH
API-BENZYLPENICILLIN,2019-06-01,5550.9629,117274.443,FlowForge synthetic (TradeStat not downloaded; see ingest/tradestat.py),,2026-09-27T00:00:00Z,SYNTH
API-BENZYLPENICILLIN,2019-07-01,5601.3136,155500.467,FlowForge synthetic (TradeStat not downloaded; see ingest/tradestat.py),,2026-09-27T00:00:00Z,SYNTH
API-BENZYLPENICILLIN,2019-08-01,5580.54,204878.943,FlowForge synthetic (TradeStat not downloaded; see ingest/tradestat.py),,2026-09-27T00:00:00Z,SYNTH
API-BENZYLPENICILLIN,2019-09-01,5568.6812,101136.971,FlowForge synthetic (TradeStat not downloaded; see ingest/tradestat.py),,2026-09-27T00:00:00Z,SYNTH
API-BENZYLPENICILLIN,2019-10-01,5740.2091,90915.68,FlowForge synthetic (TradeStat not downloaded; see ingest/tradestat.py),,2026-09-27T00:00:00Z,SYNTH
API-BENZYLPENICILLIN,2019-11-01,5751.7758,112712.173,FlowForge synthetic (TradeStat not downloaded; see ingest/tradestat.py),,2026-09-27T00:00:00Z,SYNTH
API-BENZYLPENICILLIN,2019-12-01,5654.6352,89398.717,FlowForge synthetic (TradeStat not downloaded; see ingest/tradestat.py),,2026-09-27T00:00:00Z,SYNTH
API-BENZYLPENICILLIN,2020-01-01,5752.5638,118822.928,FlowForge synthetic (TradeStat not downloaded; see ingest/tradestat.py),,2026-09-27T00:00:00Z,SYNTH
API-BENZYLPENICILLIN,2020-02-01,5756.084,276263.225,FlowForge synthetic (TradeStat not downloaded; see ingest/tradestat.py),,2026-09-27T00:00:00Z,SYNTH
API-BENZYLPENICILLIN,2020-03-01,5730.8541,154799.987,FlowForge synthetic (TradeStat not downloaded; see ingest/tradestat.py),,2026-09-27T00:00:00Z,SYNTH
API-BENZYLPENICILLIN,2020-04-01,5645.5992,206678.166,FlowForge synthetic (TradeStat not downloaded; see ingest/tradestat.py),,2026-09-27T00:00:00Z,SYNTH
API-BENZYLPENICILLIN,2020-05-01,5569.5253,175154.6,FlowForge synthetic (TradeStat not downloaded; see ingest/tradestat.py),,2026-09-27T00:00:00Z,SYNTH
API-BENZYLPENICILLIN,2020-06-01,5658.0563,104636.892,FlowForge synthetic (TradeStat not downloaded; see ingest/tradestat.py),,2026-09-27T00:00:00Z,SYNTH
API-BENZYLPENICILLIN,2020-07-01,5549.4732,138356.584,FlowForge synthetic (TradeStat not downloaded; see ingest/tradestat.py),,2026-09-27T00:00:00Z,SYNTH
API-BENZYLPENICILLIN,2020-08-01,5353.811,104007.173,FlowForge synthetic (TradeStat not downloaded; see ingest/tradestat.py),,2026-09-27T00:00:00Z,SYNTH
API-BENZYLPENICILLIN,2020-09-01,5414.3891,88382.375,FlowForge synthetic (TradeStat not downloaded; see ingest/tradestat.py),,2026-09-27T00:00:00Z,SYNTH
API-BENZYLPENICILLIN,2020-10-01,5471.8551,157203.055,FlowForge synthetic (TradeStat not downloaded; see ingest/tradestat.py),,2026-09-27T00:00:00Z,SYNTH
API-BENZYLPENICILLIN,2020-11-01,5519.894,110293.418,FlowForge synthetic (TradeStat not downloaded; see ingest/tradestat.py),,2026-09-27T00:00:00Z,SYNTH
API-BENZYLPENICILLIN,2020-12-01,5626.8238,188522.555,FlowForge synthetic (TradeStat not downloaded; see ingest/tradestat.py),,2026-09-27T00:00:00Z,SYNTH
API-BENZYLPENICILLIN,2021-01-01,5450.4477,187305.444,FlowForge synthetic (TradeStat not downloaded; see ingest/tradestat.py),,2026-09-27T00:00:00Z,SYNTH
API-BENZYLPENICILLIN,2021-02-01,5489.7427,188359.698,FlowForge synthetic (TradeStat not downloaded; see ingest/tradestat.py),,2026-09-27T00:00:00Z,SYNTH
API-BENZYLPENICILLIN,2021-03-01,5514.4626,184062.085,FlowForge synthetic (TradeStat not downloaded; see ingest/tradestat.py),,2026-09-27T00:00:00Z,SYNTH
API-BENZYLPENICILLIN,2021-04-01,5496.8862,150156.193,FlowForge synthetic (TradeStat not downloaded; see ingest/tradestat.py),,2026-09-27T00:00:00Z,SYNTH
API-BENZYLPENICILLIN,2021-05-01,5454.9628,214864.646,FlowForge synthetic (TradeStat not downloaded; see ingest/tradestat.py),,2026-09-27T00:00:00Z,SYNTH
API-BENZYLPENICILLIN,2021-06-01,5516.57,192859.132,FlowForge synthetic (TradeStat not downloaded; see ingest/tradestat.py),,2026-09-27T00:00:00Z,SYNTH
API-BENZYLPENICILLIN,2021-07-01,5406.0844,215866.671,FlowForge synthetic (TradeStat not downloaded; see ingest/tradestat.py),,2026-09-27T00:00:00Z,SYNTH
API-BENZYLPENICILLIN,2021-08-01,5300.8324,143648.0,FlowForge synthetic (TradeStat not downloaded; see ingest/tradestat.py),,2026-09-27T00:00:00Z,SYNTH
API-BENZYLPENICILLIN,2021-09-01,5228.9886,221035.833,FlowForge synthetic (TradeStat not downloaded; see ingest/tradestat.py),,2026-09-27T00:00:00Z,SYNTH
API-BENZYLPENICILLIN,2021-10-01,5416.2602,69619.723,FlowForge synthetic (TradeStat not downloaded; see ingest/tradestat.py),,2026-09-27T00:00:00Z,SYNTH
API-BENZYLPENICILLIN,2021-11-01,5472.9764,131958.695,FlowForge synthetic (TradeStat not downloaded; see ingest/tradestat.py),,2026-09-27T00:00:00Z,SYNTH
API-BENZYLPENICILLIN,2021-12-01,5752.5007,202450.84,FlowForge synthetic (TradeStat not downloaded; see ingest/tradestat.py),,2026-09-27T00:00:00Z,SYNTH
API-BENZYLPENICILLIN,2022-01-01,5682.2438,106318.884,FlowForge synthetic (TradeStat not downloaded; see ingest/tradestat.py),,2026-09-27T00:00:00Z,SYNTH
API-BENZYLPENICILLIN,2022-02-01,5488.8746,102976.965,FlowForge synthetic (TradeStat not downloaded; see ingest/tradestat.py),,2026-09-27T00:00:00Z,SYNTH
API-BENZYLPENICILLIN,2022-03-01,5425.2236,245330.191,FlowForge synthetic (TradeStat not downloaded; see ingest/tradestat.py),,2026-09-27T00:00:00Z,SYNTH
API-BENZYLPENICILLIN,2022-04-01,5580.5597,96499.491,FlowForge synthetic (TradeStat not downloaded; see ingest/tradestat.py),,2026-09-27T00:00:00Z,SYNTH
API-BENZYLPENICILLIN,2022-05-01,5686.2154,136189.702,FlowForge synthetic (TradeStat not downloaded; see ingest/tradestat.py),,2026-09-27T00:00:00Z,SYNTH
API-BENZYLPENICILLIN,2022-06-01,5728.3598,211439.353,FlowForge synthetic (TradeStat not downloaded; see ingest/tradestat.py),,2026-09-27T00:00:00Z,SYNTH
API-BENZYLPENICILLIN,2022-07-01,5723.8311,96189.545,FlowForge synthetic (TradeStat not downloaded; see ingest/tradestat.py),,2026-09-27T00:00:00Z,SYNTH
API-BENZYLPENICILLIN,2022-08-01,5681.8618,115055.983,FlowForge synthetic (TradeStat not downloaded; see ingest/tradestat.py),,2026-09-27T00:00:00Z,SYNTH
API-BENZYLPENICILLIN,2022-09-01,5837.2808,103141.916,FlowForge synthetic (TradeStat not downloaded; see ingest/tradestat.py),,2026-09-27T00:00:00Z,SYNTH
API-BENZYLPENICILLIN,2022-10-01,5799.1388,118413.123,FlowForge synthetic (TradeStat not downloaded; see ingest/tradestat.py),,2026-09-27T00:00:00Z,SYNTH
API-BENZYLPENICILLIN,2022-11-01,5727.5505,124817.789,FlowForge synthetic (TradeStat not downloaded; see ingest/tradestat.py),,2026-09-27T00:00:00Z,SYNTH
API-BENZYLPENICILLIN,2022-12-01,6054.9723,132801.541,FlowForge synthetic (TradeStat not downloaded; see ingest/tradestat.py),,2026-09-27T00:00:00Z,SYNTH
API-BENZYLPENICILLIN,2023-01-01,5990.8751,123093.038,FlowForge synthetic (TradeStat not downloaded; see ingest/tradestat.py),,2026-09-27T00:00:00Z,SYNTH
API-BENZYLPENICILLIN,2023-02-01,6010.2282,262526.1,FlowForge synthetic (TradeStat not downloaded; see ingest/tradestat.py),,2026-09-27T00:00:00Z,SYNTH
API-BENZYLPENICILLIN,2023-03-01,6015.4772,97835.401,FlowForge synthetic (TradeStat not downloaded; see ingest/tradestat.py),,2026-09-27T00:00:00Z,SYNTH
API-BENZYLPENICILLIN,2023-04-01,5801.0049,138906.476,FlowForge synthetic (TradeStat not downloaded; see ingest/tradestat.py),,2026-09-27T00:00:00Z,SYNTH
API-BENZYLPENICILLIN,2023-05-01,5688.9962,120274.364,FlowForge synthetic (TradeStat not downloaded; see ingest/tradestat.py),,2026-09-27T00:00:00Z,SYNTH
API-BENZYLPENICILLIN,2023-06-01,5753.1006,147761.941,FlowForge synthetic (TradeStat not downloaded; see ingest/tradestat.py),,2026-09-27T00:00:00Z,SYNTH
API-BENZYLPENICILLIN,2023-07-01,5724.2466,96666.833,FlowForge synthetic (TradeStat not downloaded; see ingest/tradestat.py),,2026-09-27T00:00:00Z,SYNTH
API-BENZYLPENICILLIN,2023-08-01,5736.8644,83741.775,FlowForge synthetic (TradeStat not downloaded; see ingest/tradestat.py),,2026-09-27T00:00:00Z,SYNTH
API-BENZYLPENICILLIN,2023-09-01,5623.307,206524.828,FlowForge synthetic (TradeStat not downloaded; see ingest/tradestat.py),,2026-09-27T00:00:00Z,SYNTH
API-BENZYLPENICILLIN,2023-10-01,5654.4926,100859.213,FlowForge synthetic (TradeStat not downloaded; see ingest/tradestat.py),,2026-09-27T00:00:00Z,SYNTH
API-BENZYLPENICILLIN,2023-11-01,5892.874,138213.824,FlowForge synthetic (TradeStat not downloaded; see ingest/tradestat.py),,2026-09-27T00:00:00Z,SYNTH
API-BENZYLPENICILLIN,2023-12-01,5963.5007,143796.97,FlowForge synthetic (TradeStat not downloaded; see ingest/tradestat.py),,2026-09-27T00:00:00Z,SYNTH
API-BENZYLPENICILLIN,2024-01-01,5847.4932,268061.946,FlowForge synthetic (TradeStat not downloaded; see ingest/tradestat.py),,2026-09-27T00:00:00Z,SYNTH
API-BENZYLPENICILLIN,2024-02-01,6064.8174,57112.571,FlowForge synthetic (TradeStat not downloaded; see ingest/tradestat.py),,2026-09-27T00:00:00Z,SYNTH
API-BENZYLPENICILLIN,2024-03-01,6140.1288,194145.884,FlowForge synthetic (TradeStat not downloaded; see ingest/tradestat.py),,2026-09-27T00:00:00Z,SYNTH
API-BENZYLPENICILLIN,2024-04-01,6158.4709,98217.434,FlowForge synthetic (TradeStat not downloaded; see ingest/tradestat.py),,2026-09-27T00:00:00Z,SYNTH
API-BENZYLPENICILLIN,2024-05-01,6344.9159,154817.722,FlowForge synthetic (TradeStat not downloaded; see ingest/tradestat.py),,2026-09-27T00:00:00Z,SYNTH
API-BENZYLPENICILLIN,2024-06-01,6300.0119,122998.524,FlowForge synthetic (TradeStat not downloaded; see ingest/tradestat.py),,2026-09-27T00:00:00Z,SYNTH
API-BENZYLPENICILLIN,2024-07-01,6262.6194,99599.691,FlowForge synthetic (TradeStat not downloaded; see ingest/tradestat.py),,2026-09-27T00:00:00Z,SYNTH
API-BENZYLPENICILLIN,2024-08-01,6363.3325,144350.732,FlowForge synthetic (TradeStat not downloaded; see ingest/tradestat.py),,2026-09-27T00:00:00Z,SYNTH
API-BENZYLPENICILLIN,2024-09-01,6498.8001,95273.474,FlowForge synthetic (TradeStat not downloaded; see ingest/tradestat.py),,2026-09-27T00:00:00Z,SYNTH
API-BENZYLPENICILLIN,2024-10-01,6684.7783,146165.32,FlowForge synthetic (TradeStat not downloaded; see ingest/tradestat.py),,2026-09-27T00:00:00Z,SYNTH
API-BENZYLPENICILLIN,2024-11-01,6824.1231,165968.881,FlowForge synthetic (TradeStat not downloaded; see ingest/tradestat.py),,2026-09-27T00:00:00Z,SYNTH
API-BENZYLPENICILLIN,2024-12-01,7062.457,143026.142,FlowForge synthetic (TradeStat not downloaded; see ingest/tradestat.py),,2026-09-27T00:00:00Z,SYNTH
API-BENZYLPENICILLIN,2025-01-01,6909.9661,179142.124,FlowForge synthetic (TradeStat not downloaded; see ingest/tradestat.py),,2026-09-27T00:00:00Z,SYNTH
API-BENZYLPENICILLIN,2025-02-01,7185.7317,116913.286,FlowForge synthetic (TradeStat not downloaded; see ingest/tradestat.py),,2026-09-27T00:00:00Z,SYNTH
API-BENZYLPENICILLIN,2025-03-01,7491.6599,126003.419,FlowForge synthetic (TradeStat not downloaded; see ingest/tradestat.py),,2026-09-27T00:00:00Z,SYNTH
API-BENZYLPENICILLIN,2025-04-01,7790.3298,58040.41,FlowForge synthetic (TradeStat not downloaded; see ingest/tradestat.py),,2026-09-27T00:00:00Z,SYNTH
API-BENZYLPENICILLIN,2025-05-01,7950.2101,108858.509,FlowForge synthetic (TradeStat not downloaded; see ingest/tradestat.py),,2026-09-27T00:00:00Z,SYNTH
API-BENZYLPENICILLIN,2025-06-01,8052.658,141182.29,FlowForge synthetic (TradeStat not downloaded; see ingest/tradestat.py),,2026-09-27T00:00:00Z,SYNTH
API-BENZYLPENICILLIN,2025-07-01,8375.2191,99793.329,FlowForge synthetic (TradeStat not downloaded; see ingest/tradestat.py),,2026-09-27T00:00:00Z,SYNTH
API-BENZYLPENICILLIN,2025-08-01,8304.6745,176887.426,FlowForge synthetic (TradeStat not downloaded; see ingest/tradestat.py),,2026-09-27T00:00:00Z,SYNTH
API-BENZYLPENICILLIN,2025-09-01,8020.7626,211672.529,FlowForge synthetic (TradeStat not downloaded; see ingest/tradestat.py),,2026-09-27T00:00:00Z,SYNTH
API-BENZYLPENICILLIN,2025-10-01,8352.6571,148830.318,FlowForge synthetic (TradeStat not downloaded; see ingest/tradestat.py),,2026-09-27T00:00:00Z,SYNTH
API-BENZYLPENICILLIN,2025-11-01,8450.8531,122267.467,FlowForge synthetic (TradeStat not downloaded; see ingest/tradestat.py),,2026-09-27T00:00:00Z,SYNTH
API-BENZYLPENICILLIN,2025-12-01,8523.4551,236499.415,FlowForge synthetic (TradeStat not downloaded; see ingest/tradestat.py),,2026-09-27T00:00:00Z,SYNTH
API-BENZYLPENICILLIN,2026-01-01,8409.8176,128176.774,FlowForge synthetic (TradeStat not downloaded; see ingest/tradestat.py),,2026-09-27T00:00:00Z,SYNTH
API-BENZYLPENICILLIN,2026-02-01,8520.8578,116262.241,FlowForge synthetic (TradeStat not downloaded; see ingest/tradestat.py),,2026-09-27T00:00:00Z,SYNTH
API-BENZYLPENICILLIN,2026-03-01,8304.9273,94825.587,FlowForge synthetic (TradeStat not downloaded; see ingest/tradestat.py),,2026-09-27T00:00:00Z,SYNTH
API-BENZYLPENICILLIN,2026-04-01,8458.9947,112850.387,FlowForge synthetic (TradeStat not downloaded; see ingest/tradestat.py),,2026-09-27T00:00:00Z,SYNTH
API-BENZYLPENICILLIN,2026-05-01,8247.9047,194097.684,FlowForge synthetic (TradeStat not downloaded; see ingest/tradestat.py),,2026-09-27T00:00:00Z,SYNTH
API-BENZYLPENICILLIN,2026-06-01,8428.0334,147219.54,FlowForge synthetic (TradeStat not downloaded; see ingest/tradestat.py),,2026-09-27T00:00:00Z,SYNTH
API-BENZYLPENICILLIN,2026-07-01,8506.9963,128009.91,FlowForge synthetic (TradeStat not downloaded; see ingest/tradestat.py),,2026-09-27T00:00:00Z,SYNTH
API-BENZYLPENICILLIN,2026-08-01,8581.4686,203068.028,FlowForge synthetic (TradeStat not downloaded; see ingest/tradestat.py),,2026-09-27T00:00:00Z,SYNTH
API-BENZYLPENICILLIN,2026-09-01,8465.7236,99480.9,FlowForge synthetic (TradeStat not downloaded; see ingest/tradestat.py),,2026-09-27T00:00:00Z,SYNTH
API-BUDESONIDE,2019-01-01,33869141.7705,424893.968,FlowForge synthetic (TradeStat not downloaded; see ingest/tradestat.py),,2026-09-27T00:00:00Z,SYNTH
API-BUDESONIDE,2019-02-01,34718744.1326,243149.308,FlowForge synthetic (TradeStat not downloaded; see ingest/tradestat.py),,2026-09-27T00:00:00Z,SYNTH
API-BUDESONIDE,2019-03-01,34949931.9519,287978.231,FlowForge synthetic (TradeStat not downloaded; see ingest/tradestat.py),,2026-09-27T00:00:00Z,SYNTH
API-BUDESONIDE,2019-04-01,32607292.8844,666559.992,FlowForge synthetic (TradeStat not downloaded; see ingest/tradestat.py),,2026-09-27T00:00:00Z,SYNTH
API-BUDESONIDE,2019-05-01,31181129.4463,324649.33,FlowForge synthetic (TradeStat not downloaded; see ingest/tradestat.py),,2026-09-27T00:00:00Z,SYNTH
API-BUDESONIDE,2019-06-01,30827593.7565,362100.879,FlowForge synthetic (TradeStat not downloaded; see ingest/tradestat.py),,2026-09-27T00:00:00Z,SYNTH
API-BUDESONIDE,2019-07-01,30339792.2332,458590.724,FlowForge synthetic (TradeStat not downloaded; see ingest/tradestat.py),,2026-09-27T00:00:00Z,SYNTH
API-BUDESONIDE,2019-08-01,29022723.6942,401010.206,FlowForge synthetic (TradeStat not downloaded; see ingest/tradestat.py),,2026-09-27T00:00:00Z,SYNTH
API-BUDESONIDE,2019-09-01,27166070.0896,227202.81,FlowForge synthetic (TradeStat not downloaded; see ingest/tradestat.py),,2026-09-27T00:00:00Z,SYNTH
API-BUDESONIDE,2019-10-01,28264903.7633,189236.193,FlowForge synthetic (TradeStat not downloaded; see ingest/tradestat.py),,2026-09-27T00:00:00Z,SYNTH
API-BUDESONIDE,2019-11-01,27311530.7744,241035.305,FlowForge synthetic (TradeStat not downloaded; see ingest/tradestat.py),,2026-09-27T00:00:00Z,SYNTH
API-BUDESONIDE,2019-12-01,28424674.2163,554173.294,FlowForge synthetic (TradeStat not downloaded; see ingest/tradestat.py),,2026-09-27T00:00:00Z,SYNTH
API-BUDESONIDE,2020-01-01,27545978.135,338139.063,FlowForge synthetic (TradeStat not downloaded; see ingest/tradestat.py),,2026-09-27T00:00:00Z,SYNTH
API-BUDESONIDE,2020-02-01,27854953.1241,251121.571,FlowForge synthetic (TradeStat not downloaded; see ingest/tradestat.py),,2026-09-27T00:00:00Z,SYNTH
API-BUDESONIDE,2020-03-01,28285435.706,487042.268,FlowForge synthetic (TradeStat not downloaded; see ingest/tradestat.py),,2026-09-27T00:00:00Z,SYNTH
API-BUDESONIDE,2020-04-01,29795752.797,436046.711,FlowForge synthetic (TradeStat not downloaded; see ingest/tradestat.py),,2026-09-27T00:00:00Z,SYNTH
API-BUDESONIDE,2020-05-01,29925408.4102,258189.584,FlowForge synthetic (TradeStat not downloaded; see ingest/tradestat.py),,2026-09-27T00:00:00Z,SYNTH
API-BUDESONIDE,2020-06-01,29678214.3674,336266.779,FlowForge synthetic (TradeStat not downloaded; see ingest/tradestat.py),,2026-09-27T00:00:00Z,SYNTH
API-BUDESONIDE,2020-07-01,29735424.7045,491319.337,FlowForge synthetic (TradeStat not downloaded; see ingest/tradestat.py),,2026-09-27T00:00:00Z,SYNTH
API-BUDESONIDE,2020-08-01,30378910.8733,344616.32,FlowForge synthetic (TradeStat not downloaded; see ingest/tradestat.py),,2026-09-27T00:00:00Z,SYNTH
API-BUDESONIDE,2020-09-01,30517238.3268,338666.198,FlowForge synthetic (TradeStat not downloaded; see ingest/tradestat.py),,2026-09-27T00:00:00Z,SYNTH
API-BUDESONIDE,2020-10-01,32268572.1688,551054.467,FlowForge synthetic (TradeStat not downloaded; see ingest/tradestat.py),,2026-09-27T00:00:00Z,SYNTH
API-BUDESONIDE,2020-11-01,32146185.234,460243.428,FlowForge synthetic (TradeStat not downloaded; see ingest/tradestat.py),,2026-09-27T00:00:00Z,SYNTH
API-BUDESONIDE,2020-12-01,31418173.5011,456868.655,FlowForge synthetic (TradeStat not downloaded; see ingest/tradestat.py),,2026-09-27T00:00:00Z,SYNTH
API-BUDESONIDE,2021-01-01,30406761.0644,390843.397,FlowForge synthetic (TradeStat not downloaded; see ingest/tradestat.py),,2026-09-27T00:00:00Z,SYNTH
API-BUDESONIDE,2021-02-01,30116828.6876,557531.155,FlowForge synthetic (TradeStat not downloaded; see ingest/tradestat.py),,2026-09-27T00:00:00Z,SYNTH
API-BUDESONIDE,2021-03-01,28821465.356,284366.797,FlowForge synthetic (TradeStat not downloaded; see ingest/tradestat.py),,2026-09-27T00:00:00Z,SYNTH
API-BUDESONIDE,2021-04-01,27362968.456,264697.707,FlowForge synthetic (TradeStat not downloaded; see ingest/tradestat.py),,2026-09-27T00:00:00Z,SYNTH
API-BUDESONIDE,2021-05-01,27623040.5412,521756.014,FlowForge synthetic (TradeStat not downloaded; see ingest/tradestat.py),,2026-09-27T00:00:00Z,SYNTH
API-BUDESONIDE,2021-06-01,27735395.6731,392754.414,FlowForge synthetic (TradeStat not downloaded; see ingest/tradestat.py),,2026-09-27T00:00:00Z,SYNTH
API-BUDESONIDE,2021-07-01,26738532.9618,642451.256,FlowForge synthetic (TradeStat not downloaded; see ingest/tradestat.py),,2026-09-27T00:00:00Z,SYNTH
API-BUDESONIDE,2021-08-01,25636817.8494,634749.958,FlowForge synthetic (TradeStat not downloaded; see ingest/tradestat.py),,2026-09-27T00:00:00Z,SYNTH
API-BUDESONIDE,2021-09-01,28078393.8991,641667.795,FlowForge synthetic (TradeStat not downloaded; see ingest/tradestat.py),,2026-09-27T00:00:00Z,SYNTH
API-BUDESONIDE,2021-10-01,28320502.2485,392007.097,FlowForge synthetic (TradeStat not downloaded; see ingest/tradestat.py),,2026-09-27T00:00:00Z,SYNTH
API-BUDESONIDE,2021-11-01,26257647.3834,352661.001,FlowForge synthetic (TradeStat not downloaded; see ingest/tradestat.py),,2026-09-27T00:00:00Z,SYNTH
API-BUDESONIDE,2021-12-01,25686126.4639,304717.272,FlowForge synthetic (TradeStat not downloaded; see ingest/tradestat.py),,2026-09-27T00:00:00Z,SYNTH
API-BUDESONIDE,2022-01-01,22998778.2004,268066.663,FlowForge synthetic (TradeStat not downloaded; see ingest/tradestat.py),,2026-09-27T00:00:00Z,SYNTH
API-BUDESONIDE,2022-02-01,21968911.2538,289177.895,FlowForge synthetic (TradeStat not downloaded; see ingest/tradestat.py),,2026-09-27T00:00:00Z,SYNTH
API-BUDESONIDE,2022-03-01,21526897.6741,473846.685,FlowForge synthetic (TradeStat not downloaded; see ingest/tradestat.py),,2026-09-27T00:00:00Z,SYNTH
API-BUDESONIDE,2022-04-01,21561628.3535,320271.964,FlowForge synthetic (TradeStat not downloaded; see ingest/tradestat.py),,2026-09-27T00:00:00Z,SYNTH
API-BUDESONIDE,2022-05-01,22733265.6998,434160.419,FlowForge synthetic (TradeStat not downloaded; see ingest/tradestat.py),,2026-09-27T00:00:00Z,SYNTH
API-BUDESONIDE,2022-06-01,21489914.0719,404201.438,FlowForge synthetic (TradeStat not downloaded; see ingest/tradestat.py),,2026-09-27T00:00:00Z,SYNTH
API-BUDESONIDE,2022-07-01,20136526.6287,143194.372,FlowForge synthetic (TradeStat not downloaded; see ingest/tradestat.py),,2026-09-27T00:00:00Z,SYNTH
API-BUDESONIDE,2022-08-01,20096593.3461,264613.083,FlowForge synthetic (TradeStat not downloaded; see ingest/tradestat.py),,2026-09-27T00:00:00Z,SYNTH
API-BUDESONIDE,2022-09-01,20656378.8871,296150.051,FlowForge synthetic (TradeStat not downloaded; see ingest/tradestat.py),,2026-09-27T00:00:00Z,SYNTH
API-BUDESONIDE,2022-10-01,20992302.3443,370682.364,FlowForge synthetic (TradeStat not downloaded; see ingest/tradestat.py),,2026-09-27T00:00:00Z,SYNTH
API-BUDESONIDE,2022-11-01,21497470.1395,401737.243,FlowForge synthetic (TradeStat not downloaded; see ingest/tradestat.py),,2026-09-27T00:00:00Z,SYNTH
API-BUDESONIDE,2022-12-01,21185514.3771,389648.897,FlowForge synthetic (TradeStat not downloaded; see ingest/tradestat.py),,2026-09-27T00:00:00Z,SYNTH
API-BUDESONIDE,2023-01-01,21276842.9377,316839.369,FlowForge synthetic (TradeStat not downloaded; see ingest/tradestat.py),,2026-09-27T00:00:00Z,SYNTH
API-BUDESONIDE,2023-02-01,22044594.7121,383556.353,FlowForge synthetic (TradeStat not downloaded; see ingest/tradestat.py),,2026-09-27T00:00:00Z,SYNTH
API-BUDESONIDE,2023-03-01,20350268.1046,707884.944,FlowForge synthetic (TradeStat not downloaded; see ingest/tradestat.py),,2026-09-27T00:00:00Z,SYNTH
API-BUDESONIDE,2023-04-01,20207664.1247,448502.949,FlowForge synthetic (TradeStat not downloaded; see ingest/tradestat.py),,2026-09-27T00:00:00Z,SYNTH
API-BUDESONIDE,2023-05-01,19929359.0291,281747.911,FlowForge synthetic (TradeStat not downloaded; see ingest/tradestat.py),,2026-09-27T00:00:00Z,SYNTH
API-BUDESONIDE,2023-06-01,20112510.6732,246036.161,FlowForge synthetic (TradeStat not downloaded; see ingest/tradestat.py),,2026-09-27T00:00:00Z,SYNTH
API-BUDESONIDE,2023-07-01,19336798.455,891805.087,FlowForge synthetic (TradeStat not downloaded; see ingest/tradestat.py),,2026-09-27T00:00:00Z,SYNTH
API-BUDESONIDE,2023-08-01,19194226.953,256803.219,FlowForge synthetic (TradeStat not downloaded; see ingest/tradestat.py),,2026-09-27T00:00:00Z,SYNTH
API-BUDESONIDE,2023-09-01,19701874.7455,382813.373,FlowForge synthetic (TradeStat not downloaded; see ingest/tradestat.py),,2026-09-27T00:00:00Z,SYNTH
API-BUDESONIDE,2023-10-01,19269004.7074,333514.406,FlowForge synthetic (TradeStat not downloaded; see ingest/tradestat.py),,2026-09-27T00:00:00Z,SYNTH
API-BUDESONIDE,2023-11-01,19070490.8969,220027.794,FlowForge synthetic (TradeStat not downloaded; see ingest/tradestat.py),,2026-09-27T00:00:00Z,SYNTH
API-BUDESONIDE,2023-12-01,20263122.9179,314256.249,FlowForge synthetic (TradeStat not downloaded; see ingest/tradestat.py),,2026-09-27T00:00:00Z,SYNTH
API-BUDESONIDE,2024-01-01,18955809.567,290994.077,FlowForge synthetic (TradeStat not downloaded; see ingest/tradestat.py),,2026-09-27T00:00:00Z,SYNTH
API-BUDESONIDE,2024-02-01,18722768.3999,488901.31,FlowForge synthetic (TradeStat not downloaded; see ingest/tradestat.py),,2026-09-27T00:00:00Z,SYNTH
API-BUDESONIDE,2024-03-01,18729015.4413,300569.259,FlowForge synthetic (TradeStat not downloaded; see ingest/tradestat.py),,2026-09-27T00:00:00Z,SYNTH
API-BUDESONIDE,2024-04-01,18800072.5394,347986.394,FlowForge synthetic (TradeStat not downloaded; see ingest/tradestat.py),,2026-09-27T00:00:00Z,SYNTH
API-BUDESONIDE,2024-05-01,19097887.678,479655.528,FlowForge synthetic (TradeStat not downloaded; see ingest/tradestat.py),,2026-09-27T00:00:00Z,SYNTH
API-BUDESONIDE,2024-06-01,19266791.2785,428140.522,FlowForge synthetic (TradeStat not downloaded; see ingest/tradestat.py),,2026-09-27T00:00:00Z,SYNTH
API-BUDESONIDE,2024-07-01,17486940.8838,426689.421,FlowForge synthetic (TradeStat not downloaded; see ingest/tradestat.py),,2026-09-27T00:00:00Z,SYNTH
API-BUDESONIDE,2024-08-01,17121809.5339,583418.465,FlowForge synthetic (TradeStat not downloaded; see ingest/tradestat.py),,2026-09-27T00:00:00Z,SYNTH
API-BUDESONIDE,2024-09-01,17366286.219,390270.347,FlowForge synthetic (TradeStat not downloaded; see ingest/tradestat.py),,2026-09-27T00:00:00Z,SYNTH
API-BUDESONIDE,2024-10-01,18074815.2625,491595.599,FlowForge synthetic (TradeStat not downloaded; see ingest/tradestat.py),,2026-09-27T00:00:00Z,SYNTH
API-BUDESONIDE,2024-11-01,18779578.1284,387810.453,FlowForge synthetic (TradeStat not downloaded; see ingest/tradestat.py),,2026-09-27T00:00:00Z,SYNTH
API-BUDESONIDE,2024-12-01,17421332.2864,587954.608,FlowForge synthetic (TradeStat not downloaded; see ingest/tradestat.py),,2026-09-27T00:00:00Z,SYNTH
API-BUDESONIDE,2025-01-01,16717414.5889,354873.256,FlowForge synthetic (TradeStat not downloaded; see ingest/tradestat.py),,2026-09-27T00:00:00Z,SYNTH
API-BUDESONIDE,2025-02-01,17321506.8624,280993.457,FlowForge synthetic (TradeStat not downloaded; see ingest/tradestat.py),,2026-09-27T00:00:00Z,SYNTH
API-BUDESONIDE,2025-03-01,17374621.77,268674.23,FlowForge synthetic (TradeStat not downloaded; see ingest/tradestat.py),,2026-09-27T00:00:00Z,SYNTH
API-BUDESONIDE,2025-04-01,16403542.882,549581.258,FlowForge synthetic (TradeStat not downloaded; see ingest/tradestat.py),,2026-09-27T00:00:00Z,SYNTH
API-BUDESONIDE,2025-05-01,16784403.8505,323824.106,FlowForge synthetic (TradeStat not downloaded; see ingest/tradestat.py),,2026-09-27T00:00:00Z,SYNTH
API-BUDESONIDE,2025-06-01,17416240.3325,261909.284,FlowForge synthetic (TradeStat not downloaded; see ingest/tradestat.py),,2026-09-27T00:00:00Z,SYNTH
API-BUDESONIDE,2025-07-01,16790555.4625,409855.102,FlowForge synthetic (TradeStat not downloaded; see ingest/tradestat.py),,2026-09-27T00:00:00Z,SYNTH
API-BUDESONIDE,2025-08-01,16813077.2735,489901.932,FlowForge synthetic (TradeStat not downloaded; see ingest/tradestat.py),,2026-09-27T00:00:00Z,SYNTH
API-BUDESONIDE,2025-09-01,16725863.0312,400254.056,FlowForge synthetic (TradeStat not downloaded; see ingest/tradestat.py),,2026-09-27T00:00:00Z,SYNTH
API-BUDESONIDE,2025-10-01,16536691.9199,369865.263,FlowForge synthetic (TradeStat not downloaded; see ingest/tradestat.py),,2026-09-27T00:00:00Z,SYNTH
API-BUDESONIDE,2025-11-01,15971301.105,481462.95,FlowForge synthetic (TradeStat not downloaded; see ingest/tradestat.py),,2026-09-27T00:00:00Z,SYNTH
API-BUDESONIDE,2025-12-01,15450192.506,212817.972,FlowForge synthetic (TradeStat not downloaded; see ingest/tradestat.py),,2026-09-27T00:00:00Z,SYNTH
API-BUDESONIDE,2026-01-01,14680678.4346,386148.862,FlowForge synthetic (TradeStat not downloaded; see ingest/tradestat.py),,2026-09-27T00:00:00Z,SYNTH
API-BUDESONIDE,2026-02-01,14441465.625,423967.719,FlowForge synthetic (TradeStat not downloaded; see ingest/tradestat.py),,2026-09-27T00:00:00Z,SYNTH
API-BUDESONIDE,2026-03-01,14989333.4853,473911.485,FlowForge synthetic (TradeStat not downloaded; see ingest/tradestat.py),,2026-09-27T00:00:00Z,SYNTH
API-BUDESONIDE,2026-04-01,14289747.1999,469920.798,FlowForge synthetic (TradeStat not downloaded; see ingest/tradestat.py),,2026-09-27T00:00:00Z,SYNTH
API-BUDESONIDE,2026-05-01,13562338.9747,412413.82,FlowForge synthetic (TradeStat not downloaded; see ingest/tradestat.py),,2026-09-27T00:00:00Z,SYNTH
API-BUDESONIDE,2026-06-01,13575473.2457,346202.937,FlowForge synthetic (TradeStat not downloaded; see ingest/tradestat.py),,2026-09-27T00:00:00Z,SYNTH
API-BUDESONIDE,2026-07-01,13887200.7846,250713.633,FlowForge synthetic (TradeStat not downloaded; see ingest/tradestat.py),,2026-09-27T00:00:00Z,SYNTH
API-BUDESONIDE,2026-08-01,14315127.5004,443174.155,FlowForge synthetic (TradeStat not downloaded; see ingest/tradestat.py),,2026-09-27T00:00:00Z,SYNTH
API-BUDESONIDE,2026-09-01,14325699.1124,245846.441,FlowForge synthetic (TradeStat not downloaded; see ingest/tradestat.py),,2026-09-27T00:00:00Z,SYNTH
API-CARBOPLATIN,2019-01-01,1050829.3713,405394.729,FlowForge synthetic (TradeStat not downloaded; see ingest/tradestat.py),,2026-09-27T00:00:00Z,SYNTH
API-CARBOPLATIN,2019-02-01,1086096.0342,347607.781,FlowForge synthetic (TradeStat not downloaded; see ingest/tradestat.py),,2026-09-27T00:00:00Z,SYNTH
API-CARBOPLATIN,2019-03-01,1058855.9439,278347.192,FlowForge synthetic (TradeStat not downloaded; see ingest/tradestat.py),,2026-09-27T00:00:00Z,SYNTH
API-CARBOPLATIN,2019-04-01,1112539.2933,222798.932,FlowForge synthetic (TradeStat not downloaded; see ingest/tradestat.py),,2026-09-27T00:00:00Z,SYNTH
API-CARBOPLATIN,2019-05-01,1144315.8887,449077.823,FlowForge synthetic (TradeStat not downloaded; see ingest/tradestat.py),,2026-09-27T00:00:00Z,SYNTH
API-CARBOPLATIN,2019-06-01,1152611.2561,556183.156,FlowForge synthetic (TradeStat not downloaded; see ingest/tradestat.py),,2026-09-27T00:00:00Z,SYNTH
API-CARBOPLATIN,2019-07-01,1182591.2523,327066.949,FlowForge synthetic (TradeStat not downloaded; see ingest/tradestat.py),,2026-09-27T00:00:00Z,SYNTH
API-CARBOPLATIN,2019-08-01,1221815.5223,286967.842,FlowForge synthetic (TradeStat not downloaded; see ingest/tradestat.py),,2026-09-27T00:00:00Z,SYNTH
API-CARBOPLATIN,2019-09-01,1228724.3162,768233.399,FlowForge synthetic (TradeStat not downloaded; see ingest/tradestat.py),,2026-09-27T00:00:00Z,SYNTH
API-CARBOPLATIN,2019-10-01,1243551.9525,119810.078,FlowForge synthetic (TradeStat not downloaded; see ingest/tradestat.py),,2026-09-27T00:00:00Z,SYNTH
API-CARBOPLATIN,2019-11-01,1297240.9915,276945.651,FlowForge synthetic (TradeStat not downloaded; see ingest/tradestat.py),,2026-09-27T00:00:00Z,SYNTH
API-CARBOPLATIN,2019-12-01,1294690.7413,307151.198,FlowForge synthetic (TradeStat not downloaded; see ingest/tradestat.py),,2026-09-27T00:00:00Z,SYNTH
API-CARBOPLATIN,2020-01-01,1289247.6564,521489.596,FlowForge synthetic (TradeStat not downloaded; see ingest/tradestat.py),,2026-09-27T00:00:00Z,SYNTH
API-CARBOPLATIN,2020-02-01,1307839.3754,302685.292,FlowForge synthetic (TradeStat not downloaded; see ingest/tradestat.py),,2026-09-27T00:00:00Z,SYNTH
API-CARBOPLATIN,2020-03-01,1371183.6082,273183.102,FlowForge synthetic (TradeStat not downloaded; see ingest/tradestat.py),,2026-09-27T00:00:00Z,SYNTH
API-CARBOPLATIN,2020-04-01,1376885.5328,155052.787,FlowForge synthetic (TradeStat not downloaded; see ingest/tradestat.py),,2026-09-27T00:00:00Z,SYNTH
API-CARBOPLATIN,2020-05-01,1399336.9149,349395.345,FlowForge synthetic (TradeStat not downloaded; see ingest/tradestat.py),,2026-09-27T00:00:00Z,SYNTH
API-CARBOPLATIN,2020-06-01,1439073.6426,581750.959,FlowForge synthetic (TradeStat not downloaded; see ingest/tradestat.py),,2026-09-27T00:00:00Z,SYNTH
API-CARBOPLATIN,2020-07-01,1423525.145,459671.908,FlowForge synthetic (TradeStat not downloaded; see ingest/tradestat.py),,2026-09-27T00:00:00Z,SYNTH
API-CARBOPLATIN,2020-08-01,1420183.2934,401756.142,FlowForge synthetic (TradeStat not downloaded; see ingest/tradestat.py),,2026-09-27T00:00:00Z,SYNTH
API-CARBOPLATIN,2020-09-01,1418430.5941,257678.056,FlowForge synthetic (TradeStat not downloaded; see ingest/tradestat.py),,2026-09-27T00:00:00Z,SYNTH
API-CARBOPLATIN,2020-10-01,1431715.6423,307168.64,FlowForge synthetic (TradeStat not downloaded; see ingest/tradestat.py),,2026-09-27T00:00:00Z,SYNTH
API-CARBOPLATIN,2020-11-01,1392746.6312,355609.007,FlowForge synthetic (TradeStat not downloaded; see ingest/tradestat.py),,2026-09-27T00:00:00Z,SYNTH
API-CARBOPLATIN,2020-12-01,1387351.0404,249265.805,FlowForge synthetic (TradeStat not downloaded; see ingest/tradestat.py),,2026-09-27T00:00:00Z,SYNTH
API-CARBOPLATIN,2021-01-01,1456379.8811,311127.489,FlowForge synthetic (TradeStat not downloaded; see ingest/tradestat.py),,2026-09-27T00:00:00Z,SYNTH
API-CARBOPLATIN,2021-02-01,1488119.987,285506.997,FlowForge synthetic (TradeStat not downloaded; see ingest/tradestat.py),,2026-09-27T00:00:00Z,SYNTH
API-CARBOPLATIN,2021-03-01,1512548.0012,222502.514,FlowForge synthetic (TradeStat not downloaded; see ingest/tradestat.py),,2026-09-27T00:00:00Z,SYNTH
API-CARBOPLATIN,2021-04-01,1535343.0752,390536.68,FlowForge synthetic (TradeStat not downloaded; see ingest/tradestat.py),,2026-09-27T00:00:00Z,SYNTH
API-CARBOPLATIN,2021-05-01,1532713.0181,226267.915,FlowForge synthetic (TradeStat not downloaded; see ingest/tradestat.py),,2026-09-27T00:00:00Z,SYNTH
API-CARBOPLATIN,2021-06-01,1561638.0091,475364.849,FlowForge synthetic (TradeStat not downloaded; see ingest/tradestat.py),,2026-09-27T00:00:00Z,SYNTH
API-CARBOPLATIN,2021-07-01,1596986.7097,182442.435,FlowForge synthetic (TradeStat not downloaded; see ingest/tradestat.py),,2026-09-27T00:00:00Z,SYNTH
API-CARBOPLATIN,2021-08-01,1611166.5627,200202.123,FlowForge synthetic (TradeStat not downloaded; see ingest/tradestat.py),,2026-09-27T00:00:00Z,SYNTH
API-CARBOPLATIN,2021-09-01,1656036.5992,328952.961,FlowForge synthetic (TradeStat not downloaded; see ingest/tradestat.py),,2026-09-27T00:00:00Z,SYNTH
API-CARBOPLATIN,2021-10-01,1633671.3874,252760.855,FlowForge synthetic (TradeStat not downloaded; see ingest/tradestat.py),,2026-09-27T00:00:00Z,SYNTH
API-CARBOPLATIN,2021-11-01,1629842.7784,223911.387,FlowForge synthetic (TradeStat not downloaded; see ingest/tradestat.py),,2026-09-27T00:00:00Z,SYNTH
API-CARBOPLATIN,2021-12-01,1605622.5029,411708.403,FlowForge synthetic (TradeStat not downloaded; see ingest/tradestat.py),,2026-09-27T00:00:00Z,SYNTH
API-CARBOPLATIN,2022-01-01,1642862.0493,441359.537,FlowForge synthetic (TradeStat not downloaded; see ingest/tradestat.py),,2026-09-27T00:00:00Z,SYNTH
API-CARBOPLATIN,2022-02-01,1675274.6345,473460.6,FlowForge synthetic (TradeStat not downloaded; see ingest/tradestat.py),,2026-09-27T00:00:00Z,SYNTH
API-CARBOPLATIN,2022-03-01,1679562.9826,355481.395,FlowForge synthetic (TradeStat not downloaded; see ingest/tradestat.py),,2026-09-27T00:00:00Z,SYNTH
API-CARBOPLATIN,2022-04-01,1785669.2004,297906.837,FlowForge synthetic (TradeStat not downloaded; see ingest/tradestat.py),,2026-09-27T00:00:00Z,SYNTH
API-CARBOPLATIN,2022-05-01,1835667.8119,315831.396,FlowForge synthetic (TradeStat not downloaded; see ingest/tradestat.py),,2026-09-27T00:00:00Z,SYNTH
API-CARBOPLATIN,2022-06-01,1868653.0058,362639.718,FlowForge synthetic (TradeStat not downloaded; see ingest/tradestat.py),,2026-09-27T00:00:00Z,SYNTH
API-CARBOPLATIN,2022-07-01,1972664.6625,266681.593,FlowForge synthetic (TradeStat not downloaded; see ingest/tradestat.py),,2026-09-27T00:00:00Z,SYNTH
API-CARBOPLATIN,2022-08-01,1967780.1395,178666.459,FlowForge synthetic (TradeStat not downloaded; see ingest/tradestat.py),,2026-09-27T00:00:00Z,SYNTH
API-CARBOPLATIN,2022-09-01,2029659.4216,327184.383,FlowForge synthetic (TradeStat not downloaded; see ingest/tradestat.py),,2026-09-27T00:00:00Z,SYNTH
API-CARBOPLATIN,2022-10-01,2067112.7203,280601.859,FlowForge synthetic (TradeStat not downloaded; see ingest/tradestat.py),,2026-09-27T00:00:00Z,SYNTH
API-CARBOPLATIN,2022-11-01,2120661.1943,288995.534,FlowForge synthetic (TradeStat not downloaded; see ingest/tradestat.py),,2026-09-27T00:00:00Z,SYNTH
API-CARBOPLATIN,2022-12-01,2187178.8767,319832.685,FlowForge synthetic (TradeStat not downloaded; see ingest/tradestat.py),,2026-09-27T00:00:00Z,SYNTH
API-CARBOPLATIN,2023-01-01,2234733.0053,140812.422,FlowForge synthetic (TradeStat not downloaded; see ingest/tradestat.py),,2026-09-27T00:00:00Z,SYNTH
API-CARBOPLATIN,2023-02-01,2330209.8955,431893.572,FlowForge synthetic (TradeStat not downloaded; see ingest/tradestat.py),,2026-09-27T00:00:00Z,SYNTH
API-CARBOPLATIN,2023-03-01,2283904.1259,345215.652,FlowForge synthetic (TradeStat not downloaded; see ingest/tradestat.py),,2026-09-27T00:00:00Z,SYNTH
API-CARBOPLATIN,2023-04-01,2298232.8542,374591.678,FlowForge synthetic (TradeStat not downloaded; see ingest/tradestat.py),,2026-09-27T00:00:00Z,SYNTH
API-CARBOPLATIN,2023-05-01,2358444.4704,282373.468,FlowForge synthetic (TradeStat not downloaded; see ingest/tradestat.py),,2026-09-27T00:00:00Z,SYNTH
API-CARBOPLATIN,2023-06-01,2371335.021,459845.291,FlowForge synthetic (TradeStat not downloaded; see ingest/tradestat.py),,2026-09-27T00:00:00Z,SYNTH
API-CARBOPLATIN,2023-07-01,2521610.3963,361062.01,FlowForge synthetic (TradeStat not downloaded; see ingest/tradestat.py),,2026-09-27T00:00:00Z,SYNTH
API-CARBOPLATIN,2023-08-01,2570070.5245,188642.504,FlowForge synthetic (TradeStat not downloaded; see ingest/tradestat.py),,2026-09-27T00:00:00Z,SYNTH
API-CARBOPLATIN,2023-09-01,2509679.7581,319740.396,FlowForge synthetic (TradeStat not downloaded; see ingest/tradestat.py),,2026-09-27T00:00:00Z,SYNTH
API-CARBOPLATIN,2023-10-01,2474994.3459,414815.593,FlowForge synthetic (TradeStat not downloaded; see ingest/tradestat.py),,2026-09-27T00:00:00Z,SYNTH
API-CARBOPLATIN,2023-11-01,2581434.2712,407302.393,FlowForge synthetic (TradeStat not downloaded; see ingest/tradestat.py),,2026-09-27T00:00:00Z,SYNTH
API-CARBOPLATIN,2023-12-01,2583354.2732,523644.486,FlowForge synthetic (TradeStat not downloaded; see ingest/tradestat.py),,2026-09-27T00:00:00Z,SYNTH
API-CARBOPLATIN,2024-01-01,2701076.3983,298676.872,FlowForge synthetic (TradeStat not downloaded; see ingest/tradestat.py),,2026-09-27T00:00:00Z,SYNTH
API-CARBOPLATIN,2024-02-01,2796985.732,194269.038,FlowForge synthetic (TradeStat not downloaded; see ingest/tradestat.py),,2026-09-27T00:00:00Z,SYNTH
API-CARBOPLATIN,2024-03-01,2858335.0744,163733.05,FlowForge synthetic (TradeStat not downloaded; see ingest/tradestat.py),,2026-09-27T00:00:00Z,SYNTH
API-CARBOPLATIN,2024-04-01,2894806.8437,219398.653,FlowForge synthetic (TradeStat not downloaded; see ingest/tradestat.py),,2026-09-27T00:00:00Z,SYNTH
API-CARBOPLATIN,2024-05-01,3000004.3891,247036.842,FlowForge synthetic (TradeStat not downloaded; see ingest/tradestat.py),,2026-09-27T00:00:00Z,SYNTH
API-CARBOPLATIN,2024-06-01,2989234.0474,187648.385,FlowForge synthetic (TradeStat not downloaded; see ingest/tradestat.py),,2026-09-27T00:00:00Z,SYNTH
API-CARBOPLATIN,2024-07-01,3027424.7733,471774.166,FlowForge synthetic (TradeStat not downloaded; see ingest/tradestat.py),,2026-09-27T00:00:00Z,SYNTH
API-CARBOPLATIN,2024-08-01,3102968.0814,270372.291,FlowForge synthetic (TradeStat not downloaded; see ingest/tradestat.py),,2026-09-27T00:00:00Z,SYNTH
API-CARBOPLATIN,2024-09-01,3050618.4646,125410.428,FlowForge synthetic (TradeStat not downloaded; see ingest/tradestat.py),,2026-09-27T00:00:00Z,SYNTH
API-CARBOPLATIN,2024-10-01,3142220.2165,528979.518,FlowForge synthetic (TradeStat not downloaded; see ingest/tradestat.py),,2026-09-27T00:00:00Z,SYNTH
API-CARBOPLATIN,2024-11-01,3133322.8728,185196.123,FlowForge synthetic (TradeStat not downloaded; see ingest/tradestat.py),,2026-09-27T00:00:00Z,SYNTH
API-CARBOPLATIN,2024-12-01,3260413.8122,389490.868,FlowForge synthetic (TradeStat not downloaded; see ingest/tradestat.py),,2026-09-27T00:00:00Z,SYNTH
API-CARBOPLATIN,2025-01-01,3386854.7663,242051.632,FlowForge synthetic (TradeStat not downloaded; see ingest/tradestat.py),,2026-09-27T00:00:00Z,SYNTH
API-CARBOPLATIN,2025-02-01,3496936.3815,246084.683,FlowForge synthetic (TradeStat not downloaded; see ingest/tradestat.py),,2026-09-27T00:00:00Z,SYNTH
API-CARBOPLATIN,2025-03-01,3527086.3994,245463.21,FlowForge synthetic (TradeStat not downloaded; see ingest/tradestat.py),,2026-09-27T00:00:00Z,SYNTH
API-CARBOPLATIN,2025-04-01,3503688.8032,452825.569,FlowForge synthetic (TradeStat not downloaded; see ingest/tradestat.py),,2026-09-27T00:00:00Z,SYNTH
API-CARBOPLATIN,2025-05-01,3503587.184,289108.896,FlowForge synthetic (TradeStat not downloaded; see ingest/tradestat.py),,2026-09-27T00:00:00Z,SYNTH
API-CARBOPLATIN,2025-06-01,3650920.3166,328702.933,FlowForge synthetic (TradeStat not downloaded; see ingest/tradestat.py),,2026-09-27T00:00:00Z,SYNTH
API-CARBOPLATIN,2025-07-01,3613069.6484,388670.748,FlowForge synthetic (TradeStat not downloaded; see ingest/tradestat.py),,2026-09-27T00:00:00Z,SYNTH
API-CARBOPLATIN,2025-08-01,3598680.853,429603.716,FlowForge synthetic (TradeStat not downloaded; see ingest/tradestat.py),,2026-09-27T00:00:00Z,SYNTH
API-CARBOPLATIN,2025-09-01,3694485.3421,145848.945,FlowForge synthetic (TradeStat not downloaded; see ingest/tradestat.py),,2026-09-27T00:00:00Z,SYNTH
API-CARBOPLATIN,2025-10-01,3830254.674,259588.129,FlowForge synthetic (TradeStat not downloaded; see ingest/tradestat.py),,2026-09-27T00:00:00Z,SYNTH
API-CARBOPLATIN,2025-11-01,4093990.9551,283778.124,FlowForge synthetic (TradeStat not downloaded; see ingest/tradestat.py),,2026-09-27T00:00:00Z,SYNTH
API-CARBOPLATIN,2025-12-01,4166075.9965,208158.435,FlowForge synthetic (TradeStat not downloaded; see ingest/tradestat.py),,2026-09-27T00:00:00Z,SYNTH
API-CARBOPLATIN,2026-01-01,4238773.7674,442195.678,FlowForge synthetic (TradeStat not downloaded; see ingest/tradestat.py),,2026-09-27T00:00:00Z,SYNTH
API-CARBOPLATIN,2026-02-01,4260477.7127,184986.331,FlowForge synthetic (TradeStat not downloaded; see ingest/tradestat.py),,2026-09-27T00:00:00Z,SYNTH
API-CARBOPLATIN,2026-03-01,4340780.9041,353100.0,FlowForge synthetic (TradeStat not downloaded; see ingest/tradestat.py),,2026-09-27T00:00:00Z,SYNTH
API-CARBOPLATIN,2026-04-01,4406435.1744,474188.552,FlowForge synthetic (TradeStat not downloaded; see ingest/tradestat.py),,2026-09-27T00:00:00Z,SYNTH
API-CARBOPLATIN,2026-05-01,4207677.0031,288801.692,FlowForge synthetic (TradeStat not downloaded; see ingest/tradestat.py),,2026-09-27T00:00:00Z,SYNTH
API-CARBOPLATIN,2026-06-01,4221080.825,394770.436,FlowForge synthetic (TradeStat not downloaded; see ingest/tradestat.py),,2026-09-27T00:00:00Z,SYNTH
API-CARBOPLATIN,2026-07-01,4365736.1014,227790.045,FlowForge synthetic (TradeStat not downloaded; see ingest/tradestat.py),,2026-09-27T00:00:00Z,SYNTH
API-CARBOPLATIN,2026-08-01,4527530.0507,336130.661,FlowForge synthetic (TradeStat not downloaded; see ingest/tradestat.py),,2026-09-27T00:00:00Z,SYNTH
API-CARBOPLATIN,2026-09-01,4571968.3799,325838.744,FlowForge synthetic (TradeStat not downloaded; see ingest/tradestat.py),,2026-09-27T00:00:00Z,SYNTH
API-CEFADROXIL,2019-01-01,3819.6099,24243.178,FlowForge synthetic (TradeStat not downloaded; see ingest/tradestat.py),,2026-09-27T00:00:00Z,SYNTH
API-CEFADROXIL,2019-02-01,3732.8896,14253.179,FlowForge synthetic (TradeStat not downloaded; see ingest/tradestat.py),,2026-09-27T00:00:00Z,SYNTH
API-CEFADROXIL,2019-03-01,3758.4789,21921.94,FlowForge synthetic (TradeStat not downloaded; see ingest/tradestat.py),,2026-09-27T00:00:00Z,SYNTH
API-CEFADROXIL,2019-04-01,3845.3229,14141.485,FlowForge synthetic (TradeStat not downloaded; see ingest/tradestat.py),,2026-09-27T00:00:00Z,SYNTH
API-CEFADROXIL,2019-05-01,3859.0855,49062.269,FlowForge synthetic (TradeStat not downloaded; see ingest/tradestat.py),,2026-09-27T00:00:00Z,SYNTH
API-CEFADROXIL,2019-06-01,4073.2214,7562.492,FlowForge synthetic (TradeStat not downloaded; see ingest/tradestat.py),,2026-09-27T00:00:00Z,SYNTH
API-CEFADROXIL,2019-07-01,4023.5029,21033.207,FlowForge synthetic (TradeStat not downloaded; see ingest/tradestat.py),,2026-09-27T00:00:00Z,SYNTH
API-CEFADROXIL,2019-08-01,3927.8988,28034.964,FlowForge synthetic (TradeStat not downloaded; see ingest/tradestat.py),,2026-09-27T00:00:00Z,SYNTH
API-CEFADROXIL,2019-09-01,3748.5545,19915.035,FlowForge synthetic (TradeStat not downloaded; see ingest/tradestat.py),,2026-09-27T00:00:00Z,SYNTH
API-CEFADROXIL,2019-10-01,3838.9844,19032.359,FlowForge synthetic (TradeStat not downloaded; see ingest/tradestat.py),,2026-09-27T00:00:00Z,SYNTH
API-CEFADROXIL,2019-11-01,3926.8311,22926.764,FlowForge synthetic (TradeStat not downloaded; see ingest/tradestat.py),,2026-09-27T00:00:00Z,SYNTH
API-CEFADROXIL,2019-12-01,4022.1277,19233.403,FlowForge synthetic (TradeStat not downloaded; see ingest/tradestat.py),,2026-09-27T00:00:00Z,SYNTH
API-CEFADROXIL,2020-01-01,4062.449,17339.586,FlowForge synthetic (TradeStat not downloaded; see ingest/tradestat.py),,2026-09-27T00:00:00Z,SYNTH
API-CEFADROXIL,2020-02-01,3791.4648,47104.959,FlowForge synthetic (TradeStat not downloaded; see ingest/tradestat.py),,2026-09-27T00:00:00Z,SYNTH
API-CEFADROXIL,2020-03-01,3852.4503,22208.271,FlowForge synthetic (TradeStat not downloaded; see ingest/tradestat.py),,2026-09-27T00:00:00Z,SYNTH
API-CEFADROXIL,2020-04-01,3759.1767,15966.18,FlowForge synthetic (TradeStat not downloaded; see ingest/tradestat.py),,2026-09-27T00:00:00Z,SYNTH
API-CEFADROXIL,2020-05-01,3755.2652,32297.241,FlowForge synthetic (TradeStat not downloaded; see ingest/tradestat.py),,2026-09-27T00:00:00Z,SYNTH
API-CEFADROXIL,2020-06-01,3859.4162,29849.888,FlowForge synthetic (TradeStat not downloaded; see ingest/tradestat.py),,2026-09-27T00:00:00Z,SYNTH
API-CEFADROXIL,2020-07-01,3774.2074,25099.438,FlowForge synthetic (TradeStat not downloaded; see ingest/tradestat.py),,2026-09-27T00:00:00Z,SYNTH
API-CEFADROXIL,2020-08-01,3595.8402,18064.281,FlowForge synthetic (TradeStat not downloaded; see ingest/tradestat.py),,2026-09-27T00:00:00Z,SYNTH
API-CEFADROXIL,2020-09-01,3800.9734,12898.737,FlowForge synthetic (TradeStat not downloaded; see ingest/tradestat.py),,2026-09-27T00:00:00Z,SYNTH
API-CEFADROXIL,2020-10-01,3871.976,18302.173,FlowForge synthetic (TradeStat not downloaded; see ingest/tradestat.py),,2026-09-27T00:00:00Z,SYNTH
API-CEFADROXIL,2020-11-01,3961.9976,25045.172,FlowForge synthetic (TradeStat not downloaded; see ingest/tradestat.py),,2026-09-27T00:00:00Z,SYNTH
API-CEFADROXIL,2020-12-01,4016.1387,25958.588,FlowForge synthetic (TradeStat not downloaded; see ingest/tradestat.py),,2026-09-27T00:00:00Z,SYNTH
API-CEFADROXIL,2021-01-01,4202.1591,26358.224,FlowForge synthetic (TradeStat not downloaded; see ingest/tradestat.py),,2026-09-27T00:00:00Z,SYNTH
API-CEFADROXIL,2021-02-01,4227.9285,12246.459,FlowForge synthetic (TradeStat not downloaded; see ingest/tradestat.py),,2026-09-27T00:00:00Z,SYNTH
API-CEFADROXIL,2021-03-01,4294.2463,33073.716,FlowForge synthetic (TradeStat not downloaded; see ingest/tradestat.py),,2026-09-27T00:00:00Z,SYNTH
API-CEFADROXIL,2021-04-01,4359.9844,30289.354,FlowForge synthetic (TradeStat not downloaded; see ingest/tradestat.py),,2026-09-27T00:00:00Z,SYNTH
API-CEFADROXIL,2021-05-01,4395.0855,26882.494,FlowForge synthetic (TradeStat not downloaded; see ingest/tradestat.py),,2026-09-27T00:00:00Z,SYNTH
API-CEFADROXIL,2021-06-01,4570.7996,25802.606,FlowForge synthetic (TradeStat not downloaded; see ingest/tradestat.py),,2026-09-27T00:00:00Z,SYNTH
API-CEFADROXIL,2021-07-01,4510.8734,27923.854,FlowForge synthetic (TradeStat not downloaded; see ingest/tradestat.py),,2026-09-27T00:00:00Z,SYNTH
API-CEFADROXIL,2021-08-01,4641.4416,16595.778,FlowForge synthetic (TradeStat not downloaded; see ingest/tradestat.py),,2026-09-27T00:00:00Z,SYNTH
API-CEFADROXIL,2021-09-01,4797.2375,11810.237,FlowForge synthetic (TradeStat not downloaded; see ingest/tradestat.py),,2026-09-27T00:00:00Z,SYNTH
API-CEFADROXIL,2021-10-01,4868.6934,12387.786,FlowForge synthetic (TradeStat not downloaded; see ingest/tradestat.py),,2026-09-27T00:00:00Z,SYNTH
API-CEFADROXIL,2021-11-01,5014.8759,12034.538,FlowForge synthetic (TradeStat not downloaded; see ingest/tradestat.py),,2026-09-27T00:00:00Z,SYNTH
API-CEFADROXIL,2021-12-01,5170.8779,22691.77,FlowForge synthetic (TradeStat not downloaded; see ingest/tradestat.py),,2026-09-27T00:00:00Z,SYNTH
API-CEFADROXIL,2022-01-01,5183.3321,23010.124,FlowForge synthetic (TradeStat not downloaded; see ingest/tradestat.py),,2026-09-27T00:00:00Z,SYNTH
API-CEFADROXIL,2022-02-01,5278.2932,21510.358,FlowForge synthetic (TradeStat not downloaded; see ingest/tradestat.py),,2026-09-27T00:00:00Z,SYNTH
API-CEFADROXIL,2022-03-01,5395.5384,20169.771,FlowForge synthetic (TradeStat not downloaded; see ingest/tradestat.py),,2026-09-27T00:00:00Z,SYNTH
API-CEFADROXIL,2022-04-01,5442.6429,30250.265,FlowForge synthetic (TradeStat not downloaded; see ingest/tradestat.py),,2026-09-27T00:00:00Z,SYNTH
API-CEFADROXIL,2022-05-01,5456.0819,16612.313,FlowForge synthetic (TradeStat not downloaded; see ingest/tradestat.py),,2026-09-27T00:00:00Z,SYNTH
API-CEFADROXIL,2022-06-01,5548.6374,17497.094,FlowForge synthetic (TradeStat not downloaded; see ingest/tradestat.py),,2026-09-27T00:00:00Z,SYNTH
API-CEFADROXIL,2022-07-01,5348.4598,29258.483,FlowForge synthetic (TradeStat not downloaded; see ingest/tradestat.py),,2026-09-27T00:00:00Z,SYNTH
API-CEFADROXIL,2022-08-01,5503.8888,21249.933,FlowForge synthetic (TradeStat not downloaded; see ingest/tradestat.py),,2026-09-27T00:00:00Z,SYNTH
API-CEFADROXIL,2022-09-01,5458.421,18451.699,FlowForge synthetic (TradeStat not downloaded; see ingest/tradestat.py),,2026-09-27T00:00:00Z,SYNTH
API-CEFADROXIL,2022-10-01,5408.2761,21760.25,FlowForge synthetic (TradeStat not downloaded; see ingest/tradestat.py),,2026-09-27T00:00:00Z,SYNTH
API-CEFADROXIL,2022-11-01,5274.1286,12508.439,FlowForge synthetic (TradeStat not downloaded; see ingest/tradestat.py),,2026-09-27T00:00:00Z,SYNTH
API-CEFADROXIL,2022-12-01,5161.7569,34340.293,FlowForge synthetic (TradeStat not downloaded; see ingest/tradestat.py),,2026-09-27T00:00:00Z,SYNTH
API-CEFADROXIL,2023-01-01,5500.6774,13805.018,FlowForge synthetic (TradeStat not downloaded; see ingest/tradestat.py),,2026-09-27T00:00:00Z,SYNTH
API-CEFADROXIL,2023-02-01,5535.2662,18154.364,FlowForge synthetic (TradeStat not downloaded; see ingest/tradestat.py),,2026-09-27T00:00:00Z,SYNTH
API-CEFADROXIL,2023-03-01,5905.8904,23697.557,FlowForge synthetic (TradeStat not downloaded; see ingest/tradestat.py),,2026-09-27T00:00:00Z,SYNTH
API-CEFADROXIL,2023-04-01,6061.0042,20012.016,FlowForge synthetic (TradeStat not downloaded; see ingest/tradestat.py),,2026-09-27T00:00:00Z,SYNTH
API-CEFADROXIL,2023-05-01,5879.2773,15576.51,FlowForge synthetic (TradeStat not downloaded; see ingest/tradestat.py),,2026-09-27T00:00:00Z,SYNTH
API-CEFADROXIL,2023-06-01,6015.5642,22540.518,FlowForge synthetic (TradeStat not downloaded; see ingest/tradestat.py),,2026-09-27T00:00:00Z,SYNTH
API-CEFADROXIL,2023-07-01,6220.3249,13699.028,FlowForge synthetic (TradeStat not downloaded; see ingest/tradestat.py),,2026-09-27T00:00:00Z,SYNTH
API-CEFADROXIL,2023-08-01,5968.5247,19508.554,FlowForge synthetic (TradeStat not downloaded; see ingest/tradestat.py),,2026-09-27T00:00:00Z,SYNTH
API-CEFADROXIL,2023-09-01,6031.913,22409.756,FlowForge synthetic (TradeStat not downloaded; see ingest/tradestat.py),,2026-09-27T00:00:00Z,SYNTH
API-CEFADROXIL,2023-10-01,6139.0484,31286.852,FlowForge synthetic (TradeStat not downloaded; see ingest/tradestat.py),,2026-09-27T00:00:00Z,SYNTH
API-CEFADROXIL,2023-11-01,6069.5768,16232.273,FlowForge synthetic (TradeStat not downloaded; see ingest/tradestat.py),,2026-09-27T00:00:00Z,SYNTH
API-CEFADROXIL,2023-12-01,5818.6536,15693.174,FlowForge synthetic (TradeStat not downloaded; see ingest/tradestat.py),,2026-09-27T00:00:00Z,SYNTH
API-CEFADROXIL,2024-01-01,5380.5356,10472.27,FlowForge synthetic (TradeStat not downloaded; see ingest/tradestat.py),,2026-09-27T00:00:00Z,SYNTH
API-CEFADROXIL,2024-02-01,5267.7168,14663.361,FlowForge synthetic (TradeStat not downloaded; see ingest/tradestat.py),,2026-09-27T00:00:00Z,SYNTH
API-CEFADROXIL,2024-03-01,5356.4057,14756.961,FlowForge synthetic (TradeStat not downloaded; see ingest/tradestat.py),,2026-09-27T00:00:00Z,SYNTH
API-CEFADROXIL,2024-04-01,5269.5295,30746.353,FlowForge synthetic (TradeStat not downloaded; see ingest/tradestat.py),,2026-09-27T00:00:00Z,SYNTH
API-CEFADROXIL,2024-05-01,5388.2417,47914.412,FlowForge synthetic (TradeStat not downloaded; see ingest/tradestat.py),,2026-09-27T00:00:00Z,SYNTH
API-CEFADROXIL,2024-06-01,5311.4254,9703.461,FlowForge synthetic (TradeStat not downloaded; see ingest/tradestat.py),,2026-09-27T00:00:00Z,SYNTH
API-CEFADROXIL,2024-07-01,5532.4795,19378.516,FlowForge synthetic (TradeStat not downloaded; see ingest/tradestat.py),,2026-09-27T00:00:00Z,SYNTH
API-CEFADROXIL,2024-08-01,5368.1679,11029.675,FlowForge synthetic (TradeStat not downloaded; see ingest/tradestat.py),,2026-09-27T00:00:00Z,SYNTH
API-CEFADROXIL,2024-09-01,5327.8201,8009.512,FlowForge synthetic (TradeStat not downloaded; see ingest/tradestat.py),,2026-09-27T00:00:00Z,SYNTH
API-CEFADROXIL,2024-10-01,5233.7051,27657.768,FlowForge synthetic (TradeStat not downloaded; see ingest/tradestat.py),,2026-09-27T00:00:00Z,SYNTH
API-CEFADROXIL,2024-11-01,5179.7012,19953.423,FlowForge synthetic (TradeStat not downloaded; see ingest/tradestat.py),,2026-09-27T00:00:00Z,SYNTH
API-CEFADROXIL,2024-12-01,5246.4559,15434.67,FlowForge synthetic (TradeStat not downloaded; see ingest/tradestat.py),,2026-09-27T00:00:00Z,SYNTH
API-CEFADROXIL,2025-01-01,5635.1361,15726.342,FlowForge synthetic (TradeStat not downloaded; see ingest/tradestat.py),,2026-09-27T00:00:00Z,SYNTH
API-CEFADROXIL,2025-02-01,5817.6681,18115.51,FlowForge synthetic (TradeStat not downloaded; see ingest/tradestat.py),,2026-09-27T00:00:00Z,SYNTH
API-CEFADROXIL,2025-03-01,6195.8005,21004.846,FlowForge synthetic (TradeStat not downloaded; see ingest/tradestat.py),,2026-09-27T00:00:00Z,SYNTH
API-CEFADROXIL,2025-04-01,5941.0294,24735.251,FlowForge synthetic (TradeStat not downloaded; see ingest/tradestat.py),,2026-09-27T00:00:00Z,SYNTH
API-CEFADROXIL,2025-05-01,5933.234,28801.314,FlowForge synthetic (TradeStat not downloaded; see ingest/tradestat.py),,2026-09-27T00:00:00Z,SYNTH
API-CEFADROXIL,2025-06-01,6196.7889,11661.524,FlowForge synthetic (TradeStat not downloaded; see ingest/tradestat.py),,2026-09-27T00:00:00Z,SYNTH
API-CEFADROXIL,2025-07-01,5907.7936,20194.025,FlowForge synthetic (TradeStat not downloaded; see ingest/tradestat.py),,2026-09-27T00:00:00Z,SYNTH
API-CEFADROXIL,2025-08-01,5660.5652,20641.598,FlowForge synthetic (TradeStat not downloaded; see ingest/tradestat.py),,2026-09-27T00:00:00Z,SYNTH
API-CEFADROXIL,2025-09-01,5609.0784,27278.374,FlowForge synthetic (TradeStat not downloaded; see ingest/tradestat.py),,2026-09-27T00:00:00Z,SYNTH
API-CEFADROXIL,2025-10-01,5368.8065,39088.656,FlowForge synthetic (TradeStat not downloaded; see ingest/tradestat.py),,2026-09-27T00:00:00Z,SYNTH
API-CEFADROXIL,2025-11-01,5477.7386,19757.556,FlowForge synthetic (TradeStat not downloaded; see ingest/tradestat.py),,2026-09-27T00:00:00Z,SYNTH
API-CEFADROXIL,2025-12-01,5703.1932,8362.663,FlowForge synthetic (TradeStat not downloaded; see ingest/tradestat.py),,2026-09-27T00:00:00Z,SYNTH
API-CEFADROXIL,2026-01-01,5783.2135,22245.347,FlowForge synthetic (TradeStat not downloaded; see ingest/tradestat.py),,2026-09-27T00:00:00Z,SYNTH
API-CEFADROXIL,2026-02-01,6026.8579,12827.506,FlowForge synthetic (TradeStat not downloaded; see ingest/tradestat.py),,2026-09-27T00:00:00Z,SYNTH
API-CEFADROXIL,2026-03-01,6400.584,25948.746,FlowForge synthetic (TradeStat not downloaded; see ingest/tradestat.py),,2026-09-27T00:00:00Z,SYNTH
API-CEFADROXIL,2026-04-01,6402.0141,17047.692,FlowForge synthetic (TradeStat not downloaded; see ingest/tradestat.py),,2026-09-27T00:00:00Z,SYNTH
API-CEFADROXIL,2026-05-01,6274.2754,13898.172,FlowForge synthetic (TradeStat not downloaded; see ingest/tradestat.py),,2026-09-27T00:00:00Z,SYNTH
API-CEFADROXIL,2026-06-01,6095.1919,30038.581,FlowForge synthetic (TradeStat not downloaded; see ingest/tradestat.py),,2026-09-27T00:00:00Z,SYNTH
API-CEFADROXIL,2026-07-01,6025.378,21734.932,FlowForge synthetic (TradeStat not downloaded; see ingest/tradestat.py),,2026-09-27T00:00:00Z,SYNTH
API-CEFADROXIL,2026-08-01,5909.6072,19928.953,FlowForge synthetic (TradeStat not downloaded; see ingest/tradestat.py),,2026-09-27T00:00:00Z,SYNTH
API-CEFADROXIL,2026-09-01,5981.3695,8123.609,FlowForge synthetic (TradeStat not downloaded; see ingest/tradestat.py),,2026-09-27T00:00:00Z,SYNTH
API-CHLOROQUINE,2019-01-01,2191.6164,266103.015,FlowForge synthetic (TradeStat not downloaded; see ingest/tradestat.py),,2026-09-27T00:00:00Z,SYNTH
API-CHLOROQUINE,2019-02-01,2164.4425,155061.221,FlowForge synthetic (TradeStat not downloaded; see ingest/tradestat.py),,2026-09-27T00:00:00Z,SYNTH
API-CHLOROQUINE,2019-03-01,2085.9585,109367.846,FlowForge synthetic (TradeStat not downloaded; see ingest/tradestat.py),,2026-09-27T00:00:00Z,SYNTH
API-CHLOROQUINE,2019-04-01,2104.2681,168234.29,FlowForge synthetic (TradeStat not downloaded; see ingest/tradestat.py),,2026-09-27T00:00:00Z,SYNTH
API-CHLOROQUINE,2019-05-01,2136.1326,340606.96,FlowForge synthetic (TradeStat not downloaded; see ingest/tradestat.py),,2026-09-27T00:00:00Z,SYNTH
API-CHLOROQUINE,2019-06-01,2166.3763,310956.892,FlowForge synthetic (TradeStat not downloaded; see ingest/tradestat.py),,2026-09-27T00:00:00Z,SYNTH
API-CHLOROQUINE,2019-07-01,2227.7608,123470.755,FlowForge synthetic (TradeStat not downloaded; see ingest/tradestat.py),,2026-09-27T00:00:00Z,SYNTH
API-CHLOROQUINE,2019-08-01,2182.4604,297734.187,FlowForge synthetic (TradeStat not downloaded; see ingest/tradestat.py),,2026-09-27T00:00:00Z,SYNTH
API-CHLOROQUINE,2019-09-01,2085.5351,238181.401,FlowForge synthetic (TradeStat not downloaded; see ingest/tradestat.py),,2026-09-27T00:00:00Z,SYNTH
API-CHLOROQUINE,2019-10-01,2091.4041,358093.131,FlowForge synthetic (TradeStat not downloaded; see ingest/tradestat.py),,2026-09-27T00:00:00Z,SYNTH
API-CHLOROQUINE,2019-11-01,2231.3772,147245.962,FlowForge synthetic (TradeStat not downloaded; see ingest/tradestat.py),,2026-09-27T00:00:00Z,SYNTH
API-CHLOROQUINE,2019-12-01,2281.2768,584956.061,FlowForge synthetic (TradeStat not downloaded; see ingest/tradestat.py),,2026-09-27T00:00:00Z,SYNTH
API-CHLOROQUINE,2020-01-01,2189.3494,118977.357,FlowForge synthetic (TradeStat not downloaded; see ingest/tradestat.py),,2026-09-27T00:00:00Z,SYNTH
API-CHLOROQUINE,2020-02-01,2278.0876,151888.502,FlowForge synthetic (TradeStat not downloaded; see ingest/tradestat.py),,2026-09-27T00:00:00Z,SYNTH
API-CHLOROQUINE,2020-03-01,2165.0573,125846.103,FlowForge synthetic (TradeStat not downloaded; see ingest/tradestat.py),,2026-09-27T00:00:00Z,SYNTH
API-CHLOROQUINE,2020-04-01,2203.2871,209274.058,FlowForge synthetic (TradeStat not downloaded; see ingest/tradestat.py),,2026-09-27T00:00:00Z,SYNTH
API-CHLOROQUINE,2020-05-01,2141.2722,190414.299,FlowForge synthetic (TradeStat not downloaded; see ingest/tradestat.py),,2026-09-27T00:00:00Z,SYNTH
API-CHLOROQUINE,2020-06-01,2277.6214,187858.856,FlowForge synthetic (TradeStat not downloaded; see ingest/tradestat.py),,2026-09-27T00:00:00Z,SYNTH
API-CHLOROQUINE,2020-07-01,2201.685,179898.384,FlowForge synthetic (TradeStat not downloaded; see ingest/tradestat.py),,2026-09-27T00:00:00Z,SYNTH
API-CHLOROQUINE,2020-08-01,2245.9691,279373.777,FlowForge synthetic (TradeStat not downloaded; see ingest/tradestat.py),,2026-09-27T00:00:00Z,SYNTH
API-CHLOROQUINE,2020-09-01,2281.2303,151105.677,FlowForge synthetic (TradeStat not downloaded; see ingest/tradestat.py),,2026-09-27T00:00:00Z,SYNTH
API-CHLOROQUINE,2020-10-01,2258.2612,207434.009,FlowForge synthetic (TradeStat not downloaded; see ingest/tradestat.py),,2026-09-27T00:00:00Z,SYNTH
API-CHLOROQUINE,2020-11-01,2231.7898,389363.191,FlowForge synthetic (TradeStat not downloaded; see ingest/tradestat.py),,2026-09-27T00:00:00Z,SYNTH
API-CHLOROQUINE,2020-12-01,2357.6038,232586.277,FlowForge synthetic (TradeStat not downloaded; see ingest/tradestat.py),,2026-09-27T00:00:00Z,SYNTH
API-CHLOROQUINE,2021-01-01,2270.9682,275510.903,FlowForge synthetic (TradeStat not downloaded; see ingest/tradestat.py),,2026-09-27T00:00:00Z,SYNTH
API-CHLOROQUINE,2021-02-01,2161.0161,293876.168,FlowForge synthetic (TradeStat not downloaded; see ingest/tradestat.py),,2026-09-27T00:00:00Z,SYNTH
API-CHLOROQUINE,2021-03-01,2075.6041,247565.456,FlowForge synthetic (TradeStat not downloaded; see ingest/tradestat.py),,2026-09-27T00:00:00Z,SYNTH
API-CHLOROQUINE,2021-04-01,2120.0699,150598.716,FlowForge synthetic (TradeStat not downloaded; see ingest/tradestat.py),,2026-09-27T00:00:00Z,SYNTH
API-CHLOROQUINE,2021-05-01,2184.1452,160893.188,FlowForge synthetic (TradeStat not downloaded; see ingest/tradestat.py),,2026-09-27T00:00:00Z,SYNTH
API-CHLOROQUINE,2021-06-01,2180.2748,234743.496,FlowForge synthetic (TradeStat not downloaded; see ingest/tradestat.py),,2026-09-27T00:00:00Z,SYNTH
API-CHLOROQUINE,2021-07-01,2161.0815,250107.505,FlowForge synthetic (TradeStat not downloaded; see ingest/tradestat.py),,2026-09-27T00:00:00Z,SYNTH
API-CHLOROQUINE,2021-08-01,2181.6076,147178.92,FlowForge synthetic (TradeStat not downloaded; see ingest/tradestat.py),,2026-09-27T00:00:00Z,SYNTH
API-CHLOROQUINE,2021-09-01,2138.4824,231054.771,FlowForge synthetic (TradeStat not downloaded; see ingest/tradestat.py),,2026-09-27T00:00:00Z,SYNTH
API-CHLOROQUINE,2021-10-01,1950.7069,140204.722,FlowForge synthetic (TradeStat not downloaded; see ingest/tradestat.py),,2026-09-27T00:00:00Z,SYNTH
API-CHLOROQUINE,2021-11-01,2058.0949,197777.407,FlowForge synthetic (TradeStat not downloaded; see ingest/tradestat.py),,2026-09-27T00:00:00Z,SYNTH
API-CHLOROQUINE,2021-12-01,2061.0201,206228.972,FlowForge synthetic (TradeStat not downloaded; see ingest/tradestat.py),,2026-09-27T00:00:00Z,SYNTH
API-CHLOROQUINE,2022-01-01,2012.3331,270824.053,FlowForge synthetic (TradeStat not downloaded; see ingest/tradestat.py),,2026-09-27T00:00:00Z,SYNTH
API-CHLOROQUINE,2022-02-01,2024.8696,198827.941,FlowForge synthetic (TradeStat not downloaded; see ingest/tradestat.py),,2026-09-27T00:00:00Z,SYNTH
API-CHLOROQUINE,2022-03-01,2041.7422,322599.75,FlowForge synthetic (TradeStat not downloaded; see ingest/tradestat.py),,2026-09-27T00:00:00Z,SYNTH
API-CHLOROQUINE,2022-04-01,2039.4639,197592.416,FlowForge synthetic (TradeStat not downloaded; see ingest/tradestat.py),,2026-09-27T00:00:00Z,SYNTH
API-CHLOROQUINE,2022-05-01,2059.7364,154402.125,FlowForge synthetic (TradeStat not downloaded; see ingest/tradestat.py),,2026-09-27T00:00:00Z,SYNTH
API-CHLOROQUINE,2022-06-01,2032.1801,258872.135,FlowForge synthetic (TradeStat not downloaded; see ingest/tradestat.py),,2026-09-27T00:00:00Z,SYNTH
API-CHLOROQUINE,2022-07-01,2122.1085,81312.219,FlowForge synthetic (TradeStat not downloaded; see ingest/tradestat.py),,2026-09-27T00:00:00Z,SYNTH
API-CHLOROQUINE,2022-08-01,2073.8673,140666.291,FlowForge synthetic (TradeStat not downloaded; see ingest/tradestat.py),,2026-09-27T00:00:00Z,SYNTH
API-CHLOROQUINE,2022-09-01,2109.1608,154210.007,FlowForge synthetic (TradeStat not downloaded; see ingest/tradestat.py),,2026-09-27T00:00:00Z,SYNTH
API-CHLOROQUINE,2022-10-01,2112.7585,221229.693,FlowForge synthetic (TradeStat not downloaded; see ingest/tradestat.py),,2026-09-27T00:00:00Z,SYNTH
API-CHLOROQUINE,2022-11-01,2091.8223,251942.419,FlowForge synthetic (TradeStat not downloaded; see ingest/tradestat.py),,2026-09-27T00:00:00Z,SYNTH
API-CHLOROQUINE,2022-12-01,2018.8985,171672.771,FlowForge synthetic (TradeStat not downloaded; see ingest/tradestat.py),,2026-09-27T00:00:00Z,SYNTH
API-CHLOROQUINE,2023-01-01,1915.5462,174221.508,FlowForge synthetic (TradeStat not downloaded; see ingest/tradestat.py),,2026-09-27T00:00:00Z,SYNTH
API-CHLOROQUINE,2023-02-01,1946.6513,170473.504,FlowForge synthetic (TradeStat not downloaded; see ingest/tradestat.py),,2026-09-27T00:00:00Z,SYNTH
API-CHLOROQUINE,2023-03-01,1962.7637,232110.937,FlowForge synthetic (TradeStat not downloaded; see ingest/tradestat.py),,2026-09-27T00:00:00Z,SYNTH
API-CHLOROQUINE,2023-04-01,2025.8878,235243.798,FlowForge synthetic (TradeStat not downloaded; see ingest/tradestat.py),,2026-09-27T00:00:00Z,SYNTH
API-CHLOROQUINE,2023-05-01,1947.1788,187442.233,FlowForge synthetic (TradeStat not downloaded; see ingest/tradestat.py),,2026-09-27T00:00:00Z,SYNTH
API-CHLOROQUINE,2023-06-01,1860.38,199768.619,FlowForge synthetic (TradeStat not downloaded; see ingest/tradestat.py),,2026-09-27T00:00:00Z,SYNTH
API-CHLOROQUINE,2023-07-01,1942.2423,152622.314,FlowForge synthetic (TradeStat not downloaded; see ingest/tradestat.py),,2026-09-27T00:00:00Z,SYNTH
API-CHLOROQUINE,2023-08-01,1957.6897,237695.235,FlowForge synthetic (TradeStat not downloaded; see ingest/tradestat.py),,2026-09-27T00:00:00Z,SYNTH
API-CHLOROQUINE,2023-09-01,1957.4866,186741.365,FlowForge synthetic (TradeStat not downloaded; see ingest/tradestat.py),,2026-09-27T00:00:00Z,SYNTH
API-CHLOROQUINE,2023-10-01,1984.3175,453469.864,FlowForge synthetic (TradeStat not downloaded; see ingest/tradestat.py),,2026-09-27T00:00:00Z,SYNTH
API-CHLOROQUINE,2023-11-01,1972.6168,254465.61,FlowForge synthetic (TradeStat not downloaded; see ingest/tradestat.py),,2026-09-27T00:00:00Z,SYNTH
API-CHLOROQUINE,2023-12-01,2057.0904,258183.579,FlowForge synthetic (TradeStat not downloaded; see ingest/tradestat.py),,2026-09-27T00:00:00Z,SYNTH
API-CHLOROQUINE,2024-01-01,2072.3901,183782.331,FlowForge synthetic (TradeStat not downloaded; see ingest/tradestat.py),,2026-09-27T00:00:00Z,SYNTH
API-CHLOROQUINE,2024-02-01,2088.5831,144707.347,FlowForge synthetic (TradeStat not downloaded; see ingest/tradestat.py),,2026-09-27T00:00:00Z,SYNTH
API-CHLOROQUINE,2024-03-01,2044.6462,138038.572,FlowForge synthetic (TradeStat not downloaded; see ingest/tradestat.py),,2026-09-27T00:00:00Z,SYNTH
API-CHLOROQUINE,2024-04-01,2072.131,231123.547,FlowForge synthetic (TradeStat not downloaded; see ingest/tradestat.py),,2026-09-27T00:00:00Z,SYNTH
API-CHLOROQUINE,2024-05-01,2059.9648,102270.674,FlowForge synthetic (TradeStat not downloaded; see ingest/tradestat.py),,2026-09-27T00:00:00Z,SYNTH
API-CHLOROQUINE,2024-06-01,1999.7159,295965.382,FlowForge synthetic (TradeStat not downloaded; see ingest/tradestat.py),,2026-09-27T00:00:00Z,SYNTH
API-CHLOROQUINE,2024-07-01,2004.0263,109772.376,FlowForge synthetic (TradeStat not downloaded; see ingest/tradestat.py),,2026-09-27T00:00:00Z,SYNTH
API-CHLOROQUINE,2024-08-01,2015.9783,181639.689,FlowForge synthetic (TradeStat not downloaded; see ingest/tradestat.py),,2026-09-27T00:00:00Z,SYNTH
API-CHLOROQUINE,2024-09-01,2017.2606,282307.712,FlowForge synthetic (TradeStat not downloaded; see ingest/tradestat.py),,2026-09-27T00:00:00Z,SYNTH
API-CHLOROQUINE,2024-10-01,2191.0909,267053.064,FlowForge synthetic (TradeStat not downloaded; see ingest/tradestat.py),,2026-09-27T00:00:00Z,SYNTH
API-CHLOROQUINE,2024-11-01,2239.9117,258379.497,FlowForge synthetic (TradeStat not downloaded; see ingest/tradestat.py),,2026-09-27T00:00:00Z,SYNTH
API-CHLOROQUINE,2024-12-01,2246.1866,237357.158,FlowForge synthetic (TradeStat not downloaded; see ingest/tradestat.py),,2026-09-27T00:00:00Z,SYNTH
API-CHLOROQUINE,2025-01-01,2296.2914,242077.543,FlowForge synthetic (TradeStat not downloaded; see ingest/tradestat.py),,2026-09-27T00:00:00Z,SYNTH
API-CHLOROQUINE,2025-02-01,2265.5018,164374.673,FlowForge synthetic (TradeStat not downloaded; see ingest/tradestat.py),,2026-09-27T00:00:00Z,SYNTH
API-CHLOROQUINE,2025-03-01,2357.4388,205424.454,FlowForge synthetic (TradeStat not downloaded; see ingest/tradestat.py),,2026-09-27T00:00:00Z,SYNTH
API-CHLOROQUINE,2025-04-01,2418.7019,144287.138,FlowForge synthetic (TradeStat not downloaded; see ingest/tradestat.py),,2026-09-27T00:00:00Z,SYNTH
API-CHLOROQUINE,2025-05-01,2396.4077,232707.972,FlowForge synthetic (TradeStat not downloaded; see ingest/tradestat.py),,2026-09-27T00:00:00Z,SYNTH
API-CHLOROQUINE,2025-06-01,2410.5226,149472.842,FlowForge synthetic (TradeStat not downloaded; see ingest/tradestat.py),,2026-09-27T00:00:00Z,SYNTH
API-CHLOROQUINE,2025-07-01,2320.4296,149951.848,FlowForge synthetic (TradeStat not downloaded; see ingest/tradestat.py),,2026-09-27T00:00:00Z,SYNTH
API-CHLOROQUINE,2025-08-01,2356.7861,107195.222,FlowForge synthetic (TradeStat not downloaded; see ingest/tradestat.py),,2026-09-27T00:00:00Z,SYNTH
API-CHLOROQUINE,2025-09-01,2375.6073,233049.653,FlowForge synthetic (TradeStat not downloaded; see ingest/tradestat.py),,2026-09-27T00:00:00Z,SYNTH
API-CHLOROQUINE,2025-10-01,2416.6732,180942.418,FlowForge synthetic (TradeStat not downloaded; see ingest/tradestat.py),,2026-09-27T00:00:00Z,SYNTH
API-CHLOROQUINE,2025-11-01,2371.6246,136118.594,FlowForge synthetic (TradeStat not downloaded; see ingest/tradestat.py),,2026-09-27T00:00:00Z,SYNTH
API-CHLOROQUINE,2025-12-01,2478.9674,121811.952,FlowForge synthetic (TradeStat not downloaded; see ingest/tradestat.py),,2026-09-27T00:00:00Z,SYNTH
API-CHLOROQUINE,2026-01-01,2519.7445,204313.016,FlowForge synthetic (TradeStat not downloaded; see ingest/tradestat.py),,2026-09-27T00:00:00Z,SYNTH
API-CHLOROQUINE,2026-02-01,2562.8487,188928.622,FlowForge synthetic (TradeStat not downloaded; see ingest/tradestat.py),,2026-09-27T00:00:00Z,SYNTH
API-CHLOROQUINE,2026-03-01,2688.0341,124021.683,FlowForge synthetic (TradeStat not downloaded; see ingest/tradestat.py),,2026-09-27T00:00:00Z,SYNTH
API-CHLOROQUINE,2026-04-01,2681.2904,272386.86,FlowForge synthetic (TradeStat not downloaded; see ingest/tradestat.py),,2026-09-27T00:00:00Z,SYNTH
API-CHLOROQUINE,2026-05-01,2741.9823,124897.218,FlowForge synthetic (TradeStat not downloaded; see ingest/tradestat.py),,2026-09-27T00:00:00Z,SYNTH
API-CHLOROQUINE,2026-06-01,2840.6771,290265.473,FlowForge synthetic (TradeStat not downloaded; see ingest/tradestat.py),,2026-09-27T00:00:00Z,SYNTH
API-CHLOROQUINE,2026-07-01,2944.0901,156501.717,FlowForge synthetic (TradeStat not downloaded; see ingest/tradestat.py),,2026-09-27T00:00:00Z,SYNTH
API-CHLOROQUINE,2026-08-01,3000.215,116906.228,FlowForge synthetic (TradeStat not downloaded; see ingest/tradestat.py),,2026-09-27T00:00:00Z,SYNTH
API-CHLOROQUINE,2026-09-01,3051.5875,175631.385,FlowForge synthetic (TradeStat not downloaded; see ingest/tradestat.py),,2026-09-27T00:00:00Z,SYNTH
API-CISPLATIN,2019-01-01,3140148.1366,166538.888,FlowForge synthetic (TradeStat not downloaded; see ingest/tradestat.py),,2026-09-27T00:00:00Z,SYNTH
API-CISPLATIN,2019-02-01,3072897.0373,106440.369,FlowForge synthetic (TradeStat not downloaded; see ingest/tradestat.py),,2026-09-27T00:00:00Z,SYNTH
API-CISPLATIN,2019-03-01,3078876.5042,188667.631,FlowForge synthetic (TradeStat not downloaded; see ingest/tradestat.py),,2026-09-27T00:00:00Z,SYNTH
API-CISPLATIN,2019-04-01,3066629.2645,130750.296,FlowForge synthetic (TradeStat not downloaded; see ingest/tradestat.py),,2026-09-27T00:00:00Z,SYNTH
API-CISPLATIN,2019-05-01,3214903.6644,128147.179,FlowForge synthetic (TradeStat not downloaded; see ingest/tradestat.py),,2026-09-27T00:00:00Z,SYNTH
API-CISPLATIN,2019-06-01,3189543.341,139487.126,FlowForge synthetic (TradeStat not downloaded; see ingest/tradestat.py),,2026-09-27T00:00:00Z,SYNTH
API-CISPLATIN,2019-07-01,3261675.892,52765.238,FlowForge synthetic (TradeStat not downloaded; see ingest/tradestat.py),,2026-09-27T00:00:00Z,SYNTH
API-CISPLATIN,2019-08-01,3321429.0511,87950.536,FlowForge synthetic (TradeStat not downloaded; see ingest/tradestat.py),,2026-09-27T00:00:00Z,SYNTH
API-CISPLATIN,2019-09-01,3372042.8793,130239.51,FlowForge synthetic (TradeStat not downloaded; see ingest/tradestat.py),,2026-09-27T00:00:00Z,SYNTH
API-CISPLATIN,2019-10-01,3587236.8406,119140.493,FlowForge synthetic (TradeStat not downloaded; see ingest/tradestat.py),,2026-09-27T00:00:00Z,SYNTH
API-CISPLATIN,2019-11-01,3676798.0028,83397.091,FlowForge synthetic (TradeStat not downloaded; see ingest/tradestat.py),,2026-09-27T00:00:00Z,SYNTH
API-CISPLATIN,2019-12-01,3749126.3799,178072.798,FlowForge synthetic (TradeStat not downloaded; see ingest/tradestat.py),,2026-09-27T00:00:00Z,SYNTH
API-CISPLATIN,2020-01-01,3758954.8579,96103.564,FlowForge synthetic (TradeStat not downloaded; see ingest/tradestat.py),,2026-09-27T00:00:00Z,SYNTH
API-CISPLATIN,2020-02-01,3690606.9351,226006.846,FlowForge synthetic (TradeStat not downloaded; see ingest/tradestat.py),,2026-09-27T00:00:00Z,SYNTH
API-CISPLATIN,2020-03-01,3766706.643,153315.084,FlowForge synthetic (TradeStat not downloaded; see ingest/tradestat.py),,2026-09-27T00:00:00Z,SYNTH
API-CISPLATIN,2020-04-01,3853951.3275,155059.3,FlowForge synthetic (TradeStat not downloaded; see ingest/tradestat.py),,2026-09-27T00:00:00Z,SYNTH
API-CISPLATIN,2020-05-01,3844131.7531,125145.372,FlowForge synthetic (TradeStat not downloaded; see ingest/tradestat.py),,2026-09-27T00:00:00Z,SYNTH
API-CISPLATIN,2020-06-01,3801278.0645,178001.975,FlowForge synthetic (TradeStat not downloaded; see ingest/tradestat.py),,2026-09-27T00:00:00Z,SYNTH
API-CISPLATIN,2020-07-01,3880394.2868,171176.972,FlowForge synthetic (TradeStat not downloaded; see ingest/tradestat.py),,2026-09-27T00:00:00Z,SYNTH
API-CISPLATIN,2020-08-01,3830057.2692,130717.049,FlowForge synthetic (TradeStat not downloaded; see ingest/tradestat.py),,2026-09-27T00:00:00Z,SYNTH
API-CISPLATIN,2020-09-01,3957591.6494,193317.307,FlowForge synthetic (TradeStat not downloaded; see ingest/tradestat.py),,2026-09-27T00:00:00Z,SYNTH
API-CISPLATIN,2020-10-01,4117337.7566,87875.208,FlowForge synthetic (TradeStat not downloaded; see ingest/tradestat.py),,2026-09-27T00:00:00Z,SYNTH
API-CISPLATIN,2020-11-01,4183328.5504,249969.213,FlowForge synthetic (TradeStat not downloaded; see ingest/tradestat.py),,2026-09-27T00:00:00Z,SYNTH
API-CISPLATIN,2020-12-01,4321271.0492,120689.647,FlowForge synthetic (TradeStat not downloaded; see ingest/tradestat.py),,2026-09-27T00:00:00Z,SYNTH
API-CISPLATIN,2021-01-01,3891892.9037,246755.542,FlowForge synthetic (TradeStat not downloaded; see ingest/tradestat.py),,2026-09-27T00:00:00Z,SYNTH
API-CISPLATIN,2021-02-01,3618717.819,127897.402,FlowForge synthetic (TradeStat not downloaded; see ingest/tradestat.py),,2026-09-27T00:00:00Z,SYNTH
API-CISPLATIN,2021-03-01,3561361.8912,320195.999,FlowForge synthetic (TradeStat not downloaded; see ingest/tradestat.py),,2026-09-27T00:00:00Z,SYNTH
API-CISPLATIN,2021-04-01,3537818.7725,201243.632,FlowForge synthetic (TradeStat not downloaded; see ingest/tradestat.py),,2026-09-27T00:00:00Z,SYNTH
API-CISPLATIN,2021-05-01,3565363.1036,173795.024,FlowForge synthetic (TradeStat not downloaded; see ingest/tradestat.py),,2026-09-27T00:00:00Z,SYNTH
API-CISPLATIN,2021-06-01,3617360.1251,247805.406,FlowForge synthetic (TradeStat not downloaded; see ingest/tradestat.py),,2026-09-27T00:00:00Z,SYNTH
API-CISPLATIN,2021-07-01,3410348.1509,212878.071,FlowForge synthetic (TradeStat not downloaded; see ingest/tradestat.py),,2026-09-27T00:00:00Z,SYNTH
API-CISPLATIN,2021-08-01,3376090.0846,156726.001,FlowForge synthetic (TradeStat not downloaded; see ingest/tradestat.py),,2026-09-27T00:00:00Z,SYNTH
API-CISPLATIN,2021-09-01,3609504.1437,329547.29,FlowForge synthetic (TradeStat not downloaded; see ingest/tradestat.py),,2026-09-27T00:00:00Z,SYNTH
API-CISPLATIN,2021-10-01,3462847.0148,158195.152,FlowForge synthetic (TradeStat not downloaded; see ingest/tradestat.py),,2026-09-27T00:00:00Z,SYNTH
API-CISPLATIN,2021-11-01,3470794.2904,95364.595,FlowForge synthetic (TradeStat not downloaded; see ingest/tradestat.py),,2026-09-27T00:00:00Z,SYNTH
API-CISPLATIN,2021-12-01,3399964.0744,122174.755,FlowForge synthetic (TradeStat not downloaded; see ingest/tradestat.py),,2026-09-27T00:00:00Z,SYNTH
API-CISPLATIN,2022-01-01,3191427.0529,183774.441,FlowForge synthetic (TradeStat not downloaded; see ingest/tradestat.py),,2026-09-27T00:00:00Z,SYNTH
API-CISPLATIN,2022-02-01,3332277.3264,191210.771,FlowForge synthetic (TradeStat not downloaded; see ingest/tradestat.py),,2026-09-27T00:00:00Z,SYNTH
API-CISPLATIN,2022-03-01,3576296.2735,134995.581,FlowForge synthetic (TradeStat not downloaded; see ingest/tradestat.py),,2026-09-27T00:00:00Z,SYNTH
API-CISPLATIN,2022-04-01,3611715.8111,98944.766,FlowForge synthetic (TradeStat not downloaded; see ingest/tradestat.py),,2026-09-27T00:00:00Z,SYNTH
API-CISPLATIN,2022-05-01,3600215.6888,241740.523,FlowForge synthetic (TradeStat not downloaded; see ingest/tradestat.py),,2026-09-27T00:00:00Z,SYNTH
API-CISPLATIN,2022-06-01,3888304.5451,218675.677,FlowForge synthetic (TradeStat not downloaded; see ingest/tradestat.py),,2026-09-27T00:00:00Z,SYNTH
API-CISPLATIN,2022-07-01,3809243.8741,172610.842,FlowForge synthetic (TradeStat not downloaded; see ingest/tradestat.py),,2026-09-27T00:00:00Z,SYNTH
API-CISPLATIN,2022-08-01,3681494.4083,144477.117,FlowForge synthetic (TradeStat not downloaded; see ingest/tradestat.py),,2026-09-27T00:00:00Z,SYNTH
API-CISPLATIN,2022-09-01,3541914.4945,229841.346,FlowForge synthetic (TradeStat not downloaded; see ingest/tradestat.py),,2026-09-27T00:00:00Z,SYNTH
API-CISPLATIN,2022-10-01,3753374.7392,132670.778,FlowForge synthetic (TradeStat not downloaded; see ingest/tradestat.py),,2026-09-27T00:00:00Z,SYNTH
API-CISPLATIN,2022-11-01,3802627.9633,133162.433,FlowForge synthetic (TradeStat not downloaded; see ingest/tradestat.py),,2026-09-27T00:00:00Z,SYNTH
API-CISPLATIN,2022-12-01,3747701.6313,166358.469,FlowForge synthetic (TradeStat not downloaded; see ingest/tradestat.py),,2026-09-27T00:00:00Z,SYNTH
API-CISPLATIN,2023-01-01,3673942.0242,146333.96,FlowForge synthetic (TradeStat not downloaded; see ingest/tradestat.py),,2026-09-27T00:00:00Z,SYNTH
API-CISPLATIN,2023-02-01,3563178.9057,242405.945,FlowForge synthetic (TradeStat not downloaded; see ingest/tradestat.py),,2026-09-27T00:00:00Z,SYNTH
API-CISPLATIN,2023-03-01,3536017.0889,90105.057,FlowForge synthetic (TradeStat not downloaded; see ingest/tradestat.py),,2026-09-27T00:00:00Z,SYNTH
API-CISPLATIN,2023-04-01,3592105.7716,156947.122,FlowForge synthetic (TradeStat not downloaded; see ingest/tradestat.py),,2026-09-27T00:00:00Z,SYNTH
API-CISPLATIN,2023-05-01,3363423.3546,111408.979,FlowForge synthetic (TradeStat not downloaded; see ingest/tradestat.py),,2026-09-27T00:00:00Z,SYNTH
API-CISPLATIN,2023-06-01,3536840.0637,126288.777,FlowForge synthetic (TradeStat not downloaded; see ingest/tradestat.py),,2026-09-27T00:00:00Z,SYNTH
API-CISPLATIN,2023-07-01,3359829.7359,129878.117,FlowForge synthetic (TradeStat not downloaded; see ingest/tradestat.py),,2026-09-27T00:00:00Z,SYNTH
API-CISPLATIN,2023-08-01,3483557.6952,148860.177,FlowForge synthetic (TradeStat not downloaded; see ingest/tradestat.py),,2026-09-27T00:00:00Z,SYNTH
API-CISPLATIN,2023-09-01,3390845.869,341120.28,FlowForge synthetic (TradeStat not downloaded; see ingest/tradestat.py),,2026-09-27T00:00:00Z,SYNTH
API-CISPLATIN,2023-10-01,3421454.1114,164003.52,FlowForge synthetic (TradeStat not downloaded; see ingest/tradestat.py),,2026-09-27T00:00:00Z,SYNTH
API-CISPLATIN,2023-11-01,3499217.6313,112746.094,FlowForge synthetic (TradeStat not downloaded; see ingest/tradestat.py),,2026-09-27T00:00:00Z,SYNTH
API-CISPLATIN,2023-12-01,3748659.5477,144871.032,FlowForge synthetic (TradeStat not downloaded; see ingest/tradestat.py),,2026-09-27T00:00:00Z,SYNTH
API-CISPLATIN,2024-01-01,3365633.3248,202226.3,FlowForge synthetic (TradeStat not downloaded; see ingest/tradestat.py),,2026-09-27T00:00:00Z,SYNTH
API-CISPLATIN,2024-02-01,3454716.7897,155705.984,FlowForge synthetic (TradeStat not downloaded; see ingest/tradestat.py),,2026-09-27T00:00:00Z,SYNTH
API-CISPLATIN,2024-03-01,3481681.2428,182253.259,FlowForge synthetic (TradeStat not downloaded; see ingest/tradestat.py),,2026-09-27T00:00:00Z,SYNTH
API-CISPLATIN,2024-04-01,3331702.8588,123113.524,FlowForge synthetic (TradeStat not downloaded; see ingest/tradestat.py),,2026-09-27T00:00:00Z,SYNTH
API-CISPLATIN,2024-05-01,3327217.5122,203588.027,FlowForge synthetic (TradeStat not downloaded; see ingest/tradestat.py),,2026-09-27T00:00:00Z,SYNTH
API-CISPLATIN,2024-06-01,3251458.9939,114035.421,FlowForge synthetic (TradeStat not downloaded; see ingest/tradestat.py),,2026-09-27T00:00:00Z,SYNTH
API-CISPLATIN,2024-07-01,3279542.6848,211370.095,FlowForge synthetic (TradeStat not downloaded; see ingest/tradestat.py),,2026-09-27T00:00:00Z,SYNTH
API-CISPLATIN,2024-08-01,3185781.2719,187038.8,FlowForge synthetic (TradeStat not downloaded; see ingest/tradestat.py),,2026-09-27T00:00:00Z,SYNTH
API-CISPLATIN,2024-09-01,3166947.8136,117041.707,FlowForge synthetic (TradeStat not downloaded; see ingest/tradestat.py),,2026-09-27T00:00:00Z,SYNTH
API-CISPLATIN,2024-10-01,3493265.4764,73774.339,FlowForge synthetic (TradeStat not downloaded; see ingest/tradestat.py),,2026-09-27T00:00:00Z,SYNTH
API-CISPLATIN,2024-11-01,3649036.7703,101281.253,FlowForge synthetic (TradeStat not downloaded; see ingest/tradestat.py),,2026-09-27T00:00:00Z,SYNTH
API-CISPLATIN,2024-12-01,3798278.3219,72876.926,FlowForge synthetic (TradeStat not downloaded; see ingest/tradestat.py),,2026-09-27T00:00:00Z,SYNTH
API-CISPLATIN,2025-01-01,3917451.7076,233174.712,FlowForge synthetic (TradeStat not downloaded; see ingest/tradestat.py),,2026-09-27T00:00:00Z,SYNTH
API-CISPLATIN,2025-02-01,3933432.99,167553.47,FlowForge synthetic (TradeStat not downloaded; see ingest/tradestat.py),,2026-09-27T00:00:00Z,SYNTH
API-CISPLATIN,2025-03-01,3640770.3615,164024.589,FlowForge synthetic (TradeStat not downloaded; see ingest/tradestat.py),,2026-09-27T00:00:00Z,SYNTH
API-CISPLATIN,2025-04-01,3515073.5744,200559.244,FlowForge synthetic (TradeStat not downloaded; see ingest/tradestat.py),,2026-09-27T00:00:00Z,SYNTH
API-CISPLATIN,2025-05-01,3538547.6462,77709.257,FlowForge synthetic (TradeStat not downloaded; see ingest/tradestat.py),,2026-09-27T00:00:00Z,SYNTH
API-CISPLATIN,2025-06-01,3412061.2668,178862.579,FlowForge synthetic (TradeStat not downloaded; see ingest/tradestat.py),,2026-09-27T00:00:00Z,SYNTH
API-CISPLATIN,2025-07-01,3683974.359,82359.802,FlowForge synthetic (TradeStat not downloaded; see ingest/tradestat.py),,2026-09-27T00:00:00Z,SYNTH
API-CISPLATIN,2025-08-01,3761633.4903,134122.959,FlowForge synthetic (TradeStat not downloaded; see ingest/tradestat.py),,2026-09-27T00:00:00Z,SYNTH
API-CISPLATIN,2025-09-01,3946658.9276,200571.19,FlowForge synthetic (TradeStat not downloaded; see ingest/tradestat.py),,2026-09-27T00:00:00Z,SYNTH
API-CISPLATIN,2025-10-01,3999164.5026,109196.025,FlowForge synthetic (TradeStat not downloaded; see ingest/tradestat.py),,2026-09-27T00:00:00Z,SYNTH
API-CISPLATIN,2025-11-01,3957970.9502,135910.208,FlowForge synthetic (TradeStat not downloaded; see ingest/tradestat.py),,2026-09-27T00:00:00Z,SYNTH
API-CISPLATIN,2025-12-01,3992428.1111,194386.906,FlowForge synthetic (TradeStat not downloaded; see ingest/tradestat.py),,2026-09-27T00:00:00Z,SYNTH
API-CISPLATIN,2026-01-01,3921479.9411,140561.908,FlowForge synthetic (TradeStat not downloaded; see ingest/tradestat.py),,2026-09-27T00:00:00Z,SYNTH
API-CISPLATIN,2026-02-01,4057081.2037,186579.762,FlowForge synthetic (TradeStat not downloaded; see ingest/tradestat.py),,2026-09-27T00:00:00Z,SYNTH
API-CISPLATIN,2026-03-01,4339863.633,78699.633,FlowForge synthetic (TradeStat not downloaded; see ingest/tradestat.py),,2026-09-27T00:00:00Z,SYNTH
API-CISPLATIN,2026-04-01,4371968.0109,104694.375,FlowForge synthetic (TradeStat not downloaded; see ingest/tradestat.py),,2026-09-27T00:00:00Z,SYNTH
API-CISPLATIN,2026-05-01,4725284.698,233304.433,FlowForge synthetic (TradeStat not downloaded; see ingest/tradestat.py),,2026-09-27T00:00:00Z,SYNTH
API-CISPLATIN,2026-06-01,4616019.6825,109361.098,FlowForge synthetic (TradeStat not downloaded; see ingest/tradestat.py),,2026-09-27T00:00:00Z,SYNTH
API-CISPLATIN,2026-07-01,4678192.6502,141253.765,FlowForge synthetic (TradeStat not downloaded; see ingest/tradestat.py),,2026-09-27T00:00:00Z,SYNTH
API-CISPLATIN,2026-08-01,4502908.3373,159219.675,FlowForge synthetic (TradeStat not downloaded; see ingest/tradestat.py),,2026-09-27T00:00:00Z,SYNTH
API-CISPLATIN,2026-09-01,4645881.2007,74190.904,FlowForge synthetic (TradeStat not downloaded; see ingest/tradestat.py),,2026-09-27T00:00:00Z,SYNTH
API-DAPSONE,2019-01-01,610.4759,44655.274,FlowForge synthetic (TradeStat not downloaded; see ingest/tradestat.py),,2026-09-27T00:00:00Z,SYNTH
API-DAPSONE,2019-02-01,616.3248,48378.395,FlowForge synthetic (TradeStat not downloaded; see ingest/tradestat.py),,2026-09-27T00:00:00Z,SYNTH
API-DAPSONE,2019-03-01,631.5931,27930.725,FlowForge synthetic (TradeStat not downloaded; see ingest/tradestat.py),,2026-09-27T00:00:00Z,SYNTH
API-DAPSONE,2019-04-01,642.7895,49069.204,FlowForge synthetic (TradeStat not downloaded; see ingest/tradestat.py),,2026-09-27T00:00:00Z,SYNTH
API-DAPSONE,2019-05-01,665.0018,78483.994,FlowForge synthetic (TradeStat not downloaded; see ingest/tradestat.py),,2026-09-27T00:00:00Z,SYNTH
API-DAPSONE,2019-06-01,663.4227,56851.925,FlowForge synthetic (TradeStat not downloaded; see ingest/tradestat.py),,2026-09-27T00:00:00Z,SYNTH
API-DAPSONE,2019-07-01,677.8653,49306.219,FlowForge synthetic (TradeStat not downloaded; see ingest/tradestat.py),,2026-09-27T00:00:00Z,SYNTH
API-DAPSONE,2019-08-01,679.1031,68719.044,FlowForge synthetic (TradeStat not downloaded; see ingest/tradestat.py),,2026-09-27T00:00:00Z,SYNTH
API-DAPSONE,2019-09-01,683.2259,85116.489,FlowForge synthetic (TradeStat not downloaded; see ingest/tradestat.py),,2026-09-27T00:00:00Z,SYNTH
API-DAPSONE,2019-10-01,686.5998,33462.794,FlowForge synthetic (TradeStat not downloaded; see ingest/tradestat.py),,2026-09-27T00:00:00Z,SYNTH
API-DAPSONE,2019-11-01,697.1602,40973.36,FlowForge synthetic (TradeStat not downloaded; see ingest/tradestat.py),,2026-09-27T00:00:00Z,SYNTH
API-DAPSONE,2019-12-01,697.5326,41765.609,FlowForge synthetic (TradeStat not downloaded; see ingest/tradestat.py),,2026-09-27T00:00:00Z,SYNTH
API-DAPSONE,2020-01-01,698.1577,32256.741,FlowForge synthetic (TradeStat not downloaded; see ingest/tradestat.py),,2026-09-27T00:00:00Z,SYNTH
API-DAPSONE,2020-02-01,715.003,34756.327,FlowForge synthetic (TradeStat not downloaded; see ingest/tradestat.py),,2026-09-27T00:00:00Z,SYNTH
API-DAPSONE,2020-03-01,716.8033,35433.866,FlowForge synthetic (TradeStat not downloaded; see ingest/tradestat.py),,2026-09-27T00:00:00Z,SYNTH
API-DAPSONE,2020-04-01,706.8722,115531.296,FlowForge synthetic (TradeStat not downloaded; see ingest/tradestat.py),,2026-09-27T00:00:00Z,SYNTH
API-DAPSONE,2020-05-01,707.469,41269.937,FlowForge synthetic (TradeStat not downloaded; see ingest/tradestat.py),,2026-09-27T00:00:00Z,SYNTH
API-DAPSONE,2020-06-01,707.2027,50449.001,FlowForge synthetic (TradeStat not downloaded; see ingest/tradestat.py),,2026-09-27T00:00:00Z,SYNTH
API-DAPSONE,2020-07-01,714.7613,43254.279,FlowForge synthetic (TradeStat not downloaded; see ingest/tradestat.py),,2026-09-27T00:00:00Z,SYNTH
API-DAPSONE,2020-08-01,716.7607,30259.072,FlowForge synthetic (TradeStat not downloaded; see ingest/tradestat.py),,2026-09-27T00:00:00Z,SYNTH
API-DAPSONE,2020-09-01,728.3298,84504.049,FlowForge synthetic (TradeStat not downloaded; see ingest/tradestat.py),,2026-09-27T00:00:00Z,SYNTH
API-DAPSONE,2020-10-01,723.1303,57799.829,FlowForge synthetic (TradeStat not downloaded; see ingest/tradestat.py),,2026-09-27T00:00:00Z,SYNTH
API-DAPSONE,2020-11-01,743.262,66640.722,FlowForge synthetic (TradeStat not downloaded; see ingest/tradestat.py),,2026-09-27T00:00:00Z,SYNTH
API-DAPSONE,2020-12-01,757.2211,110791.671,FlowForge synthetic (TradeStat not downloaded; see ingest/tradestat.py),,2026-09-27T00:00:00Z,SYNTH
API-DAPSONE,2021-01-01,768.7345,37729.514,FlowForge synthetic (TradeStat not downloaded; see ingest/tradestat.py),,2026-09-27T00:00:00Z,SYNTH
API-DAPSONE,2021-02-01,739.7639,58550.581,FlowForge synthetic (TradeStat not downloaded; see ingest/tradestat.py),,2026-09-27T00:00:00Z,SYNTH
API-DAPSONE,2021-03-01,737.305,61041.767,FlowForge synthetic (TradeStat not downloaded; see ingest/tradestat.py),,2026-09-27T00:00:00Z,SYNTH
API-DAPSONE,2021-04-01,719.7544,42889.487,FlowForge synthetic (TradeStat not downloaded; see ingest/tradestat.py),,2026-09-27T00:00:00Z,SYNTH
API-DAPSONE,2021-05-01,737.2543,58147.104,FlowForge synthetic (TradeStat not downloaded; see ingest/tradestat.py),,2026-09-27T00:00:00Z,SYNTH
API-DAPSONE,2021-06-01,737.1844,46592.632,FlowForge synthetic (TradeStat not downloaded; see ingest/tradestat.py),,2026-09-27T00:00:00Z,SYNTH
API-DAPSONE,2021-07-01,735.4162,63870.596,FlowForge synthetic (TradeStat not downloaded; see ingest/tradestat.py),,2026-09-27T00:00:00Z,SYNTH
API-DAPSONE,2021-08-01,740.7387,55919.57,FlowForge synthetic (TradeStat not downloaded; see ingest/tradestat.py),,2026-09-27T00:00:00Z,SYNTH
API-DAPSONE,2021-09-01,743.5849,48624.987,FlowForge synthetic (TradeStat not downloaded; see ingest/tradestat.py),,2026-09-27T00:00:00Z,SYNTH
API-DAPSONE,2021-10-01,718.6682,39116.3,FlowForge synthetic (TradeStat not downloaded; see ingest/tradestat.py),,2026-09-27T00:00:00Z,SYNTH
API-DAPSONE,2021-11-01,712.5936,58001.714,FlowForge synthetic (TradeStat not downloaded; see ingest/tradestat.py),,2026-09-27T00:00:00Z,SYNTH
API-DAPSONE,2021-12-01,720.4203,48751.886,FlowForge synthetic (TradeStat not downloaded; see ingest/tradestat.py),,2026-09-27T00:00:00Z,SYNTH
API-DAPSONE,2022-01-01,736.3063,38638.536,FlowForge synthetic (TradeStat not downloaded; see ingest/tradestat.py),,2026-09-27T00:00:00Z,SYNTH
API-DAPSONE,2022-02-01,741.4847,60887.371,FlowForge synthetic (TradeStat not downloaded; see ingest/tradestat.py),,2026-09-27T00:00:00Z,SYNTH
API-DAPSONE,2022-03-01,738.7639,33538.579,FlowForge synthetic (TradeStat not downloaded; see ingest/tradestat.py),,2026-09-27T00:00:00Z,SYNTH
API-DAPSONE,2022-04-01,743.5854,31397.022,FlowForge synthetic (TradeStat not downloaded; see ingest/tradestat.py),,2026-09-27T00:00:00Z,SYNTH
API-DAPSONE,2022-05-01,758.907,41341.805,FlowForge synthetic (TradeStat not downloaded; see ingest/tradestat.py),,2026-09-27T00:00:00Z,SYNTH
API-DAPSONE,2022-06-01,750.6387,35506.959,FlowForge synthetic (TradeStat not downloaded; see ingest/tradestat.py),,2026-09-27T00:00:00Z,SYNTH
API-DAPSONE,2022-07-01,752.0153,17998.872,FlowForge synthetic (TradeStat not downloaded; see ingest/tradestat.py),,2026-09-27T00:00:00Z,SYNTH
API-DAPSONE,2022-08-01,744.7747,52748.61,FlowForge synthetic (TradeStat not downloaded; see ingest/tradestat.py),,2026-09-27T00:00:00Z,SYNTH
API-DAPSONE,2022-09-01,744.2239,35192.487,FlowForge synthetic (TradeStat not downloaded; see ingest/tradestat.py),,2026-09-27T00:00:00Z,SYNTH
API-DAPSONE,2022-10-01,724.8335,54340.466,FlowForge synthetic (TradeStat not downloaded; see ingest/tradestat.py),,2026-09-27T00:00:00Z,SYNTH
API-DAPSONE,2022-11-01,726.8347,64545.079,FlowForge synthetic (TradeStat not downloaded; see ingest/tradestat.py),,2026-09-27T00:00:00Z,SYNTH
API-DAPSONE,2022-12-01,729.578,26954.006,FlowForge synthetic (TradeStat not downloaded; see ingest/tradestat.py),,2026-09-27T00:00:00Z,SYNTH
API-DAPSONE,2023-01-01,719.9063,68427.432,FlowForge synthetic (TradeStat not downloaded; see ingest/tradestat.py),,2026-09-27T00:00:00Z,SYNTH
API-DAPSONE,2023-02-01,708.7667,56012.189,FlowForge synthetic (TradeStat not downloaded; see ingest/tradestat.py),,2026-09-27T00:00:00Z,SYNTH
API-DAPSONE,2023-03-01,706.339,28673.402,FlowForge synthetic (TradeStat not downloaded; see ingest/tradestat.py),,2026-09-27T00:00:00Z,SYNTH
API-DAPSONE,2023-04-01,712.9782,87934.998,FlowForge synthetic (TradeStat not downloaded; see ingest/tradestat.py),,2026-09-27T00:00:00Z,SYNTH
API-DAPSONE,2023-05-01,731.7858,47030.181,FlowForge synthetic (TradeStat not downloaded; see ingest/tradestat.py),,2026-09-27T00:00:00Z,SYNTH
API-DAPSONE,2023-06-01,739.9437,39619.636,FlowForge synthetic (TradeStat not downloaded; see ingest/tradestat.py),,2026-09-27T00:00:00Z,SYNTH
API-DAPSONE,2023-07-01,752.4391,52752.684,FlowForge synthetic (TradeStat not downloaded; see ingest/tradestat.py),,2026-09-27T00:00:00Z,SYNTH
API-DAPSONE,2023-08-01,750.813,61092.838,FlowForge synthetic (TradeStat not downloaded; see ingest/tradestat.py),,2026-09-27T00:00:00Z,SYNTH
API-DAPSONE,2023-09-01,758.9799,32948.666,FlowForge synthetic (TradeStat not downloaded; see ingest/tradestat.py),,2026-09-27T00:00:00Z,SYNTH
API-DAPSONE,2023-10-01,767.8987,59316.77,FlowForge synthetic (TradeStat not downloaded; see ingest/tradestat.py),,2026-09-27T00:00:00Z,SYNTH
API-DAPSONE,2023-11-01,785.2976,34032.038,FlowForge synthetic (TradeStat not downloaded; see ingest/tradestat.py),,2026-09-27T00:00:00Z,SYNTH
API-DAPSONE,2023-12-01,837.8929,68875.139,FlowForge synthetic (TradeStat not downloaded; see ingest/tradestat.py),,2026-09-27T00:00:00Z,SYNTH
API-DAPSONE,2024-01-01,845.3558,82661.501,FlowForge synthetic (TradeStat not downloaded; see ingest/tradestat.py),,2026-09-27T00:00:00Z,SYNTH
API-DAPSONE,2024-02-01,883.241,62000.721,FlowForge synthetic (TradeStat not downloaded; see ingest/tradestat.py),,2026-09-27T00:00:00Z,SYNTH
API-DAPSONE,2024-03-01,922.7528,32903.988,FlowForge synthetic (TradeStat not downloaded; see ingest/tradestat.py),,2026-09-27T00:00:00Z,SYNTH
API-DAPSONE,2024-04-01,944.5263,47494.233,FlowForge synthetic (TradeStat not downloaded; see ingest/tradestat.py),,2026-09-27T00:00:00Z,SYNTH
API-DAPSONE,2024-05-01,940.4202,28386.313,FlowForge synthetic (TradeStat not downloaded; see ingest/tradestat.py),,2026-09-27T00:00:00Z,SYNTH
API-DAPSONE,2024-06-01,943.0991,43446.56,FlowForge synthetic (TradeStat not downloaded; see ingest/tradestat.py),,2026-09-27T00:00:00Z,SYNTH
API-DAPSONE,2024-07-01,951.5502,38194.462,FlowForge synthetic (TradeStat not downloaded; see ingest/tradestat.py),,2026-09-27T00:00:00Z,SYNTH
API-DAPSONE,2024-08-01,938.9723,34816.264,FlowForge synthetic (TradeStat not downloaded; see ingest/tradestat.py),,2026-09-27T00:00:00Z,SYNTH
API-DAPSONE,2024-09-01,954.7156,57154.328,FlowForge synthetic (TradeStat not downloaded; see ingest/tradestat.py),,2026-09-27T00:00:00Z,SYNTH
API-DAPSONE,2024-10-01,963.8015,55454.989,FlowForge synthetic (TradeStat not downloaded; see ingest/tradestat.py),,2026-09-27T00:00:00Z,SYNTH
API-DAPSONE,2024-11-01,980.3479,42696.917,FlowForge synthetic (TradeStat not downloaded; see ingest/tradestat.py),,2026-09-27T00:00:00Z,SYNTH
API-DAPSONE,2024-12-01,968.7683,36495.136,FlowForge synthetic (TradeStat not downloaded; see ingest/tradestat.py),,2026-09-27T00:00:00Z,SYNTH
API-DAPSONE,2025-01-01,969.9958,24952.556,FlowForge synthetic (TradeStat not downloaded; see ingest/tradestat.py),,2026-09-27T00:00:00Z,SYNTH
API-DAPSONE,2025-02-01,939.3885,32850.988,FlowForge synthetic (TradeStat not downloaded; see ingest/tradestat.py),,2026-09-27T00:00:00Z,SYNTH
API-DAPSONE,2025-03-01,932.14,40431.286,FlowForge synthetic (TradeStat not downloaded; see ingest/tradestat.py),,2026-09-27T00:00:00Z,SYNTH
API-DAPSONE,2025-04-01,991.766,63943.181,FlowForge synthetic (TradeStat not downloaded; see ingest/tradestat.py),,2026-09-27T00:00:00Z,SYNTH
API-DAPSONE,2025-05-01,991.3356,29488.991,FlowForge synthetic (TradeStat not downloaded; see ingest/tradestat.py),,2026-09-27T00:00:00Z,SYNTH
API-DAPSONE,2025-06-01,976.2235,52849.824,FlowForge synthetic (TradeStat not downloaded; see ingest/tradestat.py),,2026-09-27T00:00:00Z,SYNTH
API-DAPSONE,2025-07-01,1034.4802,66029.611,FlowForge synthetic (TradeStat not downloaded; see ingest/tradestat.py),,2026-09-27T00:00:00Z,SYNTH
API-DAPSONE,2025-08-01,1078.909,102695.914,FlowForge synthetic (TradeStat not downloaded; see ingest/tradestat.py),,2026-09-27T00:00:00Z,SYNTH
API-DAPSONE,2025-09-01,1019.905,62846.084,FlowForge synthetic (TradeStat not downloaded; see ingest/tradestat.py),,2026-09-27T00:00:00Z,SYNTH
API-DAPSONE,2025-10-01,1031.8996,44116.341,FlowForge synthetic (TradeStat not downloaded; see ingest/tradestat.py),,2026-09-27T00:00:00Z,SYNTH
API-DAPSONE,2025-11-01,1068.5151,53712.205,FlowForge synthetic (TradeStat not downloaded; see ingest/tradestat.py),,2026-09-27T00:00:00Z,SYNTH
API-DAPSONE,2025-12-01,1084.5078,44893.293,FlowForge synthetic (TradeStat not downloaded; see ingest/tradestat.py),,2026-09-27T00:00:00Z,SYNTH
API-DAPSONE,2026-01-01,1083.8049,40993.202,FlowForge synthetic (TradeStat not downloaded; see ingest/tradestat.py),,2026-09-27T00:00:00Z,SYNTH
API-DAPSONE,2026-02-01,1088.5355,67898.195,FlowForge synthetic (TradeStat not downloaded; see ingest/tradestat.py),,2026-09-27T00:00:00Z,SYNTH
API-DAPSONE,2026-03-01,1086.2562,83724.908,FlowForge synthetic (TradeStat not downloaded; see ingest/tradestat.py),,2026-09-27T00:00:00Z,SYNTH
API-DAPSONE,2026-04-01,1106.5713,48825.774,FlowForge synthetic (TradeStat not downloaded; see ingest/tradestat.py),,2026-09-27T00:00:00Z,SYNTH
API-DAPSONE,2026-05-01,1128.7084,35296.998,FlowForge synthetic (TradeStat not downloaded; see ingest/tradestat.py),,2026-09-27T00:00:00Z,SYNTH
API-DAPSONE,2026-06-01,1124.9548,44808.81,FlowForge synthetic (TradeStat not downloaded; see ingest/tradestat.py),,2026-09-27T00:00:00Z,SYNTH
API-DAPSONE,2026-07-01,1114.9097,33083.829,FlowForge synthetic (TradeStat not downloaded; see ingest/tradestat.py),,2026-09-27T00:00:00Z,SYNTH
API-DAPSONE,2026-08-01,1144.0035,32555.226,FlowForge synthetic (TradeStat not downloaded; see ingest/tradestat.py),,2026-09-27T00:00:00Z,SYNTH
API-DAPSONE,2026-09-01,1191.4942,47036.653,FlowForge synthetic (TradeStat not downloaded; see ingest/tradestat.py),,2026-09-27T00:00:00Z,SYNTH
API-DESFERRIOXAMINE,2019-01-01,421258.6969,60294.075,FlowForge synthetic (TradeStat not downloaded; see ingest/tradestat.py),,2026-09-27T00:00:00Z,SYNTH
API-DESFERRIOXAMINE,2019-02-01,411864.9897,48055.133,FlowForge synthetic (TradeStat not downloaded; see ingest/tradestat.py),,2026-09-27T00:00:00Z,SYNTH
API-DESFERRIOXAMINE,2019-03-01,426632.0511,44696.897,FlowForge synthetic (TradeStat not downloaded; see ingest/tradestat.py),,2026-09-27T00:00:00Z,SYNTH
API-DESFERRIOXAMINE,2019-04-01,454590.8611,53163.202,FlowForge synthetic (TradeStat not downloaded; see ingest/tradestat.py),,2026-09-27T00:00:00Z,SYNTH
API-DESFERRIOXAMINE,2019-05-01,432105.8362,49056.867,FlowForge synthetic (TradeStat not downloaded; see ingest/tradestat.py),,2026-09-27T00:00:00Z,SYNTH
API-DESFERRIOXAMINE,2019-06-01,464106.3688,42309.399,FlowForge synthetic (TradeStat not downloaded; see ingest/tradestat.py),,2026-09-27T00:00:00Z,SYNTH
API-DESFERRIOXAMINE,2019-07-01,451415.2089,60937.787,FlowForge synthetic (TradeStat not downloaded; see ingest/tradestat.py),,2026-09-27T00:00:00Z,SYNTH
API-DESFERRIOXAMINE,2019-08-01,427535.5351,73781.392,FlowForge synthetic (TradeStat not downloaded; see ingest/tradestat.py),,2026-09-27T00:00:00Z,SYNTH
API-DESFERRIOXAMINE,2019-09-01,428429.1002,32742.115,FlowForge synthetic (TradeStat not downloaded; see ingest/tradestat.py),,2026-09-27T00:00:00Z,SYNTH
API-DESFERRIOXAMINE,2019-10-01,403932.8572,50300.645,FlowForge synthetic (TradeStat not downloaded; see ingest/tradestat.py),,2026-09-27T00:00:00Z,SYNTH
API-DESFERRIOXAMINE,2019-11-01,382732.8309,132859.27,FlowForge synthetic (TradeStat not downloaded; see ingest/tradestat.py),,2026-09-27T00:00:00Z,SYNTH
API-DESFERRIOXAMINE,2019-12-01,396555.5441,65120.842,FlowForge synthetic (TradeStat not downloaded; see ingest/tradestat.py),,2026-09-27T00:00:00Z,SYNTH
API-DESFERRIOXAMINE,2020-01-01,384794.9329,39155.601,FlowForge synthetic (TradeStat not downloaded; see ingest/tradestat.py),,2026-09-27T00:00:00Z,SYNTH
API-DESFERRIOXAMINE,2020-02-01,375128.2215,28466.554,FlowForge synthetic (TradeStat not downloaded; see ingest/tradestat.py),,2026-09-27T00:00:00Z,SYNTH
API-DESFERRIOXAMINE,2020-03-01,382097.2894,62671.99,FlowForge synthetic (TradeStat not downloaded; see ingest/tradestat.py),,2026-09-27T00:00:00Z,SYNTH
API-DESFERRIOXAMINE,2020-04-01,396028.1791,61275.267,FlowForge synthetic (TradeStat not downloaded; see ingest/tradestat.py),,2026-09-27T00:00:00Z,SYNTH
API-DESFERRIOXAMINE,2020-05-01,400182.981,62979.875,FlowForge synthetic (TradeStat not downloaded; see ingest/tradestat.py),,2026-09-27T00:00:00Z,SYNTH
API-DESFERRIOXAMINE,2020-06-01,405595.6916,63046.935,FlowForge synthetic (TradeStat not downloaded; see ingest/tradestat.py),,2026-09-27T00:00:00Z,SYNTH
API-DESFERRIOXAMINE,2020-07-01,423285.4936,65833.355,FlowForge synthetic (TradeStat not downloaded; see ingest/tradestat.py),,2026-09-27T00:00:00Z,SYNTH
API-DESFERRIOXAMINE,2020-08-01,429279.6313,84139.371,FlowForge synthetic (TradeStat not downloaded; see ingest/tradestat.py),,2026-09-27T00:00:00Z,SYNTH
API-DESFERRIOXAMINE,2020-09-01,417359.06,43350.891,FlowForge synthetic (TradeStat not downloaded; see ingest/tradestat.py),,2026-09-27T00:00:00Z,SYNTH
API-DESFERRIOXAMINE,2020-10-01,388903.8525,45552.75,FlowForge synthetic (TradeStat not downloaded; see ingest/tradestat.py),,2026-09-27T00:00:00Z,SYNTH
API-DESFERRIOXAMINE,2020-11-01,369466.4001,30207.035,FlowForge synthetic (TradeStat not downloaded; see ingest/tradestat.py),,2026-09-27T00:00:00Z,SYNTH
API-DESFERRIOXAMINE,2020-12-01,400521.0706,43196.735,FlowForge synthetic (TradeStat not downloaded; see ingest/tradestat.py),,2026-09-27T00:00:00Z,SYNTH
API-DESFERRIOXAMINE,2021-01-01,380492.5365,49602.872,FlowForge synthetic (TradeStat not downloaded; see ingest/tradestat.py),,2026-09-27T00:00:00Z,SYNTH
API-DESFERRIOXAMINE,2021-02-01,362563.3806,58828.557,FlowForge synthetic (TradeStat not downloaded; see ingest/tradestat.py),,2026-09-27T00:00:00Z,SYNTH
API-DESFERRIOXAMINE,2021-03-01,340347.2987,36530.098,FlowForge synthetic (TradeStat not downloaded; see ingest/tradestat.py),,2026-09-27T00:00:00Z,SYNTH
API-DESFERRIOXAMINE,2021-04-01,352320.5615,63965.922,FlowForge synthetic (TradeStat not downloaded; see ingest/tradestat.py),,2026-09-27T00:00:00Z,SYNTH
API-DESFERRIOXAMINE,2021-05-01,331129.0711,52351.778,FlowForge synthetic (TradeStat not downloaded; see ingest/tradestat.py),,2026-09-27T00:00:00Z,SYNTH
API-DESFERRIOXAMINE,2021-06-01,330427.0873,41034.696,FlowForge synthetic (TradeStat not downloaded; see ingest/tradestat.py),,2026-09-27T00:00:00Z,SYNTH
API-DESFERRIOXAMINE,2021-07-01,337160.4998,102656.475,FlowForge synthetic (TradeStat not downloaded; see ingest/tradestat.py),,2026-09-27T00:00:00Z,SYNTH
API-DESFERRIOXAMINE,2021-08-01,341288.737,46060.372,FlowForge synthetic (TradeStat not downloaded; see ingest/tradestat.py),,2026-09-27T00:00:00Z,SYNTH
API-DESFERRIOXAMINE,2021-09-01,381101.8749,77126.279,FlowForge synthetic (TradeStat not downloaded; see ingest/tradestat.py),,2026-09-27T00:00:00Z,SYNTH
API-DESFERRIOXAMINE,2021-10-01,405947.04,83830.461,FlowForge synthetic (TradeStat not downloaded; see ingest/tradestat.py),,2026-09-27T00:00:00Z,SYNTH
API-DESFERRIOXAMINE,2021-11-01,382810.943,70063.761,FlowForge synthetic (TradeStat not downloaded; see ingest/tradestat.py),,2026-09-27T00:00:00Z,SYNTH
API-DESFERRIOXAMINE,2021-12-01,348335.031,66876.025,FlowForge synthetic (TradeStat not downloaded; see ingest/tradestat.py),,2026-09-27T00:00:00Z,SYNTH
API-DESFERRIOXAMINE,2022-01-01,345849.2655,46425.581,FlowForge synthetic (TradeStat not downloaded; see ingest/tradestat.py),,2026-09-27T00:00:00Z,SYNTH
API-DESFERRIOXAMINE,2022-02-01,352691.3033,83072.9,FlowForge synthetic (TradeStat not downloaded; see ingest/tradestat.py),,2026-09-27T00:00:00Z,SYNTH
API-DESFERRIOXAMINE,2022-03-01,345359.2707,39620.837,FlowForge synthetic (TradeStat not downloaded; see ingest/tradestat.py),,2026-09-27T00:00:00Z,SYNTH
API-DESFERRIOXAMINE,2022-04-01,332641.7229,133299.113,FlowForge synthetic (TradeStat not downloaded; see ingest/tradestat.py),,2026-09-27T00:00:00Z,SYNTH
API-DESFERRIOXAMINE,2022-05-01,319665.9659,57415.183,FlowForge synthetic (TradeStat not downloaded; see ingest/tradestat.py),,2026-09-27T00:00:00Z,SYNTH
API-DESFERRIOXAMINE,2022-06-01,311383.1516,37943.03,FlowForge synthetic (TradeStat not downloaded; see ingest/tradestat.py),,2026-09-27T00:00:00Z,SYNTH
API-DESFERRIOXAMINE,2022-07-01,304923.3922,64745.593,FlowForge synthetic (TradeStat not downloaded; see ingest/tradestat.py),,2026-09-27T00:00:00Z,SYNTH
API-DESFERRIOXAMINE,2022-08-01,300617.6272,79503.19,FlowForge synthetic (TradeStat not downloaded; see ingest/tradestat.py),,2026-09-27T00:00:00Z,SYNTH
API-DESFERRIOXAMINE,2022-09-01,314132.2956,38999.846,FlowForge synthetic (TradeStat not downloaded; see ingest/tradestat.py),,2026-09-27T00:00:00Z,SYNTH
API-DESFERRIOXAMINE,2022-10-01,285725.3589,100441.363,FlowForge synthetic (TradeStat not downloaded; see ingest/tradestat.py),,2026-09-27T00:00:00Z,SYNTH
API-DESFERRIOXAMINE,2022-11-01,301926.6685,26724.191,FlowForge synthetic (TradeStat not downloaded; see ingest/tradestat.py),,2026-09-27T00:00:00Z,SYNTH
API-DESFERRIOXAMINE,2022-12-01,315045.4572,53822.623,FlowForge synthetic (TradeStat not downloaded; see ingest/tradestat.py),,2026-09-27T00:00:00Z,SYNTH
API-DESFERRIOXAMINE,2023-01-01,319831.2569,45596.098,FlowForge synthetic (TradeStat not downloaded; see ingest/tradestat.py),,2026-09-27T00:00:00Z,SYNTH
API-DESFERRIOXAMINE,2023-02-01,313083.0067,47297.178,FlowForge synthetic (TradeStat not downloaded; see ingest/tradestat.py),,2026-09-27T00:00:00Z,SYNTH
API-DESFERRIOXAMINE,2023-03-01,306353.4764,146833.936,FlowForge synthetic (TradeStat not downloaded; see ingest/tradestat.py),,2026-09-27T00:00:00Z,SYNTH
API-DESFERRIOXAMINE,2023-04-01,303995.1058,90415.723,FlowForge synthetic (TradeStat not downloaded; see ingest/tradestat.py),,2026-09-27T00:00:00Z,SYNTH
API-DESFERRIOXAMINE,2023-05-01,293599.7973,69248.166,FlowForge synthetic (TradeStat not downloaded; see ingest/tradestat.py),,2026-09-27T00:00:00Z,SYNTH
API-DESFERRIOXAMINE,2023-06-01,304693.511,88281.43,FlowForge synthetic (TradeStat not downloaded; see ingest/tradestat.py),,2026-09-27T00:00:00Z,SYNTH
API-DESFERRIOXAMINE,2023-07-01,280856.756,28554.044,FlowForge synthetic (TradeStat not downloaded; see ingest/tradestat.py),,2026-09-27T00:00:00Z,SYNTH
API-DESFERRIOXAMINE,2023-08-01,285936.5384,120815.299,FlowForge synthetic (TradeStat not downloaded; see ingest/tradestat.py),,2026-09-27T00:00:00Z,SYNTH
API-DESFERRIOXAMINE,2023-09-01,307203.6991,48659.826,FlowForge synthetic (TradeStat not downloaded; see ingest/tradestat.py),,2026-09-27T00:00:00Z,SYNTH
API-DESFERRIOXAMINE,2023-10-01,325116.2365,32038.34,FlowForge synthetic (TradeStat not downloaded; see ingest/tradestat.py),,2026-09-27T00:00:00Z,SYNTH
API-DESFERRIOXAMINE,2023-11-01,301293.8401,29042.876,FlowForge synthetic (TradeStat not downloaded; see ingest/tradestat.py),,2026-09-27T00:00:00Z,SYNTH
API-DESFERRIOXAMINE,2023-12-01,319241.3848,68023.783,FlowForge synthetic (TradeStat not downloaded; see ingest/tradestat.py),,2026-09-27T00:00:00Z,SYNTH
API-DESFERRIOXAMINE,2024-01-01,314281.5389,64314.837,FlowForge synthetic (TradeStat not downloaded; see ingest/tradestat.py),,2026-09-27T00:00:00Z,SYNTH
API-DESFERRIOXAMINE,2024-02-01,299784.1717,37851.469,FlowForge synthetic (TradeStat not downloaded; see ingest/tradestat.py),,2026-09-27T00:00:00Z,SYNTH
API-DESFERRIOXAMINE,2024-03-01,331129.4067,45728.087,FlowForge synthetic (TradeStat not downloaded; see ingest/tradestat.py),,2026-09-27T00:00:00Z,SYNTH
API-DESFERRIOXAMINE,2024-04-01,346288.2745,31884.418,FlowForge synthetic (TradeStat not downloaded; see ingest/tradestat.py),,2026-09-27T00:00:00Z,SYNTH
API-DESFERRIOXAMINE,2024-05-01,359669.3036,34107.101,FlowForge synthetic (TradeStat not downloaded; see ingest/tradestat.py),,2026-09-27T00:00:00Z,SYNTH
API-DESFERRIOXAMINE,2024-06-01,343480.8749,82066.004,FlowForge synthetic (TradeStat not downloaded; see ingest/tradestat.py),,2026-09-27T00:00:00Z,SYNTH
API-DESFERRIOXAMINE,2024-07-01,368482.9135,48193.476,FlowForge synthetic (TradeStat not downloaded; see ingest/tradestat.py),,2026-09-27T00:00:00Z,SYNTH
API-DESFERRIOXAMINE,2024-08-01,362997.1789,49321.785,FlowForge synthetic (TradeStat not downloaded; see ingest/tradestat.py),,2026-09-27T00:00:00Z,SYNTH
API-DESFERRIOXAMINE,2024-09-01,375017.4018,38935.025,FlowForge synthetic (TradeStat not downloaded; see ingest/tradestat.py),,2026-09-27T00:00:00Z,SYNTH
API-DESFERRIOXAMINE,2024-10-01,373753.4918,58403.229,FlowForge synthetic (TradeStat not downloaded; see ingest/tradestat.py),,2026-09-27T00:00:00Z,SYNTH
API-DESFERRIOXAMINE,2024-11-01,388253.3546,59095.877,FlowForge synthetic (TradeStat not downloaded; see ingest/tradestat.py),,2026-09-27T00:00:00Z,SYNTH
API-DESFERRIOXAMINE,2024-12-01,376543.0679,96228.441,FlowForge synthetic (TradeStat not downloaded; see ingest/tradestat.py),,2026-09-27T00:00:00Z,SYNTH
API-DESFERRIOXAMINE,2025-01-01,365533.4212,125297.885,FlowForge synthetic (TradeStat not downloaded; see ingest/tradestat.py),,2026-09-27T00:00:00Z,SYNTH
API-DESFERRIOXAMINE,2025-02-01,367025.8441,69781.668,FlowForge synthetic (TradeStat not downloaded; see ingest/tradestat.py),,2026-09-27T00:00:00Z,SYNTH
API-DESFERRIOXAMINE,2025-03-01,353928.116,72968.306,FlowForge synthetic (TradeStat not downloaded; see ingest/tradestat.py),,2026-09-27T00:00:00Z,SYNTH
API-DESFERRIOXAMINE,2025-04-01,356704.9786,71951.864,FlowForge synthetic (TradeStat not downloaded; see ingest/tradestat.py),,2026-09-27T00:00:00Z,SYNTH
API-DESFERRIOXAMINE,2025-05-01,350459.5401,39029.781,FlowForge synthetic (TradeStat not downloaded; see ingest/tradestat.py),,2026-09-27T00:00:00Z,SYNTH
API-DESFERRIOXAMINE,2025-06-01,357692.0105,48337.515,FlowForge synthetic (TradeStat not downloaded; see ingest/tradestat.py),,2026-09-27T00:00:00Z,SYNTH
API-DESFERRIOXAMINE,2025-07-01,360174.7593,30551.512,FlowForge synthetic (TradeStat not downloaded; see ingest/tradestat.py),,2026-09-27T00:00:00Z,SYNTH
API-DESFERRIOXAMINE,2025-08-01,349983.9035,61353.565,FlowForge synthetic (TradeStat not downloaded; see ingest/tradestat.py),,2026-09-27T00:00:00Z,SYNTH
API-DESFERRIOXAMINE,2025-09-01,333479.1692,57907.638,FlowForge synthetic (TradeStat not downloaded; see ingest/tradestat.py),,2026-09-27T00:00:00Z,SYNTH
API-DESFERRIOXAMINE,2025-10-01,323170.6245,48157.824,FlowForge synthetic (TradeStat not downloaded; see ingest/tradestat.py),,2026-09-27T00:00:00Z,SYNTH
API-DESFERRIOXAMINE,2025-11-01,330070.5407,71112.841,FlowForge synthetic (TradeStat not downloaded; see ingest/tradestat.py),,2026-09-27T00:00:00Z,SYNTH
API-DESFERRIOXAMINE,2025-12-01,324416.2069,42743.334,FlowForge synthetic (TradeStat not downloaded; see ingest/tradestat.py),,2026-09-27T00:00:00Z,SYNTH
API-DESFERRIOXAMINE,2026-01-01,336763.0578,35719.71,FlowForge synthetic (TradeStat not downloaded; see ingest/tradestat.py),,2026-09-27T00:00:00Z,SYNTH
API-DESFERRIOXAMINE,2026-02-01,331683.313,57216.782,FlowForge synthetic (TradeStat not downloaded; see ingest/tradestat.py),,2026-09-27T00:00:00Z,SYNTH
API-DESFERRIOXAMINE,2026-03-01,310050.8998,50576.487,FlowForge synthetic (TradeStat not downloaded; see ingest/tradestat.py),,2026-09-27T00:00:00Z,SYNTH
API-DESFERRIOXAMINE,2026-04-01,308496.6135,36915.723,FlowForge synthetic (TradeStat not downloaded; see ingest/tradestat.py),,2026-09-27T00:00:00Z,SYNTH
API-DESFERRIOXAMINE,2026-05-01,293375.1981,36449.927,FlowForge synthetic (TradeStat not downloaded; see ingest/tradestat.py),,2026-09-27T00:00:00Z,SYNTH
API-DESFERRIOXAMINE,2026-06-01,277509.5207,51475.106,FlowForge synthetic (TradeStat not downloaded; see ingest/tradestat.py),,2026-09-27T00:00:00Z,SYNTH
API-DESFERRIOXAMINE,2026-07-01,260103.1299,24313.891,FlowForge synthetic (TradeStat not downloaded; see ingest/tradestat.py),,2026-09-27T00:00:00Z,SYNTH
API-DESFERRIOXAMINE,2026-08-01,272683.0455,44327.302,FlowForge synthetic (TradeStat not downloaded; see ingest/tradestat.py),,2026-09-27T00:00:00Z,SYNTH
API-DESFERRIOXAMINE,2026-09-01,281010.5219,89805.354,FlowForge synthetic (TradeStat not downloaded; see ingest/tradestat.py),,2026-09-27T00:00:00Z,SYNTH
API-DIGOXIN,2019-01-01,1106366.8897,298402.137,FlowForge synthetic (TradeStat not downloaded; see ingest/tradestat.py),,2026-09-27T00:00:00Z,SYNTH
API-DIGOXIN,2019-02-01,1082234.2886,649831.107,FlowForge synthetic (TradeStat not downloaded; see ingest/tradestat.py),,2026-09-27T00:00:00Z,SYNTH
API-DIGOXIN,2019-03-01,1235480.8914,797804.125,FlowForge synthetic (TradeStat not downloaded; see ingest/tradestat.py),,2026-09-27T00:00:00Z,SYNTH
API-DIGOXIN,2019-04-01,1201729.2997,513833.278,FlowForge synthetic (TradeStat not downloaded; see ingest/tradestat.py),,2026-09-27T00:00:00Z,SYNTH
API-DIGOXIN,2019-05-01,1335418.0963,272457.638,FlowForge synthetic (TradeStat not downloaded; see ingest/tradestat.py),,2026-09-27T00:00:00Z,SYNTH
API-DIGOXIN,2019-06-01,1314717.2604,279528.282,FlowForge synthetic (TradeStat not downloaded; see ingest/tradestat.py),,2026-09-27T00:00:00Z,SYNTH
API-DIGOXIN,2019-07-01,1407574.9186,213999.304,FlowForge synthetic (TradeStat not downloaded; see ingest/tradestat.py),,2026-09-27T00:00:00Z,SYNTH
API-DIGOXIN,2019-08-01,1432914.3351,303401.116,FlowForge synthetic (TradeStat not downloaded; see ingest/tradestat.py),,2026-09-27T00:00:00Z,SYNTH
API-DIGOXIN,2019-09-01,1443967.5111,510831.384,FlowForge synthetic (TradeStat not downloaded; see ingest/tradestat.py),,2026-09-27T00:00:00Z,SYNTH
API-DIGOXIN,2019-10-01,1336602.4885,492941.599,FlowForge synthetic (TradeStat not downloaded; see ingest/tradestat.py),,2026-09-27T00:00:00Z,SYNTH
API-DIGOXIN,2019-11-01,1411607.8847,711683.267,FlowForge synthetic (TradeStat not downloaded; see ingest/tradestat.py),,2026-09-27T00:00:00Z,SYNTH
API-DIGOXIN,2019-12-01,1367502.7235,396714.477,FlowForge synthetic (TradeStat not downloaded; see ingest/tradestat.py),,2026-09-27T00:00:00Z,SYNTH
API-DIGOXIN,2020-01-01,1482144.6511,202585.898,FlowForge synthetic (TradeStat not downloaded; see ingest/tradestat.py),,2026-09-27T00:00:00Z,SYNTH
API-DIGOXIN,2020-02-01,1469105.3507,512422.21,FlowForge synthetic (TradeStat not downloaded; see ingest/tradestat.py),,2026-09-27T00:00:00Z,SYNTH
API-DIGOXIN,2020-03-01,1382815.3656,494709.425,FlowForge synthetic (TradeStat not downloaded; see ingest/tradestat.py),,2026-09-27T00:00:00Z,SYNTH
API-DIGOXIN,2020-04-01,1480248.0234,258673.106,FlowForge synthetic (TradeStat not downloaded; see ingest/tradestat.py),,2026-09-27T00:00:00Z,SYNTH
API-DIGOXIN,2020-05-01,1594950.9077,431615.068,FlowForge synthetic (TradeStat not downloaded; see ingest/tradestat.py),,2026-09-27T00:00:00Z,SYNTH
API-DIGOXIN,2020-06-01,1517377.6018,293856.11,FlowForge synthetic (TradeStat not downloaded; see ingest/tradestat.py),,2026-09-27T00:00:00Z,SYNTH
API-DIGOXIN,2020-07-01,1517870.5111,300803.749,FlowForge synthetic (TradeStat not downloaded; see ingest/tradestat.py),,2026-09-27T00:00:00Z,SYNTH
API-DIGOXIN,2020-08-01,1673145.4973,417421.976,FlowForge synthetic (TradeStat not downloaded; see ingest/tradestat.py),,2026-09-27T00:00:00Z,SYNTH
API-DIGOXIN,2020-09-01,1619983.4568,409015.171,FlowForge synthetic (TradeStat not downloaded; see ingest/tradestat.py),,2026-09-27T00:00:00Z,SYNTH
API-DIGOXIN,2020-10-01,1687705.6854,587362.204,FlowForge synthetic (TradeStat not downloaded; see ingest/tradestat.py),,2026-09-27T00:00:00Z,SYNTH
API-DIGOXIN,2020-11-01,1714868.4405,410306.248,FlowForge synthetic (TradeStat not downloaded; see ingest/tradestat.py),,2026-09-27T00:00:00Z,SYNTH
API-DIGOXIN,2020-12-01,1868443.3297,437794.055,FlowForge synthetic (TradeStat not downloaded; see ingest/tradestat.py),,2026-09-27T00:00:00Z,SYNTH
API-DIGOXIN,2021-01-01,2029461.8438,301438.913,FlowForge synthetic (TradeStat not downloaded; see ingest/tradestat.py),,2026-09-27T00:00:00Z,SYNTH
API-DIGOXIN,2021-02-01,2054632.3378,229659.777,FlowForge synthetic (TradeStat not downloaded; see ingest/tradestat.py),,2026-09-27T00:00:00Z,SYNTH
API-DIGOXIN,2021-03-01,2157735.2306,967504.413,FlowForge synthetic (TradeStat not downloaded; see ingest/tradestat.py),,2026-09-27T00:00:00Z,SYNTH
API-DIGOXIN,2021-04-01,2293719.5353,436108.535,FlowForge synthetic (TradeStat not downloaded; see ingest/tradestat.py),,2026-09-27T00:00:00Z,SYNTH
API-DIGOXIN,2021-05-01,2069072.8177,295158.604,FlowForge synthetic (TradeStat not downloaded; see ingest/tradestat.py),,2026-09-27T00:00:00Z,SYNTH
API-DIGOXIN,2021-06-01,2078702.0786,317183.639,FlowForge synthetic (TradeStat not downloaded; see ingest/tradestat.py),,2026-09-27T00:00:00Z,SYNTH
API-DIGOXIN,2021-07-01,2040965.8102,399086.636,FlowForge synthetic (TradeStat not downloaded; see ingest/tradestat.py),,2026-09-27T00:00:00Z,SYNTH
API-DIGOXIN,2021-08-01,2066003.6712,436511.062,FlowForge synthetic (TradeStat not downloaded; see ingest/tradestat.py),,2026-09-27T00:00:00Z,SYNTH
API-DIGOXIN,2021-09-01,2135203.3394,628060.319,FlowForge synthetic (TradeStat not downloaded; see ingest/tradestat.py),,2026-09-27T00:00:00Z,SYNTH
API-DIGOXIN,2021-10-01,2197891.1281,349480.437,FlowForge synthetic (TradeStat not downloaded; see ingest/tradestat.py),,2026-09-27T00:00:00Z,SYNTH
API-DIGOXIN,2021-11-01,2249776.8595,400901.541,FlowForge synthetic (TradeStat not downloaded; see ingest/tradestat.py),,2026-09-27T00:00:00Z,SYNTH
API-DIGOXIN,2021-12-01,2328525.9683,432173.195,FlowForge synthetic (TradeStat not downloaded; see ingest/tradestat.py),,2026-09-27T00:00:00Z,SYNTH
API-DIGOXIN,2022-01-01,2330997.1921,403607.936,FlowForge synthetic (TradeStat not downloaded; see ingest/tradestat.py),,2026-09-27T00:00:00Z,SYNTH
API-DIGOXIN,2022-02-01,2368357.6856,415031.374,FlowForge synthetic (TradeStat not downloaded; see ingest/tradestat.py),,2026-09-27T00:00:00Z,SYNTH
API-DIGOXIN,2022-03-01,2429245.3214,509661.674,FlowForge synthetic (TradeStat not downloaded; see ingest/tradestat.py),,2026-09-27T00:00:00Z,SYNTH
API-DIGOXIN,2022-04-01,2386341.0839,415807.02,FlowForge synthetic (TradeStat not downloaded; see ingest/tradestat.py),,2026-09-27T00:00:00Z,SYNTH
API-DIGOXIN,2022-05-01,2422093.0856,352053.912,FlowForge synthetic (TradeStat not downloaded; see ingest/tradestat.py),,2026-09-27T00:00:00Z,SYNTH
API-DIGOXIN,2022-06-01,2502095.2918,284760.661,FlowForge synthetic (TradeStat not downloaded; see ingest/tradestat.py),,2026-09-27T00:00:00Z,SYNTH
API-DIGOXIN,2022-07-01,2339380.5874,381903.81,FlowForge synthetic (TradeStat not downloaded; see ingest/tradestat.py),,2026-09-27T00:00:00Z,SYNTH
API-DIGOXIN,2022-08-01,2175311.2351,489184.703,FlowForge synthetic (TradeStat not downloaded; see ingest/tradestat.py),,2026-09-27T00:00:00Z,SYNTH
API-DIGOXIN,2022-09-01,2304440.5306,364414.178,FlowForge synthetic (TradeStat not downloaded; see ingest/tradestat.py),,2026-09-27T00:00:00Z,SYNTH
API-DIGOXIN,2022-10-01,2236217.6766,334289.784,FlowForge synthetic (TradeStat not downloaded; see ingest/tradestat.py),,2026-09-27T00:00:00Z,SYNTH
API-DIGOXIN,2022-11-01,2334520.2309,791956.959,FlowForge synthetic (TradeStat not downloaded; see ingest/tradestat.py),,2026-09-27T00:00:00Z,SYNTH
API-DIGOXIN,2022-12-01,2310575.5754,571416.256,FlowForge synthetic (TradeStat not downloaded; see ingest/tradestat.py),,2026-09-27T00:00:00Z,SYNTH
API-DIGOXIN,2023-01-01,2577223.5737,251114.536,FlowForge synthetic (TradeStat not downloaded; see ingest/tradestat.py),,2026-09-27T00:00:00Z,SYNTH
API-DIGOXIN,2023-02-01,2665087.7056,354001.406,FlowForge synthetic (TradeStat not downloaded; see ingest/tradestat.py),,2026-09-27T00:00:00Z,SYNTH
API-DIGOXIN,2023-03-01,2649062.9283,403587.632,FlowForge synthetic (TradeStat not downloaded; see ingest/tradestat.py),,2026-09-27T00:00:00Z,SYNTH
API-DIGOXIN,2023-04-01,2529339.3269,354029.207,FlowForge synthetic (TradeStat not downloaded; see ingest/tradestat.py),,2026-09-27T00:00:00Z,SYNTH
API-DIGOXIN,2023-05-01,2524299.4306,309776.971,FlowForge synthetic (TradeStat not downloaded; see ingest/tradestat.py),,2026-09-27T00:00:00Z,SYNTH
API-DIGOXIN,2023-06-01,2332051.689,570854.132,FlowForge synthetic (TradeStat not downloaded; see ingest/tradestat.py),,2026-09-27T00:00:00Z,SYNTH
API-DIGOXIN,2023-07-01,2263873.8662,236844.708,FlowForge synthetic (TradeStat not downloaded; see ingest/tradestat.py),,2026-09-27T00:00:00Z,SYNTH
API-DIGOXIN,2023-08-01,2302595.7755,255793.98,FlowForge synthetic (TradeStat not downloaded; see ingest/tradestat.py),,2026-09-27T00:00:00Z,SYNTH
API-DIGOXIN,2023-09-01,2152938.4477,356960.211,FlowForge synthetic (TradeStat not downloaded; see ingest/tradestat.py),,2026-09-27T00:00:00Z,SYNTH
API-DIGOXIN,2023-10-01,2056545.7681,214137.792,FlowForge synthetic (TradeStat not downloaded; see ingest/tradestat.py),,2026-09-27T00:00:00Z,SYNTH
API-DIGOXIN,2023-11-01,2008121.6032,550967.275,FlowForge synthetic (TradeStat not downloaded; see ingest/tradestat.py),,2026-09-27T00:00:00Z,SYNTH
API-DIGOXIN,2023-12-01,1935991.8066,526692.408,FlowForge synthetic (TradeStat not downloaded; see ingest/tradestat.py),,2026-09-27T00:00:00Z,SYNTH
API-DIGOXIN,2024-01-01,2098655.3122,698546.691,FlowForge synthetic (TradeStat not downloaded; see ingest/tradestat.py),,2026-09-27T00:00:00Z,SYNTH
API-DIGOXIN,2024-02-01,2231598.8607,199609.092,FlowForge synthetic (TradeStat not downloaded; see ingest/tradestat.py),,2026-09-27T00:00:00Z,SYNTH
API-DIGOXIN,2024-03-01,2310044.9741,287960.631,FlowForge synthetic (TradeStat not downloaded; see ingest/tradestat.py),,2026-09-27T00:00:00Z,SYNTH
API-DIGOXIN,2024-04-01,2579212.4793,393089.658,FlowForge synthetic (TradeStat not downloaded; see ingest/tradestat.py),,2026-09-27T00:00:00Z,SYNTH
API-DIGOXIN,2024-05-01,2673758.3897,457174.87,FlowForge synthetic (TradeStat not downloaded; see ingest/tradestat.py),,2026-09-27T00:00:00Z,SYNTH
API-DIGOXIN,2024-06-01,2706887.5329,204634.076,FlowForge synthetic (TradeStat not downloaded; see ingest/tradestat.py),,2026-09-27T00:00:00Z,SYNTH
API-DIGOXIN,2024-07-01,2630426.9176,311984.118,FlowForge synthetic (TradeStat not downloaded; see ingest/tradestat.py),,2026-09-27T00:00:00Z,SYNTH
API-DIGOXIN,2024-08-01,2332182.7018,715694.125,FlowForge synthetic (TradeStat not downloaded; see ingest/tradestat.py),,2026-09-27T00:00:00Z,SYNTH
API-DIGOXIN,2024-09-01,2293685.5729,286199.439,FlowForge synthetic (TradeStat not downloaded; see ingest/tradestat.py),,2026-09-27T00:00:00Z,SYNTH
API-DIGOXIN,2024-10-01,2081413.116,431259.542,FlowForge synthetic (TradeStat not downloaded; see ingest/tradestat.py),,2026-09-27T00:00:00Z,SYNTH
API-DIGOXIN,2024-11-01,2054434.5647,356633.377,FlowForge synthetic (TradeStat not downloaded; see ingest/tradestat.py),,2026-09-27T00:00:00Z,SYNTH
API-DIGOXIN,2024-12-01,2182238.1208,294831.06,FlowForge synthetic (TradeStat not downloaded; see ingest/tradestat.py),,2026-09-27T00:00:00Z,SYNTH
API-DIGOXIN,2025-01-01,2253713.6674,520452.682,FlowForge synthetic (TradeStat not downloaded; see ingest/tradestat.py),,2026-09-27T00:00:00Z,SYNTH
API-DIGOXIN,2025-02-01,2313000.7501,391331.289,FlowForge synthetic (TradeStat not downloaded; see ingest/tradestat.py),,2026-09-27T00:00:00Z,SYNTH
API-DIGOXIN,2025-03-01,2322159.7537,717225.175,FlowForge synthetic (TradeStat not downloaded; see ingest/tradestat.py),,2026-09-27T00:00:00Z,SYNTH
API-DIGOXIN,2025-04-01,2377288.2146,484360.075,FlowForge synthetic (TradeStat not downloaded; see ingest/tradestat.py),,2026-09-27T00:00:00Z,SYNTH
API-DIGOXIN,2025-05-01,2477344.1461,1090124.969,FlowForge synthetic (TradeStat not downloaded; see ingest/tradestat.py),,2026-09-27T00:00:00Z,SYNTH
API-DIGOXIN,2025-06-01,2765204.4376,242299.455,FlowForge synthetic (TradeStat not downloaded; see ingest/tradestat.py),,2026-09-27T00:00:00Z,SYNTH
API-DIGOXIN,2025-07-01,2779082.5587,345817.423,FlowForge synthetic (TradeStat not downloaded; see ingest/tradestat.py),,2026-09-27T00:00:00Z,SYNTH
API-DIGOXIN,2025-08-01,2985106.2303,226430.374,FlowForge synthetic (TradeStat not downloaded; see ingest/tradestat.py),,2026-09-27T00:00:00Z,SYNTH
API-DIGOXIN,2025-09-01,3080076.4049,555298.88,FlowForge synthetic (TradeStat not downloaded; see ingest/tradestat.py),,2026-09-27T00:00:00Z,SYNTH
API-DIGOXIN,2025-10-01,3013434.5678,227041.019,FlowForge synthetic (TradeStat not downloaded; see ingest/tradestat.py),,2026-09-27T00:00:00Z,SYNTH
API-DIGOXIN,2025-11-01,3021759.4704,196788.752,FlowForge synthetic (TradeStat not downloaded; see ingest/tradestat.py),,2026-09-27T00:00:00Z,SYNTH
API-DIGOXIN,2025-12-01,3251009.1802,312885.092,FlowForge synthetic (TradeStat not downloaded; see ingest/tradestat.py),,2026-09-27T00:00:00Z,SYNTH
API-DIGOXIN,2026-01-01,2932123.4828,525378.742,FlowForge synthetic (TradeStat not downloaded; see ingest/tradestat.py),,2026-09-27T00:00:00Z,SYNTH
API-DIGOXIN,2026-02-01,3186757.9053,283539.115,FlowForge synthetic (TradeStat not downloaded; see ingest/tradestat.py),,2026-09-27T00:00:00Z,SYNTH
API-DIGOXIN,2026-03-01,3287907.9176,715546.615,FlowForge synthetic (TradeStat not downloaded; see ingest/tradestat.py),,2026-09-27T00:00:00Z,SYNTH
API-DIGOXIN,2026-04-01,3223134.6188,377620.058,FlowForge synthetic (TradeStat not downloaded; see ingest/tradestat.py),,2026-09-27T00:00:00Z,SYNTH
API-DIGOXIN,2026-05-01,2962877.6449,363559.428,FlowForge synthetic (TradeStat not downloaded; see ingest/tradestat.py),,2026-09-27T00:00:00Z,SYNTH
API-DIGOXIN,2026-06-01,2962664.6762,443685.861,FlowForge synthetic (TradeStat not downloaded; see ingest/tradestat.py),,2026-09-27T00:00:00Z,SYNTH
API-DIGOXIN,2026-07-01,3026066.2034,509331.698,FlowForge synthetic (TradeStat not downloaded; see ingest/tradestat.py),,2026-09-27T00:00:00Z,SYNTH
API-DIGOXIN,2026-08-01,2792747.0188,800587.971,FlowForge synthetic (TradeStat not downloaded; see ingest/tradestat.py),,2026-09-27T00:00:00Z,SYNTH
API-DIGOXIN,2026-09-01,2479763.5645,371034.421,FlowForge synthetic (TradeStat not downloaded; see ingest/tradestat.py),,2026-09-27T00:00:00Z,SYNTH
API-DOXYCYCLINE,2019-01-01,15417.2425,527380.49,FlowForge synthetic (TradeStat not downloaded; see ingest/tradestat.py),,2026-09-27T00:00:00Z,SYNTH
API-DOXYCYCLINE,2019-02-01,15747.5352,524446.008,FlowForge synthetic (TradeStat not downloaded; see ingest/tradestat.py),,2026-09-27T00:00:00Z,SYNTH
API-DOXYCYCLINE,2019-03-01,15859.9211,350687.136,FlowForge synthetic (TradeStat not downloaded; see ingest/tradestat.py),,2026-09-27T00:00:00Z,SYNTH
API-DOXYCYCLINE,2019-04-01,15684.8622,228434.732,FlowForge synthetic (TradeStat not downloaded; see ingest/tradestat.py),,2026-09-27T00:00:00Z,SYNTH
API-DOXYCYCLINE,2019-05-01,15313.2455,528894.744,FlowForge synthetic (TradeStat not downloaded; see ingest/tradestat.py),,2026-09-27T00:00:00Z,SYNTH
API-DOXYCYCLINE,2019-06-01,15932.851,342429.859,FlowForge synthetic (TradeStat not downloaded; see ingest/tradestat.py),,2026-09-27T00:00:00Z,SYNTH
API-DOXYCYCLINE,2019-07-01,15667.9361,384350.943,FlowForge synthetic (TradeStat not downloaded; see ingest/tradestat.py),,2026-09-27T00:00:00Z,SYNTH
API-DOXYCYCLINE,2019-08-01,15723.4308,267057.024,FlowForge synthetic (TradeStat not downloaded; see ingest/tradestat.py),,2026-09-27T00:00:00Z,SYNTH
API-DOXYCYCLINE,2019-09-01,15738.4837,335937.408,FlowForge synthetic (TradeStat not downloaded; see ingest/tradestat.py),,2026-09-27T00:00:00Z,SYNTH
API-DOXYCYCLINE,2019-10-01,15478.1392,347587.405,FlowForge synthetic (TradeStat not downloaded; see ingest/tradestat.py),,2026-09-27T00:00:00Z,SYNTH
API-DOXYCYCLINE,2019-11-01,15587.9104,265294.46,FlowForge synthetic (TradeStat not downloaded; see ingest/tradestat.py),,2026-09-27T00:00:00Z,SYNTH
API-DOXYCYCLINE,2019-12-01,15778.2888,460928.131,FlowForge synthetic (TradeStat not downloaded; see ingest/tradestat.py),,2026-09-27T00:00:00Z,SYNTH
API-DOXYCYCLINE,2020-01-01,15675.0327,458354.048,FlowForge synthetic (TradeStat not downloaded; see ingest/tradestat.py),,2026-09-27T00:00:00Z,SYNTH
API-DOXYCYCLINE,2020-02-01,15615.5754,236371.725,FlowForge synthetic (TradeStat not downloaded; see ingest/tradestat.py),,2026-09-27T00:00:00Z,SYNTH
API-DOXYCYCLINE,2020-03-01,15147.622,178872.769,FlowForge synthetic (TradeStat not downloaded; see ingest/tradestat.py),,2026-09-27T00:00:00Z,SYNTH
API-DOXYCYCLINE,2020-04-01,15902.1193,471779.087,FlowForge synthetic (TradeStat not downloaded; see ingest/tradestat.py),,2026-09-27T00:00:00Z,SYNTH
API-DOXYCYCLINE,2020-05-01,15943.3354,462447.858,FlowForge synthetic (TradeStat not downloaded; see ingest/tradestat.py),,2026-09-27T00:00:00Z,SYNTH
API-DOXYCYCLINE,2020-06-01,16062.3711,335939.886,FlowForge synthetic (TradeStat not downloaded; see ingest/tradestat.py),,2026-09-27T00:00:00Z,SYNTH
API-DOXYCYCLINE,2020-07-01,15905.8198,219506.02,FlowForge synthetic (TradeStat not downloaded; see ingest/tradestat.py),,2026-09-27T00:00:00Z,SYNTH
API-DOXYCYCLINE,2020-08-01,15620.4198,479527.232,FlowForge synthetic (TradeStat not downloaded; see ingest/tradestat.py),,2026-09-27T00:00:00Z,SYNTH
API-DOXYCYCLINE,2020-09-01,15746.4765,179951.206,FlowForge synthetic (TradeStat not downloaded; see ingest/tradestat.py),,2026-09-27T00:00:00Z,SYNTH
API-DOXYCYCLINE,2020-10-01,15598.799,239009.043,FlowForge synthetic (TradeStat not downloaded; see ingest/tradestat.py),,2026-09-27T00:00:00Z,SYNTH
API-DOXYCYCLINE,2020-11-01,15380.7531,291218.293,FlowForge synthetic (TradeStat not downloaded; see ingest/tradestat.py),,2026-09-27T00:00:00Z,SYNTH
API-DOXYCYCLINE,2020-12-01,15345.544,208483.625,FlowForge synthetic (TradeStat not downloaded; see ingest/tradestat.py),,2026-09-27T00:00:00Z,SYNTH
API-DOXYCYCLINE,2021-01-01,15325.01,208322.646,FlowForge synthetic (TradeStat not downloaded; see ingest/tradestat.py),,2026-09-27T00:00:00Z,SYNTH
API-DOXYCYCLINE,2021-02-01,15529.2459,287067.94,FlowForge synthetic (TradeStat not downloaded; see ingest/tradestat.py),,2026-09-27T00:00:00Z,SYNTH
API-DOXYCYCLINE,2021-03-01,15307.3626,252633.84,FlowForge synthetic (TradeStat not downloaded; see ingest/tradestat.py),,2026-09-27T00:00:00Z,SYNTH
API-DOXYCYCLINE,2021-04-01,14911.3564,467668.528,FlowForge synthetic (TradeStat not downloaded; see ingest/tradestat.py),,2026-09-27T00:00:00Z,SYNTH
API-DOXYCYCLINE,2021-05-01,15013.2302,363945.772,FlowForge synthetic (TradeStat not downloaded; see ingest/tradestat.py),,2026-09-27T00:00:00Z,SYNTH
API-DOXYCYCLINE,2021-06-01,15260.7403,195609.146,FlowForge synthetic (TradeStat not downloaded; see ingest/tradestat.py),,2026-09-27T00:00:00Z,SYNTH
API-DOXYCYCLINE,2021-07-01,15691.8554,256375.825,FlowForge synthetic (TradeStat not downloaded; see ingest/tradestat.py),,2026-09-27T00:00:00Z,SYNTH
API-DOXYCYCLINE,2021-08-01,15293.4296,224801.513,FlowForge synthetic (TradeStat not downloaded; see ingest/tradestat.py),,2026-09-27T00:00:00Z,SYNTH
API-DOXYCYCLINE,2021-09-01,15056.5391,349691.299,FlowForge synthetic (TradeStat not downloaded; see ingest/tradestat.py),,2026-09-27T00:00:00Z,SYNTH
API-DOXYCYCLINE,2021-10-01,15315.8362,446862.414,FlowForge synthetic (TradeStat not downloaded; see ingest/tradestat.py),,2026-09-27T00:00:00Z,SYNTH
API-DOXYCYCLINE,2021-11-01,15412.0948,336477.047,FlowForge synthetic (TradeStat not downloaded; see ingest/tradestat.py),,2026-09-27T00:00:00Z,SYNTH
API-DOXYCYCLINE,2021-12-01,15322.5017,360074.608,FlowForge synthetic (TradeStat not downloaded; see ingest/tradestat.py),,2026-09-27T00:00:00Z,SYNTH
API-DOXYCYCLINE,2022-01-01,15713.2053,324831.671,FlowForge synthetic (TradeStat not downloaded; see ingest/tradestat.py),,2026-09-27T00:00:00Z,SYNTH
API-DOXYCYCLINE,2022-02-01,15975.2491,446025.82,FlowForge synthetic (TradeStat not downloaded; see ingest/tradestat.py),,2026-09-27T00:00:00Z,SYNTH
API-DOXYCYCLINE,2022-03-01,15757.7364,512242.761,FlowForge synthetic (TradeStat not downloaded; see ingest/tradestat.py),,2026-09-27T00:00:00Z,SYNTH
API-DOXYCYCLINE,2022-04-01,15919.1154,364515.309,FlowForge synthetic (TradeStat not downloaded; see ingest/tradestat.py),,2026-09-27T00:00:00Z,SYNTH
API-DOXYCYCLINE,2022-05-01,15454.6808,334701.126,FlowForge synthetic (TradeStat not downloaded; see ingest/tradestat.py),,2026-09-27T00:00:00Z,SYNTH
API-DOXYCYCLINE,2022-06-01,15796.5519,215236.801,FlowForge synthetic (TradeStat not downloaded; see ingest/tradestat.py),,2026-09-27T00:00:00Z,SYNTH
API-DOXYCYCLINE,2022-07-01,15949.4093,255110.605,FlowForge synthetic (TradeStat not downloaded; see ingest/tradestat.py),,2026-09-27T00:00:00Z,SYNTH
API-DOXYCYCLINE,2022-08-01,15814.4892,266770.077,FlowForge synthetic (TradeStat not downloaded; see ingest/tradestat.py),,2026-09-27T00:00:00Z,SYNTH
API-DOXYCYCLINE,2022-09-01,15462.2822,535272.306,FlowForge synthetic (TradeStat not downloaded; see ingest/tradestat.py),,2026-09-27T00:00:00Z,SYNTH
API-DOXYCYCLINE,2022-10-01,15656.4893,195886.309,FlowForge synthetic (TradeStat not downloaded; see ingest/tradestat.py),,2026-09-27T00:00:00Z,SYNTH
API-DOXYCYCLINE,2022-11-01,15292.7744,198799.697,FlowForge synthetic (TradeStat not downloaded; see ingest/tradestat.py),,2026-09-27T00:00:00Z,SYNTH
API-DOXYCYCLINE,2022-12-01,16118.3018,318736.854,FlowForge synthetic (TradeStat not downloaded; see ingest/tradestat.py),,2026-09-27T00:00:00Z,SYNTH
API-DOXYCYCLINE,2023-01-01,16400.6227,244812.945,FlowForge synthetic (TradeStat not downloaded; see ingest/tradestat.py),,2026-09-27T00:00:00Z,SYNTH
API-DOXYCYCLINE,2023-02-01,16182.7753,299233.646,FlowForge synthetic (TradeStat not downloaded; see ingest/tradestat.py),,2026-09-27T00:00:00Z,SYNTH
API-DOXYCYCLINE,2023-03-01,16163.86,258881.218,FlowForge synthetic (TradeStat not downloaded; see ingest/tradestat.py),,2026-09-27T00:00:00Z,SYNTH
API-DOXYCYCLINE,2023-04-01,15806.1124,253493.161,FlowForge synthetic (TradeStat not downloaded; see ingest/tradestat.py),,2026-09-27T00:00:00Z,SYNTH
API-DOXYCYCLINE,2023-05-01,16089.7086,290092.174,FlowForge synthetic (TradeStat not downloaded; see ingest/tradestat.py),,2026-09-27T00:00:00Z,SYNTH
API-DOXYCYCLINE,2023-06-01,15949.8997,355103.196,FlowForge synthetic (TradeStat not downloaded; see ingest/tradestat.py),,2026-09-27T00:00:00Z,SYNTH
API-DOXYCYCLINE,2023-07-01,16028.0466,392992.188,FlowForge synthetic (TradeStat not downloaded; see ingest/tradestat.py),,2026-09-27T00:00:00Z,SYNTH
API-DOXYCYCLINE,2023-08-01,16192.9015,638737.549,FlowForge synthetic (TradeStat not downloaded; see ingest/tradestat.py),,2026-09-27T00:00:00Z,SYNTH
API-DOXYCYCLINE,2023-09-01,15940.2997,462880.564,FlowForge synthetic (TradeStat not downloaded; see ingest/tradestat.py),,2026-09-27T00:00:00Z,SYNTH
API-DOXYCYCLINE,2023-10-01,15637.7747,364227.801,FlowForge synthetic (TradeStat not downloaded; see ingest/tradestat.py),,2026-09-27T00:00:00Z,SYNTH
API-DOXYCYCLINE,2023-11-01,15965.8737,308001.955,FlowForge synthetic (TradeStat not downloaded; see ingest/tradestat.py),,2026-09-27T00:00:00Z,SYNTH
API-DOXYCYCLINE,2023-12-01,15418.1472,351518.485,FlowForge synthetic (TradeStat not downloaded; see ingest/tradestat.py),,2026-09-27T00:00:00Z,SYNTH
API-DOXYCYCLINE,2024-01-01,15525.0032,272923.773,FlowForge synthetic (TradeStat not downloaded; see ingest/tradestat.py),,2026-09-27T00:00:00Z,SYNTH
API-DOXYCYCLINE,2024-02-01,15312.2041,322903.435,FlowForge synthetic (TradeStat not downloaded; see ingest/tradestat.py),,2026-09-27T00:00:00Z,SYNTH
API-DOXYCYCLINE,2024-03-01,15694.3558,409190.766,FlowForge synthetic (TradeStat not downloaded; see ingest/tradestat.py),,2026-09-27T00:00:00Z,SYNTH
API-DOXYCYCLINE,2024-04-01,15132.3884,421334.038,FlowForge synthetic (TradeStat not downloaded; see ingest/tradestat.py),,2026-09-27T00:00:00Z,SYNTH
API-DOXYCYCLINE,2024-05-01,15633.2874,145852.311,FlowForge synthetic (TradeStat not downloaded; see ingest/tradestat.py),,2026-09-27T00:00:00Z,SYNTH
API-DOXYCYCLINE,2024-06-01,15923.505,342636.776,FlowForge synthetic (TradeStat not downloaded; see ingest/tradestat.py),,2026-09-27T00:00:00Z,SYNTH
API-DOXYCYCLINE,2024-07-01,15960.5554,250078.949,FlowForge synthetic (TradeStat not downloaded; see ingest/tradestat.py),,2026-09-27T00:00:00Z,SYNTH
API-DOXYCYCLINE,2024-08-01,15351.0406,479923.031,FlowForge synthetic (TradeStat not downloaded; see ingest/tradestat.py),,2026-09-27T00:00:00Z,SYNTH
API-DOXYCYCLINE,2024-09-01,15629.5951,546432.515,FlowForge synthetic (TradeStat not downloaded; see ingest/tradestat.py),,2026-09-27T00:00:00Z,SYNTH
API-DOXYCYCLINE,2024-10-01,15793.5242,620019.924,FlowForge synthetic (TradeStat not downloaded; see ingest/tradestat.py),,2026-09-27T00:00:00Z,SYNTH
API-DOXYCYCLINE,2024-11-01,16229.9067,405867.239,FlowForge synthetic (TradeStat not downloaded; see ingest/tradestat.py),,2026-09-27T00:00:00Z,SYNTH
API-DOXYCYCLINE,2024-12-01,16567.2299,471974.368,FlowForge synthetic (TradeStat not downloaded; see ingest/tradestat.py),,2026-09-27T00:00:00Z,SYNTH
API-DOXYCYCLINE,2025-01-01,16649.5627,250789.962,FlowForge synthetic (TradeStat not downloaded; see ingest/tradestat.py),,2026-09-27T00:00:00Z,SYNTH
API-DOXYCYCLINE,2025-02-01,16817.5422,240675.784,FlowForge synthetic (TradeStat not downloaded; see ingest/tradestat.py),,2026-09-27T00:00:00Z,SYNTH
API-DOXYCYCLINE,2025-03-01,15917.0716,158385.8,FlowForge synthetic (TradeStat not downloaded; see ingest/tradestat.py),,2026-09-27T00:00:00Z,SYNTH
API-DOXYCYCLINE,2025-04-01,15784.191,320144.179,FlowForge synthetic (TradeStat not downloaded; see ingest/tradestat.py),,2026-09-27T00:00:00Z,SYNTH
API-DOXYCYCLINE,2025-05-01,15914.3242,401836.656,FlowForge synthetic (TradeStat not downloaded; see ingest/tradestat.py),,2026-09-27T00:00:00Z,SYNTH
API-DOXYCYCLINE,2025-06-01,16313.7912,403564.284,FlowForge synthetic (TradeStat not downloaded; see ingest/tradestat.py),,2026-09-27T00:00:00Z,SYNTH
API-DOXYCYCLINE,2025-07-01,16297.5104,313462.633,FlowForge synthetic (TradeStat not downloaded; see ingest/tradestat.py),,2026-09-27T00:00:00Z,SYNTH
API-DOXYCYCLINE,2025-08-01,16049.2016,208855.774,FlowForge synthetic (TradeStat not downloaded; see ingest/tradestat.py),,2026-09-27T00:00:00Z,SYNTH
API-DOXYCYCLINE,2025-09-01,16099.9418,378264.076,FlowForge synthetic (TradeStat not downloaded; see ingest/tradestat.py),,2026-09-27T00:00:00Z,SYNTH
API-DOXYCYCLINE,2025-10-01,15879.8482,193941.46,FlowForge synthetic (TradeStat not downloaded; see ingest/tradestat.py),,2026-09-27T00:00:00Z,SYNTH
API-DOXYCYCLINE,2025-11-01,15596.4905,422999.24,FlowForge synthetic (TradeStat not downloaded; see ingest/tradestat.py),,2026-09-27T00:00:00Z,SYNTH
API-DOXYCYCLINE,2025-12-01,15525.1842,717242.23,FlowForge synthetic (TradeStat not downloaded; see ingest/tradestat.py),,2026-09-27T00:00:00Z,SYNTH
API-DOXYCYCLINE,2026-01-01,15781.7564,222452.141,FlowForge synthetic (TradeStat not downloaded; see ingest/tradestat.py),,2026-09-27T00:00:00Z,SYNTH
API-DOXYCYCLINE,2026-02-01,16119.5926,230477.964,FlowForge synthetic (TradeStat not downloaded; see ingest/tradestat.py),,2026-09-27T00:00:00Z,SYNTH
API-DOXYCYCLINE,2026-03-01,16094.6528,218930.76,FlowForge synthetic (TradeStat not downloaded; see ingest/tradestat.py),,2026-09-27T00:00:00Z,SYNTH
API-DOXYCYCLINE,2026-04-01,16717.1489,279196.675,FlowForge synthetic (TradeStat not downloaded; see ingest/tradestat.py),,2026-09-27T00:00:00Z,SYNTH
API-DOXYCYCLINE,2026-05-01,16309.3159,183067.138,FlowForge synthetic (TradeStat not downloaded; see ingest/tradestat.py),,2026-09-27T00:00:00Z,SYNTH
API-DOXYCYCLINE,2026-06-01,16381.1111,236666.395,FlowForge synthetic (TradeStat not downloaded; see ingest/tradestat.py),,2026-09-27T00:00:00Z,SYNTH
API-DOXYCYCLINE,2026-07-01,16319.2475,366250.93,FlowForge synthetic (TradeStat not downloaded; see ingest/tradestat.py),,2026-09-27T00:00:00Z,SYNTH
API-DOXYCYCLINE,2026-08-01,16321.409,484006.851,FlowForge synthetic (TradeStat not downloaded; see ingest/tradestat.py),,2026-09-27T00:00:00Z,SYNTH
API-DOXYCYCLINE,2026-09-01,16439.5398,236994.942,FlowForge synthetic (TradeStat not downloaded; see ingest/tradestat.py),,2026-09-27T00:00:00Z,SYNTH
API-FUROSEMIDE,2019-01-01,40580.6009,361428.335,FlowForge synthetic (TradeStat not downloaded; see ingest/tradestat.py),,2026-09-27T00:00:00Z,SYNTH
API-FUROSEMIDE,2019-02-01,41408.337,186113.574,FlowForge synthetic (TradeStat not downloaded; see ingest/tradestat.py),,2026-09-27T00:00:00Z,SYNTH
API-FUROSEMIDE,2019-03-01,41148.3207,304885.201,FlowForge synthetic (TradeStat not downloaded; see ingest/tradestat.py),,2026-09-27T00:00:00Z,SYNTH
API-FUROSEMIDE,2019-04-01,41468.5617,325306.57,FlowForge synthetic (TradeStat not downloaded; see ingest/tradestat.py),,2026-09-27T00:00:00Z,SYNTH
API-FUROSEMIDE,2019-05-01,41995.8085,316056.467,FlowForge synthetic (TradeStat not downloaded; see ingest/tradestat.py),,2026-09-27T00:00:00Z,SYNTH
API-FUROSEMIDE,2019-06-01,42155.4786,395623.154,FlowForge synthetic (TradeStat not downloaded; see ingest/tradestat.py),,2026-09-27T00:00:00Z,SYNTH
API-FUROSEMIDE,2019-07-01,40293.502,430448.771,FlowForge synthetic (TradeStat not downloaded; see ingest/tradestat.py),,2026-09-27T00:00:00Z,SYNTH
API-FUROSEMIDE,2019-08-01,38917.555,516627.856,FlowForge synthetic (TradeStat not downloaded; see ingest/tradestat.py),,2026-09-27T00:00:00Z,SYNTH
API-FUROSEMIDE,2019-09-01,38696.6443,586623.199,FlowForge synthetic (TradeStat not downloaded; see ingest/tradestat.py),,2026-09-27T00:00:00Z,SYNTH
API-FUROSEMIDE,2019-10-01,38324.4524,391646.1,FlowForge synthetic (TradeStat not downloaded; see ingest/tradestat.py),,2026-09-27T00:00:00Z,SYNTH
API-FUROSEMIDE,2019-11-01,38111.9801,547060.943,FlowForge synthetic (TradeStat not downloaded; see ingest/tradestat.py),,2026-09-27T00:00:00Z,SYNTH
API-FUROSEMIDE,2019-12-01,39209.4666,357748.189,FlowForge synthetic (TradeStat not downloaded; see ingest/tradestat.py),,2026-09-27T00:00:00Z,SYNTH
API-FUROSEMIDE,2020-01-01,39476.4926,362877.697,FlowForge synthetic (TradeStat not downloaded; see ingest/tradestat.py),,2026-09-27T00:00:00Z,SYNTH
API-FUROSEMIDE,2020-02-01,40494.6975,575909.056,FlowForge synthetic (TradeStat not downloaded; see ingest/tradestat.py),,2026-09-27T00:00:00Z,SYNTH
API-FUROSEMIDE,2020-03-01,41600.2815,321866.785,FlowForge synthetic (TradeStat not downloaded; see ingest/tradestat.py),,2026-09-27T00:00:00Z,SYNTH
API-FUROSEMIDE,2020-04-01,42316.1396,614860.314,FlowForge synthetic (TradeStat not downloaded; see ingest/tradestat.py),,2026-09-27T00:00:00Z,SYNTH
API-FUROSEMIDE,2020-05-01,42948.1344,1477503.67,FlowForge synthetic (TradeStat not downloaded; see ingest/tradestat.py),,2026-09-27T00:00:00Z,SYNTH
API-FUROSEMIDE,2020-06-01,44086.1443,346042.816,FlowForge synthetic (TradeStat not downloaded; see ingest/tradestat.py),,2026-09-27T00:00:00Z,SYNTH
API-FUROSEMIDE,2020-07-01,44421.2997,438608.92,FlowForge synthetic (TradeStat not downloaded; see ingest/tradestat.py),,2026-09-27T00:00:00Z,SYNTH
API-FUROSEMIDE,2020-08-01,44969.6393,538794.323,FlowForge synthetic (TradeStat not downloaded; see ingest/tradestat.py),,2026-09-27T00:00:00Z,SYNTH
API-FUROSEMIDE,2020-09-01,45100.0569,695414.774,FlowForge synthetic (TradeStat not downloaded; see ingest/tradestat.py),,2026-09-27T00:00:00Z,SYNTH
API-FUROSEMIDE,2020-10-01,45161.6664,399374.301,FlowForge synthetic (TradeStat not downloaded; see ingest/tradestat.py),,2026-09-27T00:00:00Z,SYNTH
API-FUROSEMIDE,2020-11-01,45176.8532,554205.184,FlowForge synthetic (TradeStat not downloaded; see ingest/tradestat.py),,2026-09-27T00:00:00Z,SYNTH
API-FUROSEMIDE,2020-12-01,46241.3345,408895.437,FlowForge synthetic (TradeStat not downloaded; see ingest/tradestat.py),,2026-09-27T00:00:00Z,SYNTH
API-FUROSEMIDE,2021-01-01,43616.5171,261587.686,FlowForge synthetic (TradeStat not downloaded; see ingest/tradestat.py),,2026-09-27T00:00:00Z,SYNTH
API-FUROSEMIDE,2021-02-01,44878.0785,378089.639,FlowForge synthetic (TradeStat not downloaded; see ingest/tradestat.py),,2026-09-27T00:00:00Z,SYNTH
API-FUROSEMIDE,2021-03-01,45713.7861,348379.85,FlowForge synthetic (TradeStat not downloaded; see ingest/tradestat.py),,2026-09-27T00:00:00Z,SYNTH
API-FUROSEMIDE,2021-04-01,45726.1042,334133.081,FlowForge synthetic (TradeStat not downloaded; see ingest/tradestat.py),,2026-09-27T00:00:00Z,SYNTH
API-FUROSEMIDE,2021-05-01,46225.7386,446749.133,FlowForge synthetic (TradeStat not downloaded; see ingest/tradestat.py),,2026-09-27T00:00:00Z,SYNTH
API-FUROSEMIDE,2021-06-01,47412.9305,585899.163,FlowForge synthetic (TradeStat not downloaded; see ingest/tradestat.py),,2026-09-27T00:00:00Z,SYNTH
API-FUROSEMIDE,2021-07-01,48586.231,514105.119,FlowForge synthetic (TradeStat not downloaded; see ingest/tradestat.py),,2026-09-27T00:00:00Z,SYNTH
API-FUROSEMIDE,2021-08-01,49189.9131,451589.195,FlowForge synthetic (TradeStat not downloaded; see ingest/tradestat.py),,2026-09-27T00:00:00Z,SYNTH
API-FUROSEMIDE,2021-09-01,48388.9137,257565.773,FlowForge synthetic (TradeStat not downloaded; see ingest/tradestat.py),,2026-09-27T00:00:00Z,SYNTH
API-FUROSEMIDE,2021-10-01,47468.0839,433174.99,FlowForge synthetic (TradeStat not downloaded; see ingest/tradestat.py),,2026-09-27T00:00:00Z,SYNTH
API-FUROSEMIDE,2021-11-01,47638.015,732192.664,FlowForge synthetic (TradeStat not downloaded; see ingest/tradestat.py),,2026-09-27T00:00:00Z,SYNTH
API-FUROSEMIDE,2021-12-01,48693.9891,300417.167,FlowForge synthetic (TradeStat not downloaded; see ingest/tradestat.py),,2026-09-27T00:00:00Z,SYNTH
API-FUROSEMIDE,2022-01-01,51411.035,521358.93,FlowForge synthetic (TradeStat not downloaded; see ingest/tradestat.py),,2026-09-27T00:00:00Z,SYNTH
API-FUROSEMIDE,2022-02-01,50379.0111,487311.123,FlowForge synthetic (TradeStat not downloaded; see ingest/tradestat.py),,2026-09-27T00:00:00Z,SYNTH
API-FUROSEMIDE,2022-03-01,50185.3047,765814.996,FlowForge synthetic (TradeStat not downloaded; see ingest/tradestat.py),,2026-09-27T00:00:00Z,SYNTH
API-FUROSEMIDE,2022-04-01,51205.0116,505115.259,FlowForge synthetic (TradeStat not downloaded; see ingest/tradestat.py),,2026-09-27T00:00:00Z,SYNTH
API-FUROSEMIDE,2022-05-01,53426.9698,617464.025,FlowForge synthetic (TradeStat not downloaded; see ingest/tradestat.py),,2026-09-27T00:00:00Z,SYNTH
API-FUROSEMIDE,2022-06-01,53580.4682,158535.375,FlowForge synthetic (TradeStat not downloaded; see ingest/tradestat.py),,2026-09-27T00:00:00Z,SYNTH
API-FUROSEMIDE,2022-07-01,56054.4952,847645.566,FlowForge synthetic (TradeStat not downloaded; see ingest/tradestat.py),,2026-09-27T00:00:00Z,SYNTH
API-FUROSEMIDE,2022-08-01,55465.1004,408451.482,FlowForge synthetic (TradeStat not downloaded; see ingest/tradestat.py),,2026-09-27T00:00:00Z,SYNTH
API-FUROSEMIDE,2022-09-01,55149.9224,359363.697,FlowForge synthetic (TradeStat not downloaded; see ingest/tradestat.py),,2026-09-27T00:00:00Z,SYNTH
API-FUROSEMIDE,2022-10-01,55954.6631,559513.435,FlowForge synthetic (TradeStat not downloaded; see ingest/tradestat.py),,2026-09-27T00:00:00Z,SYNTH
API-FUROSEMIDE,2022-11-01,56545.5357,344032.331,FlowForge synthetic (TradeStat not downloaded; see ingest/tradestat.py),,2026-09-27T00:00:00Z,SYNTH
API-FUROSEMIDE,2022-12-01,55589.3796,372952.461,FlowForge synthetic (TradeStat not downloaded; see ingest/tradestat.py),,2026-09-27T00:00:00Z,SYNTH
API-FUROSEMIDE,2023-01-01,56009.0735,529298.664,FlowForge synthetic (TradeStat not downloaded; see ingest/tradestat.py),,2026-09-27T00:00:00Z,SYNTH
API-FUROSEMIDE,2023-02-01,57973.0178,439117.426,FlowForge synthetic (TradeStat not downloaded; see ingest/tradestat.py),,2026-09-27T00:00:00Z,SYNTH
API-FUROSEMIDE,2023-03-01,58069.9296,402439.711,FlowForge synthetic (TradeStat not downloaded; see ingest/tradestat.py),,2026-09-27T00:00:00Z,SYNTH
API-FUROSEMIDE,2023-04-01,57677.9921,756820.653,FlowForge synthetic (TradeStat not downloaded; see ingest/tradestat.py),,2026-09-27T00:00:00Z,SYNTH
API-FUROSEMIDE,2023-05-01,57708.7819,833781.41,FlowForge synthetic (TradeStat not downloaded; see ingest/tradestat.py),,2026-09-27T00:00:00Z,SYNTH
API-FUROSEMIDE,2023-06-01,59512.004,274659.433,FlowForge synthetic (TradeStat not downloaded; see ingest/tradestat.py),,2026-09-27T00:00:00Z,SYNTH
API-FUROSEMIDE,2023-07-01,61561.4234,457343.017,FlowForge synthetic (TradeStat not downloaded; see ingest/tradestat.py),,2026-09-27T00:00:00Z,SYNTH
API-FUROSEMIDE,2023-08-01,60643.4106,440052.647,FlowForge synthetic (TradeStat not downloaded; see ingest/tradestat.py),,2026-09-27T00:00:00Z,SYNTH
API-FUROSEMIDE,2023-09-01,62607.2768,263205.874,FlowForge synthetic (TradeStat not downloaded; see ingest/tradestat.py),,2026-09-27T00:00:00Z,SYNTH
API-FUROSEMIDE,2023-10-01,64452.8159,474777.886,FlowForge synthetic (TradeStat not downloaded; see ingest/tradestat.py),,2026-09-27T00:00:00Z,SYNTH
API-FUROSEMIDE,2023-11-01,65011.6417,994535.804,FlowForge synthetic (TradeStat not downloaded; see ingest/tradestat.py),,2026-09-27T00:00:00Z,SYNTH
API-FUROSEMIDE,2023-12-01,65605.3582,320065.347,FlowForge synthetic (TradeStat not downloaded; see ingest/tradestat.py),,2026-09-27T00:00:00Z,SYNTH
API-FUROSEMIDE,2024-01-01,65455.0854,545966.136,FlowForge synthetic (TradeStat not downloaded; see ingest/tradestat.py),,2026-09-27T00:00:00Z,SYNTH
API-FUROSEMIDE,2024-02-01,67401.688,150645.55,FlowForge synthetic (TradeStat not downloaded; see ingest/tradestat.py),,2026-09-27T00:00:00Z,SYNTH
API-FUROSEMIDE,2024-03-01,69572.3087,535968.574,FlowForge synthetic (TradeStat not downloaded; see ingest/tradestat.py),,2026-09-27T00:00:00Z,SYNTH
API-FUROSEMIDE,2024-04-01,71086.9129,676466.509,FlowForge synthetic (TradeStat not downloaded; see ingest/tradestat.py),,2026-09-27T00:00:00Z,SYNTH
API-FUROSEMIDE,2024-05-01,69149.801,298182.983,FlowForge synthetic (TradeStat not downloaded; see ingest/tradestat.py),,2026-09-27T00:00:00Z,SYNTH
API-FUROSEMIDE,2024-06-01,70967.1559,516266.828,FlowForge synthetic (TradeStat not downloaded; see ingest/tradestat.py),,2026-09-27T00:00:00Z,SYNTH
API-FUROSEMIDE,2024-07-01,73686.6139,446082.347,FlowForge synthetic (TradeStat not downloaded; see ingest/tradestat.py),,2026-09-27T00:00:00Z,SYNTH
API-FUROSEMIDE,2024-08-01,75791.6727,301138.889,FlowForge synthetic (TradeStat not downloaded; see ingest/tradestat.py),,2026-09-27T00:00:00Z,SYNTH
API-FUROSEMIDE,2024-09-01,76798.9654,556591.593,FlowForge synthetic (TradeStat not downloaded; see ingest/tradestat.py),,2026-09-27T00:00:00Z,SYNTH
API-FUROSEMIDE,2024-10-01,77712.5492,550306.105,FlowForge synthetic (TradeStat not downloaded; see ingest/tradestat.py),,2026-09-27T00:00:00Z,SYNTH
API-FUROSEMIDE,2024-11-01,76645.6676,433588.138,FlowForge synthetic (TradeStat not downloaded; see ingest/tradestat.py),,2026-09-27T00:00:00Z,SYNTH
API-FUROSEMIDE,2024-12-01,79849.983,319224.23,FlowForge synthetic (TradeStat not downloaded; see ingest/tradestat.py),,2026-09-27T00:00:00Z,SYNTH
API-FUROSEMIDE,2025-01-01,80681.9139,667154.05,FlowForge synthetic (TradeStat not downloaded; see ingest/tradestat.py),,2026-09-27T00:00:00Z,SYNTH
API-FUROSEMIDE,2025-02-01,80639.8637,358707.827,FlowForge synthetic (TradeStat not downloaded; see ingest/tradestat.py),,2026-09-27T00:00:00Z,SYNTH
API-FUROSEMIDE,2025-03-01,82418.9372,611956.623,FlowForge synthetic (TradeStat not downloaded; see ingest/tradestat.py),,2026-09-27T00:00:00Z,SYNTH
API-FUROSEMIDE,2025-04-01,86345.6421,455816.144,FlowForge synthetic (TradeStat not downloaded; see ingest/tradestat.py),,2026-09-27T00:00:00Z,SYNTH
API-FUROSEMIDE,2025-05-01,89374.0457,237890.155,FlowForge synthetic (TradeStat not downloaded; see ingest/tradestat.py),,2026-09-27T00:00:00Z,SYNTH
API-FUROSEMIDE,2025-06-01,95768.7494,356803.621,FlowForge synthetic (TradeStat not downloaded; see ingest/tradestat.py),,2026-09-27T00:00:00Z,SYNTH
API-FUROSEMIDE,2025-07-01,95164.8516,539406.436,FlowForge synthetic (TradeStat not downloaded; see ingest/tradestat.py),,2026-09-27T00:00:00Z,SYNTH
API-FUROSEMIDE,2025-08-01,95971.3099,506472.284,FlowForge synthetic (TradeStat not downloaded; see ingest/tradestat.py),,2026-09-27T00:00:00Z,SYNTH
API-FUROSEMIDE,2025-09-01,97806.1813,372932.165,FlowForge synthetic (TradeStat not downloaded; see ingest/tradestat.py),,2026-09-27T00:00:00Z,SYNTH
API-FUROSEMIDE,2025-10-01,97229.3188,237064.352,FlowForge synthetic (TradeStat not downloaded; see ingest/tradestat.py),,2026-09-27T00:00:00Z,SYNTH
API-FUROSEMIDE,2025-11-01,94821.0607,580574.579,FlowForge synthetic (TradeStat not downloaded; see ingest/tradestat.py),,2026-09-27T00:00:00Z,SYNTH
API-FUROSEMIDE,2025-12-01,94309.5859,423010.998,FlowForge synthetic (TradeStat not downloaded; see ingest/tradestat.py),,2026-09-27T00:00:00Z,SYNTH
API-FUROSEMIDE,2026-01-01,96871.541,268385.941,FlowForge synthetic (TradeStat not downloaded; see ingest/tradestat.py),,2026-09-27T00:00:00Z,SYNTH
API-FUROSEMIDE,2026-02-01,98223.9251,938629.259,FlowForge synthetic (TradeStat not downloaded; see ingest/tradestat.py),,2026-09-27T00:00:00Z,SYNTH
API-FUROSEMIDE,2026-03-01,99225.3254,409307.519,FlowForge synthetic (TradeStat not downloaded; see ingest/tradestat.py),,2026-09-27T00:00:00Z,SYNTH
API-FUROSEMIDE,2026-04-01,101793.3967,697630.504,FlowForge synthetic (TradeStat not downloaded; see ingest/tradestat.py),,2026-09-27T00:00:00Z,SYNTH
API-FUROSEMIDE,2026-05-01,105081.182,576151.381,FlowForge synthetic (TradeStat not downloaded; see ingest/tradestat.py),,2026-09-27T00:00:00Z,SYNTH
API-FUROSEMIDE,2026-06-01,105550.3717,397095.571,FlowForge synthetic (TradeStat not downloaded; see ingest/tradestat.py),,2026-09-27T00:00:00Z,SYNTH
API-FUROSEMIDE,2026-07-01,107563.5606,652845.427,FlowForge synthetic (TradeStat not downloaded; see ingest/tradestat.py),,2026-09-27T00:00:00Z,SYNTH
API-FUROSEMIDE,2026-08-01,109843.6495,560936.307,FlowForge synthetic (TradeStat not downloaded; see ingest/tradestat.py),,2026-09-27T00:00:00Z,SYNTH
API-FUROSEMIDE,2026-09-01,111798.2099,578676.754,FlowForge synthetic (TradeStat not downloaded; see ingest/tradestat.py),,2026-09-27T00:00:00Z,SYNTH
API-GENTAMICIN,2019-01-01,44001.7255,13999.73,FlowForge synthetic (TradeStat not downloaded; see ingest/tradestat.py),,2026-09-27T00:00:00Z,SYNTH
API-GENTAMICIN,2019-02-01,43387.4095,10360.069,FlowForge synthetic (TradeStat not downloaded; see ingest/tradestat.py),,2026-09-27T00:00:00Z,SYNTH
API-GENTAMICIN,2019-03-01,47803.4401,6982.711,FlowForge synthetic (TradeStat not downloaded; see ingest/tradestat.py),,2026-09-27T00:00:00Z,SYNTH
API-GENTAMICIN,2019-04-01,47858.044,10429.042,FlowForge synthetic (TradeStat not downloaded; see ingest/tradestat.py),,2026-09-27T00:00:00Z,SYNTH
API-GENTAMICIN,2019-05-01,49491.8837,10046.818,FlowForge synthetic (TradeStat not downloaded; see ingest/tradestat.py),,2026-09-27T00:00:00Z,SYNTH
API-GENTAMICIN,2019-06-01,52925.8889,9218.191,FlowForge synthetic (TradeStat not downloaded; see ingest/tradestat.py),,2026-09-27T00:00:00Z,SYNTH
API-GENTAMICIN,2019-07-01,50112.4081,15743.746,FlowForge synthetic (TradeStat not downloaded; see ingest/tradestat.py),,2026-09-27T00:00:00Z,SYNTH
API-GENTAMICIN,2019-08-01,47152.6988,9483.527,FlowForge synthetic (TradeStat not downloaded; see ingest/tradestat.py),,2026-09-27T00:00:00Z,SYNTH
API-GENTAMICIN,2019-09-01,50332.1009,15049.896,FlowForge synthetic (TradeStat not downloaded; see ingest/tradestat.py),,2026-09-27T00:00:00Z,SYNTH
API-GENTAMICIN,2019-10-01,51294.9933,12477.029,FlowForge synthetic (TradeStat not downloaded; see ingest/tradestat.py),,2026-09-27T00:00:00Z,SYNTH
API-GENTAMICIN,2019-11-01,51777.6133,5393.286,FlowForge synthetic (TradeStat not downloaded; see ingest/tradestat.py),,2026-09-27T00:00:00Z,SYNTH
API-GENTAMICIN,2019-12-01,49958.382,6972.481,FlowForge synthetic (TradeStat not downloaded; see ingest/tradestat.py),,2026-09-27T00:00:00Z,SYNTH
API-GENTAMICIN,2020-01-01,46681.7204,21871.701,FlowForge synthetic (TradeStat not downloaded; see ingest/tradestat.py),,2026-09-27T00:00:00Z,SYNTH
API-GENTAMICIN,2020-02-01,47474.8386,9215.417,FlowForge synthetic (TradeStat not downloaded; see ingest/tradestat.py),,2026-09-27T00:00:00Z,SYNTH
API-GENTAMICIN,2020-03-01,49725.1702,11298.069,FlowForge synthetic (TradeStat not downloaded; see ingest/tradestat.py),,2026-09-27T00:00:00Z,SYNTH
API-GENTAMICIN,2020-04-01,48449.5532,15109.278,FlowForge synthetic (TradeStat not downloaded; see ingest/tradestat.py),,2026-09-27T00:00:00Z,SYNTH
API-GENTAMICIN,2020-05-01,46148.0642,7721.246,FlowForge synthetic (TradeStat not downloaded; see ingest/tradestat.py),,2026-09-27T00:00:00Z,SYNTH
API-GENTAMICIN,2020-06-01,45230.4525,14615.46,FlowForge synthetic (TradeStat not downloaded; see ingest/tradestat.py),,2026-09-27T00:00:00Z,SYNTH
API-GENTAMICIN,2020-07-01,46003.5124,10765.152,FlowForge synthetic (TradeStat not downloaded; see ingest/tradestat.py),,2026-09-27T00:00:00Z,SYNTH
API-GENTAMICIN,2020-08-01,42281.0513,10414.921,FlowForge synthetic (TradeStat not downloaded; see ingest/tradestat.py),,2026-09-27T00:00:00Z,SYNTH
API-GENTAMICIN,2020-09-01,43873.6728,6865.816,FlowForge synthetic (TradeStat not downloaded; see ingest/tradestat.py),,2026-09-27T00:00:00Z,SYNTH
API-GENTAMICIN,2020-10-01,45017.6218,21311.087,FlowForge synthetic (TradeStat not downloaded; see ingest/tradestat.py),,2026-09-27T00:00:00Z,SYNTH
API-GENTAMICIN,2020-11-01,43799.253,17640.475,FlowForge synthetic (TradeStat not downloaded; see ingest/tradestat.py),,2026-09-27T00:00:00Z,SYNTH
API-GENTAMICIN,2020-12-01,46469.8832,9571.558,FlowForge synthetic (TradeStat not downloaded; see ingest/tradestat.py),,2026-09-27T00:00:00Z,SYNTH
API-GENTAMICIN,2021-01-01,47385.7467,13941.852,FlowForge synthetic (TradeStat not downloaded; see ingest/tradestat.py),,2026-09-27T00:00:00Z,SYNTH
API-GENTAMICIN,2021-02-01,47540.7878,7735.544,FlowForge synthetic (TradeStat not downloaded; see ingest/tradestat.py),,2026-09-27T00:00:00Z,SYNTH
API-GENTAMICIN,2021-03-01,43554.3533,12590.503,FlowForge synthetic (TradeStat not downloaded; see ingest/tradestat.py),,2026-09-27T00:00:00Z,SYNTH
API-GENTAMICIN,2021-04-01,40451.929,13411.458,FlowForge synthetic (TradeStat not downloaded; see ingest/tradestat.py),,2026-09-27T00:00:00Z,SYNTH
API-GENTAMICIN,2021-05-01,41946.7286,9706.954,FlowForge synthetic (TradeStat not downloaded; see ingest/tradestat.py),,2026-09-27T00:00:00Z,SYNTH
API-GENTAMICIN,2021-06-01,41816.3336,12011.682,FlowForge synthetic (TradeStat not downloaded; see ingest/tradestat.py),,2026-09-27T00:00:00Z,SYNTH
API-GENTAMICIN,2021-07-01,44161.4106,16681.296,FlowForge synthetic (TradeStat not downloaded; see ingest/tradestat.py),,2026-09-27T00:00:00Z,SYNTH
API-GENTAMICIN,2021-08-01,46857.0477,14917.341,FlowForge synthetic (TradeStat not downloaded; see ingest/tradestat.py),,2026-09-27T00:00:00Z,SYNTH
API-GENTAMICIN,2021-09-01,46824.7082,13501.114,FlowForge synthetic (TradeStat not downloaded; see ingest/tradestat.py),,2026-09-27T00:00:00Z,SYNTH
API-GENTAMICIN,2021-10-01,51209.4236,15795.614,FlowForge synthetic (TradeStat not downloaded; see ingest/tradestat.py),,2026-09-27T00:00:00Z,SYNTH
API-GENTAMICIN,2021-11-01,49460.7565,16903.857,FlowForge synthetic (TradeStat not downloaded; see ingest/tradestat.py),,2026-09-27T00:00:00Z,SYNTH
API-GENTAMICIN,2021-12-01,48880.9185,11863.449,FlowForge synthetic (TradeStat not downloaded; see ingest/tradestat.py),,2026-09-27T00:00:00Z,SYNTH
API-GENTAMICIN,2022-01-01,48683.0592,10491.963,FlowForge synthetic (TradeStat not downloaded; see ingest/tradestat.py),,2026-09-27T00:00:00Z,SYNTH
API-GENTAMICIN,2022-02-01,45598.3766,9566.059,FlowForge synthetic (TradeStat not downloaded; see ingest/tradestat.py),,2026-09-27T00:00:00Z,SYNTH
API-GENTAMICIN,2022-03-01,45197.1933,11675.681,FlowForge synthetic (TradeStat not downloaded; see ingest/tradestat.py),,2026-09-27T00:00:00Z,SYNTH
API-GENTAMICIN,2022-04-01,42272.2801,14455.271,FlowForge synthetic (TradeStat not downloaded; see ingest/tradestat.py),,2026-09-27T00:00:00Z,SYNTH
API-GENTAMICIN,2022-05-01,40479.8476,9648.617,FlowForge synthetic (TradeStat not downloaded; see ingest/tradestat.py),,2026-09-27T00:00:00Z,SYNTH
API-GENTAMICIN,2022-06-01,39512.2979,14922.539,FlowForge synthetic (TradeStat not downloaded; see ingest/tradestat.py),,2026-09-27T00:00:00Z,SYNTH
API-GENTAMICIN,2022-07-01,39078.9781,9924.573,FlowForge synthetic (TradeStat not downloaded; see ingest/tradestat.py),,2026-09-27T00:00:00Z,SYNTH
API-GENTAMICIN,2022-08-01,39493.0705,9865.597,FlowForge synthetic (TradeStat not downloaded; see ingest/tradestat.py),,2026-09-27T00:00:00Z,SYNTH
API-GENTAMICIN,2022-09-01,38444.4348,16071.249,FlowForge synthetic (TradeStat not downloaded; see ingest/tradestat.py),,2026-09-27T00:00:00Z,SYNTH
API-GENTAMICIN,2022-10-01,39912.1791,3760.361,FlowForge synthetic (TradeStat not downloaded; see ingest/tradestat.py),,2026-09-27T00:00:00Z,SYNTH
API-GENTAMICIN,2022-11-01,41266.7271,9053.238,FlowForge synthetic (TradeStat not downloaded; see ingest/tradestat.py),,2026-09-27T00:00:00Z,SYNTH
API-GENTAMICIN,2022-12-01,38383.4257,10190.287,FlowForge synthetic (TradeStat not downloaded; see ingest/tradestat.py),,2026-09-27T00:00:00Z,SYNTH
API-GENTAMICIN,2023-01-01,38854.9883,19899.704,FlowForge synthetic (TradeStat not downloaded; see ingest/tradestat.py),,2026-09-27T00:00:00Z,SYNTH
API-GENTAMICIN,2023-02-01,42014.2371,14152.333,FlowForge synthetic (TradeStat not downloaded; see ingest/tradestat.py),,2026-09-27T00:00:00Z,SYNTH
API-GENTAMICIN,2023-03-01,43810.1999,10164.869,FlowForge synthetic (TradeStat not downloaded; see ingest/tradestat.py),,2026-09-27T00:00:00Z,SYNTH
API-GENTAMICIN,2023-04-01,48363.8594,14537.115,FlowForge synthetic (TradeStat not downloaded; see ingest/tradestat.py),,2026-09-27T00:00:00Z,SYNTH
API-GENTAMICIN,2023-05-01,47400.484,7169.89,FlowForge synthetic (TradeStat not downloaded; see ingest/tradestat.py),,2026-09-27T00:00:00Z,SYNTH
API-GENTAMICIN,2023-06-01,46276.7185,10988.742,FlowForge synthetic (TradeStat not downloaded; see ingest/tradestat.py),,2026-09-27T00:00:00Z,SYNTH
API-GENTAMICIN,2023-07-01,46885.4516,7879.935,FlowForge synthetic (TradeStat not downloaded; see ingest/tradestat.py),,2026-09-27T00:00:00Z,SYNTH
API-GENTAMICIN,2023-08-01,43895.4988,8539.79,FlowForge synthetic (TradeStat not downloaded; see ingest/tradestat.py),,2026-09-27T00:00:00Z,SYNTH
API-GENTAMICIN,2023-09-01,43909.9563,8167.425,FlowForge synthetic (TradeStat not downloaded; see ingest/tradestat.py),,2026-09-27T00:00:00Z,SYNTH
API-GENTAMICIN,2023-10-01,41775.577,10420.82,FlowForge synthetic (TradeStat not downloaded; see ingest/tradestat.py),,2026-09-27T00:00:00Z,SYNTH
API-GENTAMICIN,2023-11-01,40555.6907,12194.072,FlowForge synthetic (TradeStat not downloaded; see ingest/tradestat.py),,2026-09-27T00:00:00Z,SYNTH
API-GENTAMICIN,2023-12-01,42984.4496,6609.107,FlowForge synthetic (TradeStat not downloaded; see ingest/tradestat.py),,2026-09-27T00:00:00Z,SYNTH
API-GENTAMICIN,2024-01-01,40992.7938,7329.991,FlowForge synthetic (TradeStat not downloaded; see ingest/tradestat.py),,2026-09-27T00:00:00Z,SYNTH
API-GENTAMICIN,2024-02-01,47226.8346,13962.627,FlowForge synthetic (TradeStat not downloaded; see ingest/tradestat.py),,2026-09-27T00:00:00Z,SYNTH
API-GENTAMICIN,2024-03-01,48206.3068,13857.66,FlowForge synthetic (TradeStat not downloaded; see ingest/tradestat.py),,2026-09-27T00:00:00Z,SYNTH
API-GENTAMICIN,2024-04-01,42200.0955,12157.476,FlowForge synthetic (TradeStat not downloaded; see ingest/tradestat.py),,2026-09-27T00:00:00Z,SYNTH
API-GENTAMICIN,2024-05-01,41679.3155,5434.416,FlowForge synthetic (TradeStat not downloaded; see ingest/tradestat.py),,2026-09-27T00:00:00Z,SYNTH
API-GENTAMICIN,2024-06-01,42252.5432,6824.569,FlowForge synthetic (TradeStat not downloaded; see ingest/tradestat.py),,2026-09-27T00:00:00Z,SYNTH
API-GENTAMICIN,2024-07-01,42981.0626,13523.154,FlowForge synthetic (TradeStat not downloaded; see ingest/tradestat.py),,2026-09-27T00:00:00Z,SYNTH
API-GENTAMICIN,2024-08-01,42901.1736,11258.918,FlowForge synthetic (TradeStat not downloaded; see ingest/tradestat.py),,2026-09-27T00:00:00Z,SYNTH
API-GENTAMICIN,2024-09-01,40687.5648,7100.264,FlowForge synthetic (TradeStat not downloaded; see ingest/tradestat.py),,2026-09-27T00:00:00Z,SYNTH
API-GENTAMICIN,2024-10-01,43050.6607,15351.909,FlowForge synthetic (TradeStat not downloaded; see ingest/tradestat.py),,2026-09-27T00:00:00Z,SYNTH
API-GENTAMICIN,2024-11-01,45474.5258,7203.621,FlowForge synthetic (TradeStat not downloaded; see ingest/tradestat.py),,2026-09-27T00:00:00Z,SYNTH
API-GENTAMICIN,2024-12-01,47902.3562,20412.468,FlowForge synthetic (TradeStat not downloaded; see ingest/tradestat.py),,2026-09-27T00:00:00Z,SYNTH
API-GENTAMICIN,2025-01-01,45918.3739,10853.296,FlowForge synthetic (TradeStat not downloaded; see ingest/tradestat.py),,2026-09-27T00:00:00Z,SYNTH
API-GENTAMICIN,2025-02-01,43388.4068,11378.295,FlowForge synthetic (TradeStat not downloaded; see ingest/tradestat.py),,2026-09-27T00:00:00Z,SYNTH
API-GENTAMICIN,2025-03-01,46085.8909,24382.849,FlowForge synthetic (TradeStat not downloaded; see ingest/tradestat.py),,2026-09-27T00:00:00Z,SYNTH
API-GENTAMICIN,2025-04-01,43859.3362,7317.193,FlowForge synthetic (TradeStat not downloaded; see ingest/tradestat.py),,2026-09-27T00:00:00Z,SYNTH
API-GENTAMICIN,2025-05-01,43863.1075,16017.586,FlowForge synthetic (TradeStat not downloaded; see ingest/tradestat.py),,2026-09-27T00:00:00Z,SYNTH
API-GENTAMICIN,2025-06-01,41449.4731,7109.275,FlowForge synthetic (TradeStat not downloaded; see ingest/tradestat.py),,2026-09-27T00:00:00Z,SYNTH
API-GENTAMICIN,2025-07-01,41797.6325,12487.911,FlowForge synthetic (TradeStat not downloaded; see ingest/tradestat.py),,2026-09-27T00:00:00Z,SYNTH
API-GENTAMICIN,2025-08-01,39134.2442,22291.625,FlowForge synthetic (TradeStat not downloaded; see ingest/tradestat.py),,2026-09-27T00:00:00Z,SYNTH
API-GENTAMICIN,2025-09-01,39874.6726,17678.707,FlowForge synthetic (TradeStat not downloaded; see ingest/tradestat.py),,2026-09-27T00:00:00Z,SYNTH
API-GENTAMICIN,2025-10-01,39771.3866,18135.669,FlowForge synthetic (TradeStat not downloaded; see ingest/tradestat.py),,2026-09-27T00:00:00Z,SYNTH
API-GENTAMICIN,2025-11-01,37185.2085,10261.944,FlowForge synthetic (TradeStat not downloaded; see ingest/tradestat.py),,2026-09-27T00:00:00Z,SYNTH
API-GENTAMICIN,2025-12-01,37059.8231,12650.243,FlowForge synthetic (TradeStat not downloaded; see ingest/tradestat.py),,2026-09-27T00:00:00Z,SYNTH
API-GENTAMICIN,2026-01-01,37577.4487,14572.176,FlowForge synthetic (TradeStat not downloaded; see ingest/tradestat.py),,2026-09-27T00:00:00Z,SYNTH
API-GENTAMICIN,2026-02-01,37117.3163,8867.845,FlowForge synthetic (TradeStat not downloaded; see ingest/tradestat.py),,2026-09-27T00:00:00Z,SYNTH
API-GENTAMICIN,2026-03-01,35411.5045,10648.53,FlowForge synthetic (TradeStat not downloaded; see ingest/tradestat.py),,2026-09-27T00:00:00Z,SYNTH
API-GENTAMICIN,2026-04-01,32649.9799,8030.112,FlowForge synthetic (TradeStat not downloaded; see ingest/tradestat.py),,2026-09-27T00:00:00Z,SYNTH
API-GENTAMICIN,2026-05-01,32112.5654,16155.056,FlowForge synthetic (TradeStat not downloaded; see ingest/tradestat.py),,2026-09-27T00:00:00Z,SYNTH
API-GENTAMICIN,2026-06-01,35445.4636,11463.256,FlowForge synthetic (TradeStat not downloaded; see ingest/tradestat.py),,2026-09-27T00:00:00Z,SYNTH
API-GENTAMICIN,2026-07-01,32285.3755,13576.726,FlowForge synthetic (TradeStat not downloaded; see ingest/tradestat.py),,2026-09-27T00:00:00Z,SYNTH
API-GENTAMICIN,2026-08-01,33465.2925,16883.239,FlowForge synthetic (TradeStat not downloaded; see ingest/tradestat.py),,2026-09-27T00:00:00Z,SYNTH
API-GENTAMICIN,2026-09-01,33751.4759,17542.913,FlowForge synthetic (TradeStat not downloaded; see ingest/tradestat.py),,2026-09-27T00:00:00Z,SYNTH
API-HEPARIN,2019-01-01,1414191.2589,93246.648,FlowForge synthetic (TradeStat not downloaded; see ingest/tradestat.py),,2026-09-27T00:00:00Z,SYNTH
API-HEPARIN,2019-02-01,1395393.0916,75572.13,FlowForge synthetic (TradeStat not downloaded; see ingest/tradestat.py),,2026-09-27T00:00:00Z,SYNTH
API-HEPARIN,2019-03-01,1378590.1609,123802.41,FlowForge synthetic (TradeStat not downloaded; see ingest/tradestat.py),,2026-09-27T00:00:00Z,SYNTH
API-HEPARIN,2019-04-01,1358177.4312,91821.326,FlowForge synthetic (TradeStat not downloaded; see ingest/tradestat.py),,2026-09-27T00:00:00Z,SYNTH
API-HEPARIN,2019-05-01,1262541.8083,113447.261,FlowForge synthetic (TradeStat not downloaded; see ingest/tradestat.py),,2026-09-27T00:00:00Z,SYNTH
API-HEPARIN,2019-06-01,1256902.2241,124722.04,FlowForge synthetic (TradeStat not downloaded; see ingest/tradestat.py),,2026-09-27T00:00:00Z,SYNTH
API-HEPARIN,2019-07-01,1249584.2825,119874.27,FlowForge synthetic (TradeStat not downloaded; see ingest/tradestat.py),,2026-09-27T00:00:00Z,SYNTH
API-HEPARIN,2019-08-01,1254673.4464,153689.707,FlowForge synthetic (TradeStat not downloaded; see ingest/tradestat.py),,2026-09-27T00:00:00Z,SYNTH
API-HEPARIN,2019-09-01,1258174.1215,117724.041,FlowForge synthetic (TradeStat not downloaded; see ingest/tradestat.py),,2026-09-27T00:00:00Z,SYNTH
API-HEPARIN,2019-10-01,1264581.1208,144537.247,FlowForge synthetic (TradeStat not downloaded; see ingest/tradestat.py),,2026-09-27T00:00:00Z,SYNTH
API-HEPARIN,2019-11-01,1269381.4711,130813.138,FlowForge synthetic (TradeStat not downloaded; see ingest/tradestat.py),,2026-09-27T00:00:00Z,SYNTH
API-HEPARIN,2019-12-01,1284281.2332,104442.445,FlowForge synthetic (TradeStat not downloaded; see ingest/tradestat.py),,2026-09-27T00:00:00Z,SYNTH
API-HEPARIN,2020-01-01,1289282.0564,145957.382,FlowForge synthetic (TradeStat not downloaded; see ingest/tradestat.py),,2026-09-27T00:00:00Z,SYNTH
API-HEPARIN,2020-02-01,1289976.326,178165.784,FlowForge synthetic (TradeStat not downloaded; see ingest/tradestat.py),,2026-09-27T00:00:00Z,SYNTH
API-HEPARIN,2020-03-01,1302579.8191,198650.079,FlowForge synthetic (TradeStat not downloaded; see ingest/tradestat.py),,2026-09-27T00:00:00Z,SYNTH
API-HEPARIN,2020-04-01,1310206.8652,93608.315,FlowForge synthetic (TradeStat not downloaded; see ingest/tradestat.py),,2026-09-27T00:00:00Z,SYNTH
API-HEPARIN,2020-05-01,1311397.3278,75297.375,FlowForge synthetic (TradeStat not downloaded; see ingest/tradestat.py),,2026-09-27T00:00:00Z,SYNTH
API-HEPARIN,2020-06-01,1337559.3933,104688.777,FlowForge synthetic (TradeStat not downloaded; see ingest/tradestat.py),,2026-09-27T00:00:00Z,SYNTH
API-HEPARIN,2020-07-01,1314614.6914,285775.505,FlowForge synthetic (TradeStat not downloaded; see ingest/tradestat.py),,2026-09-27T00:00:00Z,SYNTH
API-HEPARIN,2020-08-01,1326027.6736,95710.962,FlowForge synthetic (TradeStat not downloaded; see ingest/tradestat.py),,2026-09-27T00:00:00Z,SYNTH
API-HEPARIN,2020-09-01,1314409.3373,102629.444,FlowForge synthetic (TradeStat not downloaded; see ingest/tradestat.py),,2026-09-27T00:00:00Z,SYNTH
API-HEPARIN,2020-10-01,1318697.8069,140386.846,FlowForge synthetic (TradeStat not downloaded; see ingest/tradestat.py),,2026-09-27T00:00:00Z,SYNTH
API-HEPARIN,2020-11-01,1302545.4727,104555.361,FlowForge synthetic (TradeStat not downloaded; see ingest/tradestat.py),,2026-09-27T00:00:00Z,SYNTH
API-HEPARIN,2020-12-01,1325985.0223,161326.41,FlowForge synthetic (TradeStat not downloaded; see ingest/tradestat.py),,2026-09-27T00:00:00Z,SYNTH
API-HEPARIN,2021-01-01,1229727.9634,258559.967,FlowForge synthetic (TradeStat not downloaded; see ingest/tradestat.py),,2026-09-27T00:00:00Z,SYNTH
API-HEPARIN,2021-02-01,1273031.6425,150925.677,FlowForge synthetic (TradeStat not downloaded; see ingest/tradestat.py),,2026-09-27T00:00:00Z,SYNTH
API-HEPARIN,2021-03-01,1246205.6592,61895.522,FlowForge synthetic (TradeStat not downloaded; see ingest/tradestat.py),,2026-09-27T00:00:00Z,SYNTH
API-HEPARIN,2021-04-01,1251886.5251,173518.351,FlowForge synthetic (TradeStat not downloaded; see ingest/tradestat.py),,2026-09-27T00:00:00Z,SYNTH
API-HEPARIN,2021-05-01,1243294.6277,144540.328,FlowForge synthetic (TradeStat not downloaded; see ingest/tradestat.py),,2026-09-27T00:00:00Z,SYNTH
API-HEPARIN,2021-06-01,1292291.5321,135024.066,FlowForge synthetic (TradeStat not downloaded; see ingest/tradestat.py),,2026-09-27T00:00:00Z,SYNTH
API-HEPARIN,2021-07-01,1221183.2779,87862.074,FlowForge synthetic (TradeStat not downloaded; see ingest/tradestat.py),,2026-09-27T00:00:00Z,SYNTH
API-HEPARIN,2021-08-01,1231282.5613,157641.69,FlowForge synthetic (TradeStat not downloaded; see ingest/tradestat.py),,2026-09-27T00:00:00Z,SYNTH
API-HEPARIN,2021-09-01,1232847.7485,102154.983,FlowForge synthetic (TradeStat not downloaded; see ingest/tradestat.py),,2026-09-27T00:00:00Z,SYNTH
API-HEPARIN,2021-10-01,1211807.8313,145436.427,FlowForge synthetic (TradeStat not downloaded; see ingest/tradestat.py),,2026-09-27T00:00:00Z,SYNTH
API-HEPARIN,2021-11-01,1165431.1242,101855.273,FlowForge synthetic (TradeStat not downloaded; see ingest/tradestat.py),,2026-09-27T00:00:00Z,SYNTH
API-HEPARIN,2021-12-01,1101986.6024,76351.149,FlowForge synthetic (TradeStat not downloaded; see ingest/tradestat.py),,2026-09-27T00:00:00Z,SYNTH
API-HEPARIN,2022-01-01,1059552.3593,197667.287,FlowForge synthetic (TradeStat not downloaded; see ingest/tradestat.py),,2026-09-27T00:00:00Z,SYNTH
API-HEPARIN,2022-02-01,1073390.969,114773.791,FlowForge synthetic (TradeStat not downloaded; see ingest/tradestat.py),,2026-09-27T00:00:00Z,SYNTH
API-HEPARIN,2022-03-01,1122965.002,119134.127,FlowForge synthetic (TradeStat not downloaded; see ingest/tradestat.py),,2026-09-27T00:00:00Z,SYNTH
API-HEPARIN,2022-04-01,1184163.474,128323.689,FlowForge synthetic (TradeStat not downloaded; see ingest/tradestat.py),,2026-09-27T00:00:00Z,SYNTH
API-HEPARIN,2022-05-01,1181969.5592,106434.259,FlowForge synthetic (TradeStat not downloaded; see ingest/tradestat.py),,2026-09-27T00:00:00Z,SYNTH
API-HEPARIN,2022-06-01,1123494.2787,98528.836,FlowForge synthetic (TradeStat not downloaded; see ingest/tradestat.py),,2026-09-27T00:00:00Z,SYNTH
API-HEPARIN,2022-07-01,1142402.109,91429.548,FlowForge synthetic (TradeStat not downloaded; see ingest/tradestat.py),,2026-09-27T00:00:00Z,SYNTH
API-HEPARIN,2022-08-01,1156004.7691,130154.616,FlowForge synthetic (TradeStat not downloaded; see ingest/tradestat.py),,2026-09-27T00:00:00Z,SYNTH
API-HEPARIN,2022-09-01,1109024.7963,313002.129,FlowForge synthetic (TradeStat not downloaded; see ingest/tradestat.py),,2026-09-27T00:00:00Z,SYNTH
API-HEPARIN,2022-10-01,1144556.3483,60825.874,FlowForge synthetic (TradeStat not downloaded; see ingest/tradestat.py),,2026-09-27T00:00:00Z,SYNTH
API-HEPARIN,2022-11-01,1181999.1915,143220.06,FlowForge synthetic (TradeStat not downloaded; see ingest/tradestat.py),,2026-09-27T00:00:00Z,SYNTH
API-HEPARIN,2022-12-01,1154120.3874,105352.222,FlowForge synthetic (TradeStat not downloaded; see ingest/tradestat.py),,2026-09-27T00:00:00Z,SYNTH
API-HEPARIN,2023-01-01,1158867.1403,160922.72,FlowForge synthetic (TradeStat not downloaded; see ingest/tradestat.py),,2026-09-27T00:00:00Z,SYNTH
API-HEPARIN,2023-02-01,1154088.0678,202370.959,FlowForge synthetic (TradeStat not downloaded; see ingest/tradestat.py),,2026-09-27T00:00:00Z,SYNTH
API-HEPARIN,2023-03-01,1104516.4236,162472.924,FlowForge synthetic (TradeStat not downloaded; see ingest/tradestat.py),,2026-09-27T00:00:00Z,SYNTH
API-HEPARIN,2023-04-01,1085150.7021,108220.762,FlowForge synthetic (TradeStat not downloaded; see ingest/tradestat.py),,2026-09-27T00:00:00Z,SYNTH
API-HEPARIN,2023-05-01,1111826.9817,196086.927,FlowForge synthetic (TradeStat not downloaded; see ingest/tradestat.py),,2026-09-27T00:00:00Z,SYNTH
API-HEPARIN,2023-06-01,1157909.703,193665.671,FlowForge synthetic (TradeStat not downloaded; see ingest/tradestat.py),,2026-09-27T00:00:00Z,SYNTH
API-HEPARIN,2023-07-01,1180342.2772,73251.493,FlowForge synthetic (TradeStat not downloaded; see ingest/tradestat.py),,2026-09-27T00:00:00Z,SYNTH
API-HEPARIN,2023-08-01,1221651.4331,144399.521,FlowForge synthetic (TradeStat not downloaded; see ingest/tradestat.py),,2026-09-27T00:00:00Z,SYNTH
API-HEPARIN,2023-09-01,1259685.0422,86650.607,FlowForge synthetic (TradeStat not downloaded; see ingest/tradestat.py),,2026-09-27T00:00:00Z,SYNTH
API-HEPARIN,2023-10-01,1302554.6286,187093.819,FlowForge synthetic (TradeStat not downloaded; see ingest/tradestat.py),,2026-09-27T00:00:00Z,SYNTH
API-HEPARIN,2023-11-01,1233802.7658,107243.909,FlowForge synthetic (TradeStat not downloaded; see ingest/tradestat.py),,2026-09-27T00:00:00Z,SYNTH
API-HEPARIN,2023-12-01,1280949.8528,84923.949,FlowForge synthetic (TradeStat not downloaded; see ingest/tradestat.py),,2026-09-27T00:00:00Z,SYNTH
API-HEPARIN,2024-01-01,1334229.3844,101439.014,FlowForge synthetic (TradeStat not downloaded; see ingest/tradestat.py),,2026-09-27T00:00:00Z,SYNTH
API-HEPARIN,2024-02-01,1370351.0139,135492.287,FlowForge synthetic (TradeStat not downloaded; see ingest/tradestat.py),,2026-09-27T00:00:00Z,SYNTH
API-HEPARIN,2024-03-01,1338799.4182,68320.555,FlowForge synthetic (TradeStat not downloaded; see ingest/tradestat.py),,2026-09-27T00:00:00Z,SYNTH
API-HEPARIN,2024-04-01,1332975.1406,139936.744,FlowForge synthetic (TradeStat not downloaded; see ingest/tradestat.py),,2026-09-27T00:00:00Z,SYNTH
API-HEPARIN,2024-05-01,1354962.7959,120874.681,FlowForge synthetic (TradeStat not downloaded; see ingest/tradestat.py),,2026-09-27T00:00:00Z,SYNTH
API-HEPARIN,2024-06-01,1397816.2037,93690.049,FlowForge synthetic (TradeStat not downloaded; see ingest/tradestat.py),,2026-09-27T00:00:00Z,SYNTH
API-HEPARIN,2024-07-01,1466360.5511,110956.923,FlowForge synthetic (TradeStat not downloaded; see ingest/tradestat.py),,2026-09-27T00:00:00Z,SYNTH
API-HEPARIN,2024-08-01,1501842.3923,150677.558,FlowForge synthetic (TradeStat not downloaded; see ingest/tradestat.py),,2026-09-27T00:00:00Z,SYNTH
API-HEPARIN,2024-09-01,1481234.0027,154823.799,FlowForge synthetic (TradeStat not downloaded; see ingest/tradestat.py),,2026-09-27T00:00:00Z,SYNTH
API-HEPARIN,2024-10-01,1479659.5019,135756.195,FlowForge synthetic (TradeStat not downloaded; see ingest/tradestat.py),,2026-09-27T00:00:00Z,SYNTH
API-HEPARIN,2024-11-01,1537123.4777,226649.622,FlowForge synthetic (TradeStat not downloaded; see ingest/tradestat.py),,2026-09-27T00:00:00Z,SYNTH
API-HEPARIN,2024-12-01,1539555.1355,82835.774,FlowForge synthetic (TradeStat not downloaded; see ingest/tradestat.py),,2026-09-27T00:00:00Z,SYNTH
API-HEPARIN,2025-01-01,1578889.2913,63944.738,FlowForge synthetic (TradeStat not downloaded; see ingest/tradestat.py),,2026-09-27T00:00:00Z,SYNTH
API-HEPARIN,2025-02-01,1546736.104,66268.391,FlowForge synthetic (TradeStat not downloaded; see ingest/tradestat.py),,2026-09-27T00:00:00Z,SYNTH
API-HEPARIN,2025-03-01,1561770.3481,137276.783,FlowForge synthetic (TradeStat not downloaded; see ingest/tradestat.py),,2026-09-27T00:00:00Z,SYNTH
API-HEPARIN,2025-04-01,1559344.7466,121248.112,FlowForge synthetic (TradeStat not downloaded; see ingest/tradestat.py),,2026-09-27T00:00:00Z,SYNTH
API-HEPARIN,2025-05-01,1569915.9419,85672.047,FlowForge synthetic (TradeStat not downloaded; see ingest/tradestat.py),,2026-09-27T00:00:00Z,SYNTH
API-HEPARIN,2025-06-01,1587788.5773,91279.324,FlowForge synthetic (TradeStat not downloaded; see ingest/tradestat.py),,2026-09-27T00:00:00Z,SYNTH
API-HEPARIN,2025-07-01,1616225.5135,88878.827,FlowForge synthetic (TradeStat not downloaded; see ingest/tradestat.py),,2026-09-27T00:00:00Z,SYNTH
API-HEPARIN,2025-08-01,1633112.4094,107349.143,FlowForge synthetic (TradeStat not downloaded; see ingest/tradestat.py),,2026-09-27T00:00:00Z,SYNTH
API-HEPARIN,2025-09-01,1601647.0617,81410.882,FlowForge synthetic (TradeStat not downloaded; see ingest/tradestat.py),,2026-09-27T00:00:00Z,SYNTH
API-HEPARIN,2025-10-01,1604636.3929,222973.129,FlowForge synthetic (TradeStat not downloaded; see ingest/tradestat.py),,2026-09-27T00:00:00Z,SYNTH
API-HEPARIN,2025-11-01,1582012.5974,92268.879,FlowForge synthetic (TradeStat not downloaded; see ingest/tradestat.py),,2026-09-27T00:00:00Z,SYNTH
API-HEPARIN,2025-12-01,1601065.0762,131143.219,FlowForge synthetic (TradeStat not downloaded; see ingest/tradestat.py),,2026-09-27T00:00:00Z,SYNTH
API-HEPARIN,2026-01-01,1622386.7913,102993.013,FlowForge synthetic (TradeStat not downloaded; see ingest/tradestat.py),,2026-09-27T00:00:00Z,SYNTH
API-HEPARIN,2026-02-01,1572752.7377,111130.667,FlowForge synthetic (TradeStat not downloaded; see ingest/tradestat.py),,2026-09-27T00:00:00Z,SYNTH
API-HEPARIN,2026-03-01,1570761.797,179201.91,FlowForge synthetic (TradeStat not downloaded; see ingest/tradestat.py),,2026-09-27T00:00:00Z,SYNTH
API-HEPARIN,2026-04-01,1469146.1954,65181.122,FlowForge synthetic (TradeStat not downloaded; see ingest/tradestat.py),,2026-09-27T00:00:00Z,SYNTH
API-HEPARIN,2026-05-01,1467581.7331,78375.163,FlowForge synthetic (TradeStat not downloaded; see ingest/tradestat.py),,2026-09-27T00:00:00Z,SYNTH
API-HEPARIN,2026-06-01,1515223.9425,162707.121,FlowForge synthetic (TradeStat not downloaded; see ingest/tradestat.py),,2026-09-27T00:00:00Z,SYNTH
API-HEPARIN,2026-07-01,1439026.3128,129714.853,FlowForge synthetic (TradeStat not downloaded; see ingest/tradestat.py),,2026-09-27T00:00:00Z,SYNTH
API-HEPARIN,2026-08-01,1428935.2012,188874.496,FlowForge synthetic (TradeStat not downloaded; see ingest/tradestat.py),,2026-09-27T00:00:00Z,SYNTH
API-HEPARIN,2026-09-01,1406727.0008,99300.095,FlowForge synthetic (TradeStat not downloaded; see ingest/tradestat.py),,2026-09-27T00:00:00Z,SYNTH
API-ISDN,2019-01-01,48932.6867,24305.37,FlowForge synthetic (TradeStat not downloaded; see ingest/tradestat.py),,2026-09-27T00:00:00Z,SYNTH
API-ISDN,2019-02-01,50856.8809,25959.456,FlowForge synthetic (TradeStat not downloaded; see ingest/tradestat.py),,2026-09-27T00:00:00Z,SYNTH
API-ISDN,2019-03-01,51646.5727,38461.35,FlowForge synthetic (TradeStat not downloaded; see ingest/tradestat.py),,2026-09-27T00:00:00Z,SYNTH
API-ISDN,2019-04-01,52460.5289,31891.453,FlowForge synthetic (TradeStat not downloaded; see ingest/tradestat.py),,2026-09-27T00:00:00Z,SYNTH
API-ISDN,2019-05-01,52277.6358,18096.912,FlowForge synthetic (TradeStat not downloaded; see ingest/tradestat.py),,2026-09-27T00:00:00Z,SYNTH
API-ISDN,2019-06-01,53313.8299,25548.844,FlowForge synthetic (TradeStat not downloaded; see ingest/tradestat.py),,2026-09-27T00:00:00Z,SYNTH
API-ISDN,2019-07-01,52309.213,19879.973,FlowForge synthetic (TradeStat not downloaded; see ingest/tradestat.py),,2026-09-27T00:00:00Z,SYNTH
API-ISDN,2019-08-01,51294.1652,24353.213,FlowForge synthetic (TradeStat not downloaded; see ingest/tradestat.py),,2026-09-27T00:00:00Z,SYNTH
API-ISDN,2019-09-01,51262.2523,28369.327,FlowForge synthetic (TradeStat not downloaded; see ingest/tradestat.py),,2026-09-27T00:00:00Z,SYNTH
API-ISDN,2019-10-01,50814.6773,19321.2,FlowForge synthetic (TradeStat not downloaded; see ingest/tradestat.py),,2026-09-27T00:00:00Z,SYNTH
API-ISDN,2019-11-01,48791.4363,26760.097,FlowForge synthetic (TradeStat not downloaded; see ingest/tradestat.py),,2026-09-27T00:00:00Z,SYNTH
API-ISDN,2019-12-01,47255.691,35852.033,FlowForge synthetic (TradeStat not downloaded; see ingest/tradestat.py),,2026-09-27T00:00:00Z,SYNTH
API-ISDN,2020-01-01,44038.4593,42340.924,FlowForge synthetic (TradeStat not downloaded; see ingest/tradestat.py),,2026-09-27T00:00:00Z,SYNTH
API-ISDN,2020-02-01,47562.1757,27169.967,FlowForge synthetic (TradeStat not downloaded; see ingest/tradestat.py),,2026-09-27T00:00:00Z,SYNTH
API-ISDN,2020-03-01,46493.3237,15453.001,FlowForge synthetic (TradeStat not downloaded; see ingest/tradestat.py),,2026-09-27T00:00:00Z,SYNTH
API-ISDN,2020-04-01,48884.107,24845.676,FlowForge synthetic (TradeStat not downloaded; see ingest/tradestat.py),,2026-09-27T00:00:00Z,SYNTH
API-ISDN,2020-05-01,51043.6933,39883.477,FlowForge synthetic (TradeStat not downloaded; see ingest/tradestat.py),,2026-09-27T00:00:00Z,SYNTH
API-ISDN,2020-06-01,50760.1039,36211.801,FlowForge synthetic (TradeStat not downloaded; see ingest/tradestat.py),,2026-09-27T00:00:00Z,SYNTH
API-ISDN,2020-07-01,48459.3335,39147.369,FlowForge synthetic (TradeStat not downloaded; see ingest/tradestat.py),,2026-09-27T00:00:00Z,SYNTH
API-ISDN,2020-08-01,50453.2234,38694.604,FlowForge synthetic (TradeStat not downloaded; see ingest/tradestat.py),,2026-09-27T00:00:00Z,SYNTH
API-ISDN,2020-09-01,51670.6509,25220.781,FlowForge synthetic (TradeStat not downloaded; see ingest/tradestat.py),,2026-09-27T00:00:00Z,SYNTH
API-ISDN,2020-10-01,50001.5723,33661.865,FlowForge synthetic (TradeStat not downloaded; see ingest/tradestat.py),,2026-09-27T00:00:00Z,SYNTH
API-ISDN,2020-11-01,50240.4021,41713.198,FlowForge synthetic (TradeStat not downloaded; see ingest/tradestat.py),,2026-09-27T00:00:00Z,SYNTH
API-ISDN,2020-12-01,51192.4902,54087.894,FlowForge synthetic (TradeStat not downloaded; see ingest/tradestat.py),,2026-09-27T00:00:00Z,SYNTH
API-ISDN,2021-01-01,48963.7049,17039.443,FlowForge synthetic (TradeStat not downloaded; see ingest/tradestat.py),,2026-09-27T00:00:00Z,SYNTH
API-ISDN,2021-02-01,49071.0557,15752.864,FlowForge synthetic (TradeStat not downloaded; see ingest/tradestat.py),,2026-09-27T00:00:00Z,SYNTH
API-ISDN,2021-03-01,48984.4622,40870.913,FlowForge synthetic (TradeStat not downloaded; see ingest/tradestat.py),,2026-09-27T00:00:00Z,SYNTH
API-ISDN,2021-04-01,45663.9767,28294.133,FlowForge synthetic (TradeStat not downloaded; see ingest/tradestat.py),,2026-09-27T00:00:00Z,SYNTH
API-ISDN,2021-05-01,46250.8807,25459.449,FlowForge synthetic (TradeStat not downloaded; see ingest/tradestat.py),,2026-09-27T00:00:00Z,SYNTH
API-ISDN,2021-06-01,47486.6844,36098.514,FlowForge synthetic (TradeStat not downloaded; see ingest/tradestat.py),,2026-09-27T00:00:00Z,SYNTH
API-ISDN,2021-07-01,47014.3145,26785.803,FlowForge synthetic (TradeStat not downloaded; see ingest/tradestat.py),,2026-09-27T00:00:00Z,SYNTH
API-ISDN,2021-08-01,46662.779,20873.801,FlowForge synthetic (TradeStat not downloaded; see ingest/tradestat.py),,2026-09-27T00:00:00Z,SYNTH
API-ISDN,2021-09-01,46497.5905,56537.756,FlowForge synthetic (TradeStat not downloaded; see ingest/tradestat.py),,2026-09-27T00:00:00Z,SYNTH
API-ISDN,2021-10-01,46699.2647,19337.362,FlowForge synthetic (TradeStat not downloaded; see ingest/tradestat.py),,2026-09-27T00:00:00Z,SYNTH
API-ISDN,2021-11-01,47765.296,24210.8,FlowForge synthetic (TradeStat not downloaded; see ingest/tradestat.py),,2026-09-27T00:00:00Z,SYNTH
API-ISDN,2021-12-01,46148.2236,24807.896,FlowForge synthetic (TradeStat not downloaded; see ingest/tradestat.py),,2026-09-27T00:00:00Z,SYNTH
API-ISDN,2022-01-01,45992.0836,29812.34,FlowForge synthetic (TradeStat not downloaded; see ingest/tradestat.py),,2026-09-27T00:00:00Z,SYNTH
API-ISDN,2022-02-01,48229.4326,19467.377,FlowForge synthetic (TradeStat not downloaded; see ingest/tradestat.py),,2026-09-27T00:00:00Z,SYNTH
API-ISDN,2022-03-01,48464.3812,28726.128,FlowForge synthetic (TradeStat not downloaded; see ingest/tradestat.py),,2026-09-27T00:00:00Z,SYNTH
API-ISDN,2022-04-01,48526.0574,24453.105,FlowForge synthetic (TradeStat not downloaded; see ingest/tradestat.py),,2026-09-27T00:00:00Z,SYNTH
API-ISDN,2022-05-01,48870.3728,45577.97,FlowForge synthetic (TradeStat not downloaded; see ingest/tradestat.py),,2026-09-27T00:00:00Z,SYNTH
API-ISDN,2022-06-01,49411.9162,28429.036,FlowForge synthetic (TradeStat not downloaded; see ingest/tradestat.py),,2026-09-27T00:00:00Z,SYNTH
API-ISDN,2022-07-01,50891.0521,25244.655,FlowForge synthetic (TradeStat not downloaded; see ingest/tradestat.py),,2026-09-27T00:00:00Z,SYNTH
API-ISDN,2022-08-01,52047.1044,44136.262,FlowForge synthetic (TradeStat not downloaded; see ingest/tradestat.py),,2026-09-27T00:00:00Z,SYNTH
API-ISDN,2022-09-01,54716.5587,28912.498,FlowForge synthetic (TradeStat not downloaded; see ingest/tradestat.py),,2026-09-27T00:00:00Z,SYNTH
API-ISDN,2022-10-01,56148.4361,26564.935,FlowForge synthetic (TradeStat not downloaded; see ingest/tradestat.py),,2026-09-27T00:00:00Z,SYNTH
API-ISDN,2022-11-01,55141.9538,37938.026,FlowForge synthetic (TradeStat not downloaded; see ingest/tradestat.py),,2026-09-27T00:00:00Z,SYNTH
API-ISDN,2022-12-01,55144.1821,19356.428,FlowForge synthetic (TradeStat not downloaded; see ingest/tradestat.py),,2026-09-27T00:00:00Z,SYNTH
API-ISDN,2023-01-01,52584.1066,12803.72,FlowForge synthetic (TradeStat not downloaded; see ingest/tradestat.py),,2026-09-27T00:00:00Z,SYNTH
API-ISDN,2023-02-01,52206.9122,29157.045,FlowForge synthetic (TradeStat not downloaded; see ingest/tradestat.py),,2026-09-27T00:00:00Z,SYNTH
API-ISDN,2023-03-01,51322.0133,33007.04,FlowForge synthetic (TradeStat not downloaded; see ingest/tradestat.py),,2026-09-27T00:00:00Z,SYNTH
API-ISDN,2023-04-01,50332.7689,24053.754,FlowForge synthetic (TradeStat not downloaded; see ingest/tradestat.py),,2026-09-27T00:00:00Z,SYNTH
API-ISDN,2023-05-01,53132.141,32945.11,FlowForge synthetic (TradeStat not downloaded; see ingest/tradestat.py),,2026-09-27T00:00:00Z,SYNTH
API-ISDN,2023-06-01,51782.5051,29152.557,FlowForge synthetic (TradeStat not downloaded; see ingest/tradestat.py),,2026-09-27T00:00:00Z,SYNTH
API-ISDN,2023-07-01,51493.6124,24160.677,FlowForge synthetic (TradeStat not downloaded; see ingest/tradestat.py),,2026-09-27T00:00:00Z,SYNTH
API-ISDN,2023-08-01,49283.1327,17191.298,FlowForge synthetic (TradeStat not downloaded; see ingest/tradestat.py),,2026-09-27T00:00:00Z,SYNTH
API-ISDN,2023-09-01,48946.3992,35148.666,FlowForge synthetic (TradeStat not downloaded; see ingest/tradestat.py),,2026-09-27T00:00:00Z,SYNTH
API-ISDN,2023-10-01,47998.8295,40438.48,FlowForge synthetic (TradeStat not downloaded; see ingest/tradestat.py),,2026-09-27T00:00:00Z,SYNTH
API-ISDN,2023-11-01,48999.6387,44370.116,FlowForge synthetic (TradeStat not downloaded; see ingest/tradestat.py),,2026-09-27T00:00:00Z,SYNTH
API-ISDN,2023-12-01,49573.4711,58588.439,FlowForge synthetic (TradeStat not downloaded; see ingest/tradestat.py),,2026-09-27T00:00:00Z,SYNTH
API-ISDN,2024-01-01,53032.4864,25077.777,FlowForge synthetic (TradeStat not downloaded; see ingest/tradestat.py),,2026-09-27T00:00:00Z,SYNTH
API-ISDN,2024-02-01,52478.2305,36945.646,FlowForge synthetic (TradeStat not downloaded; see ingest/tradestat.py),,2026-09-27T00:00:00Z,SYNTH
API-ISDN,2024-03-01,50627.9398,21587.623,FlowForge synthetic (TradeStat not downloaded; see ingest/tradestat.py),,2026-09-27T00:00:00Z,SYNTH
API-ISDN,2024-04-01,51526.1003,34129.483,FlowForge synthetic (TradeStat not downloaded; see ingest/tradestat.py),,2026-09-27T00:00:00Z,SYNTH
API-ISDN,2024-05-01,54791.3206,21951.63,FlowForge synthetic (TradeStat not downloaded; see ingest/tradestat.py),,2026-09-27T00:00:00Z,SYNTH
API-ISDN,2024-06-01,56325.8143,21495.513,FlowForge synthetic (TradeStat not downloaded; see ingest/tradestat.py),,2026-09-27T00:00:00Z,SYNTH
API-ISDN,2024-07-01,57047.5698,29230.02,FlowForge synthetic (TradeStat not downloaded; see ingest/tradestat.py),,2026-09-27T00:00:00Z,SYNTH
API-ISDN,2024-08-01,57508.3148,26420.903,FlowForge synthetic (TradeStat not downloaded; see ingest/tradestat.py),,2026-09-27T00:00:00Z,SYNTH
API-ISDN,2024-09-01,56766.4231,19467.726,FlowForge synthetic (TradeStat not downloaded; see ingest/tradestat.py),,2026-09-27T00:00:00Z,SYNTH
API-ISDN,2024-10-01,53732.8588,55745.376,FlowForge synthetic (TradeStat not downloaded; see ingest/tradestat.py),,2026-09-27T00:00:00Z,SYNTH
API-ISDN,2024-11-01,52692.5476,14485.021,FlowForge synthetic (TradeStat not downloaded; see ingest/tradestat.py),,2026-09-27T00:00:00Z,SYNTH
API-ISDN,2024-12-01,49165.6621,40758.336,FlowForge synthetic (TradeStat not downloaded; see ingest/tradestat.py),,2026-09-27T00:00:00Z,SYNTH
API-ISDN,2025-01-01,48237.2341,38843.127,FlowForge synthetic (TradeStat not downloaded; see ingest/tradestat.py),,2026-09-27T00:00:00Z,SYNTH
API-ISDN,2025-02-01,48422.9944,44326.622,FlowForge synthetic (TradeStat not downloaded; see ingest/tradestat.py),,2026-09-27T00:00:00Z,SYNTH
API-ISDN,2025-03-01,51318.6246,19805.78,FlowForge synthetic (TradeStat not downloaded; see ingest/tradestat.py),,2026-09-27T00:00:00Z,SYNTH
API-ISDN,2025-04-01,54572.5741,22850.273,FlowForge synthetic (TradeStat not downloaded; see ingest/tradestat.py),,2026-09-27T00:00:00Z,SYNTH
API-ISDN,2025-05-01,56297.8088,14976.064,FlowForge synthetic (TradeStat not downloaded; see ingest/tradestat.py),,2026-09-27T00:00:00Z,SYNTH
API-ISDN,2025-06-01,59657.1875,23112.947,FlowForge synthetic (TradeStat not downloaded; see ingest/tradestat.py),,2026-09-27T00:00:00Z,SYNTH
API-ISDN,2025-07-01,60265.1977,35809.323,FlowForge synthetic (TradeStat not downloaded; see ingest/tradestat.py),,2026-09-27T00:00:00Z,SYNTH
API-ISDN,2025-08-01,60675.7746,35018.209,FlowForge synthetic (TradeStat not downloaded; see ingest/tradestat.py),,2026-09-27T00:00:00Z,SYNTH
API-ISDN,2025-09-01,59576.5168,33583.76,FlowForge synthetic (TradeStat not downloaded; see ingest/tradestat.py),,2026-09-27T00:00:00Z,SYNTH
API-ISDN,2025-10-01,60436.6304,48124.682,FlowForge synthetic (TradeStat not downloaded; see ingest/tradestat.py),,2026-09-27T00:00:00Z,SYNTH
API-ISDN,2025-11-01,58954.673,20810.673,FlowForge synthetic (TradeStat not downloaded; see ingest/tradestat.py),,2026-09-27T00:00:00Z,SYNTH
API-ISDN,2025-12-01,59979.8847,36843.348,FlowForge synthetic (TradeStat not downloaded; see ingest/tradestat.py),,2026-09-27T00:00:00Z,SYNTH
API-ISDN,2026-01-01,59117.4172,43820.602,FlowForge synthetic (TradeStat not downloaded; see ingest/tradestat.py),,2026-09-27T00:00:00Z,SYNTH
API-ISDN,2026-02-01,59140.9835,38738.561,FlowForge synthetic (TradeStat not downloaded; see ingest/tradestat.py),,2026-09-27T00:00:00Z,SYNTH
API-ISDN,2026-03-01,62862.3951,19691.057,FlowForge synthetic (TradeStat not downloaded; see ingest/tradestat.py),,2026-09-27T00:00:00Z,SYNTH
API-ISDN,2026-04-01,64727.2114,12263.135,FlowForge synthetic (TradeStat not downloaded; see ingest/tradestat.py),,2026-09-27T00:00:00Z,SYNTH
API-ISDN,2026-05-01,64873.2778,13369.323,FlowForge synthetic (TradeStat not downloaded; see ingest/tradestat.py),,2026-09-27T00:00:00Z,SYNTH
API-ISDN,2026-06-01,67818.8567,33071.798,FlowForge synthetic (TradeStat not downloaded; see ingest/tradestat.py),,2026-09-27T00:00:00Z,SYNTH
API-ISDN,2026-07-01,67617.0127,24576.828,FlowForge synthetic (TradeStat not downloaded; see ingest/tradestat.py),,2026-09-27T00:00:00Z,SYNTH
API-ISDN,2026-08-01,66720.6522,11609.628,FlowForge synthetic (TradeStat not downloaded; see ingest/tradestat.py),,2026-09-27T00:00:00Z,SYNTH
API-ISDN,2026-09-01,65203.0072,19669.186,FlowForge synthetic (TradeStat not downloaded; see ingest/tradestat.py),,2026-09-27T00:00:00Z,SYNTH
API-ISONIAZID,2019-01-01,1767.3989,330202.498,FlowForge synthetic (TradeStat not downloaded; see ingest/tradestat.py),,2026-09-27T00:00:00Z,SYNTH
API-ISONIAZID,2019-02-01,1769.7256,303857.992,FlowForge synthetic (TradeStat not downloaded; see ingest/tradestat.py),,2026-09-27T00:00:00Z,SYNTH
API-ISONIAZID,2019-03-01,1806.717,222604.215,FlowForge synthetic (TradeStat not downloaded; see ingest/tradestat.py),,2026-09-27T00:00:00Z,SYNTH
API-ISONIAZID,2019-04-01,1783.8067,514424.364,FlowForge synthetic (TradeStat not downloaded; see ingest/tradestat.py),,2026-09-27T00:00:00Z,SYNTH
API-ISONIAZID,2019-05-01,1766.74,231327.789,FlowForge synthetic (TradeStat not downloaded; see ingest/tradestat.py),,2026-09-27T00:00:00Z,SYNTH
API-ISONIAZID,2019-06-01,1756.0577,439983.858,FlowForge synthetic (TradeStat not downloaded; see ingest/tradestat.py),,2026-09-27T00:00:00Z,SYNTH
API-ISONIAZID,2019-07-01,1800.7026,270692.978,FlowForge synthetic (TradeStat not downloaded; see ingest/tradestat.py),,2026-09-27T00:00:00Z,SYNTH
API-ISONIAZID,2019-08-01,1734.9496,316604.249,FlowForge synthetic (TradeStat not downloaded; see ingest/tradestat.py),,2026-09-27T00:00:00Z,SYNTH
API-ISONIAZID,2019-09-01,1764.7382,254347.424,FlowForge synthetic (TradeStat not downloaded; see ingest/tradestat.py),,2026-09-27T00:00:00Z,SYNTH
API-ISONIAZID,2019-10-01,1740.8636,424636.185,FlowForge synthetic (TradeStat not downloaded; see ingest/tradestat.py),,2026-09-27T00:00:00Z,SYNTH
API-ISONIAZID,2019-11-01,1777.7919,282954.211,FlowForge synthetic (TradeStat not downloaded; see ingest/tradestat.py),,2026-09-27T00:00:00Z,SYNTH
API-ISONIAZID,2019-12-01,1768.4454,304395.308,FlowForge synthetic (TradeStat not downloaded; see ingest/tradestat.py),,2026-09-27T00:00:00Z,SYNTH
API-ISONIAZID,2020-01-01,1741.8642,227223.876,FlowForge synthetic (TradeStat not downloaded; see ingest/tradestat.py),,2026-09-27T00:00:00Z,SYNTH
API-ISONIAZID,2020-02-01,1735.0852,505017.472,FlowForge synthetic (TradeStat not downloaded; see ingest/tradestat.py),,2026-09-27T00:00:00Z,SYNTH
API-ISONIAZID,2020-03-01,1715.156,237293.469,FlowForge synthetic (TradeStat not downloaded; see ingest/tradestat.py),,2026-09-27T00:00:00Z,SYNTH
API-ISONIAZID,2020-04-01,1768.0881,420408.93,FlowForge synthetic (TradeStat not downloaded; see ingest/tradestat.py),,2026-09-27T00:00:00Z,SYNTH
API-ISONIAZID,2020-05-01,1776.3197,325924.789,FlowForge synthetic (TradeStat not downloaded; see ingest/tradestat.py),,2026-09-27T00:00:00Z,SYNTH
API-ISONIAZID,2020-06-01,1862.5114,370105.664,FlowForge synthetic (TradeStat not downloaded; see ingest/tradestat.py),,2026-09-27T00:00:00Z,SYNTH
API-ISONIAZID,2020-07-01,1892.5691,336306.157,FlowForge synthetic (TradeStat not downloaded; see ingest/tradestat.py),,2026-09-27T00:00:00Z,SYNTH
API-ISONIAZID,2020-08-01,1931.3884,489343.123,FlowForge synthetic (TradeStat not downloaded; see ingest/tradestat.py),,2026-09-27T00:00:00Z,SYNTH
API-ISONIAZID,2020-09-01,1986.6376,203031.463,FlowForge synthetic (TradeStat not downloaded; see ingest/tradestat.py),,2026-09-27T00:00:00Z,SYNTH
API-ISONIAZID,2020-10-01,1989.0921,328876.375,FlowForge synthetic (TradeStat not downloaded; see ingest/tradestat.py),,2026-09-27T00:00:00Z,SYNTH
API-ISONIAZID,2020-11-01,1912.5187,127776.866,FlowForge synthetic (TradeStat not downloaded; see ingest/tradestat.py),,2026-09-27T00:00:00Z,SYNTH
API-ISONIAZID,2020-12-01,1873.8402,460420.875,FlowForge synthetic (TradeStat not downloaded; see ingest/tradestat.py),,2026-09-27T00:00:00Z,SYNTH
API-ISONIAZID,2021-01-01,1858.8034,202123.697,FlowForge synthetic (TradeStat not downloaded; see ingest/tradestat.py),,2026-09-27T00:00:00Z,SYNTH
API-ISONIAZID,2021-02-01,1860.2563,477898.139,FlowForge synthetic (TradeStat not downloaded; see ingest/tradestat.py),,2026-09-27T00:00:00Z,SYNTH
API-ISONIAZID,2021-03-01,1892.2471,233402.023,FlowForge synthetic (TradeStat not downloaded; see ingest/tradestat.py),,2026-09-27T00:00:00Z,SYNTH
API-ISONIAZID,2021-04-01,1877.3962,582532.704,FlowForge synthetic (TradeStat not downloaded; see ingest/tradestat.py),,2026-09-27T00:00:00Z,SYNTH
API-ISONIAZID,2021-05-01,1912.4967,383266.651,FlowForge synthetic (TradeStat not downloaded; see ingest/tradestat.py),,2026-09-27T00:00:00Z,SYNTH
API-ISONIAZID,2021-06-01,1942.2074,268375.803,FlowForge synthetic (TradeStat not downloaded; see ingest/tradestat.py),,2026-09-27T00:00:00Z,SYNTH
API-ISONIAZID,2021-07-01,1895.4232,292083.333,FlowForge synthetic (TradeStat not downloaded; see ingest/tradestat.py),,2026-09-27T00:00:00Z,SYNTH
API-ISONIAZID,2021-08-01,1905.0689,598949.728,FlowForge synthetic (TradeStat not downloaded; see ingest/tradestat.py),,2026-09-27T00:00:00Z,SYNTH
API-ISONIAZID,2021-09-01,1964.3722,284236.289,FlowForge synthetic (TradeStat not downloaded; see ingest/tradestat.py),,2026-09-27T00:00:00Z,SYNTH
API-ISONIAZID,2021-10-01,1968.5551,242994.188,FlowForge synthetic (TradeStat not downloaded; see ingest/tradestat.py),,2026-09-27T00:00:00Z,SYNTH
API-ISONIAZID,2021-11-01,2141.4549,431150.376,FlowForge synthetic (TradeStat not downloaded; see ingest/tradestat.py),,2026-09-27T00:00:00Z,SYNTH
API-ISONIAZID,2021-12-01,2116.0324,191511.072,FlowForge synthetic (TradeStat not downloaded; see ingest/tradestat.py),,2026-09-27T00:00:00Z,SYNTH
API-ISONIAZID,2022-01-01,2064.0747,320987.8,FlowForge synthetic (TradeStat not downloaded; see ingest/tradestat.py),,2026-09-27T00:00:00Z,SYNTH
API-ISONIAZID,2022-02-01,2019.0374,230900.957,FlowForge synthetic (TradeStat not downloaded; see ingest/tradestat.py),,2026-09-27T00:00:00Z,SYNTH
API-ISONIAZID,2022-03-01,2038.1408,257374.677,FlowForge synthetic (TradeStat not downloaded; see ingest/tradestat.py),,2026-09-27T00:00:00Z,SYNTH
API-ISONIAZID,2022-04-01,2014.9206,321568.216,FlowForge synthetic (TradeStat not downloaded; see ingest/tradestat.py),,2026-09-27T00:00:00Z,SYNTH
API-ISONIAZID,2022-05-01,2020.2364,407802.393,FlowForge synthetic (TradeStat not downloaded; see ingest/tradestat.py),,2026-09-27T00:00:00Z,SYNTH
API-ISONIAZID,2022-06-01,1944.3056,380904.22,FlowForge synthetic (TradeStat not downloaded; see ingest/tradestat.py),,2026-09-27T00:00:00Z,SYNTH
API-ISONIAZID,2022-07-01,1899.3821,336593.942,FlowForge synthetic (TradeStat not downloaded; see ingest/tradestat.py),,2026-09-27T00:00:00Z,SYNTH
API-ISONIAZID,2022-08-01,1923.745,514388.658,FlowForge synthetic (TradeStat not downloaded; see ingest/tradestat.py),,2026-09-27T00:00:00Z,SYNTH
API-ISONIAZID,2022-09-01,1935.6559,332689.535,FlowForge synthetic (TradeStat not downloaded; see ingest/tradestat.py),,2026-09-27T00:00:00Z,SYNTH
API-ISONIAZID,2022-10-01,1981.83,123614.191,FlowForge synthetic (TradeStat not downloaded; see ingest/tradestat.py),,2026-09-27T00:00:00Z,SYNTH
API-ISONIAZID,2022-11-01,1909.7634,659809.46,FlowForge synthetic (TradeStat not downloaded; see ingest/tradestat.py),,2026-09-27T00:00:00Z,SYNTH
API-ISONIAZID,2022-12-01,1976.1455,373472.836,FlowForge synthetic (TradeStat not downloaded; see ingest/tradestat.py),,2026-09-27T00:00:00Z,SYNTH
API-ISONIAZID,2023-01-01,1977.0849,301163.002,FlowForge synthetic (TradeStat not downloaded; see ingest/tradestat.py),,2026-09-27T00:00:00Z,SYNTH
API-ISONIAZID,2023-02-01,2039.7331,299265.004,FlowForge synthetic (TradeStat not downloaded; see ingest/tradestat.py),,2026-09-27T00:00:00Z,SYNTH
API-ISONIAZID,2023-03-01,1996.7,465401.134,FlowForge synthetic (TradeStat not downloaded; see ingest/tradestat.py),,2026-09-27T00:00:00Z,SYNTH
API-ISONIAZID,2023-04-01,2028.5621,305881.033,FlowForge synthetic (TradeStat not downloaded; see ingest/tradestat.py),,2026-09-27T00:00:00Z,SYNTH
API-ISONIAZID,2023-05-01,2064.7904,138369.855,FlowForge synthetic (TradeStat not downloaded; see ingest/tradestat.py),,2026-09-27T00:00:00Z,SYNTH
API-ISONIAZID,2023-06-01,2082.896,399748.974,FlowForge synthetic (TradeStat not downloaded; see ingest/tradestat.py),,2026-09-27T00:00:00Z,SYNTH
API-ISONIAZID,2023-07-01,2026.2154,290854.646,FlowForge synthetic (TradeStat not downloaded; see ingest/tradestat.py),,2026-09-27T00:00:00Z,SYNTH
API-ISONIAZID,2023-08-01,2098.9765,365988.344,FlowForge synthetic (TradeStat not downloaded; see ingest/tradestat.py),,2026-09-27T00:00:00Z,SYNTH
API-ISONIAZID,2023-09-01,2076.1057,303899.313,FlowForge synthetic (TradeStat not downloaded; see ingest/tradestat.py),,2026-09-27T00:00:00Z,SYNTH
API-ISONIAZID,2023-10-01,2082.7015,393500.276,FlowForge synthetic (TradeStat not downloaded; see ingest/tradestat.py),,2026-09-27T00:00:00Z,SYNTH
API-ISONIAZID,2023-11-01,2035.8603,181296.746,FlowForge synthetic (TradeStat not downloaded; see ingest/tradestat.py),,2026-09-27T00:00:00Z,SYNTH
API-ISONIAZID,2023-12-01,1992.2046,275814.636,FlowForge synthetic (TradeStat not downloaded; see ingest/tradestat.py),,2026-09-27T00:00:00Z,SYNTH
API-ISONIAZID,2024-01-01,2047.8859,223372.417,FlowForge synthetic (TradeStat not downloaded; see ingest/tradestat.py),,2026-09-27T00:00:00Z,SYNTH
API-ISONIAZID,2024-02-01,2101.6585,391707.839,FlowForge synthetic (TradeStat not downloaded; see ingest/tradestat.py),,2026-09-27T00:00:00Z,SYNTH
API-ISONIAZID,2024-03-01,2095.3861,381736.242,FlowForge synthetic (TradeStat not downloaded; see ingest/tradestat.py),,2026-09-27T00:00:00Z,SYNTH
API-ISONIAZID,2024-04-01,2055.24,294861.833,FlowForge synthetic (TradeStat not downloaded; see ingest/tradestat.py),,2026-09-27T00:00:00Z,SYNTH
API-ISONIAZID,2024-05-01,2089.3529,196894.32,FlowForge synthetic (TradeStat not downloaded; see ingest/tradestat.py),,2026-09-27T00:00:00Z,SYNTH
API-ISONIAZID,2024-06-01,2086.9975,284379.189,FlowForge synthetic (TradeStat not downloaded; see ingest/tradestat.py),,2026-09-27T00:00:00Z,SYNTH
API-ISONIAZID,2024-07-01,2053.7003,182047.819,FlowForge synthetic (TradeStat not downloaded; see ingest/tradestat.py),,2026-09-27T00:00:00Z,SYNTH
API-ISONIAZID,2024-08-01,2088.1359,431712.332,FlowForge synthetic (TradeStat not downloaded; see ingest/tradestat.py),,2026-09-27T00:00:00Z,SYNTH
API-ISONIAZID,2024-09-01,1970.8642,411553.882,FlowForge synthetic (TradeStat not downloaded; see ingest/tradestat.py),,2026-09-27T00:00:00Z,SYNTH
API-ISONIAZID,2024-10-01,1962.2713,242172.718,FlowForge synthetic (TradeStat not downloaded; see ingest/tradestat.py),,2026-09-27T00:00:00Z,SYNTH
API-ISONIAZID,2024-11-01,1933.1549,288035.389,FlowForge synthetic (TradeStat not downloaded; see ingest/tradestat.py),,2026-09-27T00:00:00Z,SYNTH
API-ISONIAZID,2024-12-01,1943.8386,297089.172,FlowForge synthetic (TradeStat not downloaded; see ingest/tradestat.py),,2026-09-27T00:00:00Z,SYNTH
API-ISONIAZID,2025-01-01,1862.5826,303841.662,FlowForge synthetic (TradeStat not downloaded; see ingest/tradestat.py),,2026-09-27T00:00:00Z,SYNTH
API-ISONIAZID,2025-02-01,1917.3587,504174.026,FlowForge synthetic (TradeStat not downloaded; see ingest/tradestat.py),,2026-09-27T00:00:00Z,SYNTH
API-ISONIAZID,2025-03-01,1914.314,189799.689,FlowForge synthetic (TradeStat not downloaded; see ingest/tradestat.py),,2026-09-27T00:00:00Z,SYNTH
API-ISONIAZID,2025-04-01,1890.4638,203638.281,FlowForge synthetic (TradeStat not downloaded; see ingest/tradestat.py),,2026-09-27T00:00:00Z,SYNTH
API-ISONIAZID,2025-05-01,1983.2041,243565.196,FlowForge synthetic (TradeStat not downloaded; see ingest/tradestat.py),,2026-09-27T00:00:00Z,SYNTH
API-ISONIAZID,2025-06-01,1979.8642,275695.265,FlowForge synthetic (TradeStat not downloaded; see ingest/tradestat.py),,2026-09-27T00:00:00Z,SYNTH
API-ISONIAZID,2025-07-01,1888.2551,552888.218,FlowForge synthetic (TradeStat not downloaded; see ingest/tradestat.py),,2026-09-27T00:00:00Z,SYNTH
API-ISONIAZID,2025-08-01,1930.6728,357474.491,FlowForge synthetic (TradeStat not downloaded; see ingest/tradestat.py),,2026-09-27T00:00:00Z,SYNTH
API-ISONIAZID,2025-09-01,1942.4744,300261.504,FlowForge synthetic (TradeStat not downloaded; see ingest/tradestat.py),,2026-09-27T00:00:00Z,SYNTH
API-ISONIAZID,2025-10-01,1962.7712,393095.803,FlowForge synthetic (TradeStat not downloaded; see ingest/tradestat.py),,2026-09-27T00:00:00Z,SYNTH
API-ISONIAZID,2025-11-01,1917.5898,764509.449,FlowForge synthetic (TradeStat not downloaded; see ingest/tradestat.py),,2026-09-27T00:00:00Z,SYNTH
API-ISONIAZID,2025-12-01,1933.0795,161887.364,FlowForge synthetic (TradeStat not downloaded; see ingest/tradestat.py),,2026-09-27T00:00:00Z,SYNTH
API-ISONIAZID,2026-01-01,1926.6401,316664.229,FlowForge synthetic (TradeStat not downloaded; see ingest/tradestat.py),,2026-09-27T00:00:00Z,SYNTH
API-ISONIAZID,2026-02-01,1931.8628,429727.613,FlowForge synthetic (TradeStat not downloaded; see ingest/tradestat.py),,2026-09-27T00:00:00Z,SYNTH
API-ISONIAZID,2026-03-01,1911.443,264051.895,FlowForge synthetic (TradeStat not downloaded; see ingest/tradestat.py),,2026-09-27T00:00:00Z,SYNTH
API-ISONIAZID,2026-04-01,1906.4329,249082.945,FlowForge synthetic (TradeStat not downloaded; see ingest/tradestat.py),,2026-09-27T00:00:00Z,SYNTH
API-ISONIAZID,2026-05-01,1864.0054,387640.5,FlowForge synthetic (TradeStat not downloaded; see ingest/tradestat.py),,2026-09-27T00:00:00Z,SYNTH
API-ISONIAZID,2026-06-01,1840.222,268888.275,FlowForge synthetic (TradeStat not downloaded; see ingest/tradestat.py),,2026-09-27T00:00:00Z,SYNTH
API-ISONIAZID,2026-07-01,1778.7839,348429.426,FlowForge synthetic (TradeStat not downloaded; see ingest/tradestat.py),,2026-09-27T00:00:00Z,SYNTH
API-ISONIAZID,2026-08-01,1855.2078,593887.534,FlowForge synthetic (TradeStat not downloaded; see ingest/tradestat.py),,2026-09-27T00:00:00Z,SYNTH
API-ISONIAZID,2026-09-01,1863.3711,500166.039,FlowForge synthetic (TradeStat not downloaded; see ingest/tradestat.py),,2026-09-27T00:00:00Z,SYNTH
API-LITHIUM-CARBONATE,2019-01-01,2632.3267,140058.409,FlowForge synthetic (TradeStat not downloaded; see ingest/tradestat.py),,2026-09-27T00:00:00Z,SYNTH
API-LITHIUM-CARBONATE,2019-02-01,2511.8364,114613.094,FlowForge synthetic (TradeStat not downloaded; see ingest/tradestat.py),,2026-09-27T00:00:00Z,SYNTH
API-LITHIUM-CARBONATE,2019-03-01,2442.1398,187159.256,FlowForge synthetic (TradeStat not downloaded; see ingest/tradestat.py),,2026-09-27T00:00:00Z,SYNTH
API-LITHIUM-CARBONATE,2019-04-01,2496.2816,71744.87,FlowForge synthetic (TradeStat not downloaded; see ingest/tradestat.py),,2026-09-27T00:00:00Z,SYNTH
API-LITHIUM-CARBONATE,2019-05-01,2630.6603,174986.315,FlowForge synthetic (TradeStat not downloaded; see ingest/tradestat.py),,2026-09-27T00:00:00Z,SYNTH
API-LITHIUM-CARBONATE,2019-06-01,2565.4646,160070.713,FlowForge synthetic (TradeStat not downloaded; see ingest/tradestat.py),,2026-09-27T00:00:00Z,SYNTH
API-LITHIUM-CARBONATE,2019-07-01,2624.1906,174490.884,FlowForge synthetic (TradeStat not downloaded; see ingest/tradestat.py),,2026-09-27T00:00:00Z,SYNTH
API-LITHIUM-CARBONATE,2019-08-01,2649.4111,146734.495,FlowForge synthetic (TradeStat not downloaded; see ingest/tradestat.py),,2026-09-27T00:00:00Z,SYNTH
API-LITHIUM-CARBONATE,2019-09-01,2428.4458,200638.159,FlowForge synthetic (TradeStat not downloaded; see ingest/tradestat.py),,2026-09-27T00:00:00Z,SYNTH
API-LITHIUM-CARBONATE,2019-10-01,2520.3032,125518.267,FlowForge synthetic (TradeStat not downloaded; see ingest/tradestat.py),,2026-09-27T00:00:00Z,SYNTH
API-LITHIUM-CARBONATE,2019-11-01,2485.4312,166254.616,FlowForge synthetic (TradeStat not downloaded; see ingest/tradestat.py),,2026-09-27T00:00:00Z,SYNTH
API-LITHIUM-CARBONATE,2019-12-01,2574.2784,232199.415,FlowForge synthetic (TradeStat not downloaded; see ingest/tradestat.py),,2026-09-27T00:00:00Z,SYNTH
API-LITHIUM-CARBONATE,2020-01-01,2723.6145,203702.175,FlowForge synthetic (TradeStat not downloaded; see ingest/tradestat.py),,2026-09-27T00:00:00Z,SYNTH
API-LITHIUM-CARBONATE,2020-02-01,2712.3318,159303.623,FlowForge synthetic (TradeStat not downloaded; see ingest/tradestat.py),,2026-09-27T00:00:00Z,SYNTH
API-LITHIUM-CARBONATE,2020-03-01,2615.5224,144362.743,FlowForge synthetic (TradeStat not downloaded; see ingest/tradestat.py),,2026-09-27T00:00:00Z,SYNTH
API-LITHIUM-CARBONATE,2020-04-01,2505.6587,312017.14,FlowForge synthetic (TradeStat not downloaded; see ingest/tradestat.py),,2026-09-27T00:00:00Z,SYNTH
API-LITHIUM-CARBONATE,2020-05-01,2436.3873,195067.122,FlowForge synthetic (TradeStat not downloaded; see ingest/tradestat.py),,2026-09-27T00:00:00Z,SYNTH
API-LITHIUM-CARBONATE,2020-06-01,2504.8688,151428.614,FlowForge synthetic (TradeStat not downloaded; see ingest/tradestat.py),,2026-09-27T00:00:00Z,SYNTH
API-LITHIUM-CARBONATE,2020-07-01,2579.795,199768.33,FlowForge synthetic (TradeStat not downloaded; see ingest/tradestat.py),,2026-09-27T00:00:00Z,SYNTH
API-LITHIUM-CARBONATE,2020-08-01,2661.4391,204305.82,FlowForge synthetic (TradeStat not downloaded; see ingest/tradestat.py),,2026-09-27T00:00:00Z,SYNTH
API-LITHIUM-CARBONATE,2020-09-01,2652.9017,356718.849,FlowForge synthetic (TradeStat not downloaded; see ingest/tradestat.py),,2026-09-27T00:00:00Z,SYNTH
API-LITHIUM-CARBONATE,2020-10-01,2703.0813,188932.843,FlowForge synthetic (TradeStat not downloaded; see ingest/tradestat.py),,2026-09-27T00:00:00Z,SYNTH
API-LITHIUM-CARBONATE,2020-11-01,2636.8807,151862.011,FlowForge synthetic (TradeStat not downloaded; see ingest/tradestat.py),,2026-09-27T00:00:00Z,SYNTH
API-LITHIUM-CARBONATE,2020-12-01,2602.7367,75224.642,FlowForge synthetic (TradeStat not downloaded; see ingest/tradestat.py),,2026-09-27T00:00:00Z,SYNTH
API-LITHIUM-CARBONATE,2021-01-01,2442.3702,127417.518,FlowForge synthetic (TradeStat not downloaded; see ingest/tradestat.py),,2026-09-27T00:00:00Z,SYNTH
API-LITHIUM-CARBONATE,2021-02-01,2384.1404,205481.543,FlowForge synthetic (TradeStat not downloaded; see ingest/tradestat.py),,2026-09-27T00:00:00Z,SYNTH
API-LITHIUM-CARBONATE,2021-03-01,2310.8118,254543.51,FlowForge synthetic (TradeStat not downloaded; see ingest/tradestat.py),,2026-09-27T00:00:00Z,SYNTH
API-LITHIUM-CARBONATE,2021-04-01,2286.1595,226043.242,FlowForge synthetic (TradeStat not downloaded; see ingest/tradestat.py),,2026-09-27T00:00:00Z,SYNTH
API-LITHIUM-CARBONATE,2021-05-01,2281.7853,210637.493,FlowForge synthetic (TradeStat not downloaded; see ingest/tradestat.py),,2026-09-27T00:00:00Z,SYNTH
API-LITHIUM-CARBONATE,2021-06-01,2330.8192,235006.021,FlowForge synthetic (TradeStat not downloaded; see ingest/tradestat.py),,2026-09-27T00:00:00Z,SYNTH
API-LITHIUM-CARBONATE,2021-07-01,2316.6219,174736.959,FlowForge synthetic (TradeStat not downloaded; see ingest/tradestat.py),,2026-09-27T00:00:00Z,SYNTH
API-LITHIUM-CARBONATE,2021-08-01,2392.7223,101483.807,FlowForge synthetic (TradeStat not downloaded; see ingest/tradestat.py),,2026-09-27T00:00:00Z,SYNTH
API-LITHIUM-CARBONATE,2021-09-01,2433.7763,140261.447,FlowForge synthetic (TradeStat not downloaded; see ingest/tradestat.py),,2026-09-27T00:00:00Z,SYNTH
API-LITHIUM-CARBONATE,2021-10-01,2432.0013,206673.0,FlowForge synthetic (TradeStat not downloaded; see ingest/tradestat.py),,2026-09-27T00:00:00Z,SYNTH
API-LITHIUM-CARBONATE,2021-11-01,2445.5423,113967.821,FlowForge synthetic (TradeStat not downloaded; see ingest/tradestat.py),,2026-09-27T00:00:00Z,SYNTH
API-LITHIUM-CARBONATE,2021-12-01,2618.8411,273573.331,FlowForge synthetic (TradeStat not downloaded; see ingest/tradestat.py),,2026-09-27T00:00:00Z,SYNTH
API-LITHIUM-CARBONATE,2022-01-01,2687.53,155559.87,FlowForge synthetic (TradeStat not downloaded; see ingest/tradestat.py),,2026-09-27T00:00:00Z,SYNTH
API-LITHIUM-CARBONATE,2022-02-01,2687.0249,135219.692,FlowForge synthetic (TradeStat not downloaded; see ingest/tradestat.py),,2026-09-27T00:00:00Z,SYNTH
API-LITHIUM-CARBONATE,2022-03-01,2643.6026,214415.378,FlowForge synthetic (TradeStat not downloaded; see ingest/tradestat.py),,2026-09-27T00:00:00Z,SYNTH
API-LITHIUM-CARBONATE,2022-04-01,2674.539,258289.333,FlowForge synthetic (TradeStat not downloaded; see ingest/tradestat.py),,2026-09-27T00:00:00Z,SYNTH
API-LITHIUM-CARBONATE,2022-05-01,2867.1541,260969.372,FlowForge synthetic (TradeStat not downloaded; see ingest/tradestat.py),,2026-09-27T00:00:00Z,SYNTH
API-LITHIUM-CARBONATE,2022-06-01,2955.3126,165470.295,FlowForge synthetic (TradeStat not downloaded; see ingest/tradestat.py),,2026-09-27T00:00:00Z,SYNTH
API-LITHIUM-CARBONATE,2022-07-01,2728.1824,127372.593,FlowForge synthetic (TradeStat not downloaded; see ingest/tradestat.py),,2026-09-27T00:00:00Z,SYNTH
API-LITHIUM-CARBONATE,2022-08-01,2741.1589,109889.005,FlowForge synthetic (TradeStat not downloaded; see ingest/tradestat.py),,2026-09-27T00:00:00Z,SYNTH
API-LITHIUM-CARBONATE,2022-09-01,2786.5696,214622.841,FlowForge synthetic (TradeStat not downloaded; see ingest/tradestat.py),,2026-09-27T00:00:00Z,SYNTH
API-LITHIUM-CARBONATE,2022-10-01,2971.2198,156025.647,FlowForge synthetic (TradeStat not downloaded; see ingest/tradestat.py),,2026-09-27T00:00:00Z,SYNTH
API-LITHIUM-CARBONATE,2022-11-01,2997.8973,182010.4,FlowForge synthetic (TradeStat not downloaded; see ingest/tradestat.py),,2026-09-27T00:00:00Z,SYNTH
API-LITHIUM-CARBONATE,2022-12-01,2991.3535,154095.4,FlowForge synthetic (TradeStat not downloaded; see ingest/tradestat.py),,2026-09-27T00:00:00Z,SYNTH
API-LITHIUM-CARBONATE,2023-01-01,3002.4969,125552.648,FlowForge synthetic (TradeStat not downloaded; see ingest/tradestat.py),,2026-09-27T00:00:00Z,SYNTH
API-LITHIUM-CARBONATE,2023-02-01,3005.5308,201450.485,FlowForge synthetic (TradeStat not downloaded; see ingest/tradestat.py),,2026-09-27T00:00:00Z,SYNTH
API-LITHIUM-CARBONATE,2023-03-01,3250.724,308623.591,FlowForge synthetic (TradeStat not downloaded; see ingest/tradestat.py),,2026-09-27T00:00:00Z,SYNTH
API-LITHIUM-CARBONATE,2023-04-01,3196.5312,193042.109,FlowForge synthetic (TradeStat not downloaded; see ingest/tradestat.py),,2026-09-27T00:00:00Z,SYNTH
API-LITHIUM-CARBONATE,2023-05-01,3215.8578,213925.101,FlowForge synthetic (TradeStat not downloaded; see ingest/tradestat.py),,2026-09-27T00:00:00Z,SYNTH
API-LITHIUM-CARBONATE,2023-06-01,3218.1104,244419.113,FlowForge synthetic (TradeStat not downloaded; see ingest/tradestat.py),,2026-09-27T00:00:00Z,SYNTH
API-LITHIUM-CARBONATE,2023-07-01,3213.227,174446.05,FlowForge synthetic (TradeStat not downloaded; see ingest/tradestat.py),,2026-09-27T00:00:00Z,SYNTH
API-LITHIUM-CARBONATE,2023-08-01,3327.5959,247496.783,FlowForge synthetic (TradeStat not downloaded; see ingest/tradestat.py),,2026-09-27T00:00:00Z,SYNTH
API-LITHIUM-CARBONATE,2023-09-01,3370.009,172005.642,FlowForge synthetic (TradeStat not downloaded; see ingest/tradestat.py),,2026-09-27T00:00:00Z,SYNTH
API-LITHIUM-CARBONATE,2023-10-01,3394.9385,178297.014,FlowForge synthetic (TradeStat not downloaded; see ingest/tradestat.py),,2026-09-27T00:00:00Z,SYNTH
API-LITHIUM-CARBONATE,2023-11-01,3563.6248,89592.749,FlowForge synthetic (TradeStat not downloaded; see ingest/tradestat.py),,2026-09-27T00:00:00Z,SYNTH
API-LITHIUM-CARBONATE,2023-12-01,3922.7554,211475.001,FlowForge synthetic (TradeStat not downloaded; see ingest/tradestat.py),,2026-09-27T00:00:00Z,SYNTH
API-LITHIUM-CARBONATE,2024-01-01,3931.477,73474.77,FlowForge synthetic (TradeStat not downloaded; see ingest/tradestat.py),,2026-09-27T00:00:00Z,SYNTH
API-LITHIUM-CARBONATE,2024-02-01,4026.1458,167257.6,FlowForge synthetic (TradeStat not downloaded; see ingest/tradestat.py),,2026-09-27T00:00:00Z,SYNTH
API-LITHIUM-CARBONATE,2024-03-01,3887.8342,188616.004,FlowForge synthetic (TradeStat not downloaded; see ingest/tradestat.py),,2026-09-27T00:00:00Z,SYNTH
API-LITHIUM-CARBONATE,2024-04-01,3681.3925,180751.599,FlowForge synthetic (TradeStat not downloaded; see ingest/tradestat.py),,2026-09-27T00:00:00Z,SYNTH
API-LITHIUM-CARBONATE,2024-05-01,3507.6597,276485.188,FlowForge synthetic (TradeStat not downloaded; see ingest/tradestat.py),,2026-09-27T00:00:00Z,SYNTH
API-LITHIUM-CARBONATE,2024-06-01,3471.4926,372723.799,FlowForge synthetic (TradeStat not downloaded; see ingest/tradestat.py),,2026-09-27T00:00:00Z,SYNTH
API-LITHIUM-CARBONATE,2024-07-01,3762.7978,82890.378,FlowForge synthetic (TradeStat not downloaded; see ingest/tradestat.py),,2026-09-27T00:00:00Z,SYNTH
API-LITHIUM-CARBONATE,2024-08-01,4066.7064,177174.335,FlowForge synthetic (TradeStat not downloaded; see ingest/tradestat.py),,2026-09-27T00:00:00Z,SYNTH
API-LITHIUM-CARBONATE,2024-09-01,4213.3355,99056.344,FlowForge synthetic (TradeStat not downloaded; see ingest/tradestat.py),,2026-09-27T00:00:00Z,SYNTH
API-LITHIUM-CARBONATE,2024-10-01,4572.7233,402619.529,FlowForge synthetic (TradeStat not downloaded; see ingest/tradestat.py),,2026-09-27T00:00:00Z,SYNTH
API-LITHIUM-CARBONATE,2024-11-01,4285.4508,188283.188,FlowForge synthetic (TradeStat not downloaded; see ingest/tradestat.py),,2026-09-27T00:00:00Z,SYNTH
API-LITHIUM-CARBONATE,2024-12-01,4322.8766,86971.646,FlowForge synthetic (TradeStat not downloaded; see ingest/tradestat.py),,2026-09-27T00:00:00Z,SYNTH
API-LITHIUM-CARBONATE,2025-01-01,4345.7232,194827.026,FlowForge synthetic (TradeStat not downloaded; see ingest/tradestat.py),,2026-09-27T00:00:00Z,SYNTH
API-LITHIUM-CARBONATE,2025-02-01,4459.502,157428.235,FlowForge synthetic (TradeStat not downloaded; see ingest/tradestat.py),,2026-09-27T00:00:00Z,SYNTH
API-LITHIUM-CARBONATE,2025-03-01,4219.7631,208066.589,FlowForge synthetic (TradeStat not downloaded; see ingest/tradestat.py),,2026-09-27T00:00:00Z,SYNTH
API-LITHIUM-CARBONATE,2025-04-01,4337.0321,124790.529,FlowForge synthetic (TradeStat not downloaded; see ingest/tradestat.py),,2026-09-27T00:00:00Z,SYNTH
API-LITHIUM-CARBONATE,2025-05-01,4401.8751,154871.113,FlowForge synthetic (TradeStat not downloaded; see ingest/tradestat.py),,2026-09-27T00:00:00Z,SYNTH
API-LITHIUM-CARBONATE,2025-06-01,4182.2873,171965.913,FlowForge synthetic (TradeStat not downloaded; see ingest/tradestat.py),,2026-09-27T00:00:00Z,SYNTH
API-LITHIUM-CARBONATE,2025-07-01,4118.4179,166074.363,FlowForge synthetic (TradeStat not downloaded; see ingest/tradestat.py),,2026-09-27T00:00:00Z,SYNTH
API-LITHIUM-CARBONATE,2025-08-01,4257.7837,101826.887,FlowForge synthetic (TradeStat not downloaded; see ingest/tradestat.py),,2026-09-27T00:00:00Z,SYNTH
API-LITHIUM-CARBONATE,2025-09-01,4277.4422,115186.854,FlowForge synthetic (TradeStat not downloaded; see ingest/tradestat.py),,2026-09-27T00:00:00Z,SYNTH
API-LITHIUM-CARBONATE,2025-10-01,4074.3873,201344.714,FlowForge synthetic (TradeStat not downloaded; see ingest/tradestat.py),,2026-09-27T00:00:00Z,SYNTH
API-LITHIUM-CARBONATE,2025-11-01,4010.0794,107705.008,FlowForge synthetic (TradeStat not downloaded; see ingest/tradestat.py),,2026-09-27T00:00:00Z,SYNTH
API-LITHIUM-CARBONATE,2025-12-01,4137.5612,224740.154,FlowForge synthetic (TradeStat not downloaded; see ingest/tradestat.py),,2026-09-27T00:00:00Z,SYNTH
API-LITHIUM-CARBONATE,2026-01-01,4271.5675,141074.214,FlowForge synthetic (TradeStat not downloaded; see ingest/tradestat.py),,2026-09-27T00:00:00Z,SYNTH
API-LITHIUM-CARBONATE,2026-02-01,4300.445,148718.413,FlowForge synthetic (TradeStat not downloaded; see ingest/tradestat.py),,2026-09-27T00:00:00Z,SYNTH
API-LITHIUM-CARBONATE,2026-03-01,3842.7239,167448.82,FlowForge synthetic (TradeStat not downloaded; see ingest/tradestat.py),,2026-09-27T00:00:00Z,SYNTH
API-LITHIUM-CARBONATE,2026-04-01,3751.7146,139354.096,FlowForge synthetic (TradeStat not downloaded; see ingest/tradestat.py),,2026-09-27T00:00:00Z,SYNTH
API-LITHIUM-CARBONATE,2026-05-01,3762.1767,147893.613,FlowForge synthetic (TradeStat not downloaded; see ingest/tradestat.py),,2026-09-27T00:00:00Z,SYNTH
API-LITHIUM-CARBONATE,2026-06-01,3987.3721,234310.83,FlowForge synthetic (TradeStat not downloaded; see ingest/tradestat.py),,2026-09-27T00:00:00Z,SYNTH
API-LITHIUM-CARBONATE,2026-07-01,4181.6191,268594.247,FlowForge synthetic (TradeStat not downloaded; see ingest/tradestat.py),,2026-09-27T00:00:00Z,SYNTH
API-LITHIUM-CARBONATE,2026-08-01,3952.8151,401746.713,FlowForge synthetic (TradeStat not downloaded; see ingest/tradestat.py),,2026-09-27T00:00:00Z,SYNTH
API-LITHIUM-CARBONATE,2026-09-01,3987.4475,152254.114,FlowForge synthetic (TradeStat not downloaded; see ingest/tradestat.py),,2026-09-27T00:00:00Z,SYNTH
API-METRONIDAZOLE,2019-01-01,633.9863,331484.453,FlowForge synthetic (TradeStat not downloaded; see ingest/tradestat.py),,2026-09-27T00:00:00Z,SYNTH
API-METRONIDAZOLE,2019-02-01,635.1619,514363.297,FlowForge synthetic (TradeStat not downloaded; see ingest/tradestat.py),,2026-09-27T00:00:00Z,SYNTH
API-METRONIDAZOLE,2019-03-01,641.7646,252236.71,FlowForge synthetic (TradeStat not downloaded; see ingest/tradestat.py),,2026-09-27T00:00:00Z,SYNTH
API-METRONIDAZOLE,2019-04-01,647.9163,466335.469,FlowForge synthetic (TradeStat not downloaded; see ingest/tradestat.py),,2026-09-27T00:00:00Z,SYNTH
API-METRONIDAZOLE,2019-05-01,667.8445,167551.013,FlowForge synthetic (TradeStat not downloaded; see ingest/tradestat.py),,2026-09-27T00:00:00Z,SYNTH
API-METRONIDAZOLE,2019-06-01,665.9634,242599.199,FlowForge synthetic (TradeStat not downloaded; see ingest/tradestat.py),,2026-09-27T00:00:00Z,SYNTH
API-METRONIDAZOLE,2019-07-01,678.7007,487479.927,FlowForge synthetic (TradeStat not downloaded; see ingest/tradestat.py),,2026-09-27T00:00:00Z,SYNTH
API-METRONIDAZOLE,2019-08-01,670.5443,219857.15,FlowForge synthetic (TradeStat not downloaded; see ingest/tradestat.py),,2026-09-27T00:00:00Z,SYNTH
API-METRONIDAZOLE,2019-09-01,687.0678,576583.198,FlowForge synthetic (TradeStat not downloaded; see ingest/tradestat.py),,2026-09-27T00:00:00Z,SYNTH
API-METRONIDAZOLE,2019-10-01,696.0749,341967.039,FlowForge synthetic (TradeStat not downloaded; see ingest/tradestat.py),,2026-09-27T00:00:00Z,SYNTH
API-METRONIDAZOLE,2019-11-01,736.638,602723.362,FlowForge synthetic (TradeStat not downloaded; see ingest/tradestat.py),,2026-09-27T00:00:00Z,SYNTH
API-METRONIDAZOLE,2019-12-01,736.0551,445307.36,FlowForge synthetic (TradeStat not downloaded; see ingest/tradestat.py),,2026-09-27T00:00:00Z,SYNTH
API-METRONIDAZOLE,2020-01-01,741.2537,517600.379,FlowForge synthetic (TradeStat not downloaded; see ingest/tradestat.py),,2026-09-27T00:00:00Z,SYNTH
API-METRONIDAZOLE,2020-02-01,763.3477,314300.831,FlowForge synthetic (TradeStat not downloaded; see ingest/tradestat.py),,2026-09-27T00:00:00Z,SYNTH
API-METRONIDAZOLE,2020-03-01,751.1049,427306.275,FlowForge synthetic (TradeStat not downloaded; see ingest/tradestat.py),,2026-09-27T00:00:00Z,SYNTH
API-METRONIDAZOLE,2020-04-01,795.8266,430526.661,FlowForge synthetic (TradeStat not downloaded; see ingest/tradestat.py),,2026-09-27T00:00:00Z,SYNTH
API-METRONIDAZOLE,2020-05-01,793.4759,301020.753,FlowForge synthetic (TradeStat not downloaded; see ingest/tradestat.py),,2026-09-27T00:00:00Z,SYNTH
API-METRONIDAZOLE,2020-06-01,795.8913,421088.025,FlowForge synthetic (TradeStat not downloaded; see ingest/tradestat.py),,2026-09-27T00:00:00Z,SYNTH
API-METRONIDAZOLE,2020-07-01,828.0433,513901.131,FlowForge synthetic (TradeStat not downloaded; see ingest/tradestat.py),,2026-09-27T00:00:00Z,SYNTH
API-METRONIDAZOLE,2020-08-01,848.3552,554593.977,FlowForge synthetic (TradeStat not downloaded; see ingest/tradestat.py),,2026-09-27T00:00:00Z,SYNTH
API-METRONIDAZOLE,2020-09-01,865.9897,254376.297,FlowForge synthetic (TradeStat not downloaded; see ingest/tradestat.py),,2026-09-27T00:00:00Z,SYNTH
API-METRONIDAZOLE,2020-10-01,873.3522,389180.312,FlowForge synthetic (TradeStat not downloaded; see ingest/tradestat.py),,2026-09-27T00:00:00Z,SYNTH
API-METRONIDAZOLE,2020-11-01,888.1292,609995.346,FlowForge synthetic (TradeStat not downloaded; see ingest/tradestat.py),,2026-09-27T00:00:00Z,SYNTH
API-METRONIDAZOLE,2020-12-01,895.6364,260280.164,FlowForge synthetic (TradeStat not downloaded; see ingest/tradestat.py),,2026-09-27T00:00:00Z,SYNTH
API-METRONIDAZOLE,2021-01-01,882.281,445726.677,FlowForge synthetic (TradeStat not downloaded; see ingest/tradestat.py),,2026-09-27T00:00:00Z,SYNTH
API-METRONIDAZOLE,2021-02-01,890.256,533931.218,FlowForge synthetic (TradeStat not downloaded; see ingest/tradestat.py),,2026-09-27T00:00:00Z,SYNTH
API-METRONIDAZOLE,2021-03-01,873.773,299631.825,FlowForge synthetic (TradeStat not downloaded; see ingest/tradestat.py),,2026-09-27T00:00:00Z,SYNTH
API-METRONIDAZOLE,2021-04-01,885.8406,647057.602,FlowForge synthetic (TradeStat not downloaded; see ingest/tradestat.py),,2026-09-27T00:00:00Z,SYNTH
API-METRONIDAZOLE,2021-05-01,905.295,285574.163,FlowForge synthetic (TradeStat not downloaded; see ingest/tradestat.py),,2026-09-27T00:00:00Z,SYNTH
API-METRONIDAZOLE,2021-06-01,914.3875,384231.862,FlowForge synthetic (TradeStat not downloaded; see ingest/tradestat.py),,2026-09-27T00:00:00Z,SYNTH
API-METRONIDAZOLE,2021-07-01,922.4078,469753.525,FlowForge synthetic (TradeStat not downloaded; see ingest/tradestat.py),,2026-09-27T00:00:00Z,SYNTH
API-METRONIDAZOLE,2021-08-01,874.3788,142549.442,FlowForge synthetic (TradeStat not downloaded; see ingest/tradestat.py),,2026-09-27T00:00:00Z,SYNTH
API-METRONIDAZOLE,2021-09-01,886.6707,311701.151,FlowForge synthetic (TradeStat not downloaded; see ingest/tradestat.py),,2026-09-27T00:00:00Z,SYNTH
API-METRONIDAZOLE,2021-10-01,879.7166,219508.593,FlowForge synthetic (TradeStat not downloaded; see ingest/tradestat.py),,2026-09-27T00:00:00Z,SYNTH
API-METRONIDAZOLE,2021-11-01,848.5772,702082.195,FlowForge synthetic (TradeStat not downloaded; see ingest/tradestat.py),,2026-09-27T00:00:00Z,SYNTH
API-METRONIDAZOLE,2021-12-01,885.0673,262547.498,FlowForge synthetic (TradeStat not downloaded; see ingest/tradestat.py),,2026-09-27T00:00:00Z,SYNTH
API-METRONIDAZOLE,2022-01-01,900.3541,404841.731,FlowForge synthetic (TradeStat not downloaded; see ingest/tradestat.py),,2026-09-27T00:00:00Z,SYNTH
API-METRONIDAZOLE,2022-02-01,886.553,175140.829,FlowForge synthetic (TradeStat not downloaded; see ingest/tradestat.py),,2026-09-27T00:00:00Z,SYNTH
API-METRONIDAZOLE,2022-03-01,945.5987,428810.302,FlowForge synthetic (TradeStat not downloaded; see ingest/tradestat.py),,2026-09-27T00:00:00Z,SYNTH
API-METRONIDAZOLE,2022-04-01,914.8306,341689.025,FlowForge synthetic (TradeStat not downloaded; see ingest/tradestat.py),,2026-09-27T00:00:00Z,SYNTH
API-METRONIDAZOLE,2022-05-01,933.6568,381250.131,FlowForge synthetic (TradeStat not downloaded; see ingest/tradestat.py),,2026-09-27T00:00:00Z,SYNTH
API-METRONIDAZOLE,2022-06-01,956.9299,590935.27,FlowForge synthetic (TradeStat not downloaded; see ingest/tradestat.py),,2026-09-27T00:00:00Z,SYNTH
API-METRONIDAZOLE,2022-07-01,1037.1389,455563.933,FlowForge synthetic (TradeStat not downloaded; see ingest/tradestat.py),,2026-09-27T00:00:00Z,SYNTH
API-METRONIDAZOLE,2022-08-01,1006.5041,318465.065,FlowForge synthetic (TradeStat not downloaded; see ingest/tradestat.py),,2026-09-27T00:00:00Z,SYNTH
API-METRONIDAZOLE,2022-09-01,1043.5936,480798.867,FlowForge synthetic (TradeStat not downloaded; see ingest/tradestat.py),,2026-09-27T00:00:00Z,SYNTH
API-METRONIDAZOLE,2022-10-01,1074.2402,595270.867,FlowForge synthetic (TradeStat not downloaded; see ingest/tradestat.py),,2026-09-27T00:00:00Z,SYNTH
API-METRONIDAZOLE,2022-11-01,1080.5103,382105.892,FlowForge synthetic (TradeStat not downloaded; see ingest/tradestat.py),,2026-09-27T00:00:00Z,SYNTH
API-METRONIDAZOLE,2022-12-01,1156.1955,507328.871,FlowForge synthetic (TradeStat not downloaded; see ingest/tradestat.py),,2026-09-27T00:00:00Z,SYNTH
API-METRONIDAZOLE,2023-01-01,1135.6537,192545.242,FlowForge synthetic (TradeStat not downloaded; see ingest/tradestat.py),,2026-09-27T00:00:00Z,SYNTH
API-METRONIDAZOLE,2023-02-01,1245.957,253894.758,FlowForge synthetic (TradeStat not downloaded; see ingest/tradestat.py),,2026-09-27T00:00:00Z,SYNTH
API-METRONIDAZOLE,2023-03-01,1247.6266,412269.1,FlowForge synthetic (TradeStat not downloaded; see ingest/tradestat.py),,2026-09-27T00:00:00Z,SYNTH
API-METRONIDAZOLE,2023-04-01,1302.2719,385314.085,FlowForge synthetic (TradeStat not downloaded; see ingest/tradestat.py),,2026-09-27T00:00:00Z,SYNTH
API-METRONIDAZOLE,2023-05-01,1357.1423,697736.14,FlowForge synthetic (TradeStat not downloaded; see ingest/tradestat.py),,2026-09-27T00:00:00Z,SYNTH
API-METRONIDAZOLE,2023-06-01,1369.2789,386737.038,FlowForge synthetic (TradeStat not downloaded; see ingest/tradestat.py),,2026-09-27T00:00:00Z,SYNTH
API-METRONIDAZOLE,2023-07-01,1346.4045,363691.608,FlowForge synthetic (TradeStat not downloaded; see ingest/tradestat.py),,2026-09-27T00:00:00Z,SYNTH
API-METRONIDAZOLE,2023-08-01,1416.9833,409178.741,FlowForge synthetic (TradeStat not downloaded; see ingest/tradestat.py),,2026-09-27T00:00:00Z,SYNTH
API-METRONIDAZOLE,2023-09-01,1430.8194,540031.852,FlowForge synthetic (TradeStat not downloaded; see ingest/tradestat.py),,2026-09-27T00:00:00Z,SYNTH
API-METRONIDAZOLE,2023-10-01,1449.2813,645575.084,FlowForge synthetic (TradeStat not downloaded; see ingest/tradestat.py),,2026-09-27T00:00:00Z,SYNTH
API-METRONIDAZOLE,2023-11-01,1468.2526,808921.618,FlowForge synthetic (TradeStat not downloaded; see ingest/tradestat.py),,2026-09-27T00:00:00Z,SYNTH
API-METRONIDAZOLE,2023-12-01,1476.3864,238376.558,FlowForge synthetic (TradeStat not downloaded; see ingest/tradestat.py),,2026-09-27T00:00:00Z,SYNTH
API-METRONIDAZOLE,2024-01-01,1526.7839,291821.398,FlowForge synthetic (TradeStat not downloaded; see ingest/tradestat.py),,2026-09-27T00:00:00Z,SYNTH
API-METRONIDAZOLE,2024-02-01,1471.7166,431192.636,FlowForge synthetic (TradeStat not downloaded; see ingest/tradestat.py),,2026-09-27T00:00:00Z,SYNTH
API-METRONIDAZOLE,2024-03-01,1526.8009,258049.272,FlowForge synthetic (TradeStat not downloaded; see ingest/tradestat.py),,2026-09-27T00:00:00Z,SYNTH
API-METRONIDAZOLE,2024-04-01,1553.272,200608.655,FlowForge synthetic (TradeStat not downloaded; see ingest/tradestat.py),,2026-09-27T00:00:00Z,SYNTH
API-METRONIDAZOLE,2024-05-01,1622.3105,288166.59,FlowForge synthetic (TradeStat not downloaded; see ingest/tradestat.py),,2026-09-27T00:00:00Z,SYNTH
API-METRONIDAZOLE,2024-06-01,1589.7685,394947.399,FlowForge synthetic (TradeStat not downloaded; see ingest/tradestat.py),,2026-09-27T00:00:00Z,SYNTH
API-METRONIDAZOLE,2024-07-01,1605.1442,353593.109,FlowForge synthetic (TradeStat not downloaded; see ingest/tradestat.py),,2026-09-27T00:00:00Z,SYNTH
API-METRONIDAZOLE,2024-08-01,1610.6122,183052.691,FlowForge synthetic (TradeStat not downloaded; see ingest/tradestat.py),,2026-09-27T00:00:00Z,SYNTH
API-METRONIDAZOLE,2024-09-01,1582.9748,318742.087,FlowForge synthetic (TradeStat not downloaded; see ingest/tradestat.py),,2026-09-27T00:00:00Z,SYNTH
API-METRONIDAZOLE,2024-10-01,1593.7629,351436.517,FlowForge synthetic (TradeStat not downloaded; see ingest/tradestat.py),,2026-09-27T00:00:00Z,SYNTH
API-METRONIDAZOLE,2024-11-01,1676.1244,517873.261,FlowForge synthetic (TradeStat not downloaded; see ingest/tradestat.py),,2026-09-27T00:00:00Z,SYNTH
API-METRONIDAZOLE,2024-12-01,1653.1258,285020.061,FlowForge synthetic (TradeStat not downloaded; see ingest/tradestat.py),,2026-09-27T00:00:00Z,SYNTH
API-METRONIDAZOLE,2025-01-01,1653.6763,469536.962,FlowForge synthetic (TradeStat not downloaded; see ingest/tradestat.py),,2026-09-27T00:00:00Z,SYNTH
API-METRONIDAZOLE,2025-02-01,1589.5881,448831.259,FlowForge synthetic (TradeStat not downloaded; see ingest/tradestat.py),,2026-09-27T00:00:00Z,SYNTH
API-METRONIDAZOLE,2025-03-01,1631.8,365218.504,FlowForge synthetic (TradeStat not downloaded; see ingest/tradestat.py),,2026-09-27T00:00:00Z,SYNTH
API-METRONIDAZOLE,2025-04-01,1633.8491,276417.778,FlowForge synthetic (TradeStat not downloaded; see ingest/tradestat.py),,2026-09-27T00:00:00Z,SYNTH
API-METRONIDAZOLE,2025-05-01,1627.3252,403789.879,FlowForge synthetic (TradeStat not downloaded; see ingest/tradestat.py),,2026-09-27T00:00:00Z,SYNTH
API-METRONIDAZOLE,2025-06-01,1731.7308,376994.651,FlowForge synthetic (TradeStat not downloaded; see ingest/tradestat.py),,2026-09-27T00:00:00Z,SYNTH
API-METRONIDAZOLE,2025-07-01,1733.5921,257026.121,FlowForge synthetic (TradeStat not downloaded; see ingest/tradestat.py),,2026-09-27T00:00:00Z,SYNTH
API-METRONIDAZOLE,2025-08-01,1717.4204,434425.78,FlowForge synthetic (TradeStat not downloaded; see ingest/tradestat.py),,2026-09-27T00:00:00Z,SYNTH
API-METRONIDAZOLE,2025-09-01,1712.6787,214802.885,FlowForge synthetic (TradeStat not downloaded; see ingest/tradestat.py),,2026-09-27T00:00:00Z,SYNTH
API-METRONIDAZOLE,2025-10-01,1735.4414,442786.386,FlowForge synthetic (TradeStat not downloaded; see ingest/tradestat.py),,2026-09-27T00:00:00Z,SYNTH
API-METRONIDAZOLE,2025-11-01,1778.5812,401809.951,FlowForge synthetic (TradeStat not downloaded; see ingest/tradestat.py),,2026-09-27T00:00:00Z,SYNTH
API-METRONIDAZOLE,2025-12-01,1863.3654,344470.131,FlowForge synthetic (TradeStat not downloaded; see ingest/tradestat.py),,2026-09-27T00:00:00Z,SYNTH
API-METRONIDAZOLE,2026-01-01,1809.5316,382581.704,FlowForge synthetic (TradeStat not downloaded; see ingest/tradestat.py),,2026-09-27T00:00:00Z,SYNTH
API-METRONIDAZOLE,2026-02-01,1806.6172,342001.019,FlowForge synthetic (TradeStat not downloaded; see ingest/tradestat.py),,2026-09-27T00:00:00Z,SYNTH
API-METRONIDAZOLE,2026-03-01,1867.7488,547632.115,FlowForge synthetic (TradeStat not downloaded; see ingest/tradestat.py),,2026-09-27T00:00:00Z,SYNTH
API-METRONIDAZOLE,2026-04-01,1928.0242,597269.636,FlowForge synthetic (TradeStat not downloaded; see ingest/tradestat.py),,2026-09-27T00:00:00Z,SYNTH
API-METRONIDAZOLE,2026-05-01,1888.9016,463410.909,FlowForge synthetic (TradeStat not downloaded; see ingest/tradestat.py),,2026-09-27T00:00:00Z,SYNTH
API-METRONIDAZOLE,2026-06-01,1993.0448,189567.287,FlowForge synthetic (TradeStat not downloaded; see ingest/tradestat.py),,2026-09-27T00:00:00Z,SYNTH
API-METRONIDAZOLE,2026-07-01,1973.0944,376456.598,FlowForge synthetic (TradeStat not downloaded; see ingest/tradestat.py),,2026-09-27T00:00:00Z,SYNTH
API-METRONIDAZOLE,2026-08-01,2017.04,318883.169,FlowForge synthetic (TradeStat not downloaded; see ingest/tradestat.py),,2026-09-27T00:00:00Z,SYNTH
API-METRONIDAZOLE,2026-09-01,2037.7293,411227.103,FlowForge synthetic (TradeStat not downloaded; see ingest/tradestat.py),,2026-09-27T00:00:00Z,SYNTH
API-OXYTOCIN,2019-01-01,1558100580.3217,395351.569,FlowForge synthetic (TradeStat not downloaded; see ingest/tradestat.py),,2026-09-27T00:00:00Z,SYNTH
API-OXYTOCIN,2019-02-01,1542370341.005,785365.222,FlowForge synthetic (TradeStat not downloaded; see ingest/tradestat.py),,2026-09-27T00:00:00Z,SYNTH
API-OXYTOCIN,2019-03-01,1560353066.6371,484320.95,FlowForge synthetic (TradeStat not downloaded; see ingest/tradestat.py),,2026-09-27T00:00:00Z,SYNTH
API-OXYTOCIN,2019-04-01,1552716863.3591,665473.026,FlowForge synthetic (TradeStat not downloaded; see ingest/tradestat.py),,2026-09-27T00:00:00Z,SYNTH
API-OXYTOCIN,2019-05-01,1527869584.0265,339552.464,FlowForge synthetic (TradeStat not downloaded; see ingest/tradestat.py),,2026-09-27T00:00:00Z,SYNTH
API-OXYTOCIN,2019-06-01,1559452375.0863,466711.356,FlowForge synthetic (TradeStat not downloaded; see ingest/tradestat.py),,2026-09-27T00:00:00Z,SYNTH
API-OXYTOCIN,2019-07-01,1554281384.7367,717071.751,FlowForge synthetic (TradeStat not downloaded; see ingest/tradestat.py),,2026-09-27T00:00:00Z,SYNTH
API-OXYTOCIN,2019-08-01,1552535078.4206,346746.58,FlowForge synthetic (TradeStat not downloaded; see ingest/tradestat.py),,2026-09-27T00:00:00Z,SYNTH
API-OXYTOCIN,2019-09-01,1496964826.0599,297008.245,FlowForge synthetic (TradeStat not downloaded; see ingest/tradestat.py),,2026-09-27T00:00:00Z,SYNTH
API-OXYTOCIN,2019-10-01,1472088278.6831,388732.512,FlowForge synthetic (TradeStat not downloaded; see ingest/tradestat.py),,2026-09-27T00:00:00Z,SYNTH
API-OXYTOCIN,2019-11-01,1486210716.1111,441764.634,FlowForge synthetic (TradeStat not downloaded; see ingest/tradestat.py),,2026-09-27T00:00:00Z,SYNTH
API-OXYTOCIN,2019-12-01,1456801240.7822,357147.827,FlowForge synthetic (TradeStat not downloaded; see ingest/tradestat.py),,2026-09-27T00:00:00Z,SYNTH
API-OXYTOCIN,2020-01-01,1467330542.8076,433126.009,FlowForge synthetic (TradeStat not downloaded; see ingest/tradestat.py),,2026-09-27T00:00:00Z,SYNTH
API-OXYTOCIN,2020-02-01,1456401604.4678,845408.715,FlowForge synthetic (TradeStat not downloaded; see ingest/tradestat.py),,2026-09-27T00:00:00Z,SYNTH
API-OXYTOCIN,2020-03-01,1401049266.6173,448276.212,FlowForge synthetic (TradeStat not downloaded; see ingest/tradestat.py),,2026-09-27T00:00:00Z,SYNTH
API-OXYTOCIN,2020-04-01,1376845435.6248,216944.014,FlowForge synthetic (TradeStat not downloaded; see ingest/tradestat.py),,2026-09-27T00:00:00Z,SYNTH
API-OXYTOCIN,2020-05-01,1382192801.8818,519225.332,FlowForge synthetic (TradeStat not downloaded; see ingest/tradestat.py),,2026-09-27T00:00:00Z,SYNTH
API-OXYTOCIN,2020-06-01,1414312466.4623,329885.59,FlowForge synthetic (TradeStat not downloaded; see ingest/tradestat.py),,2026-09-27T00:00:00Z,SYNTH
API-OXYTOCIN,2020-07-01,1466879286.344,459922.707,FlowForge synthetic (TradeStat not downloaded; see ingest/tradestat.py),,2026-09-27T00:00:00Z,SYNTH
API-OXYTOCIN,2020-08-01,1517441037.7445,350373.648,FlowForge synthetic (TradeStat not downloaded; see ingest/tradestat.py),,2026-09-27T00:00:00Z,SYNTH
API-OXYTOCIN,2020-09-01,1554537200.9866,692894.506,FlowForge synthetic (TradeStat not downloaded; see ingest/tradestat.py),,2026-09-27T00:00:00Z,SYNTH
API-OXYTOCIN,2020-10-01,1629413975.7479,445834.636,FlowForge synthetic (TradeStat not downloaded; see ingest/tradestat.py),,2026-09-27T00:00:00Z,SYNTH
API-OXYTOCIN,2020-11-01,1647026125.2749,399597.16,FlowForge synthetic (TradeStat not downloaded; see ingest/tradestat.py),,2026-09-27T00:00:00Z,SYNTH
API-OXYTOCIN,2020-12-01,1690928897.9677,573648.177,FlowForge synthetic (TradeStat not downloaded; see ingest/tradestat.py),,2026-09-27T00:00:00Z,SYNTH
API-OXYTOCIN,2021-01-01,1715921945.4363,476845.11,FlowForge synthetic (TradeStat not downloaded; see ingest/tradestat.py),,2026-09-27T00:00:00Z,SYNTH
API-OXYTOCIN,2021-02-01,1682935389.8214,286194.208,FlowForge synthetic (TradeStat not downloaded; see ingest/tradestat.py),,2026-09-27T00:00:00Z,SYNTH
API-OXYTOCIN,2021-03-01,1672750815.8416,537271.654,FlowForge synthetic (TradeStat not downloaded; see ingest/tradestat.py),,2026-09-27T00:00:00Z,SYNTH
API-OXYTOCIN,2021-04-01,1777091437.2829,372497.555,FlowForge synthetic (TradeStat not downloaded; see ingest/tradestat.py),,2026-09-27T00:00:00Z,SYNTH
API-OXYTOCIN,2021-05-01,1763145635.4629,531973.766,FlowForge synthetic (TradeStat not downloaded; see ingest/tradestat.py),,2026-09-27T00:00:00Z,SYNTH
API-OXYTOCIN,2021-06-01,1735707437.001,761894.035,FlowForge synthetic (TradeStat not downloaded; see ingest/tradestat.py),,2026-09-27T00:00:00Z,SYNTH
API-OXYTOCIN,2021-07-01,1574757935.0928,495283.899,FlowForge synthetic (TradeStat not downloaded; see ingest/tradestat.py),,2026-09-27T00:00:00Z,SYNTH
API-OXYTOCIN,2021-08-01,1532347230.4901,404960.313,FlowForge synthetic (TradeStat not downloaded; see ingest/tradestat.py),,2026-09-27T00:00:00Z,SYNTH
API-OXYTOCIN,2021-09-01,1499167170.1121,526007.525,FlowForge synthetic (TradeStat not downloaded; see ingest/tradestat.py),,2026-09-27T00:00:00Z,SYNTH
API-OXYTOCIN,2021-10-01,1435858129.0687,638335.309,FlowForge synthetic (TradeStat not downloaded; see ingest/tradestat.py),,2026-09-27T00:00:00Z,SYNTH
API-OXYTOCIN,2021-11-01,1415836805.0503,332106.655,FlowForge synthetic (TradeStat not downloaded; see ingest/tradestat.py),,2026-09-27T00:00:00Z,SYNTH
API-OXYTOCIN,2021-12-01,1381834476.3522,807180.993,FlowForge synthetic (TradeStat not downloaded; see ingest/tradestat.py),,2026-09-27T00:00:00Z,SYNTH
API-OXYTOCIN,2022-01-01,1445769506.2857,512424.716,FlowForge synthetic (TradeStat not downloaded; see ingest/tradestat.py),,2026-09-27T00:00:00Z,SYNTH
API-OXYTOCIN,2022-02-01,1447719161.8997,258268.57,FlowForge synthetic (TradeStat not downloaded; see ingest/tradestat.py),,2026-09-27T00:00:00Z,SYNTH
API-OXYTOCIN,2022-03-01,1457620315.5422,379868.92,FlowForge synthetic (TradeStat not downloaded; see ingest/tradestat.py),,2026-09-27T00:00:00Z,SYNTH
API-OXYTOCIN,2022-04-01,1469523919.8273,307427.579,FlowForge synthetic (TradeStat not downloaded; see ingest/tradestat.py),,2026-09-27T00:00:00Z,SYNTH
API-OXYTOCIN,2022-05-01,1428189293.1372,335754.647,FlowForge synthetic (TradeStat not downloaded; see ingest/tradestat.py),,2026-09-27T00:00:00Z,SYNTH
API-OXYTOCIN,2022-06-01,1339021709.8921,794475.668,FlowForge synthetic (TradeStat not downloaded; see ingest/tradestat.py),,2026-09-27T00:00:00Z,SYNTH
API-OXYTOCIN,2022-07-01,1321386938.6109,354940.97,FlowForge synthetic (TradeStat not downloaded; see ingest/tradestat.py),,2026-09-27T00:00:00Z,SYNTH
API-OXYTOCIN,2022-08-01,1258568654.4429,354700.972,FlowForge synthetic (TradeStat not downloaded; see ingest/tradestat.py),,2026-09-27T00:00:00Z,SYNTH
API-OXYTOCIN,2022-09-01,1299161666.0132,366426.77,FlowForge synthetic (TradeStat not downloaded; see ingest/tradestat.py),,2026-09-27T00:00:00Z,SYNTH
API-OXYTOCIN,2022-10-01,1303584565.8378,1052482.222,FlowForge synthetic (TradeStat not downloaded; see ingest/tradestat.py),,2026-09-27T00:00:00Z,SYNTH
API-OXYTOCIN,2022-11-01,1339484574.3024,567844.406,FlowForge synthetic (TradeStat not downloaded; see ingest/tradestat.py),,2026-09-27T00:00:00Z,SYNTH
API-OXYTOCIN,2022-12-01,1295170912.4168,799467.948,FlowForge synthetic (TradeStat not downloaded; see ingest/tradestat.py),,2026-09-27T00:00:00Z,SYNTH
API-OXYTOCIN,2023-01-01,1365078207.4574,554905.405,FlowForge synthetic (TradeStat not downloaded; see ingest/tradestat.py),,2026-09-27T00:00:00Z,SYNTH
API-OXYTOCIN,2023-02-01,1382777560.4187,362630.974,FlowForge synthetic (TradeStat not downloaded; see ingest/tradestat.py),,2026-09-27T00:00:00Z,SYNTH
API-OXYTOCIN,2023-03-01,1319780511.0383,689716.081,FlowForge synthetic (TradeStat not downloaded; see ingest/tradestat.py),,2026-09-27T00:00:00Z,SYNTH
API-OXYTOCIN,2023-04-01,1339409589.2819,386617.3,FlowForge synthetic (TradeStat not downloaded; see ingest/tradestat.py),,2026-09-27T00:00:00Z,SYNTH
API-OXYTOCIN,2023-05-01,1361903905.5505,425274.094,FlowForge synthetic (TradeStat not downloaded; see ingest/tradestat.py),,2026-09-27T00:00:00Z,SYNTH
API-OXYTOCIN,2023-06-01,1432080156.6914,491218.526,FlowForge synthetic (TradeStat not downloaded; see ingest/tradestat.py),,2026-09-27T00:00:00Z,SYNTH
API-OXYTOCIN,2023-07-01,1514773873.0202,574792.695,FlowForge synthetic (TradeStat not downloaded; see ingest/tradestat.py),,2026-09-27T00:00:00Z,SYNTH
API-OXYTOCIN,2023-08-01,1526384311.2244,351819.081,FlowForge synthetic (TradeStat not downloaded; see ingest/tradestat.py),,2026-09-27T00:00:00Z,SYNTH
API-OXYTOCIN,2023-09-01,1433447343.9271,448404.915,FlowForge synthetic (TradeStat not downloaded; see ingest/tradestat.py),,2026-09-27T00:00:00Z,SYNTH
API-OXYTOCIN,2023-10-01,1395774362.3481,330061.599,FlowForge synthetic (TradeStat not downloaded; see ingest/tradestat.py),,2026-09-27T00:00:00Z,SYNTH
API-OXYTOCIN,2023-11-01,1363687491.4017,539034.528,FlowForge synthetic (TradeStat not downloaded; see ingest/tradestat.py),,2026-09-27T00:00:00Z,SYNTH
API-OXYTOCIN,2023-12-01,1367746816.2896,199117.56,FlowForge synthetic (TradeStat not downloaded; see ingest/tradestat.py),,2026-09-27T00:00:00Z,SYNTH
API-OXYTOCIN,2024-01-01,1323448577.128,579490.514,FlowForge synthetic (TradeStat not downloaded; see ingest/tradestat.py),,2026-09-27T00:00:00Z,SYNTH
API-OXYTOCIN,2024-02-01,1273306208.3715,178935.567,FlowForge synthetic (TradeStat not downloaded; see ingest/tradestat.py),,2026-09-27T00:00:00Z,SYNTH
API-OXYTOCIN,2024-03-01,1216544935.5404,359916.963,FlowForge synthetic (TradeStat not downloaded; see ingest/tradestat.py),,2026-09-27T00:00:00Z,SYNTH
API-OXYTOCIN,2024-04-01,1173964804.8107,250914.077,FlowForge synthetic (TradeStat not downloaded; see ingest/tradestat.py),,2026-09-27T00:00:00Z,SYNTH
API-OXYTOCIN,2024-05-01,1181168457.048,606770.724,FlowForge synthetic (TradeStat not downloaded; see ingest/tradestat.py),,2026-09-27T00:00:00Z,SYNTH
API-OXYTOCIN,2024-06-01,1239158267.9451,244851.993,FlowForge synthetic (TradeStat not downloaded; see ingest/tradestat.py),,2026-09-27T00:00:00Z,SYNTH
API-OXYTOCIN,2024-07-01,1281172804.621,437277.332,FlowForge synthetic (TradeStat not downloaded; see ingest/tradestat.py),,2026-09-27T00:00:00Z,SYNTH
API-OXYTOCIN,2024-08-01,1292622465.5277,689479.61,FlowForge synthetic (TradeStat not downloaded; see ingest/tradestat.py),,2026-09-27T00:00:00Z,SYNTH
API-OXYTOCIN,2024-09-01,1358912186.6835,271962.541,FlowForge synthetic (TradeStat not downloaded; see ingest/tradestat.py),,2026-09-27T00:00:00Z,SYNTH
API-OXYTOCIN,2024-10-01,1399229420.8246,1094438.062,FlowForge synthetic (TradeStat not downloaded; see ingest/tradestat.py),,2026-09-27T00:00:00Z,SYNTH
API-OXYTOCIN,2024-11-01,1382314233.2357,489745.185,FlowForge synthetic (TradeStat not downloaded; see ingest/tradestat.py),,2026-09-27T00:00:00Z,SYNTH
API-OXYTOCIN,2024-12-01,1466086113.5809,465981.502,FlowForge synthetic (TradeStat not downloaded; see ingest/tradestat.py),,2026-09-27T00:00:00Z,SYNTH
API-OXYTOCIN,2025-01-01,1509587267.9532,340172.292,FlowForge synthetic (TradeStat not downloaded; see ingest/tradestat.py),,2026-09-27T00:00:00Z,SYNTH
API-OXYTOCIN,2025-02-01,1545520033.4231,284029.534,FlowForge synthetic (TradeStat not downloaded; see ingest/tradestat.py),,2026-09-27T00:00:00Z,SYNTH
API-OXYTOCIN,2025-03-01,1633647953.4774,279005.968,FlowForge synthetic (TradeStat not downloaded; see ingest/tradestat.py),,2026-09-27T00:00:00Z,SYNTH
API-OXYTOCIN,2025-04-01,1665287491.0066,628177.908,FlowForge synthetic (TradeStat not downloaded; see ingest/tradestat.py),,2026-09-27T00:00:00Z,SYNTH
API-OXYTOCIN,2025-05-01,1676410825.2716,366677.26,FlowForge synthetic (TradeStat not downloaded; see ingest/tradestat.py),,2026-09-27T00:00:00Z,SYNTH
API-OXYTOCIN,2025-06-01,1672759040.0379,274844.41,FlowForge synthetic (TradeStat not downloaded; see ingest/tradestat.py),,2026-09-27T00:00:00Z,SYNTH
API-OXYTOCIN,2025-07-01,1654525065.957,284053.216,FlowForge synthetic (TradeStat not downloaded; see ingest/tradestat.py),,2026-09-27T00:00:00Z,SYNTH
API-OXYTOCIN,2025-08-01,1685117928.775,436639.956,FlowForge synthetic (TradeStat not downloaded; see ingest/tradestat.py),,2026-09-27T00:00:00Z,SYNTH
API-OXYTOCIN,2025-09-01,1703236061.5105,531391.302,FlowForge synthetic (TradeStat not downloaded; see ingest/tradestat.py),,2026-09-27T00:00:00Z,SYNTH
API-OXYTOCIN,2025-10-01,1590705137.8379,269896.665,FlowForge synthetic (TradeStat not downloaded; see ingest/tradestat.py),,2026-09-27T00:00:00Z,SYNTH
API-OXYTOCIN,2025-11-01,1594304842.8975,365828.452,FlowForge synthetic (TradeStat not downloaded; see ingest/tradestat.py),,2026-09-27T00:00:00Z,SYNTH
API-OXYTOCIN,2025-12-01,1600955588.0838,367311.393,FlowForge synthetic (TradeStat not downloaded; see ingest/tradestat.py),,2026-09-27T00:00:00Z,SYNTH
API-OXYTOCIN,2026-01-01,1566729660.405,329528.39,FlowForge synthetic (TradeStat not downloaded; see ingest/tradestat.py),,2026-09-27T00:00:00Z,SYNTH
API-OXYTOCIN,2026-02-01,1521851339.9913,287339.764,FlowForge synthetic (TradeStat not downloaded; see ingest/tradestat.py),,2026-09-27T00:00:00Z,SYNTH
API-OXYTOCIN,2026-03-01,1509442131.939,778780.295,FlowForge synthetic (TradeStat not downloaded; see ingest/tradestat.py),,2026-09-27T00:00:00Z,SYNTH
API-OXYTOCIN,2026-04-01,1503336424.0395,824099.668,FlowForge synthetic (TradeStat not downloaded; see ingest/tradestat.py),,2026-09-27T00:00:00Z,SYNTH
API-OXYTOCIN,2026-05-01,1548674468.3903,258172.943,FlowForge synthetic (TradeStat not downloaded; see ingest/tradestat.py),,2026-09-27T00:00:00Z,SYNTH
API-OXYTOCIN,2026-06-01,1620618334.4808,662037.755,FlowForge synthetic (TradeStat not downloaded; see ingest/tradestat.py),,2026-09-27T00:00:00Z,SYNTH
API-OXYTOCIN,2026-07-01,1603313421.8491,462837.327,FlowForge synthetic (TradeStat not downloaded; see ingest/tradestat.py),,2026-09-27T00:00:00Z,SYNTH
API-OXYTOCIN,2026-08-01,1538591259.7647,730177.051,FlowForge synthetic (TradeStat not downloaded; see ingest/tradestat.py),,2026-09-27T00:00:00Z,SYNTH
API-OXYTOCIN,2026-09-01,1537828255.8388,467967.503,FlowForge synthetic (TradeStat not downloaded; see ingest/tradestat.py),,2026-09-27T00:00:00Z,SYNTH
API-PILOCARPINE,2019-01-01,266129.0638,100320.683,FlowForge synthetic (TradeStat not downloaded; see ingest/tradestat.py),,2026-09-27T00:00:00Z,SYNTH
API-PILOCARPINE,2019-02-01,270431.0072,110652.749,FlowForge synthetic (TradeStat not downloaded; see ingest/tradestat.py),,2026-09-27T00:00:00Z,SYNTH
API-PILOCARPINE,2019-03-01,266703.8951,141138.45,FlowForge synthetic (TradeStat not downloaded; see ingest/tradestat.py),,2026-09-27T00:00:00Z,SYNTH
API-PILOCARPINE,2019-04-01,273374.4664,214947.492,FlowForge synthetic (TradeStat not downloaded; see ingest/tradestat.py),,2026-09-27T00:00:00Z,SYNTH
API-PILOCARPINE,2019-05-01,276185.7026,107558.018,FlowForge synthetic (TradeStat not downloaded; see ingest/tradestat.py),,2026-09-27T00:00:00Z,SYNTH
API-PILOCARPINE,2019-06-01,275285.368,94938.062,FlowForge synthetic (TradeStat not downloaded; see ingest/tradestat.py),,2026-09-27T00:00:00Z,SYNTH
API-PILOCARPINE,2019-07-01,271974.2407,59966.155,FlowForge synthetic (TradeStat not downloaded; see ingest/tradestat.py),,2026-09-27T00:00:00Z,SYNTH
API-PILOCARPINE,2019-08-01,271556.4998,55041.534,FlowForge synthetic (TradeStat not downloaded; see ingest/tradestat.py),,2026-09-27T00:00:00Z,SYNTH
API-PILOCARPINE,2019-09-01,274992.1344,123272.784,FlowForge synthetic (TradeStat not downloaded; see ingest/tradestat.py),,2026-09-27T00:00:00Z,SYNTH
API-PILOCARPINE,2019-10-01,256637.9109,112283.021,FlowForge synthetic (TradeStat not downloaded; see ingest/tradestat.py),,2026-09-27T00:00:00Z,SYNTH
API-PILOCARPINE,2019-11-01,259344.0193,82432.57,FlowForge synthetic (TradeStat not downloaded; see ingest/tradestat.py),,2026-09-27T00:00:00Z,SYNTH
API-PILOCARPINE,2019-12-01,256481.3533,83024.921,FlowForge synthetic (TradeStat not downloaded; see ingest/tradestat.py),,2026-09-27T00:00:00Z,SYNTH
API-PILOCARPINE,2020-01-01,256764.0719,103350.65,FlowForge synthetic (TradeStat not downloaded; see ingest/tradestat.py),,2026-09-27T00:00:00Z,SYNTH
API-PILOCARPINE,2020-02-01,264182.0351,121221.893,FlowForge synthetic (TradeStat not downloaded; see ingest/tradestat.py),,2026-09-27T00:00:00Z,SYNTH
API-PILOCARPINE,2020-03-01,249727.376,64380.319,FlowForge synthetic (TradeStat not downloaded; see ingest/tradestat.py),,2026-09-27T00:00:00Z,SYNTH
API-PILOCARPINE,2020-04-01,232987.6474,54120.875,FlowForge synthetic (TradeStat not downloaded; see ingest/tradestat.py),,2026-09-27T00:00:00Z,SYNTH
API-PILOCARPINE,2020-05-01,250283.3143,184934.835,FlowForge synthetic (TradeStat not downloaded; see ingest/tradestat.py),,2026-09-27T00:00:00Z,SYNTH
API-PILOCARPINE,2020-06-01,251356.2486,191414.438,FlowForge synthetic (TradeStat not downloaded; see ingest/tradestat.py),,2026-09-27T00:00:00Z,SYNTH
API-PILOCARPINE,2020-07-01,224837.1091,118604.396,FlowForge synthetic (TradeStat not downloaded; see ingest/tradestat.py),,2026-09-27T00:00:00Z,SYNTH
API-PILOCARPINE,2020-08-01,226560.1738,133490.511,FlowForge synthetic (TradeStat not downloaded; see ingest/tradestat.py),,2026-09-27T00:00:00Z,SYNTH
API-PILOCARPINE,2020-09-01,225546.6329,81580.951,FlowForge synthetic (TradeStat not downloaded; see ingest/tradestat.py),,2026-09-27T00:00:00Z,SYNTH
API-PILOCARPINE,2020-10-01,236094.4733,130236.49,FlowForge synthetic (TradeStat not downloaded; see ingest/tradestat.py),,2026-09-27T00:00:00Z,SYNTH
API-PILOCARPINE,2020-11-01,231995.3092,110374.902,FlowForge synthetic (TradeStat not downloaded; see ingest/tradestat.py),,2026-09-27T00:00:00Z,SYNTH
API-PILOCARPINE,2020-12-01,229726.9281,88059.009,FlowForge synthetic (TradeStat not downloaded; see ingest/tradestat.py),,2026-09-27T00:00:00Z,SYNTH
API-PILOCARPINE,2021-01-01,232867.2375,109510.657,FlowForge synthetic (TradeStat not downloaded; see ingest/tradestat.py),,2026-09-27T00:00:00Z,SYNTH
API-PILOCARPINE,2021-02-01,226693.5717,98600.599,FlowForge synthetic (TradeStat not downloaded; see ingest/tradestat.py),,2026-09-27T00:00:00Z,SYNTH
API-PILOCARPINE,2021-03-01,222791.106,85793.439,FlowForge synthetic (TradeStat not downloaded; see ingest/tradestat.py),,2026-09-27T00:00:00Z,SYNTH
API-PILOCARPINE,2021-04-01,220957.9371,46036.266,FlowForge synthetic (TradeStat not downloaded; see ingest/tradestat.py),,2026-09-27T00:00:00Z,SYNTH
API-PILOCARPINE,2021-05-01,213500.9783,86446.56,FlowForge synthetic (TradeStat not downloaded; see ingest/tradestat.py),,2026-09-27T00:00:00Z,SYNTH
API-PILOCARPINE,2021-06-01,219253.5911,113355.397,FlowForge synthetic (TradeStat not downloaded; see ingest/tradestat.py),,2026-09-27T00:00:00Z,SYNTH
API-PILOCARPINE,2021-07-01,226188.5344,98499.022,FlowForge synthetic (TradeStat not downloaded; see ingest/tradestat.py),,2026-09-27T00:00:00Z,SYNTH
API-PILOCARPINE,2021-08-01,234882.7281,77173.42,FlowForge synthetic (TradeStat not downloaded; see ingest/tradestat.py),,2026-09-27T00:00:00Z,SYNTH
API-PILOCARPINE,2021-09-01,243320.0925,78607.884,FlowForge synthetic (TradeStat not downloaded; see ingest/tradestat.py),,2026-09-27T00:00:00Z,SYNTH
API-PILOCARPINE,2021-10-01,246047.4189,94992.549,FlowForge synthetic (TradeStat not downloaded; see ingest/tradestat.py),,2026-09-27T00:00:00Z,SYNTH
API-PILOCARPINE,2021-11-01,249385.245,77270.978,FlowForge synthetic (TradeStat not downloaded; see ingest/tradestat.py),,2026-09-27T00:00:00Z,SYNTH
API-PILOCARPINE,2021-12-01,245859.5628,76370.477,FlowForge synthetic (TradeStat not downloaded; see ingest/tradestat.py),,2026-09-27T00:00:00Z,SYNTH
API-PILOCARPINE,2022-01-01,258409.8378,70626.912,FlowForge synthetic (TradeStat not downloaded; see ingest/tradestat.py),,2026-09-27T00:00:00Z,SYNTH
API-PILOCARPINE,2022-02-01,267073.8886,165181.691,FlowForge synthetic (TradeStat not downloaded; see ingest/tradestat.py),,2026-09-27T00:00:00Z,SYNTH
API-PILOCARPINE,2022-03-01,269443.7762,103725.387,FlowForge synthetic (TradeStat not downloaded; see ingest/tradestat.py),,2026-09-27T00:00:00Z,SYNTH
API-PILOCARPINE,2022-04-01,266832.2965,73484.632,FlowForge synthetic (TradeStat not downloaded; see ingest/tradestat.py),,2026-09-27T00:00:00Z,SYNTH
API-PILOCARPINE,2022-05-01,276527.4124,99169.535,FlowForge synthetic (TradeStat not downloaded; see ingest/tradestat.py),,2026-09-27T00:00:00Z,SYNTH
API-PILOCARPINE,2022-06-01,272081.9234,88979.215,FlowForge synthetic (TradeStat not downloaded; see ingest/tradestat.py),,2026-09-27T00:00:00Z,SYNTH
API-PILOCARPINE,2022-07-01,289110.2826,69413.007,FlowForge synthetic (TradeStat not downloaded; see ingest/tradestat.py),,2026-09-27T00:00:00Z,SYNTH
API-PILOCARPINE,2022-08-01,288916.3977,50350.395,FlowForge synthetic (TradeStat not downloaded; see ingest/tradestat.py),,2026-09-27T00:00:00Z,SYNTH
API-PILOCARPINE,2022-09-01,308026.9042,67875.0,FlowForge synthetic (TradeStat not downloaded; see ingest/tradestat.py),,2026-09-27T00:00:00Z,SYNTH
API-PILOCARPINE,2022-10-01,314667.1889,75244.222,FlowForge synthetic (TradeStat not downloaded; see ingest/tradestat.py),,2026-09-27T00:00:00Z,SYNTH
API-PILOCARPINE,2022-11-01,313393.0223,79374.21,FlowForge synthetic (TradeStat not downloaded; see ingest/tradestat.py),,2026-09-27T00:00:00Z,SYNTH
API-PILOCARPINE,2022-12-01,322841.7459,69403.017,FlowForge synthetic (TradeStat not downloaded; see ingest/tradestat.py),,2026-09-27T00:00:00Z,SYNTH
API-PILOCARPINE,2023-01-01,318130.5004,112400.501,FlowForge synthetic (TradeStat not downloaded; see ingest/tradestat.py),,2026-09-27T00:00:00Z,SYNTH
API-PILOCARPINE,2023-02-01,327997.6991,71243.418,FlowForge synthetic (TradeStat not downloaded; see ingest/tradestat.py),,2026-09-27T00:00:00Z,SYNTH
API-PILOCARPINE,2023-03-01,323847.1786,96904.096,FlowForge synthetic (TradeStat not downloaded; see ingest/tradestat.py),,2026-09-27T00:00:00Z,SYNTH
API-PILOCARPINE,2023-04-01,333806.4613,66845.707,FlowForge synthetic (TradeStat not downloaded; see ingest/tradestat.py),,2026-09-27T00:00:00Z,SYNTH
API-PILOCARPINE,2023-05-01,321378.7165,87021.328,FlowForge synthetic (TradeStat not downloaded; see ingest/tradestat.py),,2026-09-27T00:00:00Z,SYNTH
API-PILOCARPINE,2023-06-01,325370.0547,171695.013,FlowForge synthetic (TradeStat not downloaded; see ingest/tradestat.py),,2026-09-27T00:00:00Z,SYNTH
API-PILOCARPINE,2023-07-01,316123.7807,98243.913,FlowForge synthetic (TradeStat not downloaded; see ingest/tradestat.py),,2026-09-27T00:00:00Z,SYNTH
API-PILOCARPINE,2023-08-01,314066.2971,178099.794,FlowForge synthetic (TradeStat not downloaded; see ingest/tradestat.py),,2026-09-27T00:00:00Z,SYNTH
API-PILOCARPINE,2023-09-01,331697.8586,108933.544,FlowForge synthetic (TradeStat not downloaded; see ingest/tradestat.py),,2026-09-27T00:00:00Z,SYNTH
API-PILOCARPINE,2023-10-01,329860.5865,73994.895,FlowForge synthetic (TradeStat not downloaded; see ingest/tradestat.py),,2026-09-27T00:00:00Z,SYNTH
API-PILOCARPINE,2023-11-01,346633.8149,102790.216,FlowForge synthetic (TradeStat not downloaded; see ingest/tradestat.py),,2026-09-27T00:00:00Z,SYNTH
API-PILOCARPINE,2023-12-01,350474.4725,89058.09,FlowForge synthetic (TradeStat not downloaded; see ingest/tradestat.py),,2026-09-27T00:00:00Z,SYNTH
API-PILOCARPINE,2024-01-01,334279.1111,73762.911,FlowForge synthetic (TradeStat not downloaded; see ingest/tradestat.py),,2026-09-27T00:00:00Z,SYNTH
API-PILOCARPINE,2024-02-01,331211.5031,119909.863,FlowForge synthetic (TradeStat not downloaded; see ingest/tradestat.py),,2026-09-27T00:00:00Z,SYNTH
API-PILOCARPINE,2024-03-01,322936.2233,121482.265,FlowForge synthetic (TradeStat not downloaded; see ingest/tradestat.py),,2026-09-27T00:00:00Z,SYNTH
API-PILOCARPINE,2024-04-01,330837.9176,91771.768,FlowForge synthetic (TradeStat not downloaded; see ingest/tradestat.py),,2026-09-27T00:00:00Z,SYNTH
API-PILOCARPINE,2024-05-01,336575.6667,53382.25,FlowForge synthetic (TradeStat not downloaded; see ingest/tradestat.py),,2026-09-27T00:00:00Z,SYNTH
API-PILOCARPINE,2024-06-01,342420.5327,66659.375,FlowForge synthetic (TradeStat not downloaded; see ingest/tradestat.py),,2026-09-27T00:00:00Z,SYNTH
API-PILOCARPINE,2024-07-01,355113.3072,119827.075,FlowForge synthetic (TradeStat not downloaded; see ingest/tradestat.py),,2026-09-27T00:00:00Z,SYNTH
API-PILOCARPINE,2024-08-01,355735.5144,117166.894,FlowForge synthetic (TradeStat not downloaded; see ingest/tradestat.py),,2026-09-27T00:00:00Z,SYNTH
API-PILOCARPINE,2024-09-01,376740.5081,103183.515,FlowForge synthetic (TradeStat not downloaded; see ingest/tradestat.py),,2026-09-27T00:00:00Z,SYNTH
API-PILOCARPINE,2024-10-01,396481.3414,76993.307,FlowForge synthetic (TradeStat not downloaded; see ingest/tradestat.py),,2026-09-27T00:00:00Z,SYNTH
API-PILOCARPINE,2024-11-01,398327.5288,107189.862,FlowForge synthetic (TradeStat not downloaded; see ingest/tradestat.py),,2026-09-27T00:00:00Z,SYNTH
API-PILOCARPINE,2024-12-01,388424.1554,53787.535,FlowForge synthetic (TradeStat not downloaded; see ingest/tradestat.py),,2026-09-27T00:00:00Z,SYNTH
API-PILOCARPINE,2025-01-01,393385.9518,45699.639,FlowForge synthetic (TradeStat not downloaded; see ingest/tradestat.py),,2026-09-27T00:00:00Z,SYNTH
API-PILOCARPINE,2025-02-01,381190.3026,87330.606,FlowForge synthetic (TradeStat not downloaded; see ingest/tradestat.py),,2026-09-27T00:00:00Z,SYNTH
API-PILOCARPINE,2025-03-01,373847.5449,123732.787,FlowForge synthetic (TradeStat not downloaded; see ingest/tradestat.py),,2026-09-27T00:00:00Z,SYNTH
API-PILOCARPINE,2025-04-01,387068.4241,69535.181,FlowForge synthetic (TradeStat not downloaded; see ingest/tradestat.py),,2026-09-27T00:00:00Z,SYNTH
API-PILOCARPINE,2025-05-01,370148.945,95177.671,FlowForge synthetic (TradeStat not downloaded; see ingest/tradestat.py),,2026-09-27T00:00:00Z,SYNTH
API-PILOCARPINE,2025-06-01,377224.9744,91880.693,FlowForge synthetic (TradeStat not downloaded; see ingest/tradestat.py),,2026-09-27T00:00:00Z,SYNTH
API-PILOCARPINE,2025-07-01,375735.1193,98562.391,FlowForge synthetic (TradeStat not downloaded; see ingest/tradestat.py),,2026-09-27T00:00:00Z,SYNTH
API-PILOCARPINE,2025-08-01,375048.4206,77425.131,FlowForge synthetic (TradeStat not downloaded; see ingest/tradestat.py),,2026-09-27T00:00:00Z,SYNTH
API-PILOCARPINE,2025-09-01,370453.6445,80001.343,FlowForge synthetic (TradeStat not downloaded; see ingest/tradestat.py),,2026-09-27T00:00:00Z,SYNTH
API-PILOCARPINE,2025-10-01,399360.8019,136704.487,FlowForge synthetic (TradeStat not downloaded; see ingest/tradestat.py),,2026-09-27T00:00:00Z,SYNTH
API-PILOCARPINE,2025-11-01,411520.017,81398.763,FlowForge synthetic (TradeStat not downloaded; see ingest/tradestat.py),,2026-09-27T00:00:00Z,SYNTH
API-PILOCARPINE,2025-12-01,420198.6448,57924.611,FlowForge synthetic (TradeStat not downloaded; see ingest/tradestat.py),,2026-09-27T00:00:00Z,SYNTH
API-PILOCARPINE,2026-01-01,410146.7027,34937.565,FlowForge synthetic (TradeStat not downloaded; see ingest/tradestat.py),,2026-09-27T00:00:00Z,SYNTH
API-PILOCARPINE,2026-02-01,420602.4977,66687.854,FlowForge synthetic (TradeStat not downloaded; see ingest/tradestat.py),,2026-09-27T00:00:00Z,SYNTH
API-PILOCARPINE,2026-03-01,430586.179,140894.733,FlowForge synthetic (TradeStat not downloaded; see ingest/tradestat.py),,2026-09-27T00:00:00Z,SYNTH
API-PILOCARPINE,2026-04-01,444472.8999,94041.761,FlowForge synthetic (TradeStat not downloaded; see ingest/tradestat.py),,2026-09-27T00:00:00Z,SYNTH
API-PILOCARPINE,2026-05-01,441241.1862,92280.366,FlowForge synthetic (TradeStat not downloaded; see ingest/tradestat.py),,2026-09-27T00:00:00Z,SYNTH
API-PILOCARPINE,2026-06-01,451631.7403,76159.798,FlowForge synthetic (TradeStat not downloaded; see ingest/tradestat.py),,2026-09-27T00:00:00Z,SYNTH
API-PILOCARPINE,2026-07-01,457999.4977,98393.697,FlowForge synthetic (TradeStat not downloaded; see ingest/tradestat.py),,2026-09-27T00:00:00Z,SYNTH
API-PILOCARPINE,2026-08-01,457272.376,122275.21,FlowForge synthetic (TradeStat not downloaded; see ingest/tradestat.py),,2026-09-27T00:00:00Z,SYNTH
API-PILOCARPINE,2026-09-01,438392.5835,93524.706,FlowForge synthetic (TradeStat not downloaded; see ingest/tradestat.py),,2026-09-27T00:00:00Z,SYNTH
API-PRIMAQUINE,2019-01-01,28584.378,49185.314,FlowForge synthetic (TradeStat not downloaded; see ingest/tradestat.py),,2026-09-27T00:00:00Z,SYNTH
API-PRIMAQUINE,2019-02-01,29808.542,86945.576,FlowForge synthetic (TradeStat not downloaded; see ingest/tradestat.py),,2026-09-27T00:00:00Z,SYNTH
API-PRIMAQUINE,2019-03-01,29524.0266,116571.628,FlowForge synthetic (TradeStat not downloaded; see ingest/tradestat.py),,2026-09-27T00:00:00Z,SYNTH
API-PRIMAQUINE,2019-04-01,28276.9003,77051.865,FlowForge synthetic (TradeStat not downloaded; see ingest/tradestat.py),,2026-09-27T00:00:00Z,SYNTH
API-PRIMAQUINE,2019-05-01,27238.1972,77384.511,FlowForge synthetic (TradeStat not downloaded; see ingest/tradestat.py),,2026-09-27T00:00:00Z,SYNTH
API-PRIMAQUINE,2019-06-01,27779.1054,76794.923,FlowForge synthetic (TradeStat not downloaded; see ingest/tradestat.py),,2026-09-27T00:00:00Z,SYNTH
API-PRIMAQUINE,2019-07-01,29372.1073,57075.685,FlowForge synthetic (TradeStat not downloaded; see ingest/tradestat.py),,2026-09-27T00:00:00Z,SYNTH
API-PRIMAQUINE,2019-08-01,29880.5363,61722.297,FlowForge synthetic (TradeStat not downloaded; see ingest/tradestat.py),,2026-09-27T00:00:00Z,SYNTH
API-PRIMAQUINE,2019-09-01,31023.1509,129269.646,FlowForge synthetic (TradeStat not downloaded; see ingest/tradestat.py),,2026-09-27T00:00:00Z,SYNTH
API-PRIMAQUINE,2019-10-01,30509.9568,36042.628,FlowForge synthetic (TradeStat not downloaded; see ingest/tradestat.py),,2026-09-27T00:00:00Z,SYNTH
API-PRIMAQUINE,2019-11-01,29990.3783,44842.769,FlowForge synthetic (TradeStat not downloaded; see ingest/tradestat.py),,2026-09-27T00:00:00Z,SYNTH
API-PRIMAQUINE,2019-12-01,29141.3007,63941.674,FlowForge synthetic (TradeStat not downloaded; see ingest/tradestat.py),,2026-09-27T00:00:00Z,SYNTH
API-PRIMAQUINE,2020-01-01,30214.8329,115363.826,FlowForge synthetic (TradeStat not downloaded; see ingest/tradestat.py),,2026-09-27T00:00:00Z,SYNTH
API-PRIMAQUINE,2020-02-01,32034.4403,39658.105,FlowForge synthetic (TradeStat not downloaded; see ingest/tradestat.py),,2026-09-27T00:00:00Z,SYNTH
API-PRIMAQUINE,2020-03-01,33981.7748,52334.883,FlowForge synthetic (TradeStat not downloaded; see ingest/tradestat.py),,2026-09-27T00:00:00Z,SYNTH
API-PRIMAQUINE,2020-04-01,32856.4042,62133.631,FlowForge synthetic (TradeStat not downloaded; see ingest/tradestat.py),,2026-09-27T00:00:00Z,SYNTH
API-PRIMAQUINE,2020-05-01,32992.0968,69510.652,FlowForge synthetic (TradeStat not downloaded; see ingest/tradestat.py),,2026-09-27T00:00:00Z,SYNTH
API-PRIMAQUINE,2020-06-01,33049.0075,79963.69,FlowForge synthetic (TradeStat not downloaded; see ingest/tradestat.py),,2026-09-27T00:00:00Z,SYNTH
API-PRIMAQUINE,2020-07-01,34954.9629,58750.566,FlowForge synthetic (TradeStat not downloaded; see ingest/tradestat.py),,2026-09-27T00:00:00Z,SYNTH
API-PRIMAQUINE,2020-08-01,33072.5232,86838.471,FlowForge synthetic (TradeStat not downloaded; see ingest/tradestat.py),,2026-09-27T00:00:00Z,SYNTH
API-PRIMAQUINE,2020-09-01,34162.2342,126965.965,FlowForge synthetic (TradeStat not downloaded; see ingest/tradestat.py),,2026-09-27T00:00:00Z,SYNTH
API-PRIMAQUINE,2020-10-01,37559.2197,101137.307,FlowForge synthetic (TradeStat not downloaded; see ingest/tradestat.py),,2026-09-27T00:00:00Z,SYNTH
API-PRIMAQUINE,2020-11-01,38210.0101,56719.294,FlowForge synthetic (TradeStat not downloaded; see ingest/tradestat.py),,2026-09-27T00:00:00Z,SYNTH
API-PRIMAQUINE,2020-12-01,37421.6972,91227.942,FlowForge synthetic (TradeStat not downloaded; see ingest/tradestat.py),,2026-09-27T00:00:00Z,SYNTH
API-PRIMAQUINE,2021-01-01,37575.4088,53990.141,FlowForge synthetic (TradeStat not downloaded; see ingest/tradestat.py),,2026-09-27T00:00:00Z,SYNTH
API-PRIMAQUINE,2021-02-01,40105.7881,50569.213,FlowForge synthetic (TradeStat not downloaded; see ingest/tradestat.py),,2026-09-27T00:00:00Z,SYNTH
API-PRIMAQUINE,2021-03-01,42158.6073,61725.512,FlowForge synthetic (TradeStat not downloaded; see ingest/tradestat.py),,2026-09-27T00:00:00Z,SYNTH
API-PRIMAQUINE,2021-04-01,41779.7067,103702.318,FlowForge synthetic (TradeStat not downloaded; see ingest/tradestat.py),,2026-09-27T00:00:00Z,SYNTH
API-PRIMAQUINE,2021-05-01,40723.1929,147678.704,FlowForge synthetic (TradeStat not downloaded; see ingest/tradestat.py),,2026-09-27T00:00:00Z,SYNTH
API-PRIMAQUINE,2021-06-01,41774.4669,172060.984,FlowForge synthetic (TradeStat not downloaded; see ingest/tradestat.py),,2026-09-27T00:00:00Z,SYNTH
API-PRIMAQUINE,2021-07-01,41847.1109,57732.623,FlowForge synthetic (TradeStat not downloaded; see ingest/tradestat.py),,2026-09-27T00:00:00Z,SYNTH
API-PRIMAQUINE,2021-08-01,43157.1463,145889.414,FlowForge synthetic (TradeStat not downloaded; see ingest/tradestat.py),,2026-09-27T00:00:00Z,SYNTH
API-PRIMAQUINE,2021-09-01,42501.2614,169617.725,FlowForge synthetic (TradeStat not downloaded; see ingest/tradestat.py),,2026-09-27T00:00:00Z,SYNTH
API-PRIMAQUINE,2021-10-01,42285.6925,93728.431,FlowForge synthetic (TradeStat not downloaded; see ingest/tradestat.py),,2026-09-27T00:00:00Z,SYNTH
API-PRIMAQUINE,2021-11-01,41339.5766,57056.351,FlowForge synthetic (TradeStat not downloaded; see ingest/tradestat.py),,2026-09-27T00:00:00Z,SYNTH
API-PRIMAQUINE,2021-12-01,42104.8433,103265.904,FlowForge synthetic (TradeStat not downloaded; see ingest/tradestat.py),,2026-09-27T00:00:00Z,SYNTH
API-PRIMAQUINE,2022-01-01,41915.2186,70517.493,FlowForge synthetic (TradeStat not downloaded; see ingest/tradestat.py),,2026-09-27T00:00:00Z,SYNTH
API-PRIMAQUINE,2022-02-01,39972.3895,81148.077,FlowForge synthetic (TradeStat not downloaded; see ingest/tradestat.py),,2026-09-27T00:00:00Z,SYNTH
API-PRIMAQUINE,2022-03-01,42780.6026,119918.72,FlowForge synthetic (TradeStat not downloaded; see ingest/tradestat.py),,2026-09-27T00:00:00Z,SYNTH
API-PRIMAQUINE,2022-04-01,45090.3729,70539.886,FlowForge synthetic (TradeStat not downloaded; see ingest/tradestat.py),,2026-09-27T00:00:00Z,SYNTH
API-PRIMAQUINE,2022-05-01,46410.7414,29529.051,FlowForge synthetic (TradeStat not downloaded; see ingest/tradestat.py),,2026-09-27T00:00:00Z,SYNTH
API-PRIMAQUINE,2022-06-01,46635.0809,109470.294,FlowForge synthetic (TradeStat not downloaded; see ingest/tradestat.py),,2026-09-27T00:00:00Z,SYNTH
API-PRIMAQUINE,2022-07-01,46386.7393,86212.856,FlowForge synthetic (TradeStat not downloaded; see ingest/tradestat.py),,2026-09-27T00:00:00Z,SYNTH
API-PRIMAQUINE,2022-08-01,47846.124,90635.857,FlowForge synthetic (TradeStat not downloaded; see ingest/tradestat.py),,2026-09-27T00:00:00Z,SYNTH
API-PRIMAQUINE,2022-09-01,50034.5871,82799.505,FlowForge synthetic (TradeStat not downloaded; see ingest/tradestat.py),,2026-09-27T00:00:00Z,SYNTH
API-PRIMAQUINE,2022-10-01,50618.4266,97752.743,FlowForge synthetic (TradeStat not downloaded; see ingest/tradestat.py),,2026-09-27T00:00:00Z,SYNTH
API-PRIMAQUINE,2022-11-01,50623.522,75028.118,FlowForge synthetic (TradeStat not downloaded; see ingest/tradestat.py),,2026-09-27T00:00:00Z,SYNTH
API-PRIMAQUINE,2022-12-01,50577.6023,143676.349,FlowForge synthetic (TradeStat not downloaded; see ingest/tradestat.py),,2026-09-27T00:00:00Z,SYNTH
API-PRIMAQUINE,2023-01-01,53101.5036,50096.12,FlowForge synthetic (TradeStat not downloaded; see ingest/tradestat.py),,2026-09-27T00:00:00Z,SYNTH
API-PRIMAQUINE,2023-02-01,53362.3749,86040.078,FlowForge synthetic (TradeStat not downloaded; see ingest/tradestat.py),,2026-09-27T00:00:00Z,SYNTH
API-PRIMAQUINE,2023-03-01,55970.2629,123260.667,FlowForge synthetic (TradeStat not downloaded; see ingest/tradestat.py),,2026-09-27T00:00:00Z,SYNTH
API-PRIMAQUINE,2023-04-01,57759.1031,63710.51,FlowForge synthetic (TradeStat not downloaded; see ingest/tradestat.py),,2026-09-27T00:00:00Z,SYNTH
API-PRIMAQUINE,2023-05-01,61748.8555,80924.871,FlowForge synthetic (TradeStat not downloaded; see ingest/tradestat.py),,2026-09-27T00:00:00Z,SYNTH
API-PRIMAQUINE,2023-06-01,58251.7276,71052.22,FlowForge synthetic (TradeStat not downloaded; see ingest/tradestat.py),,2026-09-27T00:00:00Z,SYNTH
API-PRIMAQUINE,2023-07-01,61424.2249,65247.617,FlowForge synthetic (TradeStat not downloaded; see ingest/tradestat.py),,2026-09-27T00:00:00Z,SYNTH
API-PRIMAQUINE,2023-08-01,59991.4058,123826.981,FlowForge synthetic (TradeStat not downloaded; see ingest/tradestat.py),,2026-09-27T00:00:00Z,SYNTH
API-PRIMAQUINE,2023-09-01,57829.9292,121275.928,FlowForge synthetic (TradeStat not downloaded; see ingest/tradestat.py),,2026-09-27T00:00:00Z,SYNTH
API-PRIMAQUINE,2023-10-01,59184.8291,74965.142,FlowForge synthetic (TradeStat not downloaded; see ingest/tradestat.py),,2026-09-27T00:00:00Z,SYNTH
API-PRIMAQUINE,2023-11-01,54302.7173,142884.709,FlowForge synthetic (TradeStat not downloaded; see ingest/tradestat.py),,2026-09-27T00:00:00Z,SYNTH
API-PRIMAQUINE,2023-12-01,54221.8941,106607.077,FlowForge synthetic (TradeStat not downloaded; see ingest/tradestat.py),,2026-09-27T00:00:00Z,SYNTH
API-PRIMAQUINE,2024-01-01,52202.2576,126328.936,FlowForge synthetic (TradeStat not downloaded; see ingest/tradestat.py),,2026-09-27T00:00:00Z,SYNTH
API-PRIMAQUINE,2024-02-01,53399.1907,44722.054,FlowForge synthetic (TradeStat not downloaded; see ingest/tradestat.py),,2026-09-27T00:00:00Z,SYNTH
API-PRIMAQUINE,2024-03-01,53684.8239,97513.281,FlowForge synthetic (TradeStat not downloaded; see ingest/tradestat.py),,2026-09-27T00:00:00Z,SYNTH
API-PRIMAQUINE,2024-04-01,55417.5637,78546.725,FlowForge synthetic (TradeStat not downloaded; see ingest/tradestat.py),,2026-09-27T00:00:00Z,SYNTH
API-PRIMAQUINE,2024-05-01,55852.4772,63869.605,FlowForge synthetic (TradeStat not downloaded; see ingest/tradestat.py),,2026-09-27T00:00:00Z,SYNTH
API-PRIMAQUINE,2024-06-01,53155.1845,70291.313,FlowForge synthetic (TradeStat not downloaded; see ingest/tradestat.py),,2026-09-27T00:00:00Z,SYNTH
API-PRIMAQUINE,2024-07-01,54816.2056,51614.252,FlowForge synthetic (TradeStat not downloaded; see ingest/tradestat.py),,2026-09-27T00:00:00Z,SYNTH
API-PRIMAQUINE,2024-08-01,59165.0018,139868.8,FlowForge synthetic (TradeStat not downloaded; see ingest/tradestat.py),,2026-09-27T00:00:00Z,SYNTH
API-PRIMAQUINE,2024-09-01,56985.4327,78507.061,FlowForge synthetic (TradeStat not downloaded; see ingest/tradestat.py),,2026-09-27T00:00:00Z,SYNTH
API-PRIMAQUINE,2024-10-01,59395.054,77751.905,FlowForge synthetic (TradeStat not downloaded; see ingest/tradestat.py),,2026-09-27T00:00:00Z,SYNTH
API-PRIMAQUINE,2024-11-01,61534.7846,109051.856,FlowForge synthetic (TradeStat not downloaded; see ingest/tradestat.py),,2026-09-27T00:00:00Z,SYNTH
API-PRIMAQUINE,2024-12-01,59251.2579,58456.251,FlowForge synthetic (TradeStat not downloaded; see ingest/tradestat.py),,2026-09-27T00:00:00Z,SYNTH
API-PRIMAQUINE,2025-01-01,59255.9978,68121.934,FlowForge synthetic (TradeStat not downloaded; see ingest/tradestat.py),,2026-09-27T00:00:00Z,SYNTH
API-PRIMAQUINE,2025-02-01,63428.9027,89005.489,FlowForge synthetic (TradeStat not downloaded; see ingest/tradestat.py),,2026-09-27T00:00:00Z,SYNTH
API-PRIMAQUINE,2025-03-01,63909.5635,113329.323,FlowForge synthetic (TradeStat not downloaded; see ingest/tradestat.py),,2026-09-27T00:00:00Z,SYNTH
API-PRIMAQUINE,2025-04-01,65978.4947,56185.394,FlowForge synthetic (TradeStat not downloaded; see ingest/tradestat.py),,2026-09-27T00:00:00Z,SYNTH
API-PRIMAQUINE,2025-05-01,65971.004,77802.194,FlowForge synthetic (TradeStat not downloaded; see ingest/tradestat.py),,2026-09-27T00:00:00Z,SYNTH
API-PRIMAQUINE,2025-06-01,65258.3659,99778.57,FlowForge synthetic (TradeStat not downloaded; see ingest/tradestat.py),,2026-09-27T00:00:00Z,SYNTH
API-PRIMAQUINE,2025-07-01,67851.8749,88137.6,FlowForge synthetic (TradeStat not downloaded; see ingest/tradestat.py),,2026-09-27T00:00:00Z,SYNTH
API-PRIMAQUINE,2025-08-01,75149.4761,47703.042,FlowForge synthetic (TradeStat not downloaded; see ingest/tradestat.py),,2026-09-27T00:00:00Z,SYNTH
API-PRIMAQUINE,2025-09-01,75033.07,61776.6,FlowForge synthetic (TradeStat not downloaded; see ingest/tradestat.py),,2026-09-27T00:00:00Z,SYNTH
API-PRIMAQUINE,2025-10-01,71720.1821,56598.77,FlowForge synthetic (TradeStat not downloaded; see ingest/tradestat.py),,2026-09-27T00:00:00Z,SYNTH
API-PRIMAQUINE,2025-11-01,76383.3425,146686.132,FlowForge synthetic (TradeStat not downloaded; see ingest/tradestat.py),,2026-09-27T00:00:00Z,SYNTH
API-PRIMAQUINE,2025-12-01,80091.984,150224.747,FlowForge synthetic (TradeStat not downloaded; see ingest/tradestat.py),,2026-09-27T00:00:00Z,SYNTH
API-PRIMAQUINE,2026-01-01,84345.4062,42335.926,FlowForge synthetic (TradeStat not downloaded; see ingest/tradestat.py),,2026-09-27T00:00:00Z,SYNTH
API-PRIMAQUINE,2026-02-01,82196.1878,59894.563,FlowForge synthetic (TradeStat not downloaded; see ingest/tradestat.py),,2026-09-27T00:00:00Z,SYNTH
API-PRIMAQUINE,2026-03-01,82727.8258,65129.244,FlowForge synthetic (TradeStat not downloaded; see ingest/tradestat.py),,2026-09-27T00:00:00Z,SYNTH
API-PRIMAQUINE,2026-04-01,83136.7302,77287.62,FlowForge synthetic (TradeStat not downloaded; see ingest/tradestat.py),,2026-09-27T00:00:00Z,SYNTH
API-PRIMAQUINE,2026-05-01,93439.0785,87191.232,FlowForge synthetic (TradeStat not downloaded; see ingest/tradestat.py),,2026-09-27T00:00:00Z,SYNTH
API-PRIMAQUINE,2026-06-01,90626.0316,126558.958,FlowForge synthetic (TradeStat not downloaded; see ingest/tradestat.py),,2026-09-27T00:00:00Z,SYNTH
API-PRIMAQUINE,2026-07-01,88624.0668,85509.584,FlowForge synthetic (TradeStat not downloaded; see ingest/tradestat.py),,2026-09-27T00:00:00Z,SYNTH
API-PRIMAQUINE,2026-08-01,90355.7966,90789.354,FlowForge synthetic (TradeStat not downloaded; see ingest/tradestat.py),,2026-09-27T00:00:00Z,SYNTH
API-PRIMAQUINE,2026-09-01,92229.3395,73506.426,FlowForge synthetic (TradeStat not downloaded; see ingest/tradestat.py),,2026-09-27T00:00:00Z,SYNTH
API-PYRAZINAMIDE,2019-01-01,2687.5553,277360.342,FlowForge synthetic (TradeStat not downloaded; see ingest/tradestat.py),,2026-09-27T00:00:00Z,SYNTH
API-PYRAZINAMIDE,2019-02-01,2703.0228,348646.915,FlowForge synthetic (TradeStat not downloaded; see ingest/tradestat.py),,2026-09-27T00:00:00Z,SYNTH
API-PYRAZINAMIDE,2019-03-01,2681.9656,412820.04,FlowForge synthetic (TradeStat not downloaded; see ingest/tradestat.py),,2026-09-27T00:00:00Z,SYNTH
API-PYRAZINAMIDE,2019-04-01,2627.1325,285805.678,FlowForge synthetic (TradeStat not downloaded; see ingest/tradestat.py),,2026-09-27T00:00:00Z,SYNTH
API-PYRAZINAMIDE,2019-05-01,2699.8287,819578.829,FlowForge synthetic (TradeStat not downloaded; see ingest/tradestat.py),,2026-09-27T00:00:00Z,SYNTH
API-PYRAZINAMIDE,2019-06-01,2670.0702,527863.183,FlowForge synthetic (TradeStat not downloaded; see ingest/tradestat.py),,2026-09-27T00:00:00Z,SYNTH
API-PYRAZINAMIDE,2019-07-01,2680.0057,772711.625,FlowForge synthetic (TradeStat not downloaded; see ingest/tradestat.py),,2026-09-27T00:00:00Z,SYNTH
API-PYRAZINAMIDE,2019-08-01,2646.3051,510818.674,FlowForge synthetic (TradeStat not downloaded; see ingest/tradestat.py),,2026-09-27T00:00:00Z,SYNTH
API-PYRAZINAMIDE,2019-09-01,2708.0124,364939.757,FlowForge synthetic (TradeStat not downloaded; see ingest/tradestat.py),,2026-09-27T00:00:00Z,SYNTH
API-PYRAZINAMIDE,2019-10-01,2694.7114,375932.632,FlowForge synthetic (TradeStat not downloaded; see ingest/tradestat.py),,2026-09-27T00:00:00Z,SYNTH
API-PYRAZINAMIDE,2019-11-01,2786.4087,331790.18,FlowForge synthetic (TradeStat not downloaded; see ingest/tradestat.py),,2026-09-27T00:00:00Z,SYNTH
API-PYRAZINAMIDE,2019-12-01,2748.4795,563642.668,FlowForge synthetic (TradeStat not downloaded; see ingest/tradestat.py),,2026-09-27T00:00:00Z,SYNTH
API-PYRAZINAMIDE,2020-01-01,2816.2164,508485.194,FlowForge synthetic (TradeStat not downloaded; see ingest/tradestat.py),,2026-09-27T00:00:00Z,SYNTH
API-PYRAZINAMIDE,2020-02-01,2751.3113,420103.719,FlowForge synthetic (TradeStat not downloaded; see ingest/tradestat.py),,2026-09-27T00:00:00Z,SYNTH
API-PYRAZINAMIDE,2020-03-01,2669.5466,273785.04,FlowForge synthetic (TradeStat not downloaded; see ingest/tradestat.py),,2026-09-27T00:00:00Z,SYNTH
API-PYRAZINAMIDE,2020-04-01,2686.8438,462566.66,FlowForge synthetic (TradeStat not downloaded; see ingest/tradestat.py),,2026-09-27T00:00:00Z,SYNTH
API-PYRAZINAMIDE,2020-05-01,2687.5155,277967.482,FlowForge synthetic (TradeStat not downloaded; see ingest/tradestat.py),,2026-09-27T00:00:00Z,SYNTH
API-PYRAZINAMIDE,2020-06-01,2778.8002,689664.556,FlowForge synthetic (TradeStat not downloaded; see ingest/tradestat.py),,2026-09-27T00:00:00Z,SYNTH
API-PYRAZINAMIDE,2020-07-01,2604.5175,274139.786,FlowForge synthetic (TradeStat not downloaded; see ingest/tradestat.py),,2026-09-27T00:00:00Z,SYNTH
API-PYRAZINAMIDE,2020-08-01,2588.9076,762239.639,FlowForge synthetic (TradeStat not downloaded; see ingest/tradestat.py),,2026-09-27T00:00:00Z,SYNTH
API-PYRAZINAMIDE,2020-09-01,2562.5274,328362.465,FlowForge synthetic (TradeStat not downloaded; see ingest/tradestat.py),,2026-09-27T00:00:00Z,SYNTH
API-PYRAZINAMIDE,2020-10-01,2599.6967,385298.908,FlowForge synthetic (TradeStat not downloaded; see ingest/tradestat.py),,2026-09-27T00:00:00Z,SYNTH
API-PYRAZINAMIDE,2020-11-01,2587.6517,434054.384,FlowForge synthetic (TradeStat not downloaded; see ingest/tradestat.py),,2026-09-27T00:00:00Z,SYNTH
API-PYRAZINAMIDE,2020-12-01,2537.5077,285409.485,FlowForge synthetic (TradeStat not downloaded; see ingest/tradestat.py),,2026-09-27T00:00:00Z,SYNTH
API-PYRAZINAMIDE,2021-01-01,2591.4722,1246873.64,FlowForge synthetic (TradeStat not downloaded; see ingest/tradestat.py),,2026-09-27T00:00:00Z,SYNTH
API-PYRAZINAMIDE,2021-02-01,2622.8775,407990.809,FlowForge synthetic (TradeStat not downloaded; see ingest/tradestat.py),,2026-09-27T00:00:00Z,SYNTH
API-PYRAZINAMIDE,2021-03-01,2647.5939,553709.904,FlowForge synthetic (TradeStat not downloaded; see ingest/tradestat.py),,2026-09-27T00:00:00Z,SYNTH
API-PYRAZINAMIDE,2021-04-01,2711.8758,493017.01,FlowForge synthetic (TradeStat not downloaded; see ingest/tradestat.py),,2026-09-27T00:00:00Z,SYNTH
API-PYRAZINAMIDE,2021-05-01,2661.2966,346241.325,FlowForge synthetic (TradeStat not downloaded; see ingest/tradestat.py),,2026-09-27T00:00:00Z,SYNTH
API-PYRAZINAMIDE,2021-06-01,2719.215,468561.133,FlowForge synthetic (TradeStat not downloaded; see ingest/tradestat.py),,2026-09-27T00:00:00Z,SYNTH
API-PYRAZINAMIDE,2021-07-01,2692.3907,258398.504,FlowForge synthetic (TradeStat not downloaded; see ingest/tradestat.py),,2026-09-27T00:00:00Z,SYNTH
API-PYRAZINAMIDE,2021-08-01,2613.4724,326141.178,FlowForge synthetic (TradeStat not downloaded; see ingest/tradestat.py),,2026-09-27T00:00:00Z,SYNTH
API-PYRAZINAMIDE,2021-09-01,2791.0518,559067.222,FlowForge synthetic (TradeStat not downloaded; see ingest/tradestat.py),,2026-09-27T00:00:00Z,SYNTH
API-PYRAZINAMIDE,2021-10-01,2731.0649,303310.541,FlowForge synthetic (TradeStat not downloaded; see ingest/tradestat.py),,2026-09-27T00:00:00Z,SYNTH
API-PYRAZINAMIDE,2021-11-01,2759.7428,411134.934,FlowForge synthetic (TradeStat not downloaded; see ingest/tradestat.py),,2026-09-27T00:00:00Z,SYNTH
API-PYRAZINAMIDE,2021-12-01,2865.5489,640616.968,FlowForge synthetic (TradeStat not downloaded; see ingest/tradestat.py),,2026-09-27T00:00:00Z,SYNTH
API-PYRAZINAMIDE,2022-01-01,2902.1595,329530.579,FlowForge synthetic (TradeStat not downloaded; see ingest/tradestat.py),,2026-09-27T00:00:00Z,SYNTH
API-PYRAZINAMIDE,2022-02-01,2888.221,482049.136,FlowForge synthetic (TradeStat not downloaded; see ingest/tradestat.py),,2026-09-27T00:00:00Z,SYNTH
API-PYRAZINAMIDE,2022-03-01,3031.1911,557568.557,FlowForge synthetic (TradeStat not downloaded; see ingest/tradestat.py),,2026-09-27T00:00:00Z,SYNTH
API-PYRAZINAMIDE,2022-04-01,3230.9667,572485.662,FlowForge synthetic (TradeStat not downloaded; see ingest/tradestat.py),,2026-09-27T00:00:00Z,SYNTH
API-PYRAZINAMIDE,2022-05-01,3292.5464,472321.009,FlowForge synthetic (TradeStat not downloaded; see ingest/tradestat.py),,2026-09-27T00:00:00Z,SYNTH
API-PYRAZINAMIDE,2022-06-01,3192.3063,202199.302,FlowForge synthetic (TradeStat not downloaded; see ingest/tradestat.py),,2026-09-27T00:00:00Z,SYNTH
API-PYRAZINAMIDE,2022-07-01,3315.842,279345.413,FlowForge synthetic (TradeStat not downloaded; see ingest/tradestat.py),,2026-09-27T00:00:00Z,SYNTH
API-PYRAZINAMIDE,2022-08-01,3443.8488,684151.249,FlowForge synthetic (TradeStat not downloaded; see ingest/tradestat.py),,2026-09-27T00:00:00Z,SYNTH
API-PYRAZINAMIDE,2022-09-01,3578.2165,522866.735,FlowForge synthetic (TradeStat not downloaded; see ingest/tradestat.py),,2026-09-27T00:00:00Z,SYNTH
API-PYRAZINAMIDE,2022-10-01,3708.3572,539340.407,FlowForge synthetic (TradeStat not downloaded; see ingest/tradestat.py),,2026-09-27T00:00:00Z,SYNTH
API-PYRAZINAMIDE,2022-11-01,3829.5418,488540.931,FlowForge synthetic (TradeStat not downloaded; see ingest/tradestat.py),,2026-09-27T00:00:00Z,SYNTH
API-PYRAZINAMIDE,2022-12-01,3846.1493,694632.763,FlowForge synthetic (TradeStat not downloaded; see ingest/tradestat.py),,2026-09-27T00:00:00Z,SYNTH
API-PYRAZINAMIDE,2023-01-01,3991.0018,334401.716,FlowForge synthetic (TradeStat not downloaded; see ingest/tradestat.py),,2026-09-27T00:00:00Z,SYNTH
API-PYRAZINAMIDE,2023-02-01,3925.298,316859.58,FlowForge synthetic (TradeStat not downloaded; see ingest/tradestat.py),,2026-09-27T00:00:00Z,SYNTH
API-PYRAZINAMIDE,2023-03-01,4080.8498,340212.6,FlowForge synthetic (TradeStat not downloaded; see ingest/tradestat.py),,2026-09-27T00:00:00Z,SYNTH
API-PYRAZINAMIDE,2023-04-01,3955.0623,177902.001,FlowForge synthetic (TradeStat not downloaded; see ingest/tradestat.py),,2026-09-27T00:00:00Z,SYNTH
API-PYRAZINAMIDE,2023-05-01,3976.1648,595513.306,FlowForge synthetic (TradeStat not downloaded; see ingest/tradestat.py),,2026-09-27T00:00:00Z,SYNTH
API-PYRAZINAMIDE,2023-06-01,4038.3705,432180.2,FlowForge synthetic (TradeStat not downloaded; see ingest/tradestat.py),,2026-09-27T00:00:00Z,SYNTH
API-PYRAZINAMIDE,2023-07-01,4145.2574,424576.145,FlowForge synthetic (TradeStat not downloaded; see ingest/tradestat.py),,2026-09-27T00:00:00Z,SYNTH
API-PYRAZINAMIDE,2023-08-01,4203.8528,353058.726,FlowForge synthetic (TradeStat not downloaded; see ingest/tradestat.py),,2026-09-27T00:00:00Z,SYNTH
API-PYRAZINAMIDE,2023-09-01,4423.4637,329988.789,FlowForge synthetic (TradeStat not downloaded; see ingest/tradestat.py),,2026-09-27T00:00:00Z,SYNTH
API-PYRAZINAMIDE,2023-10-01,4325.6732,325135.021,FlowForge synthetic (TradeStat not downloaded; see ingest/tradestat.py),,2026-09-27T00:00:00Z,SYNTH
API-PYRAZINAMIDE,2023-11-01,4146.1864,660068.316,FlowForge synthetic (TradeStat not downloaded; see ingest/tradestat.py),,2026-09-27T00:00:00Z,SYNTH
API-PYRAZINAMIDE,2023-12-01,4237.0209,606502.069,FlowForge synthetic (TradeStat not downloaded; see ingest/tradestat.py),,2026-09-27T00:00:00Z,SYNTH
API-PYRAZINAMIDE,2024-01-01,4213.5876,259664.591,FlowForge synthetic (TradeStat not downloaded; see ingest/tradestat.py),,2026-09-27T00:00:00Z,SYNTH
API-PYRAZINAMIDE,2024-02-01,4320.5613,285450.397,FlowForge synthetic (TradeStat not downloaded; see ingest/tradestat.py),,2026-09-27T00:00:00Z,SYNTH
API-PYRAZINAMIDE,2024-03-01,4431.1754,576587.428,FlowForge synthetic (TradeStat not downloaded; see ingest/tradestat.py),,2026-09-27T00:00:00Z,SYNTH
API-PYRAZINAMIDE,2024-04-01,4636.3808,464817.879,FlowForge synthetic (TradeStat not downloaded; see ingest/tradestat.py),,2026-09-27T00:00:00Z,SYNTH
API-PYRAZINAMIDE,2024-05-01,4529.3327,1181224.334,FlowForge synthetic (TradeStat not downloaded; see ingest/tradestat.py),,2026-09-27T00:00:00Z,SYNTH
API-PYRAZINAMIDE,2024-06-01,4702.4747,241878.089,FlowForge synthetic (TradeStat not downloaded; see ingest/tradestat.py),,2026-09-27T00:00:00Z,SYNTH
API-PYRAZINAMIDE,2024-07-01,4624.7218,745834.415,FlowForge synthetic (TradeStat not downloaded; see ingest/tradestat.py),,2026-09-27T00:00:00Z,SYNTH
API-PYRAZINAMIDE,2024-08-01,4685.057,352749.207,FlowForge synthetic (TradeStat not downloaded; see ingest/tradestat.py),,2026-09-27T00:00:00Z,SYNTH
API-PYRAZINAMIDE,2024-09-01,4626.0346,241136.771,FlowForge synthetic (TradeStat not downloaded; see ingest/tradestat.py),,2026-09-27T00:00:00Z,SYNTH
API-PYRAZINAMIDE,2024-10-01,4516.6233,313331.414,FlowForge synthetic (TradeStat not downloaded; see ingest/tradestat.py),,2026-09-27T00:00:00Z,SYNTH
API-PYRAZINAMIDE,2024-11-01,4551.5438,711858.485,FlowForge synthetic (TradeStat not downloaded; see ingest/tradestat.py),,2026-09-27T00:00:00Z,SYNTH
API-PYRAZINAMIDE,2024-12-01,4599.9928,318304.989,FlowForge synthetic (TradeStat not downloaded; see ingest/tradestat.py),,2026-09-27T00:00:00Z,SYNTH
API-PYRAZINAMIDE,2025-01-01,4650.4846,825026.047,FlowForge synthetic (TradeStat not downloaded; see ingest/tradestat.py),,2026-09-27T00:00:00Z,SYNTH
API-PYRAZINAMIDE,2025-02-01,5030.9834,402727.54,FlowForge synthetic (TradeStat not downloaded; see ingest/tradestat.py),,2026-09-27T00:00:00Z,SYNTH
API-PYRAZINAMIDE,2025-03-01,4856.4852,645606.455,FlowForge synthetic (TradeStat not downloaded; see ingest/tradestat.py),,2026-09-27T00:00:00Z,SYNTH
API-PYRAZINAMIDE,2025-04-01,4911.6634,595415.722,FlowForge synthetic (TradeStat not downloaded; see ingest/tradestat.py),,2026-09-27T00:00:00Z,SYNTH
API-PYRAZINAMIDE,2025-05-01,4877.413,473796.309,FlowForge synthetic (TradeStat not downloaded; see ingest/tradestat.py),,2026-09-27T00:00:00Z,SYNTH
API-PYRAZINAMIDE,2025-06-01,4672.948,367613.207,FlowForge synthetic (TradeStat not downloaded; see ingest/tradestat.py),,2026-09-27T00:00:00Z,SYNTH
API-PYRAZINAMIDE,2025-07-01,4687.1962,605536.005,FlowForge synthetic (TradeStat not downloaded; see ingest/tradestat.py),,2026-09-27T00:00:00Z,SYNTH
API-PYRAZINAMIDE,2025-08-01,4709.1606,315565.221,FlowForge synthetic (TradeStat not downloaded; see ingest/tradestat.py),,2026-09-27T00:00:00Z,SYNTH
API-PYRAZINAMIDE,2025-09-01,5040.548,344575.311,FlowForge synthetic (TradeStat not downloaded; see ingest/tradestat.py),,2026-09-27T00:00:00Z,SYNTH
API-PYRAZINAMIDE,2025-10-01,5077.7686,262115.598,FlowForge synthetic (TradeStat not downloaded; see ingest/tradestat.py),,2026-09-27T00:00:00Z,SYNTH
API-PYRAZINAMIDE,2025-11-01,5223.1115,503398.13,FlowForge synthetic (TradeStat not downloaded; see ingest/tradestat.py),,2026-09-27T00:00:00Z,SYNTH
API-PYRAZINAMIDE,2025-12-01,5092.9885,447047.991,FlowForge synthetic (TradeStat not downloaded; see ingest/tradestat.py),,2026-09-27T00:00:00Z,SYNTH
API-PYRAZINAMIDE,2026-01-01,5122.4075,357479.23,FlowForge synthetic (TradeStat not downloaded; see ingest/tradestat.py),,2026-09-27T00:00:00Z,SYNTH
API-PYRAZINAMIDE,2026-02-01,5098.8469,705863.309,FlowForge synthetic (TradeStat not downloaded; see ingest/tradestat.py),,2026-09-27T00:00:00Z,SYNTH
API-PYRAZINAMIDE,2026-03-01,5052.7968,485110.554,FlowForge synthetic (TradeStat not downloaded; see ingest/tradestat.py),,2026-09-27T00:00:00Z,SYNTH
API-PYRAZINAMIDE,2026-04-01,5339.5923,457743.098,FlowForge synthetic (TradeStat not downloaded; see ingest/tradestat.py),,2026-09-27T00:00:00Z,SYNTH
API-PYRAZINAMIDE,2026-05-01,5238.1705,443440.579,FlowForge synthetic (TradeStat not downloaded; see ingest/tradestat.py),,2026-09-27T00:00:00Z,SYNTH
API-PYRAZINAMIDE,2026-06-01,5205.2058,659893.144,FlowForge synthetic (TradeStat not downloaded; see ingest/tradestat.py),,2026-09-27T00:00:00Z,SYNTH
API-PYRAZINAMIDE,2026-07-01,5191.1535,856142.021,FlowForge synthetic (TradeStat not downloaded; see ingest/tradestat.py),,2026-09-27T00:00:00Z,SYNTH
API-PYRAZINAMIDE,2026-08-01,5430.1844,501064.3,FlowForge synthetic (TradeStat not downloaded; see ingest/tradestat.py),,2026-09-27T00:00:00Z,SYNTH
API-PYRAZINAMIDE,2026-09-01,5573.3375,340421.385,FlowForge synthetic (TradeStat not downloaded; see ingest/tradestat.py),,2026-09-27T00:00:00Z,SYNTH
API-QUININE,2019-01-01,8888.5231,1023007.265,FlowForge synthetic (TradeStat not downloaded; see ingest/tradestat.py),,2026-09-27T00:00:00Z,SYNTH
API-QUININE,2019-02-01,8758.4037,415253.056,FlowForge synthetic (TradeStat not downloaded; see ingest/tradestat.py),,2026-09-27T00:00:00Z,SYNTH
API-QUININE,2019-03-01,9039.4281,359531.569,FlowForge synthetic (TradeStat not downloaded; see ingest/tradestat.py),,2026-09-27T00:00:00Z,SYNTH
API-QUININE,2019-04-01,9210.9654,346870.196,FlowForge synthetic (TradeStat not downloaded; see ingest/tradestat.py),,2026-09-27T00:00:00Z,SYNTH
API-QUININE,2019-05-01,9004.5828,332613.533,FlowForge synthetic (TradeStat not downloaded; see ingest/tradestat.py),,2026-09-27T00:00:00Z,SYNTH
API-QUININE,2019-06-01,8858.8702,498958.852,FlowForge synthetic (TradeStat not downloaded; see ingest/tradestat.py),,2026-09-27T00:00:00Z,SYNTH
API-QUININE,2019-07-01,8726.8222,372155.516,FlowForge synthetic (TradeStat not downloaded; see ingest/tradestat.py),,2026-09-27T00:00:00Z,SYNTH
API-QUININE,2019-08-01,8474.0341,597771.415,FlowForge synthetic (TradeStat not downloaded; see ingest/tradestat.py),,2026-09-27T00:00:00Z,SYNTH
API-QUININE,2019-09-01,8746.5073,271359.087,FlowForge synthetic (TradeStat not downloaded; see ingest/tradestat.py),,2026-09-27T00:00:00Z,SYNTH
API-QUININE,2019-10-01,8844.0671,494880.424,FlowForge synthetic (TradeStat not downloaded; see ingest/tradestat.py),,2026-09-27T00:00:00Z,SYNTH
API-QUININE,2019-11-01,8375.7945,582631.392,FlowForge synthetic (TradeStat not downloaded; see ingest/tradestat.py),,2026-09-27T00:00:00Z,SYNTH
API-QUININE,2019-12-01,8205.189,200801.501,FlowForge synthetic (TradeStat not downloaded; see ingest/tradestat.py),,2026-09-27T00:00:00Z,SYNTH
API-QUININE,2020-01-01,8446.1623,455400.251,FlowForge synthetic (TradeStat not downloaded; see ingest/tradestat.py),,2026-09-27T00:00:00Z,SYNTH
API-QUININE,2020-02-01,8438.7689,584318.698,FlowForge synthetic (TradeStat not downloaded; see ingest/tradestat.py),,2026-09-27T00:00:00Z,SYNTH
API-QUININE,2020-03-01,8497.5025,390787.891,FlowForge synthetic (TradeStat not downloaded; see ingest/tradestat.py),,2026-09-27T00:00:00Z,SYNTH
API-QUININE,2020-04-01,8213.3407,540222.774,FlowForge synthetic (TradeStat not downloaded; see ingest/tradestat.py),,2026-09-27T00:00:00Z,SYNTH
API-QUININE,2020-05-01,8194.1746,466442.024,FlowForge synthetic (TradeStat not downloaded; see ingest/tradestat.py),,2026-09-27T00:00:00Z,SYNTH
API-QUININE,2020-06-01,8199.7009,796271.387,FlowForge synthetic (TradeStat not downloaded; see ingest/tradestat.py),,2026-09-27T00:00:00Z,SYNTH
API-QUININE,2020-07-01,8771.4001,313872.873,FlowForge synthetic (TradeStat not downloaded; see ingest/tradestat.py),,2026-09-27T00:00:00Z,SYNTH
API-QUININE,2020-08-01,9184.7177,702616.349,FlowForge synthetic (TradeStat not downloaded; see ingest/tradestat.py),,2026-09-27T00:00:00Z,SYNTH
API-QUININE,2020-09-01,9187.5485,512294.051,FlowForge synthetic (TradeStat not downloaded; see ingest/tradestat.py),,2026-09-27T00:00:00Z,SYNTH
API-QUININE,2020-10-01,9381.4912,381170.985,FlowForge synthetic (TradeStat not downloaded; see ingest/tradestat.py),,2026-09-27T00:00:00Z,SYNTH
API-QUININE,2020-11-01,9520.6206,432212.09,FlowForge synthetic (TradeStat not downloaded; see ingest/tradestat.py),,2026-09-27T00:00:00Z,SYNTH
API-QUININE,2020-12-01,9590.8656,442692.17,FlowForge synthetic (TradeStat not downloaded; see ingest/tradestat.py),,2026-09-27T00:00:00Z,SYNTH
API-QUININE,2021-01-01,9689.9456,268864.78,FlowForge synthetic (TradeStat not downloaded; see ingest/tradestat.py),,2026-09-27T00:00:00Z,SYNTH
API-QUININE,2021-02-01,9801.5963,974767.096,FlowForge synthetic (TradeStat not downloaded; see ingest/tradestat.py),,2026-09-27T00:00:00Z,SYNTH
API-QUININE,2021-03-01,9768.7923,646150.748,FlowForge synthetic (TradeStat not downloaded; see ingest/tradestat.py),,2026-09-27T00:00:00Z,SYNTH
API-QUININE,2021-04-01,10048.0778,398862.196,FlowForge synthetic (TradeStat not downloaded; see ingest/tradestat.py),,2026-09-27T00:00:00Z,SYNTH
API-QUININE,2021-05-01,9571.7202,564405.981,FlowForge synthetic (TradeStat not downloaded; see ingest/tradestat.py),,2026-09-27T00:00:00Z,SYNTH
API-QUININE,2021-06-01,9404.0029,500169.063,FlowForge synthetic (TradeStat not downloaded; see ingest/tradestat.py),,2026-09-27T00:00:00Z,SYNTH
API-QUININE,2021-07-01,9241.7413,519519.072,FlowForge synthetic (TradeStat not downloaded; see ingest/tradestat.py),,2026-09-27T00:00:00Z,SYNTH
API-QUININE,2021-08-01,9242.8043,357249.208,FlowForge synthetic (TradeStat not downloaded; see ingest/tradestat.py),,2026-09-27T00:00:00Z,SYNTH
API-QUININE,2021-09-01,9150.6691,1381382.492,FlowForge synthetic (TradeStat not downloaded; see ingest/tradestat.py),,2026-09-27T00:00:00Z,SYNTH
API-QUININE,2021-10-01,9258.7022,631629.991,FlowForge synthetic (TradeStat not downloaded; see ingest/tradestat.py),,2026-09-27T00:00:00Z,SYNTH
API-QUININE,2021-11-01,9388.3525,417079.795,FlowForge synthetic (TradeStat not downloaded; see ingest/tradestat.py),,2026-09-27T00:00:00Z,SYNTH
API-QUININE,2021-12-01,9518.3591,464042.972,FlowForge synthetic (TradeStat not downloaded; see ingest/tradestat.py),,2026-09-27T00:00:00Z,SYNTH
API-QUININE,2022-01-01,9281.7283,378572.497,FlowForge synthetic (TradeStat not downloaded; see ingest/tradestat.py),,2026-09-27T00:00:00Z,SYNTH
API-QUININE,2022-02-01,9532.4195,959116.493,FlowForge synthetic (TradeStat not downloaded; see ingest/tradestat.py),,2026-09-27T00:00:00Z,SYNTH
API-QUININE,2022-03-01,9482.7852,851734.568,FlowForge synthetic (TradeStat not downloaded; see ingest/tradestat.py),,2026-09-27T00:00:00Z,SYNTH
API-QUININE,2022-04-01,9404.6027,752503.411,FlowForge synthetic (TradeStat not downloaded; see ingest/tradestat.py),,2026-09-27T00:00:00Z,SYNTH
API-QUININE,2022-05-01,9979.4386,361409.474,FlowForge synthetic (TradeStat not downloaded; see ingest/tradestat.py),,2026-09-27T00:00:00Z,SYNTH
API-QUININE,2022-06-01,9939.9187,727157.131,FlowForge synthetic (TradeStat not downloaded; see ingest/tradestat.py),,2026-09-27T00:00:00Z,SYNTH
API-QUININE,2022-07-01,10251.2892,761488.338,FlowForge synthetic (TradeStat not downloaded; see ingest/tradestat.py),,2026-09-27T00:00:00Z,SYNTH
API-QUININE,2022-08-01,10643.1541,244644.036,FlowForge synthetic (TradeStat not downloaded; see ingest/tradestat.py),,2026-09-27T00:00:00Z,SYNTH
API-QUININE,2022-09-01,10295.2219,375255.976,FlowForge synthetic (TradeStat not downloaded; see ingest/tradestat.py),,2026-09-27T00:00:00Z,SYNTH
API-QUININE,2022-10-01,10618.1398,363196.451,FlowForge synthetic (TradeStat not downloaded; see ingest/tradestat.py),,2026-09-27T00:00:00Z,SYNTH
API-QUININE,2022-11-01,10598.7902,677421.736,FlowForge synthetic (TradeStat not downloaded; see ingest/tradestat.py),,2026-09-27T00:00:00Z,SYNTH
API-QUININE,2022-12-01,10778.4347,448809.041,FlowForge synthetic (TradeStat not downloaded; see ingest/tradestat.py),,2026-09-27T00:00:00Z,SYNTH
API-QUININE,2023-01-01,10676.6607,367526.142,FlowForge synthetic (TradeStat not downloaded; see ingest/tradestat.py),,2026-09-27T00:00:00Z,SYNTH
API-QUININE,2023-02-01,10789.1654,701052.857,FlowForge synthetic (TradeStat not downloaded; see ingest/tradestat.py),,2026-09-27T00:00:00Z,SYNTH
API-QUININE,2023-03-01,11344.3319,255993.847,FlowForge synthetic (TradeStat not downloaded; see ingest/tradestat.py),,2026-09-27T00:00:00Z,SYNTH
API-QUININE,2023-04-01,11462.4849,416482.142,FlowForge synthetic (TradeStat not downloaded; see ingest/tradestat.py),,2026-09-27T00:00:00Z,SYNTH
API-QUININE,2023-05-01,11724.8473,497834.543,FlowForge synthetic (TradeStat not downloaded; see ingest/tradestat.py),,2026-09-27T00:00:00Z,SYNTH
API-QUININE,2023-06-01,11872.1732,493726.852,FlowForge synthetic (TradeStat not downloaded; see ingest/tradestat.py),,2026-09-27T00:00:00Z,SYNTH
API-QUININE,2023-07-01,12008.4843,546390.557,FlowForge synthetic (TradeStat not downloaded; see ingest/tradestat.py),,2026-09-27T00:00:00Z,SYNTH
API-QUININE,2023-08-01,11733.2819,506195.955,FlowForge synthetic (TradeStat not downloaded; see ingest/tradestat.py),,2026-09-27T00:00:00Z,SYNTH
API-QUININE,2023-09-01,11692.4345,333116.015,FlowForge synthetic (TradeStat not downloaded; see ingest/tradestat.py),,2026-09-27T00:00:00Z,SYNTH
API-QUININE,2023-10-01,11517.5306,663557.91,FlowForge synthetic (TradeStat not downloaded; see ingest/tradestat.py),,2026-09-27T00:00:00Z,SYNTH
API-QUININE,2023-11-01,11546.9096,494177.557,FlowForge synthetic (TradeStat not downloaded; see ingest/tradestat.py),,2026-09-27T00:00:00Z,SYNTH
API-QUININE,2023-12-01,11311.7877,687229.228,FlowForge synthetic (TradeStat not downloaded; see ingest/tradestat.py),,2026-09-27T00:00:00Z,SYNTH
API-QUININE,2024-01-01,11203.3872,267742.016,FlowForge synthetic (TradeStat not downloaded; see ingest/tradestat.py),,2026-09-27T00:00:00Z,SYNTH
API-QUININE,2024-02-01,11137.1071,675470.702,FlowForge synthetic (TradeStat not downloaded; see ingest/tradestat.py),,2026-09-27T00:00:00Z,SYNTH
API-QUININE,2024-03-01,11216.1193,514913.475,FlowForge synthetic (TradeStat not downloaded; see ingest/tradestat.py),,2026-09-27T00:00:00Z,SYNTH
API-QUININE,2024-04-01,10917.3054,423803.044,FlowForge synthetic (TradeStat not downloaded; see ingest/tradestat.py),,2026-09-27T00:00:00Z,SYNTH
API-QUININE,2024-05-01,11256.8196,530849.147,FlowForge synthetic (TradeStat not downloaded; see ingest/tradestat.py),,2026-09-27T00:00:00Z,SYNTH
API-QUININE,2024-06-01,11112.8225,499341.301,FlowForge synthetic (TradeStat not downloaded; see ingest/tradestat.py),,2026-09-27T00:00:00Z,SYNTH
API-QUININE,2024-07-01,11655.3704,1087662.286,FlowForge synthetic (TradeStat not downloaded; see ingest/tradestat.py),,2026-09-27T00:00:00Z,SYNTH
API-QUININE,2024-08-01,11672.3868,662343.136,FlowForge synthetic (TradeStat not downloaded; see ingest/tradestat.py),,2026-09-27T00:00:00Z,SYNTH
API-QUININE,2024-09-01,11631.7175,619820.874,FlowForge synthetic (TradeStat not downloaded; see ingest/tradestat.py),,2026-09-27T00:00:00Z,SYNTH
API-QUININE,2024-10-01,11553.4145,545985.646,FlowForge synthetic (TradeStat not downloaded; see ingest/tradestat.py),,2026-09-27T00:00:00Z,SYNTH
API-QUININE,2024-11-01,12328.0993,540424.214,FlowForge synthetic (TradeStat not downloaded; see ingest/tradestat.py),,2026-09-27T00:00:00Z,SYNTH
API-QUININE,2024-12-01,12505.5884,321231.056,FlowForge synthetic (TradeStat not downloaded; see ingest/tradestat.py),,2026-09-27T00:00:00Z,SYNTH
API-QUININE,2025-01-01,13037.0132,313840.209,FlowForge synthetic (TradeStat not downloaded; see ingest/tradestat.py),,2026-09-27T00:00:00Z,SYNTH
API-QUININE,2025-02-01,12540.0898,495907.82,FlowForge synthetic (TradeStat not downloaded; see ingest/tradestat.py),,2026-09-27T00:00:00Z,SYNTH
API-QUININE,2025-03-01,11965.1485,584523.297,FlowForge synthetic (TradeStat not downloaded; see ingest/tradestat.py),,2026-09-27T00:00:00Z,SYNTH
API-QUININE,2025-04-01,11603.6984,547107.463,FlowForge synthetic (TradeStat not downloaded; see ingest/tradestat.py),,2026-09-27T00:00:00Z,SYNTH
API-QUININE,2025-05-01,11414.0451,378980.731,FlowForge synthetic (TradeStat not downloaded; see ingest/tradestat.py),,2026-09-27T00:00:00Z,SYNTH
API-QUININE,2025-06-01,11164.5459,933394.185,FlowForge synthetic (TradeStat not downloaded; see ingest/tradestat.py),,2026-09-27T00:00:00Z,SYNTH
API-QUININE,2025-07-01,11211.5656,575640.67,FlowForge synthetic (TradeStat not downloaded; see ingest/tradestat.py),,2026-09-27T00:00:00Z,SYNTH
API-QUININE,2025-08-01,11274.2732,400072.523,FlowForge synthetic (TradeStat not downloaded; see ingest/tradestat.py),,2026-09-27T00:00:00Z,SYNTH
API-QUININE,2025-09-01,11478.1717,739056.71,FlowForge synthetic (TradeStat not downloaded; see ingest/tradestat.py),,2026-09-27T00:00:00Z,SYNTH
API-QUININE,2025-10-01,11681.4638,626941.926,FlowForge synthetic (TradeStat not downloaded; see ingest/tradestat.py),,2026-09-27T00:00:00Z,SYNTH
API-QUININE,2025-11-01,11463.713,603354.186,FlowForge synthetic (TradeStat not downloaded; see ingest/tradestat.py),,2026-09-27T00:00:00Z,SYNTH
API-QUININE,2025-12-01,11549.5315,615382.875,FlowForge synthetic (TradeStat not downloaded; see ingest/tradestat.py),,2026-09-27T00:00:00Z,SYNTH
API-QUININE,2026-01-01,11831.4147,1042296.861,FlowForge synthetic (TradeStat not downloaded; see ingest/tradestat.py),,2026-09-27T00:00:00Z,SYNTH
API-QUININE,2026-02-01,11958.5376,616192.917,FlowForge synthetic (TradeStat not downloaded; see ingest/tradestat.py),,2026-09-27T00:00:00Z,SYNTH
API-QUININE,2026-03-01,12099.025,380971.363,FlowForge synthetic (TradeStat not downloaded; see ingest/tradestat.py),,2026-09-27T00:00:00Z,SYNTH
API-QUININE,2026-04-01,12188.7686,615954.367,FlowForge synthetic (TradeStat not downloaded; see ingest/tradestat.py),,2026-09-27T00:00:00Z,SYNTH
API-QUININE,2026-05-01,12292.9165,644189.816,FlowForge synthetic (TradeStat not downloaded; see ingest/tradestat.py),,2026-09-27T00:00:00Z,SYNTH
API-QUININE,2026-06-01,12243.8682,432476.76,FlowForge synthetic (TradeStat not downloaded; see ingest/tradestat.py),,2026-09-27T00:00:00Z,SYNTH
API-QUININE,2026-07-01,12263.211,445518.429,FlowForge synthetic (TradeStat not downloaded; see ingest/tradestat.py),,2026-09-27T00:00:00Z,SYNTH
API-QUININE,2026-08-01,12919.9138,522343.906,FlowForge synthetic (TradeStat not downloaded; see ingest/tradestat.py),,2026-09-27T00:00:00Z,SYNTH
API-QUININE,2026-09-01,13119.3222,457181.274,FlowForge synthetic (TradeStat not downloaded; see ingest/tradestat.py),,2026-09-27T00:00:00Z,SYNTH
API-RIFAMPICIN,2019-01-01,942.7537,173422.606,FlowForge synthetic (TradeStat not downloaded; see ingest/tradestat.py),,2026-09-27T00:00:00Z,SYNTH
API-RIFAMPICIN,2019-02-01,970.2275,449630.742,FlowForge synthetic (TradeStat not downloaded; see ingest/tradestat.py),,2026-09-27T00:00:00Z,SYNTH
API-RIFAMPICIN,2019-03-01,1023.1519,453522.65,FlowForge synthetic (TradeStat not downloaded; see ingest/tradestat.py),,2026-09-27T00:00:00Z,SYNTH
API-RIFAMPICIN,2019-04-01,1032.3608,344992.463,FlowForge synthetic (TradeStat not downloaded; see ingest/tradestat.py),,2026-09-27T00:00:00Z,SYNTH
API-RIFAMPICIN,2019-05-01,1026.5897,321556.159,FlowForge synthetic (TradeStat not downloaded; see ingest/tradestat.py),,2026-09-27T00:00:00Z,SYNTH
API-RIFAMPICIN,2019-06-01,1069.7329,609827.085,FlowForge synthetic (TradeStat not downloaded; see ingest/tradestat.py),,2026-09-27T00:00:00Z,SYNTH
API-RIFAMPICIN,2019-07-01,1027.3999,170921.201,FlowForge synthetic (TradeStat not downloaded; see ingest/tradestat.py),,2026-09-27T00:00:00Z,SYNTH
API-RIFAMPICIN,2019-08-01,1052.9991,262157.865,FlowForge synthetic (TradeStat not downloaded; see ingest/tradestat.py),,2026-09-27T00:00:00Z,SYNTH
API-RIFAMPICIN,2019-09-01,1041.0905,379004.951,FlowForge synthetic (TradeStat not downloaded; see ingest/tradestat.py),,2026-09-27T00:00:00Z,SYNTH
API-RIFAMPICIN,2019-10-01,1090.742,347530.33,FlowForge synthetic (TradeStat not downloaded; see ingest/tradestat.py),,2026-09-27T00:00:00Z,SYNTH
API-RIFAMPICIN,2019-11-01,1098.865,488566.853,FlowForge synthetic (TradeStat not downloaded; see ingest/tradestat.py),,2026-09-27T00:00:00Z,SYNTH
API-RIFAMPICIN,2019-12-01,1159.0171,394540.482,FlowForge synthetic (TradeStat not downloaded; see ingest/tradestat.py),,2026-09-27T00:00:00Z,SYNTH
API-RIFAMPICIN,2020-01-01,1135.8345,479624.517,FlowForge synthetic (TradeStat not downloaded; see ingest/tradestat.py),,2026-09-27T00:00:00Z,SYNTH
API-RIFAMPICIN,2020-02-01,1203.0811,262625.712,FlowForge synthetic (TradeStat not downloaded; see ingest/tradestat.py),,2026-09-27T00:00:00Z,SYNTH
API-RIFAMPICIN,2020-03-01,1205.1297,261189.793,FlowForge synthetic (TradeStat not downloaded; see ingest/tradestat.py),,2026-09-27T00:00:00Z,SYNTH
API-RIFAMPICIN,2020-04-01,1288.0718,176787.791,FlowForge synthetic (TradeStat not downloaded; see ingest/tradestat.py),,2026-09-27T00:00:00Z,SYNTH
API-RIFAMPICIN,2020-05-01,1294.9259,607571.563,FlowForge synthetic (TradeStat not downloaded; see ingest/tradestat.py),,2026-09-27T00:00:00Z,SYNTH
API-RIFAMPICIN,2020-06-01,1253.0797,527251.922,FlowForge synthetic (TradeStat not downloaded; see ingest/tradestat.py),,2026-09-27T00:00:00Z,SYNTH
API-RIFAMPICIN,2020-07-01,1253.2295,343432.174,FlowForge synthetic (TradeStat not downloaded; see ingest/tradestat.py),,2026-09-27T00:00:00Z,SYNTH
API-RIFAMPICIN,2020-08-01,1181.4357,673397.127,FlowForge synthetic (TradeStat not downloaded; see ingest/tradestat.py),,2026-09-27T00:00:00Z,SYNTH
API-RIFAMPICIN,2020-09-01,1176.3513,320928.284,FlowForge synthetic (TradeStat not downloaded; see ingest/tradestat.py),,2026-09-27T00:00:00Z,SYNTH
API-RIFAMPICIN,2020-10-01,1250.0157,262489.627,FlowForge synthetic (TradeStat not downloaded; see ingest/tradestat.py),,2026-09-27T00:00:00Z,SYNTH
API-RIFAMPICIN,2020-11-01,1270.7634,434196.22,FlowForge synthetic (TradeStat not downloaded; see ingest/tradestat.py),,2026-09-27T00:00:00Z,SYNTH
API-RIFAMPICIN,2020-12-01,1292.8734,200182.412,FlowForge synthetic (TradeStat not downloaded; see ingest/tradestat.py),,2026-09-27T00:00:00Z,SYNTH
API-RIFAMPICIN,2021-01-01,1288.6839,332554.763,FlowForge synthetic (TradeStat not downloaded; see ingest/tradestat.py),,2026-09-27T00:00:00Z,SYNTH
API-RIFAMPICIN,2021-02-01,1366.0651,594777.761,FlowForge synthetic (TradeStat not downloaded; see ingest/tradestat.py),,2026-09-27T00:00:00Z,SYNTH
API-RIFAMPICIN,2021-03-01,1389.3654,388913.873,FlowForge synthetic (TradeStat not downloaded; see ingest/tradestat.py),,2026-09-27T00:00:00Z,SYNTH
API-RIFAMPICIN,2021-04-01,1372.2455,294190.685,FlowForge synthetic (TradeStat not downloaded; see ingest/tradestat.py),,2026-09-27T00:00:00Z,SYNTH
API-RIFAMPICIN,2021-05-01,1439.7806,484190.046,FlowForge synthetic (TradeStat not downloaded; see ingest/tradestat.py),,2026-09-27T00:00:00Z,SYNTH
API-RIFAMPICIN,2021-06-01,1495.3371,268120.792,FlowForge synthetic (TradeStat not downloaded; see ingest/tradestat.py),,2026-09-27T00:00:00Z,SYNTH
API-RIFAMPICIN,2021-07-01,1511.8097,440588.949,FlowForge synthetic (TradeStat not downloaded; see ingest/tradestat.py),,2026-09-27T00:00:00Z,SYNTH
API-RIFAMPICIN,2021-08-01,1546.4627,388796.618,FlowForge synthetic (TradeStat not downloaded; see ingest/tradestat.py),,2026-09-27T00:00:00Z,SYNTH
API-RIFAMPICIN,2021-09-01,1618.5135,372273.583,FlowForge synthetic (TradeStat not downloaded; see ingest/tradestat.py),,2026-09-27T00:00:00Z,SYNTH
API-RIFAMPICIN,2021-10-01,1707.2026,424489.746,FlowForge synthetic (TradeStat not downloaded; see ingest/tradestat.py),,2026-09-27T00:00:00Z,SYNTH
API-RIFAMPICIN,2021-11-01,1760.752,406229.62,FlowForge synthetic (TradeStat not downloaded; see ingest/tradestat.py),,2026-09-27T00:00:00Z,SYNTH
API-RIFAMPICIN,2021-12-01,1848.8508,261207.815,FlowForge synthetic (TradeStat not downloaded; see ingest/tradestat.py),,2026-09-27T00:00:00Z,SYNTH
API-RIFAMPICIN,2022-01-01,1879.2636,240718.546,FlowForge synthetic (TradeStat not downloaded; see ingest/tradestat.py),,2026-09-27T00:00:00Z,SYNTH
API-RIFAMPICIN,2022-02-01,1981.0871,367356.706,FlowForge synthetic (TradeStat not downloaded; see ingest/tradestat.py),,2026-09-27T00:00:00Z,SYNTH
API-RIFAMPICIN,2022-03-01,2093.1111,498465.566,FlowForge synthetic (TradeStat not downloaded; see ingest/tradestat.py),,2026-09-27T00:00:00Z,SYNTH
API-RIFAMPICIN,2022-04-01,2211.9322,586760.909,FlowForge synthetic (TradeStat not downloaded; see ingest/tradestat.py),,2026-09-27T00:00:00Z,SYNTH
API-RIFAMPICIN,2022-05-01,2180.389,285249.597,FlowForge synthetic (TradeStat not downloaded; see ingest/tradestat.py),,2026-09-27T00:00:00Z,SYNTH
API-RIFAMPICIN,2022-06-01,2320.8811,359831.591,FlowForge synthetic (TradeStat not downloaded; see ingest/tradestat.py),,2026-09-27T00:00:00Z,SYNTH
API-RIFAMPICIN,2022-07-01,2174.3852,383251.635,FlowForge synthetic (TradeStat not downloaded; see ingest/tradestat.py),,2026-09-27T00:00:00Z,SYNTH
API-RIFAMPICIN,2022-08-01,2241.11,340103.018,FlowForge synthetic (TradeStat not downloaded; see ingest/tradestat.py),,2026-09-27T00:00:00Z,SYNTH
API-RIFAMPICIN,2022-09-01,2211.658,296765.979,FlowForge synthetic (TradeStat not downloaded; see ingest/tradestat.py),,2026-09-27T00:00:00Z,SYNTH
API-RIFAMPICIN,2022-10-01,2189.7706,397966.489,FlowForge synthetic (TradeStat not downloaded; see ingest/tradestat.py),,2026-09-27T00:00:00Z,SYNTH
API-RIFAMPICIN,2022-11-01,2158.4978,347095.057,FlowForge synthetic (TradeStat not downloaded; see ingest/tradestat.py),,2026-09-27T00:00:00Z,SYNTH
API-RIFAMPICIN,2022-12-01,2179.829,382153.919,FlowForge synthetic (TradeStat not downloaded; see ingest/tradestat.py),,2026-09-27T00:00:00Z,SYNTH
API-RIFAMPICIN,2023-01-01,2269.8637,544026.721,FlowForge synthetic (TradeStat not downloaded; see ingest/tradestat.py),,2026-09-27T00:00:00Z,SYNTH
API-RIFAMPICIN,2023-02-01,2439.592,146590.973,FlowForge synthetic (TradeStat not downloaded; see ingest/tradestat.py),,2026-09-27T00:00:00Z,SYNTH
API-RIFAMPICIN,2023-03-01,2567.5415,465809.389,FlowForge synthetic (TradeStat not downloaded; see ingest/tradestat.py),,2026-09-27T00:00:00Z,SYNTH
API-RIFAMPICIN,2023-04-01,2402.1139,487648.172,FlowForge synthetic (TradeStat not downloaded; see ingest/tradestat.py),,2026-09-27T00:00:00Z,SYNTH
API-RIFAMPICIN,2023-05-01,2534.3573,597799.765,FlowForge synthetic (TradeStat not downloaded; see ingest/tradestat.py),,2026-09-27T00:00:00Z,SYNTH
API-RIFAMPICIN,2023-06-01,2608.8924,356768.065,FlowForge synthetic (TradeStat not downloaded; see ingest/tradestat.py),,2026-09-27T00:00:00Z,SYNTH
API-RIFAMPICIN,2023-07-01,2772.6724,369314.743,FlowForge synthetic (TradeStat not downloaded; see ingest/tradestat.py),,2026-09-27T00:00:00Z,SYNTH
API-RIFAMPICIN,2023-08-01,2938.4691,268554.294,FlowForge synthetic (TradeStat not downloaded; see ingest/tradestat.py),,2026-09-27T00:00:00Z,SYNTH
API-RIFAMPICIN,2023-09-01,2961.6666,368574.69,FlowForge synthetic (TradeStat not downloaded; see ingest/tradestat.py),,2026-09-27T00:00:00Z,SYNTH
API-RIFAMPICIN,2023-10-01,3021.1072,560519.642,FlowForge synthetic (TradeStat not downloaded; see ingest/tradestat.py),,2026-09-27T00:00:00Z,SYNTH
API-RIFAMPICIN,2023-11-01,3274.9828,445871.804,FlowForge synthetic (TradeStat not downloaded; see ingest/tradestat.py),,2026-09-27T00:00:00Z,SYNTH
API-RIFAMPICIN,2023-12-01,3257.8621,304014.16,FlowForge synthetic (TradeStat not downloaded; see ingest/tradestat.py),,2026-09-27T00:00:00Z,SYNTH
API-RIFAMPICIN,2024-01-01,3378.5398,303823.198,FlowForge synthetic (TradeStat not downloaded; see ingest/tradestat.py),,2026-09-27T00:00:00Z,SYNTH
API-RIFAMPICIN,2024-02-01,3634.6313,742777.313,FlowForge synthetic (TradeStat not downloaded; see ingest/tradestat.py),,2026-09-27T00:00:00Z,SYNTH
API-RIFAMPICIN,2024-03-01,3595.3303,186685.68,FlowForge synthetic (TradeStat not downloaded; see ingest/tradestat.py),,2026-09-27T00:00:00Z,SYNTH
API-RIFAMPICIN,2024-04-01,3685.1668,305210.633,FlowForge synthetic (TradeStat not downloaded; see ingest/tradestat.py),,2026-09-27T00:00:00Z,SYNTH
API-RIFAMPICIN,2024-05-01,3772.2234,465594.577,FlowForge synthetic (TradeStat not downloaded; see ingest/tradestat.py),,2026-09-27T00:00:00Z,SYNTH
API-RIFAMPICIN,2024-06-01,3619.8231,403699.708,FlowForge synthetic (TradeStat not downloaded; see ingest/tradestat.py),,2026-09-27T00:00:00Z,SYNTH
API-RIFAMPICIN,2024-07-01,3889.6661,210215.267,FlowForge synthetic (TradeStat not downloaded; see ingest/tradestat.py),,2026-09-27T00:00:00Z,SYNTH
API-RIFAMPICIN,2024-08-01,4080.7154,506440.46,FlowForge synthetic (TradeStat not downloaded; see ingest/tradestat.py),,2026-09-27T00:00:00Z,SYNTH
API-RIFAMPICIN,2024-09-01,3999.6924,389779.878,FlowForge synthetic (TradeStat not downloaded; see ingest/tradestat.py),,2026-09-27T00:00:00Z,SYNTH
API-RIFAMPICIN,2024-10-01,4044.8439,484913.054,FlowForge synthetic (TradeStat not downloaded; see ingest/tradestat.py),,2026-09-27T00:00:00Z,SYNTH
API-RIFAMPICIN,2024-11-01,4010.9525,625026.785,FlowForge synthetic (TradeStat not downloaded; see ingest/tradestat.py),,2026-09-27T00:00:00Z,SYNTH
API-RIFAMPICIN,2024-12-01,3996.1003,392376.203,FlowForge synthetic (TradeStat not downloaded; see ingest/tradestat.py),,2026-09-27T00:00:00Z,SYNTH
API-RIFAMPICIN,2025-01-01,4295.4355,494642.084,FlowForge synthetic (TradeStat not downloaded; see ingest/tradestat.py),,2026-09-27T00:00:00Z,SYNTH
API-RIFAMPICIN,2025-02-01,4450.1781,290494.455,FlowForge synthetic (TradeStat not downloaded; see ingest/tradestat.py),,2026-09-27T00:00:00Z,SYNTH
API-RIFAMPICIN,2025-03-01,4447.9448,400093.071,FlowForge synthetic (TradeStat not downloaded; see ingest/tradestat.py),,2026-09-27T00:00:00Z,SYNTH
API-RIFAMPICIN,2025-04-01,4527.9077,311951.584,FlowForge synthetic (TradeStat not downloaded; see ingest/tradestat.py),,2026-09-27T00:00:00Z,SYNTH
API-RIFAMPICIN,2025-05-01,4927.4555,327934.404,FlowForge synthetic (TradeStat not downloaded; see ingest/tradestat.py),,2026-09-27T00:00:00Z,SYNTH
API-RIFAMPICIN,2025-06-01,5169.715,668615.233,FlowForge synthetic (TradeStat not downloaded; see ingest/tradestat.py),,2026-09-27T00:00:00Z,SYNTH
API-RIFAMPICIN,2025-07-01,5042.3879,366924.148,FlowForge synthetic (TradeStat not downloaded; see ingest/tradestat.py),,2026-09-27T00:00:00Z,SYNTH
API-RIFAMPICIN,2025-08-01,5058.4074,260935.826,FlowForge synthetic (TradeStat not downloaded; see ingest/tradestat.py),,2026-09-27T00:00:00Z,SYNTH
API-RIFAMPICIN,2025-09-01,4738.3339,446668.624,FlowForge synthetic (TradeStat not downloaded; see ingest/tradestat.py),,2026-09-27T00:00:00Z,SYNTH
API-RIFAMPICIN,2025-10-01,5100.4684,385957.105,FlowForge synthetic (TradeStat not downloaded; see ingest/tradestat.py),,2026-09-27T00:00:00Z,SYNTH
API-RIFAMPICIN,2025-11-01,5110.5382,920972.242,FlowForge synthetic (TradeStat not downloaded; see ingest/tradestat.py),,2026-09-27T00:00:00Z,SYNTH
API-RIFAMPICIN,2025-12-01,5242.7235,228770.709,FlowForge synthetic (TradeStat not downloaded; see ingest/tradestat.py),,2026-09-27T00:00:00Z,SYNTH
API-RIFAMPICIN,2026-01-01,5384.4504,518951.552,FlowForge synthetic (TradeStat not downloaded; see ingest/tradestat.py),,2026-09-27T00:00:00Z,SYNTH
API-RIFAMPICIN,2026-02-01,5479.0005,258390.191,FlowForge synthetic (TradeStat not downloaded; see ingest/tradestat.py),,2026-09-27T00:00:00Z,SYNTH
API-RIFAMPICIN,2026-03-01,5511.9377,403079.442,FlowForge synthetic (TradeStat not downloaded; see ingest/tradestat.py),,2026-09-27T00:00:00Z,SYNTH
API-RIFAMPICIN,2026-04-01,5440.8284,457683.983,FlowForge synthetic (TradeStat not downloaded; see ingest/tradestat.py),,2026-09-27T00:00:00Z,SYNTH
API-RIFAMPICIN,2026-05-01,5560.5895,661154.184,FlowForge synthetic (TradeStat not downloaded; see ingest/tradestat.py),,2026-09-27T00:00:00Z,SYNTH
API-RIFAMPICIN,2026-06-01,5634.5185,561891.827,FlowForge synthetic (TradeStat not downloaded; see ingest/tradestat.py),,2026-09-27T00:00:00Z,SYNTH
API-RIFAMPICIN,2026-07-01,5411.9399,250487.118,FlowForge synthetic (TradeStat not downloaded; see ingest/tradestat.py),,2026-09-27T00:00:00Z,SYNTH
API-RIFAMPICIN,2026-08-01,5677.5672,496053.636,FlowForge synthetic (TradeStat not downloaded; see ingest/tradestat.py),,2026-09-27T00:00:00Z,SYNTH
API-RIFAMPICIN,2026-09-01,5792.6056,419759.125,FlowForge synthetic (TradeStat not downloaded; see ingest/tradestat.py),,2026-09-27T00:00:00Z,SYNTH
API-SALBUTAMOL,2019-01-01,30524.4489,503529.949,FlowForge synthetic (TradeStat not downloaded; see ingest/tradestat.py),,2026-09-27T00:00:00Z,SYNTH
API-SALBUTAMOL,2019-02-01,31075.2272,929941.975,FlowForge synthetic (TradeStat not downloaded; see ingest/tradestat.py),,2026-09-27T00:00:00Z,SYNTH
API-SALBUTAMOL,2019-03-01,29569.6963,779695.715,FlowForge synthetic (TradeStat not downloaded; see ingest/tradestat.py),,2026-09-27T00:00:00Z,SYNTH
API-SALBUTAMOL,2019-04-01,29371.4957,208573.601,FlowForge synthetic (TradeStat not downloaded; see ingest/tradestat.py),,2026-09-27T00:00:00Z,SYNTH
API-SALBUTAMOL,2019-05-01,31916.5855,514496.531,FlowForge synthetic (TradeStat not downloaded; see ingest/tradestat.py),,2026-09-27T00:00:00Z,SYNTH
API-SALBUTAMOL,2019-06-01,34007.4533,525203.668,FlowForge synthetic (TradeStat not downloaded; see ingest/tradestat.py),,2026-09-27T00:00:00Z,SYNTH
API-SALBUTAMOL,2019-07-01,33509.7344,483612.074,FlowForge synthetic (TradeStat not downloaded; see ingest/tradestat.py),,2026-09-27T00:00:00Z,SYNTH
API-SALBUTAMOL,2019-08-01,32032.7181,496344.827,FlowForge synthetic (TradeStat not downloaded; see ingest/tradestat.py),,2026-09-27T00:00:00Z,SYNTH
API-SALBUTAMOL,2019-09-01,31721.9305,348561.529,FlowForge synthetic (TradeStat not downloaded; see ingest/tradestat.py),,2026-09-27T00:00:00Z,SYNTH
API-SALBUTAMOL,2019-10-01,31650.5173,556382.635,FlowForge synthetic (TradeStat not downloaded; see ingest/tradestat.py),,2026-09-27T00:00:00Z,SYNTH
API-SALBUTAMOL,2019-11-01,32821.8369,361636.928,FlowForge synthetic (TradeStat not downloaded; see ingest/tradestat.py),,2026-09-27T00:00:00Z,SYNTH
API-SALBUTAMOL,2019-12-01,31705.2538,430712.091,FlowForge synthetic (TradeStat not downloaded; see ingest/tradestat.py),,2026-09-27T00:00:00Z,SYNTH
API-SALBUTAMOL,2020-01-01,32717.2005,1075212.102,FlowForge synthetic (TradeStat not downloaded; see ingest/tradestat.py),,2026-09-27T00:00:00Z,SYNTH
API-SALBUTAMOL,2020-02-01,32179.4085,479156.093,FlowForge synthetic (TradeStat not downloaded; see ingest/tradestat.py),,2026-09-27T00:00:00Z,SYNTH
API-SALBUTAMOL,2020-03-01,31733.8029,241501.883,FlowForge synthetic (TradeStat not downloaded; see ingest/tradestat.py),,2026-09-27T00:00:00Z,SYNTH
API-SALBUTAMOL,2020-04-01,33789.8359,372236.167,FlowForge synthetic (TradeStat not downloaded; see ingest/tradestat.py),,2026-09-27T00:00:00Z,SYNTH
API-SALBUTAMOL,2020-05-01,34166.4694,530477.495,FlowForge synthetic (TradeStat not downloaded; see ingest/tradestat.py),,2026-09-27T00:00:00Z,SYNTH
API-SALBUTAMOL,2020-06-01,33085.0266,552216.416,FlowForge synthetic (TradeStat not downloaded; see ingest/tradestat.py),,2026-09-27T00:00:00Z,SYNTH
API-SALBUTAMOL,2020-07-01,33464.179,444116.923,FlowForge synthetic (TradeStat not downloaded; see ingest/tradestat.py),,2026-09-27T00:00:00Z,SYNTH
API-SALBUTAMOL,2020-08-01,34095.582,623534.132,FlowForge synthetic (TradeStat not downloaded; see ingest/tradestat.py),,2026-09-27T00:00:00Z,SYNTH
API-SALBUTAMOL,2020-09-01,34486.5065,443500.692,FlowForge synthetic (TradeStat not downloaded; see ingest/tradestat.py),,2026-09-27T00:00:00Z,SYNTH
API-SALBUTAMOL,2020-10-01,34184.5392,349597.536,FlowForge synthetic (TradeStat not downloaded; see ingest/tradestat.py),,2026-09-27T00:00:00Z,SYNTH
API-SALBUTAMOL,2020-11-01,32683.5272,271585.116,FlowForge synthetic (TradeStat not downloaded; see ingest/tradestat.py),,2026-09-27T00:00:00Z,SYNTH
API-SALBUTAMOL,2020-12-01,30540.3042,306064.459,FlowForge synthetic (TradeStat not downloaded; see ingest/tradestat.py),,2026-09-27T00:00:00Z,SYNTH
API-SALBUTAMOL,2021-01-01,30515.821,250427.928,FlowForge synthetic (TradeStat not downloaded; see ingest/tradestat.py),,2026-09-27T00:00:00Z,SYNTH
API-SALBUTAMOL,2021-02-01,29612.9306,592912.217,FlowForge synthetic (TradeStat not downloaded; see ingest/tradestat.py),,2026-09-27T00:00:00Z,SYNTH
API-SALBUTAMOL,2021-03-01,28266.9049,436346.447,FlowForge synthetic (TradeStat not downloaded; see ingest/tradestat.py),,2026-09-27T00:00:00Z,SYNTH
API-SALBUTAMOL,2021-04-01,26328.4217,411509.323,FlowForge synthetic (TradeStat not downloaded; see ingest/tradestat.py),,2026-09-27T00:00:00Z,SYNTH
API-SALBUTAMOL,2021-05-01,24540.8147,458402.682,FlowForge synthetic (TradeStat not downloaded; see ingest/tradestat.py),,2026-09-27T00:00:00Z,SYNTH
API-SALBUTAMOL,2021-06-01,23289.4642,390029.662,FlowForge synthetic (TradeStat not downloaded; see ingest/tradestat.py),,2026-09-27T00:00:00Z,SYNTH
API-SALBUTAMOL,2021-07-01,23028.1493,462126.639,FlowForge synthetic (TradeStat not downloaded; see ingest/tradestat.py),,2026-09-27T00:00:00Z,SYNTH
API-SALBUTAMOL,2021-08-01,25185.8721,508997.268,FlowForge synthetic (TradeStat not downloaded; see ingest/tradestat.py),,2026-09-27T00:00:00Z,SYNTH
API-SALBUTAMOL,2021-09-01,25206.7904,363822.805,FlowForge synthetic (TradeStat not downloaded; see ingest/tradestat.py),,2026-09-27T00:00:00Z,SYNTH
API-SALBUTAMOL,2021-10-01,25722.3621,758460.054,FlowForge synthetic (TradeStat not downloaded; see ingest/tradestat.py),,2026-09-27T00:00:00Z,SYNTH
API-SALBUTAMOL,2021-11-01,26341.4875,331795.078,FlowForge synthetic (TradeStat not downloaded; see ingest/tradestat.py),,2026-09-27T00:00:00Z,SYNTH
API-SALBUTAMOL,2021-12-01,27222.168,226670.459,FlowForge synthetic (TradeStat not downloaded; see ingest/tradestat.py),,2026-09-27T00:00:00Z,SYNTH
API-SALBUTAMOL,2022-01-01,27420.8904,353236.464,FlowForge synthetic (TradeStat not downloaded; see ingest/tradestat.py),,2026-09-27T00:00:00Z,SYNTH
API-SALBUTAMOL,2022-02-01,28168.9523,319974.182,FlowForge synthetic (TradeStat not downloaded; see ingest/tradestat.py),,2026-09-27T00:00:00Z,SYNTH
API-SALBUTAMOL,2022-03-01,27671.06,637944.178,FlowForge synthetic (TradeStat not downloaded; see ingest/tradestat.py),,2026-09-27T00:00:00Z,SYNTH
API-SALBUTAMOL,2022-04-01,27504.4801,374233.717,FlowForge synthetic (TradeStat not downloaded; see ingest/tradestat.py),,2026-09-27T00:00:00Z,SYNTH
API-SALBUTAMOL,2022-05-01,28036.2785,762715.508,FlowForge synthetic (TradeStat not downloaded; see ingest/tradestat.py),,2026-09-27T00:00:00Z,SYNTH
API-SALBUTAMOL,2022-06-01,25919.4483,413628.427,FlowForge synthetic (TradeStat not downloaded; see ingest/tradestat.py),,2026-09-27T00:00:00Z,SYNTH
API-SALBUTAMOL,2022-07-01,25052.3696,517740.272,FlowForge synthetic (TradeStat not downloaded; see ingest/tradestat.py),,2026-09-27T00:00:00Z,SYNTH
API-SALBUTAMOL,2022-08-01,25712.7011,276360.565,FlowForge synthetic (TradeStat not downloaded; see ingest/tradestat.py),,2026-09-27T00:00:00Z,SYNTH
API-SALBUTAMOL,2022-09-01,24852.074,986280.839,FlowForge synthetic (TradeStat not downloaded; see ingest/tradestat.py),,2026-09-27T00:00:00Z,SYNTH
API-SALBUTAMOL,2022-10-01,25487.7812,401756.101,FlowForge synthetic (TradeStat not downloaded; see ingest/tradestat.py),,2026-09-27T00:00:00Z,SYNTH
API-SALBUTAMOL,2022-11-01,24770.1567,400731.409,FlowForge synthetic (TradeStat not downloaded; see ingest/tradestat.py),,2026-09-27T00:00:00Z,SYNTH
API-SALBUTAMOL,2022-12-01,24497.4226,272744.837,FlowForge synthetic (TradeStat not downloaded; see ingest/tradestat.py),,2026-09-27T00:00:00Z,SYNTH
API-SALBUTAMOL,2023-01-01,24364.4158,227979.583,FlowForge synthetic (TradeStat not downloaded; see ingest/tradestat.py),,2026-09-27T00:00:00Z,SYNTH
API-SALBUTAMOL,2023-02-01,24168.427,342175.392,FlowForge synthetic (TradeStat not downloaded; see ingest/tradestat.py),,2026-09-27T00:00:00Z,SYNTH
API-SALBUTAMOL,2023-03-01,25489.1293,312614.573,FlowForge synthetic (TradeStat not downloaded; see ingest/tradestat.py),,2026-09-27T00:00:00Z,SYNTH
API-SALBUTAMOL,2023-04-01,24943.138,750425.77,FlowForge synthetic (TradeStat not downloaded; see ingest/tradestat.py),,2026-09-27T00:00:00Z,SYNTH
API-SALBUTAMOL,2023-05-01,25840.9156,353836.675,FlowForge synthetic (TradeStat not downloaded; see ingest/tradestat.py),,2026-09-27T00:00:00Z,SYNTH
API-SALBUTAMOL,2023-06-01,26470.3467,664377.933,FlowForge synthetic (TradeStat not downloaded; see ingest/tradestat.py),,2026-09-27T00:00:00Z,SYNTH
API-SALBUTAMOL,2023-07-01,26422.2885,479626.354,FlowForge synthetic (TradeStat not downloaded; see ingest/tradestat.py),,2026-09-27T00:00:00Z,SYNTH
API-SALBUTAMOL,2023-08-01,26457.5543,439560.316,FlowForge synthetic (TradeStat not downloaded; see ingest/tradestat.py),,2026-09-27T00:00:00Z,SYNTH
API-SALBUTAMOL,2023-09-01,26896.1842,738571.943,FlowForge synthetic (TradeStat not downloaded; see ingest/tradestat.py),,2026-09-27T00:00:00Z,SYNTH
API-SALBUTAMOL,2023-10-01,27627.9247,259928.506,FlowForge synthetic (TradeStat not downloaded; see ingest/tradestat.py),,2026-09-27T00:00:00Z,SYNTH
API-SALBUTAMOL,2023-11-01,27039.4505,497644.971,FlowForge synthetic (TradeStat not downloaded; see ingest/tradestat.py),,2026-09-27T00:00:00Z,SYNTH
API-SALBUTAMOL,2023-12-01,25803.7903,298499.099,FlowForge synthetic (TradeStat not downloaded; see ingest/tradestat.py),,2026-09-27T00:00:00Z,SYNTH
API-SALBUTAMOL,2024-01-01,25967.6345,341676.354,FlowForge synthetic (TradeStat not downloaded; see ingest/tradestat.py),,2026-09-27T00:00:00Z,SYNTH
API-SALBUTAMOL,2024-02-01,25932.9126,506122.414,FlowForge synthetic (TradeStat not downloaded; see ingest/tradestat.py),,2026-09-27T00:00:00Z,SYNTH
API-SALBUTAMOL,2024-03-01,25349.0655,700160.764,FlowForge synthetic (TradeStat not downloaded; see ingest/tradestat.py),,2026-09-27T00:00:00Z,SYNTH
API-SALBUTAMOL,2024-04-01,25791.4987,481468.129,FlowForge synthetic (TradeStat not downloaded; see ingest/tradestat.py),,2026-09-27T00:00:00Z,SYNTH
API-SALBUTAMOL,2024-05-01,24716.615,406452.675,FlowForge synthetic (TradeStat not downloaded; see ingest/tradestat.py),,2026-09-27T00:00:00Z,SYNTH
API-SALBUTAMOL,2024-06-01,24986.9276,396500.569,FlowForge synthetic (TradeStat not downloaded; see ingest/tradestat.py),,2026-09-27T00:00:00Z,SYNTH
API-SALBUTAMOL,2024-07-01,23199.8841,431691.326,FlowForge synthetic (TradeStat not downloaded; see ingest/tradestat.py),,2026-09-27T00:00:00Z,SYNTH
API-SALBUTAMOL,2024-08-01,23727.8683,401012.099,FlowForge synthetic (TradeStat not downloaded; see ingest/tradestat.py),,2026-09-27T00:00:00Z,SYNTH
API-SALBUTAMOL,2024-09-01,22647.0179,418973.188,FlowForge synthetic (TradeStat not downloaded; see ingest/tradestat.py),,2026-09-27T00:00:00Z,SYNTH
API-SALBUTAMOL,2024-10-01,23473.8749,454415.114,FlowForge synthetic (TradeStat not downloaded; see ingest/tradestat.py),,2026-09-27T00:00:00Z,SYNTH
API-SALBUTAMOL,2024-11-01,23510.5041,353246.346,FlowForge synthetic (TradeStat not downloaded; see ingest/tradestat.py),,2026-09-27T00:00:00Z,SYNTH
API-SALBUTAMOL,2024-12-01,23055.0041,314782.496,FlowForge synthetic (TradeStat not downloaded; see ingest/tradestat.py),,2026-09-27T00:00:00Z,SYNTH
API-SALBUTAMOL,2025-01-01,23109.2924,304983.544,FlowForge synthetic (TradeStat not downloaded; see ingest/tradestat.py),,2026-09-27T00:00:00Z,SYNTH
API-SALBUTAMOL,2025-02-01,23356.6154,659445.115,FlowForge synthetic (TradeStat not downloaded; see ingest/tradestat.py),,2026-09-27T00:00:00Z,SYNTH
API-SALBUTAMOL,2025-03-01,23160.8148,471177.596,FlowForge synthetic (TradeStat not downloaded; see ingest/tradestat.py),,2026-09-27T00:00:00Z,SYNTH
API-SALBUTAMOL,2025-04-01,23240.4092,384325.111,FlowForge synthetic (TradeStat not downloaded; see ingest/tradestat.py),,2026-09-27T00:00:00Z,SYNTH
API-SALBUTAMOL,2025-05-01,24154.1756,366052.97,FlowForge synthetic (TradeStat not downloaded; see ingest/tradestat.py),,2026-09-27T00:00:00Z,SYNTH
API-SALBUTAMOL,2025-06-01,24149.0129,787946.404,FlowForge synthetic (TradeStat not downloaded; see ingest/tradestat.py),,2026-09-27T00:00:00Z,SYNTH
API-SALBUTAMOL,2025-07-01,23586.5926,899174.741,FlowForge synthetic (TradeStat not downloaded; see ingest/tradestat.py),,2026-09-27T00:00:00Z,SYNTH
API-SALBUTAMOL,2025-08-01,23782.5454,205570.802,FlowForge synthetic (TradeStat not downloaded; see ingest/tradestat.py),,2026-09-27T00:00:00Z,SYNTH
API-SALBUTAMOL,2025-09-01,24945.0069,573790.358,FlowForge synthetic (TradeStat not downloaded; see ingest/tradestat.py),,2026-09-27T00:00:00Z,SYNTH
API-SALBUTAMOL,2025-10-01,25115.7811,444040.717,FlowForge synthetic (TradeStat not downloaded; see ingest/tradestat.py),,2026-09-27T00:00:00Z,SYNTH
API-SALBUTAMOL,2025-11-01,25382.616,534171.34,FlowForge synthetic (TradeStat not downloaded; see ingest/tradestat.py),,2026-09-27T00:00:00Z,SYNTH
API-SALBUTAMOL,2025-12-01,26146.0645,489291.917,FlowForge synthetic (TradeStat not downloaded; see ingest/tradestat.py),,2026-09-27T00:00:00Z,SYNTH
API-SALBUTAMOL,2026-01-01,24396.7197,355941.048,FlowForge synthetic (TradeStat not downloaded; see ingest/tradestat.py),,2026-09-27T00:00:00Z,SYNTH
API-SALBUTAMOL,2026-02-01,22702.9945,335981.419,FlowForge synthetic (TradeStat not downloaded; see ingest/tradestat.py),,2026-09-27T00:00:00Z,SYNTH
API-SALBUTAMOL,2026-03-01,22902.3396,374369.68,FlowForge synthetic (TradeStat not downloaded; see ingest/tradestat.py),,2026-09-27T00:00:00Z,SYNTH
API-SALBUTAMOL,2026-04-01,22688.485,467921.056,FlowForge synthetic (TradeStat not downloaded; see ingest/tradestat.py),,2026-09-27T00:00:00Z,SYNTH
API-SALBUTAMOL,2026-05-01,21796.0475,926311.599,FlowForge synthetic (TradeStat not downloaded; see ingest/tradestat.py),,2026-09-27T00:00:00Z,SYNTH
API-SALBUTAMOL,2026-06-01,21099.3162,450554.165,FlowForge synthetic (TradeStat not downloaded; see ingest/tradestat.py),,2026-09-27T00:00:00Z,SYNTH
API-SALBUTAMOL,2026-07-01,20761.5139,421597.014,FlowForge synthetic (TradeStat not downloaded; see ingest/tradestat.py),,2026-09-27T00:00:00Z,SYNTH
API-SALBUTAMOL,2026-08-01,21074.4522,361070.937,FlowForge synthetic (TradeStat not downloaded; see ingest/tradestat.py),,2026-09-27T00:00:00Z,SYNTH
API-SALBUTAMOL,2026-09-01,22326.1665,424387.61,FlowForge synthetic (TradeStat not downloaded; see ingest/tradestat.py),,2026-09-27T00:00:00Z,SYNTH
API-STREPTOMYCIN,2019-01-01,5514.8618,99120.632,FlowForge synthetic (TradeStat not downloaded; see ingest/tradestat.py),,2026-09-27T00:00:00Z,SYNTH
API-STREPTOMYCIN,2019-02-01,5536.3931,134172.727,FlowForge synthetic (TradeStat not downloaded; see ingest/tradestat.py),,2026-09-27T00:00:00Z,SYNTH
API-STREPTOMYCIN,2019-03-01,5511.4195,66754.265,FlowForge synthetic (TradeStat not downloaded; see ingest/tradestat.py),,2026-09-27T00:00:00Z,SYNTH
API-STREPTOMYCIN,2019-04-01,5375.8779,124403.195,FlowForge synthetic (TradeStat not downloaded; see ingest/tradestat.py),,2026-09-27T00:00:00Z,SYNTH
API-STREPTOMYCIN,2019-05-01,5411.03,138930.638,FlowForge synthetic (TradeStat not downloaded; see ingest/tradestat.py),,2026-09-27T00:00:00Z,SYNTH
API-STREPTOMYCIN,2019-06-01,5362.7811,94637.732,FlowForge synthetic (TradeStat not downloaded; see ingest/tradestat.py),,2026-09-27T00:00:00Z,SYNTH
API-STREPTOMYCIN,2019-07-01,5408.8476,87193.389,FlowForge synthetic (TradeStat not downloaded; see ingest/tradestat.py),,2026-09-27T00:00:00Z,SYNTH
API-STREPTOMYCIN,2019-08-01,5255.1109,56957.759,FlowForge synthetic (TradeStat not downloaded; see ingest/tradestat.py),,2026-09-27T00:00:00Z,SYNTH
API-STREPTOMYCIN,2019-09-01,5234.7627,93348.677,FlowForge synthetic (TradeStat not downloaded; see ingest/tradestat.py),,2026-09-27T00:00:00Z,SYNTH
API-STREPTOMYCIN,2019-10-01,5256.8035,48930.38,FlowForge synthetic (TradeStat not downloaded; see ingest/tradestat.py),,2026-09-27T00:00:00Z,SYNTH
API-STREPTOMYCIN,2019-11-01,5252.4017,72327.271,FlowForge synthetic (TradeStat not downloaded; see ingest/tradestat.py),,2026-09-27T00:00:00Z,SYNTH
API-STREPTOMYCIN,2019-12-01,5179.1562,127244.937,FlowForge synthetic (TradeStat not downloaded; see ingest/tradestat.py),,2026-09-27T00:00:00Z,SYNTH
API-STREPTOMYCIN,2020-01-01,5171.53,51600.082,FlowForge synthetic (TradeStat not downloaded; see ingest/tradestat.py),,2026-09-27T00:00:00Z,SYNTH
API-STREPTOMYCIN,2020-02-01,5232.7477,96662.097,FlowForge synthetic (TradeStat not downloaded; see ingest/tradestat.py),,2026-09-27T00:00:00Z,SYNTH
API-STREPTOMYCIN,2020-03-01,5193.1519,38822.116,FlowForge synthetic (TradeStat not downloaded; see ingest/tradestat.py),,2026-09-27T00:00:00Z,SYNTH
API-STREPTOMYCIN,2020-04-01,5008.9656,63817.756,FlowForge synthetic (TradeStat not downloaded; see ingest/tradestat.py),,2026-09-27T00:00:00Z,SYNTH
API-STREPTOMYCIN,2020-05-01,4934.1923,151677.979,FlowForge synthetic (TradeStat not downloaded; see ingest/tradestat.py),,2026-09-27T00:00:00Z,SYNTH
API-STREPTOMYCIN,2020-06-01,5164.163,96607.257,FlowForge synthetic (TradeStat not downloaded; see ingest/tradestat.py),,2026-09-27T00:00:00Z,SYNTH
API-STREPTOMYCIN,2020-07-01,5173.2221,149181.487,FlowForge synthetic (TradeStat not downloaded; see ingest/tradestat.py),,2026-09-27T00:00:00Z,SYNTH
API-STREPTOMYCIN,2020-08-01,5071.4937,129752.814,FlowForge synthetic (TradeStat not downloaded; see ingest/tradestat.py),,2026-09-27T00:00:00Z,SYNTH
API-STREPTOMYCIN,2020-09-01,4943.8421,120462.607,FlowForge synthetic (TradeStat not downloaded; see ingest/tradestat.py),,2026-09-27T00:00:00Z,SYNTH
API-STREPTOMYCIN,2020-10-01,4900.8649,57460.517,FlowForge synthetic (TradeStat not downloaded; see ingest/tradestat.py),,2026-09-27T00:00:00Z,SYNTH
API-STREPTOMYCIN,2020-11-01,4817.3191,146305.96,FlowForge synthetic (TradeStat not downloaded; see ingest/tradestat.py),,2026-09-27T00:00:00Z,SYNTH
API-STREPTOMYCIN,2020-12-01,4769.3949,83214.507,FlowForge synthetic (TradeStat not downloaded; see ingest/tradestat.py),,2026-09-27T00:00:00Z,SYNTH
API-STREPTOMYCIN,2021-01-01,4638.2405,126543.402,FlowForge synthetic (TradeStat not downloaded; see ingest/tradestat.py),,2026-09-27T00:00:00Z,SYNTH
API-STREPTOMYCIN,2021-02-01,4750.7475,200486.632,FlowForge synthetic (TradeStat not downloaded; see ingest/tradestat.py),,2026-09-27T00:00:00Z,SYNTH
API-STREPTOMYCIN,2021-03-01,4749.5242,96778.728,FlowForge synthetic (TradeStat not downloaded; see ingest/tradestat.py),,2026-09-27T00:00:00Z,SYNTH
API-STREPTOMYCIN,2021-04-01,4735.7481,90290.768,FlowForge synthetic (TradeStat not downloaded; see ingest/tradestat.py),,2026-09-27T00:00:00Z,SYNTH
API-STREPTOMYCIN,2021-05-01,4644.7213,128275.26,FlowForge synthetic (TradeStat not downloaded; see ingest/tradestat.py),,2026-09-27T00:00:00Z,SYNTH
API-STREPTOMYCIN,2021-06-01,4498.1539,137043.937,FlowForge synthetic (TradeStat not downloaded; see ingest/tradestat.py),,2026-09-27T00:00:00Z,SYNTH
API-STREPTOMYCIN,2021-07-01,4372.6768,59255.031,FlowForge synthetic (TradeStat not downloaded; see ingest/tradestat.py),,2026-09-27T00:00:00Z,SYNTH
API-STREPTOMYCIN,2021-08-01,4331.6229,46436.128,FlowForge synthetic (TradeStat not downloaded; see ingest/tradestat.py),,2026-09-27T00:00:00Z,SYNTH
API-STREPTOMYCIN,2021-09-01,4255.5934,97136.445,FlowForge synthetic (TradeStat not downloaded; see ingest/tradestat.py),,2026-09-27T00:00:00Z,SYNTH
API-STREPTOMYCIN,2021-10-01,4189.9311,135613.666,FlowForge synthetic (TradeStat not downloaded; see ingest/tradestat.py),,2026-09-27T00:00:00Z,SYNTH
API-STREPTOMYCIN,2021-11-01,4121.0359,97960.194,FlowForge synthetic (TradeStat not downloaded; see ingest/tradestat.py),,2026-09-27T00:00:00Z,SYNTH
API-STREPTOMYCIN,2021-12-01,4027.2752,77201.225,FlowForge synthetic (TradeStat not downloaded; see ingest/tradestat.py),,2026-09-27T00:00:00Z,SYNTH
API-STREPTOMYCIN,2022-01-01,4051.2591,101307.947,FlowForge synthetic (TradeStat not downloaded; see ingest/tradestat.py),,2026-09-27T00:00:00Z,SYNTH
API-STREPTOMYCIN,2022-02-01,4225.8948,87074.693,FlowForge synthetic (TradeStat not downloaded; see ingest/tradestat.py),,2026-09-27T00:00:00Z,SYNTH
API-STREPTOMYCIN,2022-03-01,4169.778,71850.719,FlowForge synthetic (TradeStat not downloaded; see ingest/tradestat.py),,2026-09-27T00:00:00Z,SYNTH
API-STREPTOMYCIN,2022-04-01,4185.1391,52091.28,FlowForge synthetic (TradeStat not downloaded; see ingest/tradestat.py),,2026-09-27T00:00:00Z,SYNTH
API-STREPTOMYCIN,2022-05-01,4141.3257,68096.456,FlowForge synthetic (TradeStat not downloaded; see ingest/tradestat.py),,2026-09-27T00:00:00Z,SYNTH
API-STREPTOMYCIN,2022-06-01,3839.3127,86172.232,FlowForge synthetic (TradeStat not downloaded; see ingest/tradestat.py),,2026-09-27T00:00:00Z,SYNTH
API-STREPTOMYCIN,2022-07-01,3850.2202,58678.088,FlowForge synthetic (TradeStat not downloaded; see ingest/tradestat.py),,2026-09-27T00:00:00Z,SYNTH
API-STREPTOMYCIN,2022-08-01,3868.9547,70335.385,FlowForge synthetic (TradeStat not downloaded; see ingest/tradestat.py),,2026-09-27T00:00:00Z,SYNTH
API-STREPTOMYCIN,2022-09-01,3942.8003,64019.406,FlowForge synthetic (TradeStat not downloaded; see ingest/tradestat.py),,2026-09-27T00:00:00Z,SYNTH
API-STREPTOMYCIN,2022-10-01,3908.2797,124450.465,FlowForge synthetic (TradeStat not downloaded; see ingest/tradestat.py),,2026-09-27T00:00:00Z,SYNTH
API-STREPTOMYCIN,2022-11-01,3847.8534,56739.348,FlowForge synthetic (TradeStat not downloaded; see ingest/tradestat.py),,2026-09-27T00:00:00Z,SYNTH
API-STREPTOMYCIN,2022-12-01,3975.0126,129774.756,FlowForge synthetic (TradeStat not downloaded; see ingest/tradestat.py),,2026-09-27T00:00:00Z,SYNTH
API-STREPTOMYCIN,2023-01-01,4036.2451,80171.676,FlowForge synthetic (TradeStat not downloaded; see ingest/tradestat.py),,2026-09-27T00:00:00Z,SYNTH
API-STREPTOMYCIN,2023-02-01,3889.2492,52929.328,FlowForge synthetic (TradeStat not downloaded; see ingest/tradestat.py),,2026-09-27T00:00:00Z,SYNTH
API-STREPTOMYCIN,2023-03-01,3898.6946,135086.952,FlowForge synthetic (TradeStat not downloaded; see ingest/tradestat.py),,2026-09-27T00:00:00Z,SYNTH
API-STREPTOMYCIN,2023-04-01,3790.2924,75864.256,FlowForge synthetic (TradeStat not downloaded; see ingest/tradestat.py),,2026-09-27T00:00:00Z,SYNTH
API-STREPTOMYCIN,2023-05-01,3719.524,73957.48,FlowForge synthetic (TradeStat not downloaded; see ingest/tradestat.py),,2026-09-27T00:00:00Z,SYNTH
API-STREPTOMYCIN,2023-06-01,3820.729,98390.826,FlowForge synthetic (TradeStat not downloaded; see ingest/tradestat.py),,2026-09-27T00:00:00Z,SYNTH
API-STREPTOMYCIN,2023-07-01,3875.6493,41557.511,FlowForge synthetic (TradeStat not downloaded; see ingest/tradestat.py),,2026-09-27T00:00:00Z,SYNTH
API-STREPTOMYCIN,2023-08-01,3659.148,131462.896,FlowForge synthetic (TradeStat not downloaded; see ingest/tradestat.py),,2026-09-27T00:00:00Z,SYNTH
API-STREPTOMYCIN,2023-09-01,3635.4461,191688.561,FlowForge synthetic (TradeStat not downloaded; see ingest/tradestat.py),,2026-09-27T00:00:00Z,SYNTH
API-STREPTOMYCIN,2023-10-01,3563.2626,84808.856,FlowForge synthetic (TradeStat not downloaded; see ingest/tradestat.py),,2026-09-27T00:00:00Z,SYNTH
API-STREPTOMYCIN,2023-11-01,3493.0451,87534.764,FlowForge synthetic (TradeStat not downloaded; see ingest/tradestat.py),,2026-09-27T00:00:00Z,SYNTH
API-STREPTOMYCIN,2023-12-01,3368.2446,94593.775,FlowForge synthetic (TradeStat not downloaded; see ingest/tradestat.py),,2026-09-27T00:00:00Z,SYNTH
API-STREPTOMYCIN,2024-01-01,3253.0502,66266.866,FlowForge synthetic (TradeStat not downloaded; see ingest/tradestat.py),,2026-09-27T00:00:00Z,SYNTH
API-STREPTOMYCIN,2024-02-01,3210.6253,144608.076,FlowForge synthetic (TradeStat not downloaded; see ingest/tradestat.py),,2026-09-27T00:00:00Z,SYNTH
API-STREPTOMYCIN,2024-03-01,3085.8448,108622.638,FlowForge synthetic (TradeStat not downloaded; see ingest/tradestat.py),,2026-09-27T00:00:00Z,SYNTH
API-STREPTOMYCIN,2024-04-01,3104.0485,64063.035,FlowForge synthetic (TradeStat not downloaded; see ingest/tradestat.py),,2026-09-27T00:00:00Z,SYNTH
API-STREPTOMYCIN,2024-05-01,3118.3939,93012.495,FlowForge synthetic (TradeStat not downloaded; see ingest/tradestat.py),,2026-09-27T00:00:00Z,SYNTH
API-STREPTOMYCIN,2024-06-01,3003.5934,99086.236,FlowForge synthetic (TradeStat not downloaded; see ingest/tradestat.py),,2026-09-27T00:00:00Z,SYNTH
API-STREPTOMYCIN,2024-07-01,3054.7124,150551.527,FlowForge synthetic (TradeStat not downloaded; see ingest/tradestat.py),,2026-09-27T00:00:00Z,SYNTH
API-STREPTOMYCIN,2024-08-01,3200.5925,85429.711,FlowForge synthetic (TradeStat not downloaded; see ingest/tradestat.py),,2026-09-27T00:00:00Z,SYNTH
API-STREPTOMYCIN,2024-09-01,3151.9581,110380.3,FlowForge synthetic (TradeStat not downloaded; see ingest/tradestat.py),,2026-09-27T00:00:00Z,SYNTH
API-STREPTOMYCIN,2024-10-01,3226.9893,93824.177,FlowForge synthetic (TradeStat not downloaded; see ingest/tradestat.py),,2026-09-27T00:00:00Z,SYNTH
API-STREPTOMYCIN,2024-11-01,3133.5483,56533.054,FlowForge synthetic (TradeStat not downloaded; see ingest/tradestat.py),,2026-09-27T00:00:00Z,SYNTH
API-STREPTOMYCIN,2024-12-01,3090.0679,126526.626,FlowForge synthetic (TradeStat not downloaded; see ingest/tradestat.py),,2026-09-27T00:00:00Z,SYNTH
API-STREPTOMYCIN,2025-01-01,3088.2005,140397.563,FlowForge synthetic (TradeStat not downloaded; see ingest/tradestat.py),,2026-09-27T00:00:00Z,SYNTH
API-STREPTOMYCIN,2025-02-01,3135.2026,90054.174,FlowForge synthetic (TradeStat not downloaded; see ingest/tradestat.py),,2026-09-27T00:00:00Z,SYNTH
API-STREPTOMYCIN,2025-03-01,3170.4584,107501.838,FlowForge synthetic (TradeStat not downloaded; see ingest/tradestat.py),,2026-09-27T00:00:00Z,SYNTH
API-STREPTOMYCIN,2025-04-01,3196.9314,121386.214,FlowForge synthetic (TradeStat not downloaded; see ingest/tradestat.py),,2026-09-27T00:00:00Z,SYNTH
API-STREPTOMYCIN,2025-05-01,3091.2014,74791.714,FlowForge synthetic (TradeStat not downloaded; see ingest/tradestat.py),,2026-09-27T00:00:00Z,SYNTH
API-STREPTOMYCIN,2025-06-01,3122.3575,50509.968,FlowForge synthetic (TradeStat not downloaded; see ingest/tradestat.py),,2026-09-27T00:00:00Z,SYNTH
API-STREPTOMYCIN,2025-07-01,3103.3702,104187.786,FlowForge synthetic (TradeStat not downloaded; see ingest/tradestat.py),,2026-09-27T00:00:00Z,SYNTH
API-STREPTOMYCIN,2025-08-01,3093.3705,154973.139,FlowForge synthetic (TradeStat not downloaded; see ingest/tradestat.py),,2026-09-27T00:00:00Z,SYNTH
API-STREPTOMYCIN,2025-09-01,3139.0935,102918.815,FlowForge synthetic (TradeStat not downloaded; see ingest/tradestat.py),,2026-09-27T00:00:00Z,SYNTH
API-STREPTOMYCIN,2025-10-01,3261.4838,62591.711,FlowForge synthetic (TradeStat not downloaded; see ingest/tradestat.py),,2026-09-27T00:00:00Z,SYNTH
API-STREPTOMYCIN,2025-11-01,3238.1216,89200.735,FlowForge synthetic (TradeStat not downloaded; see ingest/tradestat.py),,2026-09-27T00:00:00Z,SYNTH
API-STREPTOMYCIN,2025-12-01,3230.6622,110739.712,FlowForge synthetic (TradeStat not downloaded; see ingest/tradestat.py),,2026-09-27T00:00:00Z,SYNTH
API-STREPTOMYCIN,2026-01-01,3291.9998,77802.017,FlowForge synthetic (TradeStat not downloaded; see ingest/tradestat.py),,2026-09-27T00:00:00Z,SYNTH
API-STREPTOMYCIN,2026-02-01,3256.287,125404.832,FlowForge synthetic (TradeStat not downloaded; see ingest/tradestat.py),,2026-09-27T00:00:00Z,SYNTH
API-STREPTOMYCIN,2026-03-01,3202.3702,64868.384,FlowForge synthetic (TradeStat not downloaded; see ingest/tradestat.py),,2026-09-27T00:00:00Z,SYNTH
API-STREPTOMYCIN,2026-04-01,3126.3429,77430.878,FlowForge synthetic (TradeStat not downloaded; see ingest/tradestat.py),,2026-09-27T00:00:00Z,SYNTH
API-STREPTOMYCIN,2026-05-01,3055.3606,74951.774,FlowForge synthetic (TradeStat not downloaded; see ingest/tradestat.py),,2026-09-27T00:00:00Z,SYNTH
API-STREPTOMYCIN,2026-06-01,2991.3105,77703.18,FlowForge synthetic (TradeStat not downloaded; see ingest/tradestat.py),,2026-09-27T00:00:00Z,SYNTH
API-STREPTOMYCIN,2026-07-01,2990.6147,83068.353,FlowForge synthetic (TradeStat not downloaded; see ingest/tradestat.py),,2026-09-27T00:00:00Z,SYNTH
API-STREPTOMYCIN,2026-08-01,2984.9068,80827.117,FlowForge synthetic (TradeStat not downloaded; see ingest/tradestat.py),,2026-09-27T00:00:00Z,SYNTH
API-STREPTOMYCIN,2026-09-01,3035.3442,50067.51,FlowForge synthetic (TradeStat not downloaded; see ingest/tradestat.py),,2026-09-27T00:00:00Z,SYNTH
API-SULFAMETHOXAZOLE,2019-01-01,655.5796,593001.871,FlowForge synthetic (TradeStat not downloaded; see ingest/tradestat.py),,2026-09-27T00:00:00Z,SYNTH
API-SULFAMETHOXAZOLE,2019-02-01,640.4415,475205.074,FlowForge synthetic (TradeStat not downloaded; see ingest/tradestat.py),,2026-09-27T00:00:00Z,SYNTH
API-SULFAMETHOXAZOLE,2019-03-01,646.1948,491196.281,FlowForge synthetic (TradeStat not downloaded; see ingest/tradestat.py),,2026-09-27T00:00:00Z,SYNTH
API-SULFAMETHOXAZOLE,2019-04-01,663.8132,444606.246,FlowForge synthetic (TradeStat not downloaded; see ingest/tradestat.py),,2026-09-27T00:00:00Z,SYNTH
API-SULFAMETHOXAZOLE,2019-05-01,659.2387,817704.668,FlowForge synthetic (TradeStat not downloaded; see ingest/tradestat.py),,2026-09-27T00:00:00Z,SYNTH
API-SULFAMETHOXAZOLE,2019-06-01,673.8783,380246.358,FlowForge synthetic (TradeStat not downloaded; see ingest/tradestat.py),,2026-09-27T00:00:00Z,SYNTH
API-SULFAMETHOXAZOLE,2019-07-01,683.3593,784795.692,FlowForge synthetic (TradeStat not downloaded; see ingest/tradestat.py),,2026-09-27T00:00:00Z,SYNTH
API-SULFAMETHOXAZOLE,2019-08-01,669.8454,627006.939,FlowForge synthetic (TradeStat not downloaded; see ingest/tradestat.py),,2026-09-27T00:00:00Z,SYNTH
API-SULFAMETHOXAZOLE,2019-09-01,638.6425,337350.619,FlowForge synthetic (TradeStat not downloaded; see ingest/tradestat.py),,2026-09-27T00:00:00Z,SYNTH
API-SULFAMETHOXAZOLE,2019-10-01,663.352,400989.93,FlowForge synthetic (TradeStat not downloaded; see ingest/tradestat.py),,2026-09-27T00:00:00Z,SYNTH
API-SULFAMETHOXAZOLE,2019-11-01,638.6471,960095.839,FlowForge synthetic (TradeStat not downloaded; see ingest/tradestat.py),,2026-09-27T00:00:00Z,SYNTH
API-SULFAMETHOXAZOLE,2019-12-01,632.9016,534826.333,FlowForge synthetic (TradeStat not downloaded; see ingest/tradestat.py),,2026-09-27T00:00:00Z,SYNTH
API-SULFAMETHOXAZOLE,2020-01-01,642.8641,538304.597,FlowForge synthetic (TradeStat not downloaded; see ingest/tradestat.py),,2026-09-27T00:00:00Z,SYNTH
API-SULFAMETHOXAZOLE,2020-02-01,673.2754,658918.733,FlowForge synthetic (TradeStat not downloaded; see ingest/tradestat.py),,2026-09-27T00:00:00Z,SYNTH
API-SULFAMETHOXAZOLE,2020-03-01,663.3133,577495.213,FlowForge synthetic (TradeStat not downloaded; see ingest/tradestat.py),,2026-09-27T00:00:00Z,SYNTH
API-SULFAMETHOXAZOLE,2020-04-01,650.5717,460965.874,FlowForge synthetic (TradeStat not downloaded; see ingest/tradestat.py),,2026-09-27T00:00:00Z,SYNTH
API-SULFAMETHOXAZOLE,2020-05-01,678.0137,328613.544,FlowForge synthetic (TradeStat not downloaded; see ingest/tradestat.py),,2026-09-27T00:00:00Z,SYNTH
API-SULFAMETHOXAZOLE,2020-06-01,635.3204,562514.682,FlowForge synthetic (TradeStat not downloaded; see ingest/tradestat.py),,2026-09-27T00:00:00Z,SYNTH
API-SULFAMETHOXAZOLE,2020-07-01,663.244,246438.253,FlowForge synthetic (TradeStat not downloaded; see ingest/tradestat.py),,2026-09-27T00:00:00Z,SYNTH
API-SULFAMETHOXAZOLE,2020-08-01,666.6816,774131.852,FlowForge synthetic (TradeStat not downloaded; see ingest/tradestat.py),,2026-09-27T00:00:00Z,SYNTH
API-SULFAMETHOXAZOLE,2020-09-01,686.3681,518718.809,FlowForge synthetic (TradeStat not downloaded; see ingest/tradestat.py),,2026-09-27T00:00:00Z,SYNTH
API-SULFAMETHOXAZOLE,2020-10-01,680.9129,383878.577,FlowForge synthetic (TradeStat not downloaded; see ingest/tradestat.py),,2026-09-27T00:00:00Z,SYNTH
API-SULFAMETHOXAZOLE,2020-11-01,694.9168,517290.434,FlowForge synthetic (TradeStat not downloaded; see ingest/tradestat.py),,2026-09-27T00:00:00Z,SYNTH
API-SULFAMETHOXAZOLE,2020-12-01,723.2827,470355.224,FlowForge synthetic (TradeStat not downloaded; see ingest/tradestat.py),,2026-09-27T00:00:00Z,SYNTH
API-SULFAMETHOXAZOLE,2021-01-01,743.251,961540.804,FlowForge synthetic (TradeStat not downloaded; see ingest/tradestat.py),,2026-09-27T00:00:00Z,SYNTH
API-SULFAMETHOXAZOLE,2021-02-01,726.1788,479478.009,FlowForge synthetic (TradeStat not downloaded; see ingest/tradestat.py),,2026-09-27T00:00:00Z,SYNTH
API-SULFAMETHOXAZOLE,2021-03-01,733.6193,440036.047,FlowForge synthetic (TradeStat not downloaded; see ingest/tradestat.py),,2026-09-27T00:00:00Z,SYNTH
API-SULFAMETHOXAZOLE,2021-04-01,735.8158,435457.193,FlowForge synthetic (TradeStat not downloaded; see ingest/tradestat.py),,2026-09-27T00:00:00Z,SYNTH
API-SULFAMETHOXAZOLE,2021-05-01,756.0813,578483.833,FlowForge synthetic (TradeStat not downloaded; see ingest/tradestat.py),,2026-09-27T00:00:00Z,SYNTH
API-SULFAMETHOXAZOLE,2021-06-01,776.362,582666.212,FlowForge synthetic (TradeStat not downloaded; see ingest/tradestat.py),,2026-09-27T00:00:00Z,SYNTH
API-SULFAMETHOXAZOLE,2021-07-01,759.1609,623553.762,FlowForge synthetic (TradeStat not downloaded; see ingest/tradestat.py),,2026-09-27T00:00:00Z,SYNTH
API-SULFAMETHOXAZOLE,2021-08-01,794.1119,466422.08,FlowForge synthetic (TradeStat not downloaded; see ingest/tradestat.py),,2026-09-27T00:00:00Z,SYNTH
API-SULFAMETHOXAZOLE,2021-09-01,776.6266,375720.353,FlowForge synthetic (TradeStat not downloaded; see ingest/tradestat.py),,2026-09-27T00:00:00Z,SYNTH
API-SULFAMETHOXAZOLE,2021-10-01,769.0007,424407.603,FlowForge synthetic (TradeStat not downloaded; see ingest/tradestat.py),,2026-09-27T00:00:00Z,SYNTH
API-SULFAMETHOXAZOLE,2021-11-01,783.9396,566036.142,FlowForge synthetic (TradeStat not downloaded; see ingest/tradestat.py),,2026-09-27T00:00:00Z,SYNTH
API-SULFAMETHOXAZOLE,2021-12-01,801.2876,464227.928,FlowForge synthetic (TradeStat not downloaded; see ingest/tradestat.py),,2026-09-27T00:00:00Z,SYNTH
API-SULFAMETHOXAZOLE,2022-01-01,814.5292,550644.789,FlowForge synthetic (TradeStat not downloaded; see ingest/tradestat.py),,2026-09-27T00:00:00Z,SYNTH
API-SULFAMETHOXAZOLE,2022-02-01,831.2832,1140366.621,FlowForge synthetic (TradeStat not downloaded; see ingest/tradestat.py),,2026-09-27T00:00:00Z,SYNTH
API-SULFAMETHOXAZOLE,2022-03-01,832.2058,325122.027,FlowForge synthetic (TradeStat not downloaded; see ingest/tradestat.py),,2026-09-27T00:00:00Z,SYNTH
API-SULFAMETHOXAZOLE,2022-04-01,823.3583,701066.76,FlowForge synthetic (TradeStat not downloaded; see ingest/tradestat.py),,2026-09-27T00:00:00Z,SYNTH
API-SULFAMETHOXAZOLE,2022-05-01,817.7264,426473.323,FlowForge synthetic (TradeStat not downloaded; see ingest/tradestat.py),,2026-09-27T00:00:00Z,SYNTH
API-SULFAMETHOXAZOLE,2022-06-01,854.5823,956623.52,FlowForge synthetic (TradeStat not downloaded; see ingest/tradestat.py),,2026-09-27T00:00:00Z,SYNTH
API-SULFAMETHOXAZOLE,2022-07-01,795.4905,1002961.72,FlowForge synthetic (TradeStat not downloaded; see ingest/tradestat.py),,2026-09-27T00:00:00Z,SYNTH
API-SULFAMETHOXAZOLE,2022-08-01,799.2695,581896.016,FlowForge synthetic (TradeStat not downloaded; see ingest/tradestat.py),,2026-09-27T00:00:00Z,SYNTH
API-SULFAMETHOXAZOLE,2022-09-01,838.8403,244660.72,FlowForge synthetic (TradeStat not downloaded; see ingest/tradestat.py),,2026-09-27T00:00:00Z,SYNTH
API-SULFAMETHOXAZOLE,2022-10-01,781.2482,749620.214,FlowForge synthetic (TradeStat not downloaded; see ingest/tradestat.py),,2026-09-27T00:00:00Z,SYNTH
API-SULFAMETHOXAZOLE,2022-11-01,756.8584,481897.354,FlowForge synthetic (TradeStat not downloaded; see ingest/tradestat.py),,2026-09-27T00:00:00Z,SYNTH
API-SULFAMETHOXAZOLE,2022-12-01,804.4484,594281.543,FlowForge synthetic (TradeStat not downloaded; see ingest/tradestat.py),,2026-09-27T00:00:00Z,SYNTH
API-SULFAMETHOXAZOLE,2023-01-01,783.5628,345708.135,FlowForge synthetic (TradeStat not downloaded; see ingest/tradestat.py),,2026-09-27T00:00:00Z,SYNTH
API-SULFAMETHOXAZOLE,2023-02-01,817.7004,722438.848,FlowForge synthetic (TradeStat not downloaded; see ingest/tradestat.py),,2026-09-27T00:00:00Z,SYNTH
API-SULFAMETHOXAZOLE,2023-03-01,811.6712,342822.273,FlowForge synthetic (TradeStat not downloaded; see ingest/tradestat.py),,2026-09-27T00:00:00Z,SYNTH
API-SULFAMETHOXAZOLE,2023-04-01,813.3297,988794.073,FlowForge synthetic (TradeStat not downloaded; see ingest/tradestat.py),,2026-09-27T00:00:00Z,SYNTH
API-SULFAMETHOXAZOLE,2023-05-01,835.808,445436.865,FlowForge synthetic (TradeStat not downloaded; see ingest/tradestat.py),,2026-09-27T00:00:00Z,SYNTH
API-SULFAMETHOXAZOLE,2023-06-01,840.9246,631113.361,FlowForge synthetic (TradeStat not downloaded; see ingest/tradestat.py),,2026-09-27T00:00:00Z,SYNTH
API-SULFAMETHOXAZOLE,2023-07-01,832.2101,395833.307,FlowForge synthetic (TradeStat not downloaded; see ingest/tradestat.py),,2026-09-27T00:00:00Z,SYNTH
API-SULFAMETHOXAZOLE,2023-08-01,859.5183,576854.191,FlowForge synthetic (TradeStat not downloaded; see ingest/tradestat.py),,2026-09-27T00:00:00Z,SYNTH
API-SULFAMETHOXAZOLE,2023-09-01,824.0993,493271.11,FlowForge synthetic (TradeStat not downloaded; see ingest/tradestat.py),,2026-09-27T00:00:00Z,SYNTH
API-SULFAMETHOXAZOLE,2023-10-01,839.0107,678595.225,FlowForge synthetic (TradeStat not downloaded; see ingest/tradestat.py),,2026-09-27T00:00:00Z,SYNTH
API-SULFAMETHOXAZOLE,2023-11-01,820.2044,366222.978,FlowForge synthetic (TradeStat not downloaded; see ingest/tradestat.py),,2026-09-27T00:00:00Z,SYNTH
API-SULFAMETHOXAZOLE,2023-12-01,845.2265,472198.098,FlowForge synthetic (TradeStat not downloaded; see ingest/tradestat.py),,2026-09-27T00:00:00Z,SYNTH
API-SULFAMETHOXAZOLE,2024-01-01,851.026,660635.637,FlowForge synthetic (TradeStat not downloaded; see ingest/tradestat.py),,2026-09-27T00:00:00Z,SYNTH
API-SULFAMETHOXAZOLE,2024-02-01,879.4269,556302.764,FlowForge synthetic (TradeStat not downloaded; see ingest/tradestat.py),,2026-09-27T00:00:00Z,SYNTH
API-SULFAMETHOXAZOLE,2024-03-01,870.4596,502387.672,FlowForge synthetic (TradeStat not downloaded; see ingest/tradestat.py),,2026-09-27T00:00:00Z,SYNTH
API-SULFAMETHOXAZOLE,2024-04-01,850.5806,304223.591,FlowForge synthetic (TradeStat not downloaded; see ingest/tradestat.py),,2026-09-27T00:00:00Z,SYNTH
API-SULFAMETHOXAZOLE,2024-05-01,843.2291,776452.852,FlowForge synthetic (TradeStat not downloaded; see ingest/tradestat.py),,2026-09-27T00:00:00Z,SYNTH
API-SULFAMETHOXAZOLE,2024-06-01,833.0829,775969.019,FlowForge synthetic (TradeStat not downloaded; see ingest/tradestat.py),,2026-09-27T00:00:00Z,SYNTH
API-SULFAMETHOXAZOLE,2024-07-01,814.6088,449301.111,FlowForge synthetic (TradeStat not downloaded; see ingest/tradestat.py),,2026-09-27T00:00:00Z,SYNTH
API-SULFAMETHOXAZOLE,2024-08-01,810.9714,434650.604,FlowForge synthetic (TradeStat not downloaded; see ingest/tradestat.py),,2026-09-27T00:00:00Z,SYNTH
API-SULFAMETHOXAZOLE,2024-09-01,826.8136,437354.101,FlowForge synthetic (TradeStat not downloaded; see ingest/tradestat.py),,2026-09-27T00:00:00Z,SYNTH
API-SULFAMETHOXAZOLE,2024-10-01,811.1956,479147.141,FlowForge synthetic (TradeStat not downloaded; see ingest/tradestat.py),,2026-09-27T00:00:00Z,SYNTH
API-SULFAMETHOXAZOLE,2024-11-01,801.0007,654644.178,FlowForge synthetic (TradeStat not downloaded; see ingest/tradestat.py),,2026-09-27T00:00:00Z,SYNTH
API-SULFAMETHOXAZOLE,2024-12-01,804.834,373047.44,FlowForge synthetic (TradeStat not downloaded; see ingest/tradestat.py),,2026-09-27T00:00:00Z,SYNTH
API-SULFAMETHOXAZOLE,2025-01-01,802.1333,450975.77,FlowForge synthetic (TradeStat not downloaded; see ingest/tradestat.py),,2026-09-27T00:00:00Z,SYNTH
API-SULFAMETHOXAZOLE,2025-02-01,797.3647,745412.033,FlowForge synthetic (TradeStat not downloaded; see ingest/tradestat.py),,2026-09-27T00:00:00Z,SYNTH
API-SULFAMETHOXAZOLE,2025-03-01,805.3127,603052.139,FlowForge synthetic (TradeStat not downloaded; see ingest/tradestat.py),,2026-09-27T00:00:00Z,SYNTH
API-SULFAMETHOXAZOLE,2025-04-01,806.5273,540627.076,FlowForge synthetic (TradeStat not downloaded; see ingest/tradestat.py),,2026-09-27T00:00:00Z,SYNTH
API-SULFAMETHOXAZOLE,2025-05-01,799.2493,637580.637,FlowForge synthetic (TradeStat not downloaded; see ingest/tradestat.py),,2026-09-27T00:00:00Z,SYNTH
API-SULFAMETHOXAZOLE,2025-06-01,854.986,284855.225,FlowForge synthetic (TradeStat not downloaded; see ingest/tradestat.py),,2026-09-27T00:00:00Z,SYNTH
API-SULFAMETHOXAZOLE,2025-07-01,917.2563,777020.342,FlowForge synthetic (TradeStat not downloaded; see ingest/tradestat.py),,2026-09-27T00:00:00Z,SYNTH
API-SULFAMETHOXAZOLE,2025-08-01,937.679,770800.108,FlowForge synthetic (TradeStat not downloaded; see ingest/tradestat.py),,2026-09-27T00:00:00Z,SYNTH
API-SULFAMETHOXAZOLE,2025-09-01,909.436,537047.663,FlowForge synthetic (TradeStat not downloaded; see ingest/tradestat.py),,2026-09-27T00:00:00Z,SYNTH
API-SULFAMETHOXAZOLE,2025-10-01,905.7177,432692.648,FlowForge synthetic (TradeStat not downloaded; see ingest/tradestat.py),,2026-09-27T00:00:00Z,SYNTH
API-SULFAMETHOXAZOLE,2025-11-01,911.7428,459157.233,FlowForge synthetic (TradeStat not downloaded; see ingest/tradestat.py),,2026-09-27T00:00:00Z,SYNTH
API-SULFAMETHOXAZOLE,2025-12-01,914.6882,582134.58,FlowForge synthetic (TradeStat not downloaded; see ingest/tradestat.py),,2026-09-27T00:00:00Z,SYNTH
API-SULFAMETHOXAZOLE,2026-01-01,938.717,444642.892,FlowForge synthetic (TradeStat not downloaded; see ingest/tradestat.py),,2026-09-27T00:00:00Z,SYNTH
API-SULFAMETHOXAZOLE,2026-02-01,940.8105,633639.983,FlowForge synthetic (TradeStat not downloaded; see ingest/tradestat.py),,2026-09-27T00:00:00Z,SYNTH
API-SULFAMETHOXAZOLE,2026-03-01,931.5399,589349.214,FlowForge synthetic (TradeStat not downloaded; see ingest/tradestat.py),,2026-09-27T00:00:00Z,SYNTH
API-SULFAMETHOXAZOLE,2026-04-01,928.3897,1044759.009,FlowForge synthetic (TradeStat not downloaded; see ingest/tradestat.py),,2026-09-27T00:00:00Z,SYNTH
API-SULFAMETHOXAZOLE,2026-05-01,932.5905,334538.488,FlowForge synthetic (TradeStat not downloaded; see ingest/tradestat.py),,2026-09-27T00:00:00Z,SYNTH
API-SULFAMETHOXAZOLE,2026-06-01,951.8249,516307.684,FlowForge synthetic (TradeStat not downloaded; see ingest/tradestat.py),,2026-09-27T00:00:00Z,SYNTH
API-SULFAMETHOXAZOLE,2026-07-01,963.4421,539416.108,FlowForge synthetic (TradeStat not downloaded; see ingest/tradestat.py),,2026-09-27T00:00:00Z,SYNTH
API-SULFAMETHOXAZOLE,2026-08-01,986.0954,389307.627,FlowForge synthetic (TradeStat not downloaded; see ingest/tradestat.py),,2026-09-27T00:00:00Z,SYNTH
API-SULFAMETHOXAZOLE,2026-09-01,961.2794,547411.246,FlowForge synthetic (TradeStat not downloaded; see ingest/tradestat.py),,2026-09-27T00:00:00Z,SYNTH
API-TRIMETHOPRIM,2019-01-01,485.612,502114.242,FlowForge synthetic (TradeStat not downloaded; see ingest/tradestat.py),,2026-09-27T00:00:00Z,SYNTH
API-TRIMETHOPRIM,2019-02-01,497.134,353984.013,FlowForge synthetic (TradeStat not downloaded; see ingest/tradestat.py),,2026-09-27T00:00:00Z,SYNTH
API-TRIMETHOPRIM,2019-03-01,516.6081,243455.28,FlowForge synthetic (TradeStat not downloaded; see ingest/tradestat.py),,2026-09-27T00:00:00Z,SYNTH
API-TRIMETHOPRIM,2019-04-01,486.3147,190088.201,FlowForge synthetic (TradeStat not downloaded; see ingest/tradestat.py),,2026-09-27T00:00:00Z,SYNTH
API-TRIMETHOPRIM,2019-05-01,507.0722,214868.908,FlowForge synthetic (TradeStat not downloaded; see ingest/tradestat.py),,2026-09-27T00:00:00Z,SYNTH
API-TRIMETHOPRIM,2019-06-01,559.6129,292616.438,FlowForge synthetic (TradeStat not downloaded; see ingest/tradestat.py),,2026-09-27T00:00:00Z,SYNTH
API-TRIMETHOPRIM,2019-07-01,581.0008,182139.37,FlowForge synthetic (TradeStat not downloaded; see ingest/tradestat.py),,2026-09-27T00:00:00Z,SYNTH
API-TRIMETHOPRIM,2019-08-01,537.4819,352904.193,FlowForge synthetic (TradeStat not downloaded; see ingest/tradestat.py),,2026-09-27T00:00:00Z,SYNTH
API-TRIMETHOPRIM,2019-09-01,554.7882,304119.456,FlowForge synthetic (TradeStat not downloaded; see ingest/tradestat.py),,2026-09-27T00:00:00Z,SYNTH
API-TRIMETHOPRIM,2019-10-01,549.0963,272843.322,FlowForge synthetic (TradeStat not downloaded; see ingest/tradestat.py),,2026-09-27T00:00:00Z,SYNTH
API-TRIMETHOPRIM,2019-11-01,661.6505,223581.045,FlowForge synthetic (TradeStat not downloaded; see ingest/tradestat.py),,2026-09-27T00:00:00Z,SYNTH
API-TRIMETHOPRIM,2019-12-01,613.9984,232004.303,FlowForge synthetic (TradeStat not downloaded; see ingest/tradestat.py),,2026-09-27T00:00:00Z,SYNTH
API-TRIMETHOPRIM,2020-01-01,593.6412,161425.584,FlowForge synthetic (TradeStat not downloaded; see ingest/tradestat.py),,2026-09-27T00:00:00Z,SYNTH
API-TRIMETHOPRIM,2020-02-01,610.2016,482007.105,FlowForge synthetic (TradeStat not downloaded; see ingest/tradestat.py),,2026-09-27T00:00:00Z,SYNTH
API-TRIMETHOPRIM,2020-03-01,607.6378,445515.878,FlowForge synthetic (TradeStat not downloaded; see ingest/tradestat.py),,2026-09-27T00:00:00Z,SYNTH
API-TRIMETHOPRIM,2020-04-01,580.773,192918.355,FlowForge synthetic (TradeStat not downloaded; see ingest/tradestat.py),,2026-09-27T00:00:00Z,SYNTH
API-TRIMETHOPRIM,2020-05-01,573.3547,235759.671,FlowForge synthetic (TradeStat not downloaded; see ingest/tradestat.py),,2026-09-27T00:00:00Z,SYNTH
API-TRIMETHOPRIM,2020-06-01,573.2764,351805.476,FlowForge synthetic (TradeStat not downloaded; see ingest/tradestat.py),,2026-09-27T00:00:00Z,SYNTH
API-TRIMETHOPRIM,2020-07-01,597.2614,239984.892,FlowForge synthetic (TradeStat not downloaded; see ingest/tradestat.py),,2026-09-27T00:00:00Z,SYNTH
API-TRIMETHOPRIM,2020-08-01,598.5776,131760.554,FlowForge synthetic (TradeStat not downloaded; see ingest/tradestat.py),,2026-09-27T00:00:00Z,SYNTH
API-TRIMETHOPRIM,2020-09-01,566.7957,537643.471,FlowForge synthetic (TradeStat not downloaded; see ingest/tradestat.py),,2026-09-27T00:00:00Z,SYNTH
API-TRIMETHOPRIM,2020-10-01,553.1628,268241.201,FlowForge synthetic (TradeStat not downloaded; see ingest/tradestat.py),,2026-09-27T00:00:00Z,SYNTH
API-TRIMETHOPRIM,2020-11-01,544.664,382252.93,FlowForge synthetic (TradeStat not downloaded; see ingest/tradestat.py),,2026-09-27T00:00:00Z,SYNTH
API-TRIMETHOPRIM,2020-12-01,535.2733,231819.104,FlowForge synthetic (TradeStat not downloaded; see ingest/tradestat.py),,2026-09-27T00:00:00Z,SYNTH
API-TRIMETHOPRIM,2021-01-01,517.5508,331393.876,FlowForge synthetic (TradeStat not downloaded; see ingest/tradestat.py),,2026-09-27T00:00:00Z,SYNTH
API-TRIMETHOPRIM,2021-02-01,525.8415,140243.707,FlowForge synthetic (TradeStat not downloaded; see ingest/tradestat.py),,2026-09-27T00:00:00Z,SYNTH
API-TRIMETHOPRIM,2021-03-01,558.0234,267106.704,FlowForge synthetic (TradeStat not downloaded; see ingest/tradestat.py),,2026-09-27T00:00:00Z,SYNTH
API-TRIMETHOPRIM,2021-04-01,546.6085,203351.847,FlowForge synthetic (TradeStat not downloaded; see ingest/tradestat.py),,2026-09-27T00:00:00Z,SYNTH
API-TRIMETHOPRIM,2021-05-01,549.8498,132892.959,FlowForge synthetic (TradeStat not downloaded; see ingest/tradestat.py),,2026-09-27T00:00:00Z,SYNTH
API-TRIMETHOPRIM,2021-06-01,535.3837,263311.203,FlowForge synthetic (TradeStat not downloaded; see ingest/tradestat.py),,2026-09-27T00:00:00Z,SYNTH
API-TRIMETHOPRIM,2021-07-01,544.0684,319090.022,FlowForge synthetic (TradeStat not downloaded; see ingest/tradestat.py),,2026-09-27T00:00:00Z,SYNTH
API-TRIMETHOPRIM,2021-08-01,558.8763,303476.025,FlowForge synthetic (TradeStat not downloaded; see ingest/tradestat.py),,2026-09-27T00:00:00Z,SYNTH
API-TRIMETHOPRIM,2021-09-01,581.5993,317341.234,FlowForge synthetic (TradeStat not downloaded; see ingest/tradestat.py),,2026-09-27T00:00:00Z,SYNTH
API-TRIMETHOPRIM,2021-10-01,628.5604,203888.551,FlowForge synthetic (TradeStat not downloaded; see ingest/tradestat.py),,2026-09-27T00:00:00Z,SYNTH
API-TRIMETHOPRIM,2021-11-01,647.4087,167062.905,FlowForge synthetic (TradeStat not downloaded; see ingest/tradestat.py),,2026-09-27T00:00:00Z,SYNTH
API-TRIMETHOPRIM,2021-12-01,683.5121,199924.919,FlowForge synthetic (TradeStat not downloaded; see ingest/tradestat.py),,2026-09-27T00:00:00Z,SYNTH
API-TRIMETHOPRIM,2022-01-01,612.7995,336102.251,FlowForge synthetic (TradeStat not downloaded; see ingest/tradestat.py),,2026-09-27T00:00:00Z,SYNTH
API-TRIMETHOPRIM,2022-02-01,610.204,444711.601,FlowForge synthetic (TradeStat not downloaded; see ingest/tradestat.py),,2026-09-27T00:00:00Z,SYNTH
API-TRIMETHOPRIM,2022-03-01,643.3887,476327.563,FlowForge synthetic (TradeStat not downloaded; see ingest/tradestat.py),,2026-09-27T00:00:00Z,SYNTH
API-TRIMETHOPRIM,2022-04-01,657.6728,323040.955,FlowForge synthetic (TradeStat not downloaded; see ingest/tradestat.py),,2026-09-27T00:00:00Z,SYNTH
API-TRIMETHOPRIM,2022-05-01,665.0483,222253.071,FlowForge synthetic (TradeStat not downloaded; see ingest/tradestat.py),,2026-09-27T00:00:00Z,SYNTH
API-TRIMETHOPRIM,2022-06-01,628.9236,362549.795,FlowForge synthetic (TradeStat not downloaded; see ingest/tradestat.py),,2026-09-27T00:00:00Z,SYNTH
API-TRIMETHOPRIM,2022-07-01,654.0279,319875.854,FlowForge synthetic (TradeStat not downloaded; see ingest/tradestat.py),,2026-09-27T00:00:00Z,SYNTH
API-TRIMETHOPRIM,2022-08-01,639.1374,368692.682,FlowForge synthetic (TradeStat not downloaded; see ingest/tradestat.py),,2026-09-27T00:00:00Z,SYNTH
API-TRIMETHOPRIM,2022-09-01,660.6369,531264.355,FlowForge synthetic (TradeStat not downloaded; see ingest/tradestat.py),,2026-09-27T00:00:00Z,SYNTH
API-TRIMETHOPRIM,2022-10-01,629.0731,257996.1,FlowForge synthetic (TradeStat not downloaded; see ingest/tradestat.py),,2026-09-27T00:00:00Z,SYNTH
API-TRIMETHOPRIM,2022-11-01,630.2862,308461.33,FlowForge synthetic (TradeStat not downloaded; see ingest/tradestat.py),,2026-09-27T00:00:00Z,SYNTH
API-TRIMETHOPRIM,2022-12-01,672.4013,183047.948,FlowForge synthetic (TradeStat not downloaded; see ingest/tradestat.py),,2026-09-27T00:00:00Z,SYNTH
API-TRIMETHOPRIM,2023-01-01,696.7068,316408.476,FlowForge synthetic (TradeStat not downloaded; see ingest/tradestat.py),,2026-09-27T00:00:00Z,SYNTH
API-TRIMETHOPRIM,2023-02-01,650.1168,229398.342,FlowForge synthetic (TradeStat not downloaded; see ingest/tradestat.py),,2026-09-27T00:00:00Z,SYNTH
API-TRIMETHOPRIM,2023-03-01,640.3261,321433.552,FlowForge synthetic (TradeStat not downloaded; see ingest/tradestat.py),,2026-09-27T00:00:00Z,SYNTH
API-TRIMETHOPRIM,2023-04-01,588.8953,225136.391,FlowForge synthetic (TradeStat not downloaded; see ingest/tradestat.py),,2026-09-27T00:00:00Z,SYNTH
API-TRIMETHOPRIM,2023-05-01,579.7564,217688.516,FlowForge synthetic (TradeStat not downloaded; see ingest/tradestat.py),,2026-09-27T00:00:00Z,SYNTH
API-TRIMETHOPRIM,2023-06-01,616.8972,345149.449,FlowForge synthetic (TradeStat not downloaded; see ingest/tradestat.py),,2026-09-27T00:00:00Z,SYNTH
API-TRIMETHOPRIM,2023-07-01,643.6283,120892.009,FlowForge synthetic (TradeStat not downloaded; see ingest/tradestat.py),,2026-09-27T00:00:00Z,SYNTH
API-TRIMETHOPRIM,2023-08-01,637.7439,243849.982,FlowForge synthetic (TradeStat not downloaded; see ingest/tradestat.py),,2026-09-27T00:00:00Z,SYNTH
API-TRIMETHOPRIM,2023-09-01,640.7417,436569.545,FlowForge synthetic (TradeStat not downloaded; see ingest/tradestat.py),,2026-09-27T00:00:00Z,SYNTH
API-TRIMETHOPRIM,2023-10-01,609.2007,327058.286,FlowForge synthetic (TradeStat not downloaded; see ingest/tradestat.py),,2026-09-27T00:00:00Z,SYNTH
API-TRIMETHOPRIM,2023-11-01,585.4249,483405.102,FlowForge synthetic (TradeStat not downloaded; see ingest/tradestat.py),,2026-09-27T00:00:00Z,SYNTH
API-TRIMETHOPRIM,2023-12-01,578.9155,384594.588,FlowForge synthetic (TradeStat not downloaded; see ingest/tradestat.py),,2026-09-27T00:00:00Z,SYNTH
API-TRIMETHOPRIM,2024-01-01,606.5085,200524.5,FlowForge synthetic (TradeStat not downloaded; see ingest/tradestat.py),,2026-09-27T00:00:00Z,SYNTH
API-TRIMETHOPRIM,2024-02-01,624.3751,384184.085,FlowForge synthetic (TradeStat not downloaded; see ingest/tradestat.py),,2026-09-27T00:00:00Z,SYNTH
API-TRIMETHOPRIM,2024-03-01,628.4758,247695.646,FlowForge synthetic (TradeStat not downloaded; see ingest/tradestat.py),,2026-09-27T00:00:00Z,SYNTH
API-TRIMETHOPRIM,2024-04-01,641.5502,280529.396,FlowForge synthetic (TradeStat not downloaded; see ingest/tradestat.py),,2026-09-27T00:00:00Z,SYNTH
API-TRIMETHOPRIM,2024-05-01,650.7553,391282.507,FlowForge synthetic (TradeStat not downloaded; see ingest/tradestat.py),,2026-09-27T00:00:00Z,SYNTH
API-TRIMETHOPRIM,2024-06-01,671.0843,303743.147,FlowForge synthetic (TradeStat not downloaded; see ingest/tradestat.py),,2026-09-27T00:00:00Z,SYNTH
API-TRIMETHOPRIM,2024-07-01,668.9211,245518.75,FlowForge synthetic (TradeStat not downloaded; see ingest/tradestat.py),,2026-09-27T00:00:00Z,SYNTH
API-TRIMETHOPRIM,2024-08-01,627.3325,339895.701,FlowForge synthetic (TradeStat not downloaded; see ingest/tradestat.py),,2026-09-27T00:00:00Z,SYNTH
API-TRIMETHOPRIM,2024-09-01,616.3041,436521.594,FlowForge synthetic (TradeStat not downloaded; see ingest/tradestat.py),,2026-09-27T00:00:00Z,SYNTH
API-TRIMETHOPRIM,2024-10-01,656.4057,238113.469,FlowForge synthetic (TradeStat not downloaded; see ingest/tradestat.py),,2026-09-27T00:00:00Z,SYNTH
API-TRIMETHOPRIM,2024-11-01,701.0761,198175.401,FlowForge synthetic (TradeStat not downloaded; see ingest/tradestat.py),,2026-09-27T00:00:00Z,SYNTH
API-TRIMETHOPRIM,2024-12-01,654.7666,284027.454,FlowForge synthetic (TradeStat not downloaded; see ingest/tradestat.py),,2026-09-27T00:00:00Z,SYNTH
API-TRIMETHOPRIM,2025-01-01,668.5302,356733.401,FlowForge synthetic (TradeStat not downloaded; see ingest/tradestat.py),,2026-09-27T00:00:00Z,SYNTH
API-TRIMETHOPRIM,2025-02-01,635.3074,303671.368,FlowForge synthetic (TradeStat not downloaded; see ingest/tradestat.py),,2026-09-27T00:00:00Z,SYNTH
API-TRIMETHOPRIM,2025-03-01,669.9679,266848.315,FlowForge synthetic (TradeStat not downloaded; see ingest/tradestat.py),,2026-09-27T00:00:00Z,SYNTH
API-TRIMETHOPRIM,2025-04-01,678.5061,222118.353,FlowForge synthetic (TradeStat not downloaded; see ingest/tradestat.py),,2026-09-27T00:00:00Z,SYNTH
API-TRIMETHOPRIM,2025-05-01,718.2839,429712.007,FlowForge synthetic (TradeStat not downloaded; see ingest/tradestat.py),,2026-09-27T00:00:00Z,SYNTH
API-TRIMETHOPRIM,2025-06-01,711.9222,506147.868,FlowForge synthetic (TradeStat not downloaded; see ingest/tradestat.py),,2026-09-27T00:00:00Z,SYNTH
API-TRIMETHOPRIM,2025-07-01,701.8281,248382.408,FlowForge synthetic (TradeStat not downloaded; see ingest/tradestat.py),,2026-09-27T00:00:00Z,SYNTH
API-TRIMETHOPRIM,2025-08-01,712.9603,612811.336,FlowForge synthetic (TradeStat not downloaded; see ingest/tradestat.py),,2026-09-27T00:00:00Z,SYNTH
API-TRIMETHOPRIM,2025-09-01,689.1294,233221.146,FlowForge synthetic (TradeStat not downloaded; see ingest/tradestat.py),,2026-09-27T00:00:00Z,SYNTH
API-TRIMETHOPRIM,2025-10-01,740.9613,198015.533,FlowForge synthetic (TradeStat not downloaded; see ingest/tradestat.py),,2026-09-27T00:00:00Z,SYNTH
API-TRIMETHOPRIM,2025-11-01,736.2554,227027.272,FlowForge synthetic (TradeStat not downloaded; see ingest/tradestat.py),,2026-09-27T00:00:00Z,SYNTH
API-TRIMETHOPRIM,2025-12-01,677.4677,409075.718,FlowForge synthetic (TradeStat not downloaded; see ingest/tradestat.py),,2026-09-27T00:00:00Z,SYNTH
API-TRIMETHOPRIM,2026-01-01,669.1065,141839.728,FlowForge synthetic (TradeStat not downloaded; see ingest/tradestat.py),,2026-09-27T00:00:00Z,SYNTH
API-TRIMETHOPRIM,2026-02-01,651.1926,232813.146,FlowForge synthetic (TradeStat not downloaded; see ingest/tradestat.py),,2026-09-27T00:00:00Z,SYNTH
API-TRIMETHOPRIM,2026-03-01,693.8203,191415.671,FlowForge synthetic (TradeStat not downloaded; see ingest/tradestat.py),,2026-09-27T00:00:00Z,SYNTH
API-TRIMETHOPRIM,2026-04-01,683.3923,282445.249,FlowForge synthetic (TradeStat not downloaded; see ingest/tradestat.py),,2026-09-27T00:00:00Z,SYNTH
API-TRIMETHOPRIM,2026-05-01,657.8887,495707.59,FlowForge synthetic (TradeStat not downloaded; see ingest/tradestat.py),,2026-09-27T00:00:00Z,SYNTH
API-TRIMETHOPRIM,2026-06-01,636.7475,344861.873,FlowForge synthetic (TradeStat not downloaded; see ingest/tradestat.py),,2026-09-27T00:00:00Z,SYNTH
API-TRIMETHOPRIM,2026-07-01,643.5895,145045.267,FlowForge synthetic (TradeStat not downloaded; see ingest/tradestat.py),,2026-09-27T00:00:00Z,SYNTH
API-TRIMETHOPRIM,2026-08-01,651.1904,194444.571,FlowForge synthetic (TradeStat not downloaded; see ingest/tradestat.py),,2026-09-27T00:00:00Z,SYNTH
API-TRIMETHOPRIM,2026-09-01,693.614,254430.017,FlowForge synthetic (TradeStat not downloaded; see ingest/tradestat.py),,2026-09-27T00:00:00Z,SYNTH
