FORM_ID,MANUFACTURER_ID,EVIDENCE_SOURCE,MARKET_SHARE,SOURCE,SOURCE_URL,FETCHED_AT,IS_PROXY
ACETAZOLAMIDE-DDC5FDD1,MFR-MICRON-PHARMACEUTICALS-3CC9EA,CDSCO NSQ 2025-02 batch T 240840 (NSQ-F8F3D4E5DAAB),,CDSCO NSQ public table (manufacturer of a tested batch),https://cdscoonline.gov.in/CDSCO/viewPublicNSQDrug,2026-09-27T07:49:42Z,REAL
ADENOSINE-882B1B0F,MFR-SMAYAN-HEALTHCARE-6A2939,CDSCO NSQ 2026-06 batch I5K048 (NSQ-86230CB0E560),,CDSCO NSQ public table (manufacturer of a tested batch),https://cdscoonline.gov.in/CDSCO/viewPublicNSQDrug,2026-09-27T07:50:34Z,REAL
ADENOSINE-882B1B0F,MFR-WELCURE-REMEDIES-6280E3,CDSCO NSQ 2026-06 batch WADG25002A (NSQ-021C17821C80),,CDSCO NSQ public table (manufacturer of a tested batch),https://cdscoonline.gov.in/CDSCO/viewPublicNSQDrug,2026-09-27T07:50:34Z,REAL
ADRENALINE-6742CFF2,MFR-ASTER-MEDICINES-6DFAA1,CDSCO NSQ 2025-06 batch AL-92 (NSQ-7416277AE196),,CDSCO NSQ public table (manufacturer of a tested batch),https://cdscoonline.gov.in/CDSCO/viewPublicNSQDrug,2026-09-27T07:49:55Z,REAL
ADRENALINE-6742CFF2,MFR-COAX-BIOREMEDIES-8DE8FC,CDSCO NSQ 2025-07 batch GN-285 (NSQ-50C2DE385997),,CDSCO NSQ public table (manufacturer of a tested batch),https://cdscoonline.gov.in/CDSCO/viewPublicNSQDrug,2026-09-27T07:49:58Z,REAL
ADRENALINE-6742CFF2,MFR-HEALTH-BIOTECH-980258,CDSCO NSQ 2025-02 batch HIAN24005A (NSQ-472C6383BEB2),,CDSCO NSQ public table (manufacturer of a tested batch),https://cdscoonline.gov.in/CDSCO/viewPublicNSQDrug,2026-09-27T07:49:42Z,REAL
ADRENALINE-6742CFF2,MFR-PAKSONS-PHARMACEUTICALS-11D4E2,CDSCO NSQ 2025-06 batch P25L262 (NSQ-9319F8FC660C),,CDSCO NSQ public table (manufacturer of a tested batch),https://cdscoonline.gov.in/CDSCO/viewPublicNSQDrug,2026-09-27T07:49:55Z,REAL
ADRENALINE-6742CFF2,MFR-RATHI-LABORATORIES-0DCC5D,CDSCO NSQ 2025-03 batch AD-204 (NSQ-7D08B1B2FE1C),,CDSCO NSQ public table (manufacturer of a tested batch),https://cdscoonline.gov.in/CDSCO/viewPublicNSQDrug,2026-09-27T07:49:45Z,REAL
ALBENDAZOLE-A6D91B84,MFR-BOVINE-HEALTH-CARE-D-NO-47BF8A,CDSCO NSQ 2025-10 batch ZAS241002 (NSQ-93B38695CACB),,CDSCO NSQ public table (manufacturer of a tested batch),https://cdscoonline.gov.in/CDSCO/viewPublicNSQDrug,2026-09-27T07:50:08Z,REAL
ALBENDAZOLE-A6D91B84,MFR-DRAKT-INTERNATIONAL-DC0965,CDSCO NSQ 2025-12 batch LBS-006/25 (NSQ-78177B86933D),,CDSCO NSQ public table (manufacturer of a tested batch),https://cdscoonline.gov.in/CDSCO/viewPublicNSQDrug,2026-09-27T07:50:14Z,REAL
ALBENDAZOLE-A6D91B84,MFR-SAFECON-LIFESCIENCES-C28A6D,CDSCO NSQ 2025-05 batch SLG24095 (NSQ-F521F47A3006),,CDSCO NSQ public table (manufacturer of a tested batch),https://cdscoonline.gov.in/CDSCO/viewPublicNSQDrug,2026-09-27T07:49:52Z,REAL
ALBENDAZOLE-A6D91B84,MFR-SPAS-REMEDIES-917AB7,CDSCO NSQ 2025-04 batch SRVL-24003 (NSQ-1E3B6EABEE0D),,CDSCO NSQ public table (manufacturer of a tested batch),https://cdscoonline.gov.in/CDSCO/viewPublicNSQDrug,2026-09-27T07:49:48Z,REAL
ALLOPURINOL-B23BD69F,MFR-ZEE-LABORATORIES-F09C2B,CDSCO NSQ 2026-03 batch 425-2191 (NSQ-AB5BCB4B6C1A),,CDSCO NSQ public table (manufacturer of a tested batch),https://cdscoonline.gov.in/CDSCO/viewPublicNSQDrug,2026-09-27T07:50:24Z,REAL
AMIKACIN-ED68AE37,MFR-AGRON-REMEDIES-SARVERKHE-B68697,CDSCO NSQ 2025-12 batch LI25292 (NSQ-61D38EC96396),,CDSCO NSQ public table (manufacturer of a tested batch),https://cdscoonline.gov.in/CDSCO/viewPublicNSQDrug,2026-09-27T07:50:14Z,REAL
AMIKACIN-ED68AE37,MFR-INMAC-LABORATORIES-DE94E7,CDSCO NSQ 2025-06 batch L-24K-31H (NSQ-E85600B7BFEF),,CDSCO NSQ public table (manufacturer of a tested batch),https://cdscoonline.gov.in/CDSCO/viewPublicNSQDrug,2026-09-27T07:49:55Z,REAL
AMIKACIN-ED68AE37,MFR-KONIS-PHARMACEUTICALS-KR-B24D5C,CDSCO NSQ 2025-10 batch AS-2401 (NSQ-D2F138774F02),,CDSCO NSQ public table (manufacturer of a tested batch),https://cdscoonline.gov.in/CDSCO/viewPublicNSQDrug,2026-09-27T07:50:08Z,REAL
AMIKACIN-ED68AE37,MFR-MAAN-PHARMACEUTICALS-51F386,CDSCO NSQ 2026-02 batch AI25030 (NSQ-45E4C55933DC),,CDSCO NSQ public table (manufacturer of a tested batch),https://cdscoonline.gov.in/CDSCO/viewPublicNSQDrug,2026-09-27T07:50:21Z,REAL
AMIKACIN-ED68AE37,MFR-MACIN-REMEDIES-B-21-391C82,CDSCO NSQ 2025-05 batch W373 (NSQ-3F7D0879ED9E),,CDSCO NSQ public table (manufacturer of a tested batch),https://cdscoonline.gov.in/CDSCO/viewPublicNSQDrug,2026-09-27T07:49:52Z,REAL
AMIKACIN-ED68AE37,MFR-OSCAR-REMEDIES-777DD7,CDSCO NSQ 2025-10 batch V250114A (NSQ-A840F6727859),,CDSCO NSQ public table (manufacturer of a tested batch),https://cdscoonline.gov.in/CDSCO/viewPublicNSQDrug,2026-09-27T07:50:08Z,REAL
AMIKACIN-ED68AE37,MFR-PLICA-VACCINES-AC055F,CDSCO NSQ 2026-07 batch PVI25042 (NSQ-5A7F1EDE85C3),,CDSCO NSQ public table (manufacturer of a tested batch),https://cdscoonline.gov.in/CDSCO/viewPublicNSQDrug,2026-09-27T07:50:37Z,REAL
AMIKACIN-ED68AE37,MFR-SAI-PARENTERALS-88388B,CDSCO NSQ 2025-04 batch 24AM18 (NSQ-45F5CAE0375B),,CDSCO NSQ public table (manufacturer of a tested batch),https://cdscoonline.gov.in/CDSCO/viewPublicNSQDrug,2026-09-27T07:49:48Z,REAL
AMIKACIN-ED68AE37,MFR-SAI-PARENTERALS-D1-D4-787552,CDSCO NSQ 2025-09 batch 24AM19 (NSQ-A8695094485D),,CDSCO NSQ public table (manufacturer of a tested batch),https://cdscoonline.gov.in/CDSCO/viewPublicNSQDrug,2026-09-27T07:50:04Z,REAL
AMIKACIN-ED68AE37,MFR-SUNVET-HEALTHCARE-C15FF8,CDSCO NSQ 2025-12 batch SVI-24070 (NSQ-7411847FA0F0),,CDSCO NSQ public table (manufacturer of a tested batch),https://cdscoonline.gov.in/CDSCO/viewPublicNSQDrug,2026-09-27T07:50:14Z,REAL
AMIKACIN-ED68AE37,MFR-ULTRA-DRUGS-48D2E4,CDSCO NSQ 2026-08 batch UGL-24375A (NSQ-EEF8517346E0),,CDSCO NSQ public table (manufacturer of a tested batch),https://cdscoonline.gov.in/CDSCO/viewPublicNSQDrug,2026-09-27T07:50:40Z,REAL
AMIKACIN-ED68AE37,MFR-ZEE-LABORATORIES-BEHIND-9F137C,CDSCO NSQ 2025-08 batch 325-179 (NSQ-DFA40444F603),,CDSCO NSQ public table (manufacturer of a tested batch),https://cdscoonline.gov.in/CDSCO/viewPublicNSQDrug,2026-09-27T07:50:01Z,REAL
AMITRIPTYLINE-1BAE476B,MFR-ARGON-REMEDIES-C153B2,CDSCO NSQ 2025-12 batch ATJ-06 (NSQ-794BC272CDD9),,CDSCO NSQ public table (manufacturer of a tested batch),https://cdscoonline.gov.in/CDSCO/viewPublicNSQDrug,2026-09-27T07:50:14Z,REAL
AMITRIPTYLINE-1BAE476B,MFR-SUPER-FORMULATIONS-BB9219,CDSCO NSQ 2025-11 batch GAMT1 (NSQ-3578625EAB2D),,CDSCO NSQ public table (manufacturer of a tested batch),https://cdscoonline.gov.in/CDSCO/viewPublicNSQDrug,2026-09-27T07:50:11Z,REAL
AMITRIPTYLINE-1BAE476B,MFR-UNICURE-631AE3,CDSCO NSQ 2025-11 batch AMT1305 (NSQ-2254005128DB),,CDSCO NSQ public table (manufacturer of a tested batch),https://cdscoonline.gov.in/CDSCO/viewPublicNSQDrug,2026-09-27T07:50:11Z,REAL
AMITRIPTYLINE-1BAE476B,MFR-VERTEX-PHARMA-CHEMICALS-BD8160,CDSCO NSQ 2026-03 batch VSPT2545 (NSQ-F1167108E2D4),,CDSCO NSQ public table (manufacturer of a tested batch),https://cdscoonline.gov.in/CDSCO/viewPublicNSQDrug,2026-09-27T07:50:24Z,REAL
AMLODIPINE-B090D790,MFR-MOREPEN-LABORATORIES-13A8B2,CDSCO NSQ 2025-07 batch E4B0148 (NSQ-2B3F179E0182),,CDSCO NSQ public table (manufacturer of a tested batch),https://cdscoonline.gov.in/CDSCO/viewPublicNSQDrug,2026-09-27T07:49:58Z,REAL
AMLODIPINE-B090D790,MFR-SALUS-PHARMACEUTICALS-B07452,CDSCO NSQ 2025-05 batch SPT240321 (NSQ-9918A9F1CB3D),,CDSCO NSQ public table (manufacturer of a tested batch),https://cdscoonline.gov.in/CDSCO/viewPublicNSQDrug,2026-09-27T07:49:52Z,REAL
AMLODIPINE-B090D790,MFR-ZEE-LABORATORIES-F09C2B,CDSCO NSQ 2025-12 batch 424-1522 (NSQ-031B0CA5435E),,CDSCO NSQ public table (manufacturer of a tested batch),https://cdscoonline.gov.in/CDSCO/viewPublicNSQDrug,2026-09-27T07:50:14Z,REAL
AMLODIPINE-B4311439,MFR-ALKEM-LABORATORIES-6F3AE4,CDSCO NSQ 2025-10 batch 24230171 (NSQ-EAE2378E825C),,CDSCO NSQ public table (manufacturer of a tested batch),https://cdscoonline.gov.in/CDSCO/viewPublicNSQDrug,2026-09-27T07:50:08Z,REAL
AMLODIPINE-B4311439,MFR-MERCURY-LABORATORIES-C9CEBB,CDSCO NSQ 2025-10 batch 24110214 (NSQ-D0A3105475BD),,CDSCO NSQ public table (manufacturer of a tested batch),https://cdscoonline.gov.in/CDSCO/viewPublicNSQDrug,2026-09-27T07:50:08Z,REAL
AMLODIPINE-B4311439,MFR-OM-BIOMEDIC-E6058E,CDSCO NSQ 2026-03 batch TA25-30 (NSQ-DD66365456A3),,CDSCO NSQ public table (manufacturer of a tested batch),https://cdscoonline.gov.in/CDSCO/viewPublicNSQDrug,2026-09-27T07:50:24Z,REAL
AMLODIPINE-B4311439,MFR-RELIEF-BIOTECH-C49461,CDSCO NSQ 2025-11 batch RT-2505104 (NSQ-74D51D865026),,CDSCO NSQ public table (manufacturer of a tested batch),https://cdscoonline.gov.in/CDSCO/viewPublicNSQDrug,2026-09-27T07:50:11Z,REAL
AMLODIPINE-B4311439,MFR-RELIF-BIOTECH-69198D,CDSCO NSQ 2026-03 batch RT-250791 (NSQ-BE90D95AC2DE),,CDSCO NSQ public table (manufacturer of a tested batch),https://cdscoonline.gov.in/CDSCO/viewPublicNSQDrug,2026-09-27T07:50:24Z,REAL
AMLODIPINE-B4311439,MFR-RYZER-PHARMACEUTICAL-1B7B8B,CDSCO NSQ 2025-01 batch CT062 (NSQ-914B7E2DA313),,CDSCO NSQ public table (manufacturer of a tested batch),https://cdscoonline.gov.in/CDSCO/viewPublicNSQDrug,2026-09-27T07:49:39Z,REAL
AMLODIPINE-B4311439,MFR-SUPER-FORMULATIONS-BB9219,CDSCO NSQ 2026-05 batch GAB36 (NSQ-47DF0B5B2BE7),,CDSCO NSQ public table (manufacturer of a tested batch),https://cdscoonline.gov.in/CDSCO/viewPublicNSQDrug,2026-09-27T07:50:31Z,REAL
AMPHOTERICIN-B-639F6C85,MFR-GUFIC-BIOSCIENCES-774040,CDSCO NSQ 2026-03 batch AB250491A (NSQ-F51A1C88F039),,CDSCO NSQ public table (manufacturer of a tested batch),https://cdscoonline.gov.in/CDSCO/viewPublicNSQDrug,2026-09-27T07:50:24Z,REAL
AMPHOTERICIN-B-639F6C85,MFR-GUFIC-BIOSCIENCES-N-H-NO-E65F1E,CDSCO NSQ 2025-10 batch AA241096B (NSQ-BE1C6100C7BF),,CDSCO NSQ public table (manufacturer of a tested batch),https://cdscoonline.gov.in/CDSCO/viewPublicNSQDrug,2026-09-27T07:50:08Z,REAL
AMPHOTERICIN-B-639F6C85,MFR-GUFIC-BIOSCIENCES-NATION-320EE4,CDSCO NSQ 2025-10 batch AB240590B (NSQ-1A40F11C8DA5),,CDSCO NSQ public table (manufacturer of a tested batch),https://cdscoonline.gov.in/CDSCO/viewPublicNSQDrug,2026-09-27T07:50:08Z,REAL
AMPICILLIN-0FB71DE1,MFR-PHARMA-IMPEX-LABORATORIE-E08183,CDSCO NSQ 2025-09 batch 24AP2341 (NSQ-B4D02660D100),,CDSCO NSQ public table (manufacturer of a tested batch),https://cdscoonline.gov.in/CDSCO/viewPublicNSQDrug,2026-09-27T07:50:04Z,REAL
ASCORBIC-ACID-VITAMINC-76AF4E47,MFR-LIFE-MAX-CANCER-LABORATO-6BCCB9,CDSCO NSQ 2025-08 batch LMT240702 (NSQ-EEAB6C878399),,CDSCO NSQ public table (manufacturer of a tested batch),https://cdscoonline.gov.in/CDSCO/viewPublicNSQDrug,2026-09-27T07:50:01Z,REAL
ATORVASTATIN-7A4876AE,MFR-CMG-BIOTECH-B620CE,CDSCO NSQ 2025-12 batch CT24250048 (NSQ-B4E56A38FB70),,CDSCO NSQ public table (manufacturer of a tested batch),https://cdscoonline.gov.in/CDSCO/viewPublicNSQDrug,2026-09-27T07:50:14Z,REAL
ATORVASTATIN-7A4876AE,MFR-HINDUSTAN-ANTIBIOTICS-31BC39,CDSCO NSQ 2026-06 batch 0062 (NSQ-C18D990D484E),,CDSCO NSQ public table (manufacturer of a tested batch),https://cdscoonline.gov.in/CDSCO/viewPublicNSQDrug,2026-09-27T07:50:34Z,REAL
ATORVASTATIN-7A4876AE,MFR-NESTOR-PHARMACEUTICALS-146D4B,CDSCO NSQ 2025-10 batch STTC-06 (NSQ-992E1FDC7CED),,CDSCO NSQ public table (manufacturer of a tested batch),https://cdscoonline.gov.in/CDSCO/viewPublicNSQDrug,2026-09-27T07:50:08Z,REAL
ATORVASTATIN-7A4876AE,MFR-SYSTOLE-REMEDIES-12A174,CDSCO NSQ 2025-11 batch SRTB240152 (NSQ-9ED48C2613BF),,CDSCO NSQ public table (manufacturer of a tested batch),https://cdscoonline.gov.in/CDSCO/viewPublicNSQDrug,2026-09-27T07:50:11Z,REAL
ATORVASTATIN-AEC38AF9,MFR-CANDOUR-PHARMACEUTICALS-33F2B5,CDSCO NSQ 2025-04 batch CT240246A (NSQ-3EA229FB51C5),,CDSCO NSQ public table (manufacturer of a tested batch),https://cdscoonline.gov.in/CDSCO/viewPublicNSQDrug,2026-09-27T07:49:48Z,REAL
ATORVASTATIN-AEC38AF9,MFR-EUROKEM-LABORATORIES-480F3F,CDSCO NSQ 2025-04 batch AT24045 (NSQ-049E5CAC73A8),,CDSCO NSQ public table (manufacturer of a tested batch),https://cdscoonline.gov.in/CDSCO/viewPublicNSQDrug,2026-09-27T07:49:48Z,REAL
ATORVASTATIN-AEC38AF9,MFR-HIMALAYA-MEDITEK-F81189,CDSCO NSQ 2026-01 batch HTN792G (NSQ-2841D7C91190),,CDSCO NSQ public table (manufacturer of a tested batch),https://cdscoonline.gov.in/CDSCO/viewPublicNSQDrug,2026-09-27T07:50:17Z,REAL
ATORVASTATIN-AEC38AF9,MFR-HINDUSTAN-ANTIBIOTICS-31BC39,CDSCO NSQ 2025-03 batch 57 (NSQ-00C8DDC951B5),,CDSCO NSQ public table (manufacturer of a tested batch),https://cdscoonline.gov.in/CDSCO/viewPublicNSQDrug,2026-09-27T07:49:45Z,REAL
ATORVASTATIN-AEC38AF9,MFR-INNOVA-CAPTAB-9FCA08,CDSCO NSQ 2025-12 batch IC434002 (NSQ-E2785052125D),,CDSCO NSQ public table (manufacturer of a tested batch),https://cdscoonline.gov.in/CDSCO/viewPublicNSQDrug,2026-09-27T07:50:14Z,REAL
ATORVASTATIN-AEC38AF9,MFR-NANOCEUT-THERAPEUTICS-AD3215,CDSCO NSQ 2026-05 batch ND251642 (NSQ-C024374DE56D),,CDSCO NSQ public table (manufacturer of a tested batch),https://cdscoonline.gov.in/CDSCO/viewPublicNSQDrug,2026-09-27T07:50:31Z,REAL
ATORVASTATIN-AEC38AF9,MFR-RELIEF-BIOTECH-C49461,CDSCO NSQ 2025-11 batch RT-250560 (NSQ-FEA9B5664F96),,CDSCO NSQ public table (manufacturer of a tested batch),https://cdscoonline.gov.in/CDSCO/viewPublicNSQDrug,2026-09-27T07:50:11Z,REAL
ATORVASTATIN-AEC38AF9,MFR-RIKENBIK-PHARMA-BBE489,CDSCO NSQ 2025-04 batch A297 (NSQ-49624E907A36),,CDSCO NSQ public table (manufacturer of a tested batch),https://cdscoonline.gov.in/CDSCO/viewPublicNSQDrug,2026-09-27T07:49:48Z,REAL
ATORVASTATIN-AEC38AF9,MFR-SARTHAK-BIOTECH-341E7D,CDSCO NSQ 2025-05 batch SBT-813 (NSQ-CB6646329EA5),,CDSCO NSQ public table (manufacturer of a tested batch),https://cdscoonline.gov.in/CDSCO/viewPublicNSQDrug,2026-09-27T07:49:52Z,REAL
ATORVASTATIN-AEC38AF9,MFR-UNICURE-631AE3,CDSCO NSQ 2026-05 batch AUVT1304 (NSQ-A638459BD673),,CDSCO NSQ public table (manufacturer of a tested batch),https://cdscoonline.gov.in/CDSCO/viewPublicNSQDrug,2026-09-27T07:50:31Z,REAL
ATORVASTATIN-C16857EC,MFR-AGRON-REMEDIES-SARVERKHE-B68697,CDSCO NSQ 2025-11 batch ART-07 (NSQ-795BE21CC1B7),,CDSCO NSQ public table (manufacturer of a tested batch),https://cdscoonline.gov.in/CDSCO/viewPublicNSQDrug,2026-09-27T07:50:11Z,REAL
ATROPINE-6BCEA471,MFR-MARTIN-BROWN-BIO-SCIENCE-1AAED3,CDSCO NSQ 2025-07 batch MA23H84 (NSQ-84B0BBA2D3D3),,CDSCO NSQ public table (manufacturer of a tested batch),https://cdscoonline.gov.in/CDSCO/viewPublicNSQDrug,2026-09-27T07:49:58Z,REAL
ATROPINE-6BCEA471,MFR-PHARMA-CURE-LABORATORIES-BAB7F0,CDSCO NSQ 2025-06 batch AS-1460 (NSQ-96D120559BE3),,CDSCO NSQ public table (manufacturer of a tested batch),https://cdscoonline.gov.in/CDSCO/viewPublicNSQDrug,2026-09-27T07:49:55Z,REAL
AZITHROMYCIN-179E461A,MFR-ALEMBIC-PHARMACEUTICALS-E27DA7,CDSCO NSQ 2026-08 batch 2408001232 (NSQ-23B8464C0D8B),,CDSCO NSQ public table (manufacturer of a tested batch),https://cdscoonline.gov.in/CDSCO/viewPublicNSQDrug,2026-09-27T07:50:40Z,REAL
AZITHROMYCIN-179E461A,MFR-APPLE-FORMULATIONS-0E9868,CDSCO NSQ 2025-06 batch AYC-2407 (NSQ-828D102ADE8C),,CDSCO NSQ public table (manufacturer of a tested batch),https://cdscoonline.gov.in/CDSCO/viewPublicNSQDrug,2026-09-27T07:49:55Z,REAL
AZITHROMYCIN-179E461A,MFR-DUTCH-FORMULATIONS-DB1853,CDSCO NSQ 2025-05 batch DL-52 (NSQ-08BB8005B3B5),,CDSCO NSQ public table (manufacturer of a tested batch),https://cdscoonline.gov.in/CDSCO/viewPublicNSQDrug,2026-09-27T07:49:52Z,REAL
AZITHROMYCIN-179E461A,MFR-PRATIMA-PHARMACEUTICALS-8C8D02,CDSCO NSQ 2025-05 batch PPTC082 (NSQ-8BA18D3FC521),,CDSCO NSQ public table (manufacturer of a tested batch),https://cdscoonline.gov.in/CDSCO/viewPublicNSQDrug,2026-09-27T07:49:52Z,REAL
AZITHROMYCIN-179E461A,MFR-PRATIMA-PHARMACEUTICALS-E4B03C,CDSCO NSQ 2025-04 batch PPTC082 (NSQ-FDA651D3DE4B),,CDSCO NSQ public table (manufacturer of a tested batch),https://cdscoonline.gov.in/CDSCO/viewPublicNSQDrug,2026-09-27T07:49:48Z,REAL
AZITHROMYCIN-2199048D,MFR-HEAL-65BDE9,CDSCO NSQ 2026-03 batch HAZT-2501 (NSQ-B3BD6D464BD3),,CDSCO NSQ public table (manufacturer of a tested batch),https://cdscoonline.gov.in/CDSCO/viewPublicNSQDrug,2026-09-27T07:50:24Z,REAL
AZITHROMYCIN-2199048D,MFR-PARADOX-PHARMACEUTICALS-397CCB,CDSCO NSQ 2025-05 batch Not mentioned (NSQ-1E04C8BF3223),,CDSCO NSQ public table (manufacturer of a tested batch),https://cdscoonline.gov.in/CDSCO/viewPublicNSQDrug,2026-09-27T07:49:52Z,REAL
AZITHROMYCIN-5301F4D4,MFR-BESTCARE-FORMULATIONS-41F7A9,CDSCO NSQ 2025-06 batch BGL24257 (NSQ-5DD6F2BFECF9),,CDSCO NSQ public table (manufacturer of a tested batch),https://cdscoonline.gov.in/CDSCO/viewPublicNSQDrug,2026-09-27T07:49:55Z,REAL
AZITHROMYCIN-5301F4D4,MFR-DEXTER-FORMULATION-52A499,CDSCO NSQ 2025-10 batch DL0028 (NSQ-216624EFB14A),,CDSCO NSQ public table (manufacturer of a tested batch),https://cdscoonline.gov.in/CDSCO/viewPublicNSQDrug,2026-09-27T07:50:08Z,REAL
AZITHROMYCIN-5301F4D4,MFR-DIGITAL-VISION-54FFBA,CDSCO NSQ 2025-06 batch GLE0901 (NSQ-939228B2B725),,CDSCO NSQ public table (manufacturer of a tested batch),https://cdscoonline.gov.in/CDSCO/viewPublicNSQDrug,2026-09-27T07:49:55Z,REAL
AZITHROMYCIN-5301F4D4,MFR-HYT-FORMULATIONS-6D42BE,CDSCO NSQ 2026-04 batch 25243 (NSQ-76DA0789B32E),,CDSCO NSQ public table (manufacturer of a tested batch),https://cdscoonline.gov.in/CDSCO/viewPublicNSQDrug,2026-09-27T07:50:27Z,REAL
AZITHROMYCIN-5301F4D4,MFR-JAINSONS-HEALTHCARE-2EBF79,CDSCO NSQ 2025-10 batch JL-2538 (NSQ-95A5CAA66828),,CDSCO NSQ public table (manufacturer of a tested batch),https://cdscoonline.gov.in/CDSCO/viewPublicNSQDrug,2026-09-27T07:50:08Z,REAL
AZITHROMYCIN-5301F4D4,MFR-JESDAY-PHARMACEUTICALS-A03887,CDSCO NSQ 2025-07 batch JAZ.2402 (NSQ-A75665D93106),,CDSCO NSQ public table (manufacturer of a tested batch),https://cdscoonline.gov.in/CDSCO/viewPublicNSQDrug,2026-09-27T07:49:58Z,REAL
AZITHROMYCIN-5301F4D4,MFR-LIVIN-FORMULATIONS-4AD248,CDSCO NSQ 2026-06 batch 1501/25 (NSQ-912B42A01EFB),,CDSCO NSQ public table (manufacturer of a tested batch),https://cdscoonline.gov.in/CDSCO/viewPublicNSQDrug,2026-09-27T07:50:34Z,REAL
AZITHROMYCIN-5301F4D4,MFR-OVERSEAS-HEALTHCARE-87C665,CDSCO NSQ 2025-02 batch AZ1-206 (NSQ-C8BFDBC2B1A2),,CDSCO NSQ public table (manufacturer of a tested batch),https://cdscoonline.gov.in/CDSCO/viewPublicNSQDrug,2026-09-27T07:49:42Z,REAL
AZITHROMYCIN-5301F4D4,MFR-SANASAN-FORMULATION-34D069,CDSCO NSQ 2026-02 batch SFV25120 (NSQ-D9A2F5587513),,CDSCO NSQ public table (manufacturer of a tested batch),https://cdscoonline.gov.in/CDSCO/viewPublicNSQDrug,2026-09-27T07:50:21Z,REAL
AZITHROMYCIN-5301F4D4,MFR-SMITH-KENNER-PHARMACEUTI-3F13AE,CDSCO NSQ 2025-05 batch A004 (NSQ-EAF1904B4E5F),,CDSCO NSQ public table (manufacturer of a tested batch),https://cdscoonline.gov.in/CDSCO/viewPublicNSQDrug,2026-09-27T07:49:52Z,REAL
AZITHROMYCIN-5301F4D4,MFR-UNICURE-631AE3,CDSCO NSQ 2026-08 batch AZS1401 (NSQ-9CC088898CE9),,CDSCO NSQ public table (manufacturer of a tested batch),https://cdscoonline.gov.in/CDSCO/viewPublicNSQDrug,2026-09-27T07:50:40Z,REAL
AZITHROMYCIN-5301F4D4,MFR-VITAL-THERAPEUTICS-FORMU-7979C2,CDSCO NSQ 2026-06 batch AZ/L/01/5005 (NSQ-1591B7391511),,CDSCO NSQ public table (manufacturer of a tested batch),https://cdscoonline.gov.in/CDSCO/viewPublicNSQDrug,2026-09-27T07:50:34Z,REAL
AZITHROMYCIN-5301F4D4,MFR-ZENITH-DRUGS-5D0A6D,CDSCO NSQ 2026-07 batch 41410 (NSQ-85E769C62109),,CDSCO NSQ public table (manufacturer of a tested batch),https://cdscoonline.gov.in/CDSCO/viewPublicNSQDrug,2026-09-27T07:50:37Z,REAL
AZITHROMYCIN-5301F4D4,MFR-ZETA-FORMULATION-73EAA3,CDSCO NSQ 2026-06 batch 26150 (NSQ-28553EDFCC4B),,CDSCO NSQ public table (manufacturer of a tested batch),https://cdscoonline.gov.in/CDSCO/viewPublicNSQDrug,2026-09-27T07:50:34Z,REAL
BACLOFEN-ED5EB600,MFR-INTAS-PHARMACEUTICALS-SA-836C41,CDSCO NSQ 2026-02 batch N2501643 (NSQ-C86A3F1647A4),,CDSCO NSQ public table (manufacturer of a tested batch),https://cdscoonline.gov.in/CDSCO/viewPublicNSQDrug,2026-09-27T07:50:21Z,REAL
BENZOYL-PEROXIDE-F4EA3E9D,MFR-HIDUSTAN-ANTIBITICS-E5F5BA,CDSCO NSQ 2025-04 batch 678585 (NSQ-1A5C899BB88B),,CDSCO NSQ public table (manufacturer of a tested batch),https://cdscoonline.gov.in/CDSCO/viewPublicNSQDrug,2026-09-27T07:49:48Z,REAL
BETAMETHASONE-6B04DD57,MFR-HIMALAYA-MEDITEK-F81189,CDSCO NSQ 2026-07 batch HL11006M (NSQ-202F5EBF233E),,CDSCO NSQ public table (manufacturer of a tested batch),https://cdscoonline.gov.in/CDSCO/viewPublicNSQDrug,2026-09-27T07:50:37Z,REAL
BETAMETHASONE-6B04DD57,MFR-PAKSONS-PHARMACEUTICALS-11D4E2,CDSCO NSQ 2025-05 batch P24L107 (NSQ-7605E3E4B130),,CDSCO NSQ public table (manufacturer of a tested batch),https://cdscoonline.gov.in/CDSCO/viewPublicNSQDrug,2026-09-27T07:49:52Z,REAL
BISACODYL-B7B936CD,MFR-HEALTHY-LIFE-PHARMA-06205D,CDSCO NSQ 2026-07 batch 8676 (NSQ-0FCAE7611B24),,CDSCO NSQ public table (manufacturer of a tested batch),https://cdscoonline.gov.in/CDSCO/viewPublicNSQDrug,2026-09-27T07:50:37Z,REAL
BISACODYL-B7B936CD,MFR-LIFE-MAX-CANCER-LABORATO-6BCCB9,CDSCO NSQ 2026-02 batch LMT240480 (NSQ-F4F879FA01FF),,CDSCO NSQ public table (manufacturer of a tested batch),https://cdscoonline.gov.in/CDSCO/viewPublicNSQDrug,2026-09-27T07:50:21Z,REAL
BISACODYL-B7B936CD,MFR-SAINTLIFE-PHARMACEUTICAL-4CE857,CDSCO NSQ 2025-04 batch TA24688 (NSQ-1A1E9A12937C),,CDSCO NSQ public table (manufacturer of a tested batch),https://cdscoonline.gov.in/CDSCO/viewPublicNSQDrug,2026-09-27T07:49:48Z,REAL
BISACODYL-B7B936CD,MFR-SAMSON-LABORATORIES-SAMS-9B950F,CDSCO NSQ 2026-08 batch T50968A (NSQ-D2FB723B1C36),,CDSCO NSQ public table (manufacturer of a tested batch),https://cdscoonline.gov.in/CDSCO/viewPublicNSQDrug,2026-09-27T07:50:40Z,REAL
BISACODYL-B7B936CD,MFR-SCOTT-EDIL-PHARMACIA-845EA5,CDSCO NSQ 2025-04 batch 2418853T003 (NSQ-AB66ED81FE9A),,CDSCO NSQ public table (manufacturer of a tested batch),https://cdscoonline.gov.in/CDSCO/viewPublicNSQDrug,2026-09-27T07:49:48Z,REAL
BUPRENORPHINE-1E1AC82A,MFR-RUSAN-PHARMA-9681D8,CDSCO NSQ 2025-10 batch 29112504 (NSQ-DA2FFC4CFFEE),,CDSCO NSQ public table (manufacturer of a tested batch),https://cdscoonline.gov.in/CDSCO/viewPublicNSQDrug,2026-09-27T07:50:08Z,REAL
BUPRENORPHINE-A-NALOXONE-ACFD548E,MFR-CONSERN-PHARMA-642D12,CDSCO NSQ 2026-07 batch 25CT0314 (NSQ-CB2C901CFB5C),,CDSCO NSQ public table (manufacturer of a tested batch),https://cdscoonline.gov.in/CDSCO/viewPublicNSQDrug,2026-09-27T07:50:37Z,REAL
BUPRENORPHINE-A-NALOXONE-ACFD548E,MFR-CONSERN-PHARNA-8FB3E6,CDSCO NSQ 2026-07 batch 25CT0314 (NSQ-30426BF496B6),,CDSCO NSQ public table (manufacturer of a tested batch),https://cdscoonline.gov.in/CDSCO/viewPublicNSQDrug,2026-09-27T07:50:37Z,REAL
BUPRENORPHINE-A-NALOXONE-ACFD548E,MFR-SWIFT-LIFE-SCIENCES-A40253,CDSCO NSQ 2025-10 batch SLTG25022 (NSQ-D509E6B34FAA),,CDSCO NSQ public table (manufacturer of a tested batch),https://cdscoonline.gov.in/CDSCO/viewPublicNSQDrug,2026-09-27T07:50:08Z,REAL
CALAMINE-3BC7178C,MFR-MEDIVIN-2BB2AD,CDSCO NSQ 2026-04 batch 021 (NSQ-4E57DE93D96C),,CDSCO NSQ public table (manufacturer of a tested batch),https://cdscoonline.gov.in/CDSCO/viewPublicNSQDrug,2026-09-27T07:50:27Z,REAL
CALAMINE-3BC7178C,MFR-OSCAR-REMEDIES-777DD7,CDSCO NSQ 2025-06 batch 2451 (NSQ-ABE8C3950720),,CDSCO NSQ public table (manufacturer of a tested batch),https://cdscoonline.gov.in/CDSCO/viewPublicNSQDrug,2026-09-27T07:49:55Z,REAL
CALAMINE-3BC7178C,MFR-SKYMAP-PHARMACEUTICALS-911F3D,CDSCO NSQ 2025-03 batch SPA243 098 (NSQ-7F9F75CCDF5F),,CDSCO NSQ public table (manufacturer of a tested batch),https://cdscoonline.gov.in/CDSCO/viewPublicNSQDrug,2026-09-27T07:49:45Z,REAL
CALCIUM-CARBONATE-BAD40ECB,MFR-AKUMS-DRUGS-PHARMACEUTIC-EA7842,CDSCO NSQ 2026-08 batch CSH01AAB (NSQ-5DE18C76AE64),,CDSCO NSQ public table (manufacturer of a tested batch),https://cdscoonline.gov.in/CDSCO/viewPublicNSQDrug,2026-09-27T07:50:40Z,REAL
CALCIUM-CARBONATE-BAD40ECB,MFR-CIAN-HEALTHCARE-KH-NO-266A35,CDSCO NSQ 2025-07 batch CT24090 (NSQ-5E90CA1802CA),,CDSCO NSQ public table (manufacturer of a tested batch),https://cdscoonline.gov.in/CDSCO/viewPublicNSQDrug,2026-09-27T07:49:58Z,REAL
CALCIUM-CARBONATE-BAD40ECB,MFR-DEEP-PHARMA-D207F4,CDSCO NSQ 2025-11 batch 3B1181 (NSQ-BFD4867F3627),,CDSCO NSQ public table (manufacturer of a tested batch),https://cdscoonline.gov.in/CDSCO/viewPublicNSQDrug,2026-09-27T07:50:11Z,REAL
CALCIUM-CARBONATE-BAD40ECB,MFR-GATS-BIOTECH-8DB157,"CDSCO NSQ 2026-08 batch GBT26241, (NSQ-8056613000FB)",,CDSCO NSQ public table (manufacturer of a tested batch),https://cdscoonline.gov.in/CDSCO/viewPublicNSQDrug,2026-09-27T07:50:40Z,REAL
CALCIUM-CARBONATE-BAD40ECB,MFR-GENIP-FORMULATIONS-9A80E2,CDSCO NSQ 2025-10 batch GFTP25214 (NSQ-AC4DE2268693),,CDSCO NSQ public table (manufacturer of a tested batch),https://cdscoonline.gov.in/CDSCO/viewPublicNSQDrug,2026-09-27T07:50:08Z,REAL
CALCIUM-CARBONATE-BAD40ECB,MFR-GIDSHA-PHARMACEUTICALS-EA6FC4,CDSCO NSQ 2025-03 batch GTL1307 (NSQ-55345C41C6DE),,CDSCO NSQ public table (manufacturer of a tested batch),https://cdscoonline.gov.in/CDSCO/viewPublicNSQDrug,2026-09-27T07:49:45Z,REAL
CALCIUM-CARBONATE-BAD40ECB,MFR-HELAX-HEALTH-CARE-B99763,CDSCO NSQ 2025-10 batch GT-240204 (NSQ-7E09F2E06405),,CDSCO NSQ public table (manufacturer of a tested batch),https://cdscoonline.gov.in/CDSCO/viewPublicNSQDrug,2026-09-27T07:50:08Z,REAL
CALCIUM-CARBONATE-BAD40ECB,MFR-HELAX-HEALTH-CARE-KHASRA-6C92BB,CDSCO NSQ 2025-10 batch GT-240202 (NSQ-5C0E51388F89),,CDSCO NSQ public table (manufacturer of a tested batch),https://cdscoonline.gov.in/CDSCO/viewPublicNSQDrug,2026-09-27T07:50:08Z,REAL
CALCIUM-CARBONATE-BAD40ECB,MFR-J-M-LABORATORIES-D65B97,CDSCO NSQ 2025-10 batch GT17894C (NSQ-5C52C4BE1539),,CDSCO NSQ public table (manufacturer of a tested batch),https://cdscoonline.gov.in/CDSCO/viewPublicNSQDrug,2026-09-27T07:50:08Z,REAL
CALCIUM-CARBONATE-BAD40ECB,MFR-MEDINOK-HEALTHCARE-FE95FA,CDSCO NSQ 2025-01 batch MDP - 746 (NSQ-FBFD5AF701FF),,CDSCO NSQ public table (manufacturer of a tested batch),https://cdscoonline.gov.in/CDSCO/viewPublicNSQDrug,2026-09-27T07:49:39Z,REAL
CALCIUM-CARBONATE-BAD40ECB,MFR-MERCURY-PHARMACEUTICALS-4258D7,CDSCO NSQ 2025-10 batch M24097 (NSQ-0885E8D98BC8),,CDSCO NSQ public table (manufacturer of a tested batch),https://cdscoonline.gov.in/CDSCO/viewPublicNSQDrug,2026-09-27T07:50:08Z,REAL
CALCIUM-CARBONATE-BAD40ECB,MFR-REVAT-LABORATORIES-DAF538,CDSCO NSQ 2025-09 batch RCBT-003 (NSQ-002CFEBA1796),,CDSCO NSQ public table (manufacturer of a tested batch),https://cdscoonline.gov.in/CDSCO/viewPublicNSQDrug,2026-09-27T07:50:04Z,REAL
CALCIUM-CARBONATE-BAD40ECB,MFR-SALUD-CARE-10B4BF,CDSCO NSQ 2026-05 batch ST25-2587 (NSQ-5365D1F00CA0),,CDSCO NSQ public table (manufacturer of a tested batch),https://cdscoonline.gov.in/CDSCO/viewPublicNSQDrug,2026-09-27T07:50:31Z,REAL
CALCIUM-CARBONATE-BAD40ECB,MFR-SIA-PHARMA-94E74B,CDSCO NSQ 2026-03 batch SPD-T116 (NSQ-336279BCE0FB),,CDSCO NSQ public table (manufacturer of a tested batch),https://cdscoonline.gov.in/CDSCO/viewPublicNSQDrug,2026-09-27T07:50:24Z,REAL
CALCIUM-CARBONATE-BAD40ECB,MFR-STERLIFE-BIOTECH-7DE4A3,CDSCO NSQ 2025-12 batch SBT-2179 (NSQ-80C5AB570C14),,CDSCO NSQ public table (manufacturer of a tested batch),https://cdscoonline.gov.in/CDSCO/viewPublicNSQDrug,2026-09-27T07:50:14Z,REAL
CALCIUM-CARBONATE-BAD40ECB,MFR-SVR-HEALTHCARE-1A4988,CDSCO NSQ 2026-08 batch SNT-250038 (NSQ-143EECCAE1EF),,CDSCO NSQ public table (manufacturer of a tested batch),https://cdscoonline.gov.in/CDSCO/viewPublicNSQDrug,2026-09-27T07:50:40Z,REAL
CALCIUM-CARBONATE-BAD40ECB,MFR-VATS-BIOTECH-29CCEE,CDSCO NSQ 2025-07 batch VGT/2088 (NSQ-B9530393A983),,CDSCO NSQ public table (manufacturer of a tested batch),https://cdscoonline.gov.in/CDSCO/viewPublicNSQDrug,2026-09-27T07:49:58Z,REAL
CALCIUM-CARBONATE-BAD40ECB,MFR-VZOIC-HEALTHCARE-FD0453,CDSCO NSQ 2025-10 batch VDFT-271 (NSQ-9CFF34C92D06),,CDSCO NSQ public table (manufacturer of a tested batch),https://cdscoonline.gov.in/CDSCO/viewPublicNSQDrug,2026-09-27T07:50:08Z,REAL
CALCIUM-CARBONATE-BAD40ECB,MFR-VZOIC-HEALTHCARE-PLOT-NO-5CCDFD,CDSCO NSQ 2025-10 batch VDFT-272 (NSQ-043F4DA0E26C),,CDSCO NSQ public table (manufacturer of a tested batch),https://cdscoonline.gov.in/CDSCO/viewPublicNSQDrug,2026-09-27T07:50:08Z,REAL
CALCIUM-GLUCONATE-B810CD2F,MFR-FARBE-FIRMA-BA5F6E,CDSCO NSQ 2025-10 batch KBU24001 (NSQ-16293006D05F),,CDSCO NSQ public table (manufacturer of a tested batch),https://cdscoonline.gov.in/CDSCO/viewPublicNSQDrug,2026-09-27T07:50:08Z,REAL
CALCIUM-GLUCONATE-B810CD2F,MFR-MARTIN-AND-BROWN-BIO-SCI-C74BA8,CDSCO NSQ 2025-03 batch MV24B35 (NSQ-8A431763B6EC),,CDSCO NSQ public table (manufacturer of a tested batch),https://cdscoonline.gov.in/CDSCO/viewPublicNSQDrug,2026-09-27T07:49:45Z,REAL
CALCIUM-GLUCONATE-B810CD2F,MFR-MARTIN-BROWN-BIO-SCIENCE-0C589F,CDSCO NSQ 2025-06 batch MV24B36 (NSQ-85ED2985300B),,CDSCO NSQ public table (manufacturer of a tested batch),https://cdscoonline.gov.in/CDSCO/viewPublicNSQDrug,2026-09-27T07:49:55Z,REAL
CALCIUM-GLUCONATE-B810CD2F,MFR-MARTIN-BROWN-BIO-SCIENCE-1AAED3,CDSCO NSQ 2026-01 batch MA25E26 (NSQ-AB7459BD16F6),,CDSCO NSQ public table (manufacturer of a tested batch),https://cdscoonline.gov.in/CDSCO/viewPublicNSQDrug,2026-09-27T07:50:17Z,REAL
CALCIUM-GLUCONATE-B810CD2F,MFR-RATHI-LABORATORIES-0DCC5D,CDSCO NSQ 2025-01 batch CG-386 (NSQ-AC76D31E67E8),,CDSCO NSQ public table (manufacturer of a tested batch),https://cdscoonline.gov.in/CDSCO/viewPublicNSQDrug,2026-09-27T07:49:39Z,REAL
CEFIXIME-2395E6C0,MFR-ALKEM-HEALTH-SCIENCE-FADFB6,CDSCO NSQ 2026-04 batch 25460922 (NSQ-183A4C62C3DA),,CDSCO NSQ public table (manufacturer of a tested batch),https://cdscoonline.gov.in/CDSCO/viewPublicNSQDrug,2026-09-27T07:50:27Z,REAL
CEFIXIME-2395E6C0,MFR-BOCHEM-HEALTHCARE-639243,CDSCO NSQ 2025-05 batch B240875 (NSQ-D6C3074A12F1),,CDSCO NSQ public table (manufacturer of a tested batch),https://cdscoonline.gov.in/CDSCO/viewPublicNSQDrug,2026-09-27T07:49:52Z,REAL
CEFIXIME-2395E6C0,MFR-CURETECH-FORMULATION-42705A,CDSCO NSQ 2025-11 batch CBEL24012 (NSQ-800EDC7CA39B),,CDSCO NSQ public table (manufacturer of a tested batch),https://cdscoonline.gov.in/CDSCO/viewPublicNSQDrug,2026-09-27T07:50:11Z,REAL
CEFIXIME-2395E6C0,MFR-ORISON-PHARMA-INTERNATIO-B13609,CDSCO NSQ 2026-07 batch 25D-BT150 (NSQ-DF21A06FB943),,CDSCO NSQ public table (manufacturer of a tested batch),https://cdscoonline.gov.in/CDSCO/viewPublicNSQDrug,2026-09-27T07:50:37Z,REAL
CEFIXIME-2395E6C0,MFR-SKYMAP-PHARMACEUTICALS-911F3D,CDSCO NSQ 2026-05 batch AB24069 (NSQ-91A2EABAC231),,CDSCO NSQ public table (manufacturer of a tested batch),https://cdscoonline.gov.in/CDSCO/viewPublicNSQDrug,2026-09-27T07:50:31Z,REAL
CEFIXIME-2395E6C0,MFR-SVR-HEALTHCARE-1A4988,CDSCO NSQ 2025-09 batch DL-134 (NSQ-A42DB34205D4),,CDSCO NSQ public table (manufacturer of a tested batch),https://cdscoonline.gov.in/CDSCO/viewPublicNSQDrug,2026-09-27T07:50:04Z,REAL
CEFIXIME-895D735C,MFR-HIMALAYA-MEDITEK-F81189,CDSCO NSQ 2025-04 batch HTB404G (NSQ-E9836FEB7692),,CDSCO NSQ public table (manufacturer of a tested batch),https://cdscoonline.gov.in/CDSCO/viewPublicNSQDrug,2026-09-27T07:49:48Z,REAL
CEFOTAXIME-C89581AB,MFR-NANDANI-MEDICAL-LABORATO-595B8E,CDSCO NSQ 2026-01 batch CT42414 (NSQ-623FE398A92B),,CDSCO NSQ public table (manufacturer of a tested batch),https://cdscoonline.gov.in/CDSCO/viewPublicNSQDrug,2026-09-27T07:50:17Z,REAL
CEFTRIAXONE-813A5FEE,MFR-MARC-LABORATORIES-5B1DFE,CDSCO NSQ 2026-02 batch PCD-120 (NSQ-6C55C8FF048B),,CDSCO NSQ public table (manufacturer of a tested batch),https://cdscoonline.gov.in/CDSCO/viewPublicNSQDrug,2026-09-27T07:50:21Z,REAL
CEFUROXIME-3F81C773,MFR-BENGAL-CHEMICALS-AND-PHA-843284,CDSCO NSQ 2025-01 batch 4617001 (NSQ-F67AF6BE1790),,CDSCO NSQ public table (manufacturer of a tested batch),https://cdscoonline.gov.in/CDSCO/viewPublicNSQDrug,2026-09-27T07:49:39Z,REAL
CEFUROXIME-3F81C773,MFR-J-M-LABORATORIES-D65B97,CDSCO NSQ 2026-07 batch CXCA25014E (NSQ-C476E9BBBD95),,CDSCO NSQ public table (manufacturer of a tested batch),https://cdscoonline.gov.in/CDSCO/viewPublicNSQDrug,2026-09-27T07:50:37Z,REAL
CEFUROXIME-3F81C773,MFR-JACKSON-LABORATORIES-84EC23,CDSCO NSQ 2025-07 batch T-21172 (NSQ-06F510091346),,CDSCO NSQ public table (manufacturer of a tested batch),https://cdscoonline.gov.in/CDSCO/viewPublicNSQDrug,2026-09-27T07:49:58Z,REAL
CEFUROXIME-3F81C773,MFR-KAALINGA-HEALTH-CARE-C0A5F3,CDSCO NSQ 2025-07 batch 25KHCT-0031 (NSQ-F54C71752DE5),,CDSCO NSQ public table (manufacturer of a tested batch),https://cdscoonline.gov.in/CDSCO/viewPublicNSQDrug,2026-09-27T07:49:58Z,REAL
CEFUROXIME-3F81C773,MFR-SHRI-SAI-BALAJI-PHARMATE-B4A510,CDSCO NSQ 2026-04 batch SSTG25503 (NSQ-696374708D37),,CDSCO NSQ public table (manufacturer of a tested batch),https://cdscoonline.gov.in/CDSCO/viewPublicNSQDrug,2026-09-27T07:50:27Z,REAL
CEFUROXIME-3F81C773,MFR-SUNVIJ-DRUGS-5B87A1,CDSCO NSQ 2025-03 batch ST-25345 (NSQ-3A512E693B38),,CDSCO NSQ public table (manufacturer of a tested batch),https://cdscoonline.gov.in/CDSCO/viewPublicNSQDrug,2026-09-27T07:49:45Z,REAL
CEFUROXIME-3F81C773,MFR-VADSP-PHARMACEUTICALS-8C7B27,CDSCO NSQ 2026-04 batch VT252942 (NSQ-5B4CB7FD25FB),,CDSCO NSQ public table (manufacturer of a tested batch),https://cdscoonline.gov.in/CDSCO/viewPublicNSQDrug,2026-09-27T07:50:27Z,REAL
CEFUROXIME-3F81C773,MFR-VATS-BIOTECH-29CCEE,CDSCO NSQ 2026-02 batch VCT/459 (NSQ-00A5085A127B),,CDSCO NSQ public table (manufacturer of a tested batch),https://cdscoonline.gov.in/CDSCO/viewPublicNSQDrug,2026-09-27T07:50:21Z,REAL
CETIRIZINE-2A469F5E,MFR-ANIMUS-HEALTHCARE30-62DC98,CDSCO NSQ 2025-06 batch D-0241 (NSQ-65F98A6145A7),,CDSCO NSQ public table (manufacturer of a tested batch),https://cdscoonline.gov.in/CDSCO/viewPublicNSQDrug,2026-09-27T07:49:55Z,REAL
CETIRIZINE-2A469F5E,MFR-APCO-PHARMA-480E2E,CDSCO NSQ 2026-01 batch L-25154 (NSQ-95A208BBDCB2),,CDSCO NSQ public table (manufacturer of a tested batch),https://cdscoonline.gov.in/CDSCO/viewPublicNSQDrug,2026-09-27T07:50:17Z,REAL
CETIRIZINE-2A469F5E,MFR-APPLE-FORMULATIONS-0E9868,CDSCO NSQ 2026-06 batch CIZ-2604 (NSQ-9E6911DF408F),,CDSCO NSQ public table (manufacturer of a tested batch),https://cdscoonline.gov.in/CDSCO/viewPublicNSQDrug,2026-09-27T07:50:34Z,REAL
CETIRIZINE-2A469F5E,MFR-CASCA-REMEDIES-746E87,CDSCO NSQ 2025-10 batch BCRL2407068 (NSQ-AE03AAD6C1C8),,CDSCO NSQ public table (manufacturer of a tested batch),https://cdscoonline.gov.in/CDSCO/viewPublicNSQDrug,2026-09-27T07:50:08Z,REAL
CETIRIZINE-2A469F5E,MFR-DEEP-PHARMA-D207F4,CDSCO NSQ 2026-05 batch 1C0149 (NSQ-A43949C3514F),,CDSCO NSQ public table (manufacturer of a tested batch),https://cdscoonline.gov.in/CDSCO/viewPublicNSQDrug,2026-09-27T07:50:31Z,REAL
CETIRIZINE-2A469F5E,MFR-DHWANILIFE-CARE-23D1BF,CDSCO NSQ 2026-05 batch DLS5271 (NSQ-542C3ACDAF3E),,CDSCO NSQ public table (manufacturer of a tested batch),https://cdscoonline.gov.in/CDSCO/viewPublicNSQDrug,2026-09-27T07:50:31Z,REAL
CETIRIZINE-2A469F5E,MFR-FRONTLINE-PHARMACEUTICAL-E9A74E,CDSCO NSQ 2026-01 batch LC-2505 (NSQ-B7C6E651DEBA),,CDSCO NSQ public table (manufacturer of a tested batch),https://cdscoonline.gov.in/CDSCO/viewPublicNSQDrug,2026-09-27T07:50:17Z,REAL
CETIRIZINE-2A469F5E,MFR-GROWNBURY-PHARMACEUTICAL-D412FA,CDSCO NSQ 2026-02 batch GL250137 (NSQ-646E8AAA6DCB),,CDSCO NSQ public table (manufacturer of a tested batch),https://cdscoonline.gov.in/CDSCO/viewPublicNSQDrug,2026-09-27T07:50:21Z,REAL
CETIRIZINE-2A469F5E,MFR-HEALTH-BIOTECH-VILLAGE-S-43AE3F,CDSCO NSQ 2026-02 batch HLAC25001 (NSQ-CF5F8DCE3D8C),,CDSCO NSQ public table (manufacturer of a tested batch),https://cdscoonline.gov.in/CDSCO/viewPublicNSQDrug,2026-09-27T07:50:21Z,REAL
CETIRIZINE-2A469F5E,MFR-INNOVA-CAP-TAB-3F19C0,CDSCO NSQ 2025-06 batch L1774009 (NSQ-F1D7D722C12F),,CDSCO NSQ public table (manufacturer of a tested batch),https://cdscoonline.gov.in/CDSCO/viewPublicNSQDrug,2026-09-27T07:49:55Z,REAL
CETIRIZINE-2A469F5E,MFR-IOSIS-REMEDIES-919662,CDSCO NSQ 2025-04 batch LLMS-063 (NSQ-2CF58D47598F),,CDSCO NSQ public table (manufacturer of a tested batch),https://cdscoonline.gov.in/CDSCO/viewPublicNSQDrug,2026-09-27T07:49:48Z,REAL
CETIRIZINE-2A469F5E,MFR-JANVEDA-HEALTHCEUTICALS-903E2C,CDSCO NSQ 2026-05 batch JLH2523 (NSQ-904E01172EC3),,CDSCO NSQ public table (manufacturer of a tested batch),https://cdscoonline.gov.in/CDSCO/viewPublicNSQDrug,2026-09-27T07:50:31Z,REAL
CETIRIZINE-2A469F5E,MFR-KERALA-STATE-DRUGS-AND-P-60C6B1,CDSCO NSQ 2025-01 batch CE4019 (NSQ-2171EACB8481),,CDSCO NSQ public table (manufacturer of a tested batch),https://cdscoonline.gov.in/CDSCO/viewPublicNSQDrug,2026-09-27T07:49:39Z,REAL
CETIRIZINE-2A469F5E,MFR-KITE-FORMULATION-476EA3,CDSCO NSQ 2025-04 batch 1124192 (NSQ-37094EFB2898),,CDSCO NSQ public table (manufacturer of a tested batch),https://cdscoonline.gov.in/CDSCO/viewPublicNSQDrug,2026-09-27T07:49:48Z,REAL
CETIRIZINE-2A469F5E,MFR-LABORATE-PHARMACEUTICALS-5540C6,CDSCO NSQ 2026-08 batch PTKLA004 (NSQ-98D703FB045B),,CDSCO NSQ public table (manufacturer of a tested batch),https://cdscoonline.gov.in/CDSCO/viewPublicNSQDrug,2026-09-27T07:50:40Z,REAL
CETIRIZINE-2A469F5E,MFR-RENOWED-LIFE-SCIENCES-BA4547,CDSCO NSQ 2026-08 batch DL508027 (NSQ-56144D600BF6),,CDSCO NSQ public table (manufacturer of a tested batch),https://cdscoonline.gov.in/CDSCO/viewPublicNSQDrug,2026-09-27T07:50:40Z,REAL
CETIRIZINE-2A469F5E,MFR-RHOMBUS-PHARMA-4343A6,CDSCO NSQ 2026-03 batch LR25J006 (NSQ-1A3E45565604),,CDSCO NSQ public table (manufacturer of a tested batch),https://cdscoonline.gov.in/CDSCO/viewPublicNSQDrug,2026-09-27T07:50:24Z,REAL
CETIRIZINE-2A469F5E,MFR-SEEJAR-PHARMACEUTICALLS-2309CC,CDSCO NSQ 2026-04 batch SP25990 (NSQ-C767873EB0DC),,CDSCO NSQ public table (manufacturer of a tested batch),https://cdscoonline.gov.in/CDSCO/viewPublicNSQDrug,2026-09-27T07:50:27Z,REAL
CETIRIZINE-2A469F5E,MFR-SHIVAM-ENTERPRISES-9F7422,CDSCO NSQ 2026-06 batch SL-151 (NSQ-01E6787E3F0B),,CDSCO NSQ public table (manufacturer of a tested batch),https://cdscoonline.gov.in/CDSCO/viewPublicNSQDrug,2026-09-27T07:50:34Z,REAL
CETIRIZINE-2A469F5E,MFR-SHREYA-LIFESCIENCES-D626D2,CDSCO NSQ 2025-11 batch R25053101 (NSQ-CBB7307B5D66),,CDSCO NSQ public table (manufacturer of a tested batch),https://cdscoonline.gov.in/CDSCO/viewPublicNSQDrug,2026-09-27T07:50:11Z,REAL
CETIRIZINE-2A469F5E,MFR-THORAB-PHARMA-AND-RESEAR-E62604,CDSCO NSQ 2026-01 batch MGMP 0898 (NSQ-01893E1E35DC),,CDSCO NSQ public table (manufacturer of a tested batch),https://cdscoonline.gov.in/CDSCO/viewPublicNSQDrug,2026-09-27T07:50:17Z,REAL
CETIRIZINE-2A469F5E,MFR-TRIDUS-REMEDIES-B712E4,CDSCO NSQ 2026-01 batch AL-24002 (NSQ-497F1334B456),,CDSCO NSQ public table (manufacturer of a tested batch),https://cdscoonline.gov.in/CDSCO/viewPublicNSQDrug,2026-09-27T07:50:17Z,REAL
CETIRIZINE-2A469F5E,MFR-VERTEX-PHARMA-CHEMICALS-BD8160,CDSCO NSQ 2025-12 batch VS2538 (NSQ-1CFCFEE25B91),,CDSCO NSQ public table (manufacturer of a tested batch),https://cdscoonline.gov.in/CDSCO/viewPublicNSQDrug,2026-09-27T07:50:14Z,REAL
CETIRIZINE-2A469F5E,MFR-WINGS-NOVITAS-HEALTHCARE-026E1B,CDSCO NSQ 2025-06 batch LWLS-2022 (NSQ-02470D745DA7),,CDSCO NSQ public table (manufacturer of a tested batch),https://cdscoonline.gov.in/CDSCO/viewPublicNSQDrug,2026-09-27T07:49:55Z,REAL
CETIRIZINE-A4FD20CC,MFR-ACTINOVA-C13A70,CDSCO NSQ 2026-03 batch ATGI4259 (NSQ-C094292CE3FD),,CDSCO NSQ public table (manufacturer of a tested batch),https://cdscoonline.gov.in/CDSCO/viewPublicNSQDrug,2026-09-27T07:50:24Z,REAL
CETIRIZINE-A4FD20CC,MFR-ADWIN-PHARMA-8228CB,CDSCO NSQ 2025-04 batch ATX060546 (NSQ-11B7A419E984),,CDSCO NSQ public table (manufacturer of a tested batch),https://cdscoonline.gov.in/CDSCO/viewPublicNSQDrug,2026-09-27T07:49:48Z,REAL
CETIRIZINE-A4FD20CC,MFR-AFFY-PARENTERALS-6A6836,CDSCO NSQ 2025-08 batch PGT241234 (NSQ-7FCB7DCECAF2),,CDSCO NSQ public table (manufacturer of a tested batch),https://cdscoonline.gov.in/CDSCO/viewPublicNSQDrug,2026-09-27T07:50:01Z,REAL
CETIRIZINE-A4FD20CC,MFR-BRIJ-HEALTHCARE-38A7E9,CDSCO NSQ 2025-02 batch 2411110 (NSQ-745199DDD6D8),,CDSCO NSQ public table (manufacturer of a tested batch),https://cdscoonline.gov.in/CDSCO/viewPublicNSQDrug,2026-09-27T07:49:42Z,REAL
CETIRIZINE-A4FD20CC,MFR-BYMAA-LABORATORIES-27042B,CDSCO NSQ 2025-06 batch B2409435A (NSQ-7E9F216EBF10),,CDSCO NSQ public table (manufacturer of a tested batch),https://cdscoonline.gov.in/CDSCO/viewPublicNSQDrug,2026-09-27T07:49:55Z,REAL
CETIRIZINE-A4FD20CC,MFR-CUREZA-HEALTHCARE-A-B-RO-6F909F,CDSCO NSQ 2025-06 batch CHT23320 (NSQ-21EE03F33640),,CDSCO NSQ public table (manufacturer of a tested batch),https://cdscoonline.gov.in/CDSCO/viewPublicNSQDrug,2026-09-27T07:49:55Z,REAL
CETIRIZINE-A4FD20CC,MFR-D-R-JOHNS-LAB-795A02,CDSCO NSQ 2025-07 batch TDR-24103 (NSQ-D805A73A173E),,CDSCO NSQ public table (manufacturer of a tested batch),https://cdscoonline.gov.in/CDSCO/viewPublicNSQDrug,2026-09-27T07:49:58Z,REAL
CETIRIZINE-A4FD20CC,MFR-HEALER-S-LAB-E4DEE4,CDSCO NSQ 2025-07 batch LLP-511 (NSQ-300914F0B3F4),,CDSCO NSQ public table (manufacturer of a tested batch),https://cdscoonline.gov.in/CDSCO/viewPublicNSQDrug,2026-09-27T07:49:58Z,REAL
CETIRIZINE-A4FD20CC,MFR-HETERO-HEALTHCARE-ALLDC-DE6272,CDSCO NSQ 2025-12 batch GT23624C (NSQ-49F178E362F3),,CDSCO NSQ public table (manufacturer of a tested batch),https://cdscoonline.gov.in/CDSCO/viewPublicNSQDrug,2026-09-27T07:50:14Z,REAL
CETIRIZINE-A4FD20CC,MFR-LANNETT-PHARMACEUTICALS-33929B,CDSCO NSQ 2025-09 batch LPT2425300 (NSQ-24FBC0BD4C99),,CDSCO NSQ public table (manufacturer of a tested batch),https://cdscoonline.gov.in/CDSCO/viewPublicNSQDrug,2026-09-27T07:50:04Z,REAL
CETIRIZINE-A4FD20CC,MFR-LANNETT-PHARMACEUTICALS-56357A,CDSCO NSQ 2026-04 batch LPT2425300 (NSQ-9EC385CEFC61),,CDSCO NSQ public table (manufacturer of a tested batch),https://cdscoonline.gov.in/CDSCO/viewPublicNSQDrug,2026-09-27T07:50:27Z,REAL
CETIRIZINE-A4FD20CC,MFR-PLENA-REMEDIES-8245EE,CDSCO NSQ 2026-05 batch PGT25-2392G (NSQ-C29E23FB4D5B),,CDSCO NSQ public table (manufacturer of a tested batch),https://cdscoonline.gov.in/CDSCO/viewPublicNSQDrug,2026-09-27T07:50:31Z,REAL
CETIRIZINE-A4FD20CC,MFR-REGENT-AJANTA-BIOTECH-71B6D7,CDSCO NSQ 2026-06 batch PRT2501-149 (NSQ-208D9F5EF45E),,CDSCO NSQ public table (manufacturer of a tested batch),https://cdscoonline.gov.in/CDSCO/viewPublicNSQDrug,2026-09-27T07:50:34Z,REAL
CETIRIZINE-A4FD20CC,MFR-RIPCORD-PHARMACEUTICALS-9AC697,CDSCO NSQ 2026-02 batch R25021 (NSQ-A720F7A42F59),,CDSCO NSQ public table (manufacturer of a tested batch),https://cdscoonline.gov.in/CDSCO/viewPublicNSQDrug,2026-09-27T07:50:21Z,REAL
CETIRIZINE-A4FD20CC,MFR-SOLAC-PHARMACEUTICALS-6B5CDF,CDSCO NSQ 2025-08 batch SP238504 (NSQ-21E8731EE564),,CDSCO NSQ public table (manufacturer of a tested batch),https://cdscoonline.gov.in/CDSCO/viewPublicNSQDrug,2026-09-27T07:50:01Z,REAL
CETIRIZINE-A4FD20CC,MFR-SUPREX-LABORATORIES-C06B10,CDSCO NSQ 2026-01 batch CTT-2416 (NSQ-EECDAD5A1442),,CDSCO NSQ public table (manufacturer of a tested batch),https://cdscoonline.gov.in/CDSCO/viewPublicNSQDrug,2026-09-27T07:50:17Z,REAL
CETIRIZINE-A4FD20CC,MFR-TORQUE-PHARMACEUTICALS-2B8C67,CDSCO NSQ 2026-07 batch B13225006 (NSQ-3EF26D29CAB4),,CDSCO NSQ public table (manufacturer of a tested batch),https://cdscoonline.gov.in/CDSCO/viewPublicNSQDrug,2026-09-27T07:50:37Z,REAL
CETIRIZINE-A4FD20CC,MFR-YL-PHARMA-17DCAF,CDSCO NSQ 2025-10 batch YLT25023 (NSQ-EFE64C2417C6),,CDSCO NSQ public table (manufacturer of a tested batch),https://cdscoonline.gov.in/CDSCO/viewPublicNSQDrug,2026-09-27T07:50:08Z,REAL
CHLORHEXIDINE-D85BD8D5,MFR-ARGION-COSMED-9FFDE5,CDSCO NSQ 2026-06 batch 129 (NSQ-070389D644B4),,CDSCO NSQ public table (manufacturer of a tested batch),https://cdscoonline.gov.in/CDSCO/viewPublicNSQDrug,2026-09-27T07:50:34Z,REAL
CHLORHEXIDINE-D85BD8D5,MFR-MICROWIN-LABS-894F97,CDSCO NSQ 2025-07 batch GMW0116 (NSQ-692221ED2FF8),,CDSCO NSQ public table (manufacturer of a tested batch),https://cdscoonline.gov.in/CDSCO/viewPublicNSQDrug,2026-09-27T07:49:58Z,REAL
CHLORHEXIDINE-D85BD8D5,MFR-SS-ENTERPRISES-F-76-F5B2F1,CDSCO NSQ 2025-03 batch IJWX/074 (NSQ-DEE39CDA0A62),,CDSCO NSQ public table (manufacturer of a tested batch),https://cdscoonline.gov.in/CDSCO/viewPublicNSQDrug,2026-09-27T07:49:45Z,REAL
CHLORHEXIDINE-D85BD8D5,MFR-TEXAS-LIFESCIENCES-A54DB2,CDSCO NSQ 2026-06 batch HEL-2433 (NSQ-10391864F819),,CDSCO NSQ public table (manufacturer of a tested batch),https://cdscoonline.gov.in/CDSCO/viewPublicNSQDrug,2026-09-27T07:50:34Z,REAL
CHLORHEXIDINE-D85BD8D5,MFR-WINDLAS-BIOTECH-4E2513,CDSCO NSQ 2026-07 batch WOR25041G (NSQ-E0647EC64660),,CDSCO NSQ public table (manufacturer of a tested batch),https://cdscoonline.gov.in/CDSCO/viewPublicNSQDrug,2026-09-27T07:50:37Z,REAL
CHOLECALCIFEROL-A23E0716,MFR-APPLE-FORMULATIONS-0E9868,CDSCO NSQ 2025-08 batch VAM-2501 (NSQ-F6E1F5F37D16),,CDSCO NSQ public table (manufacturer of a tested batch),https://cdscoonline.gov.in/CDSCO/viewPublicNSQDrug,2026-09-27T07:50:01Z,REAL
CIPROFLOXACIN-29F57D17,MFR-OSCAR-REMEDIES-777DD7,CDSCO NSQ 2025-06 batch E240113A (NSQ-BCFA51EF03B4),,CDSCO NSQ public table (manufacturer of a tested batch),https://cdscoonline.gov.in/CDSCO/viewPublicNSQDrug,2026-09-27T07:49:55Z,REAL
CIPROFLOXACIN-52DA1565,MFR-CADILA-PHARMACEUTICALS-FCF716,CDSCO NSQ 2025-04 batch CT24001 (NSQ-E0E0E8BE7F61),,CDSCO NSQ public table (manufacturer of a tested batch),https://cdscoonline.gov.in/CDSCO/viewPublicNSQDrug,2026-09-27T07:49:48Z,REAL
CIPROFLOXACIN-52DA1565,MFR-NESTOR-PHARMACEUTICALS-146D4B,CDSCO NSQ 2025-04 batch CITB-02 (NSQ-DE9DCAA0299E),,CDSCO NSQ public table (manufacturer of a tested batch),https://cdscoonline.gov.in/CDSCO/viewPublicNSQDrug,2026-09-27T07:49:48Z,REAL
CIPROFLOXACIN-52DA1565,MFR-VIVEK-PHARMACHEM-D8CBC7,CDSCO NSQ 2025-06 batch CPT24046 (NSQ-621D34D33D9A),,CDSCO NSQ public table (manufacturer of a tested batch),https://cdscoonline.gov.in/CDSCO/viewPublicNSQDrug,2026-09-27T07:49:55Z,REAL
CIPROFLOXACIN-52DA1565,MFR-ZENITH-DRUGS-5D0A6D,CDSCO NSQ 2026-07 batch T50540 (NSQ-77DF52DD82BF),,CDSCO NSQ public table (manufacturer of a tested batch),https://cdscoonline.gov.in/CDSCO/viewPublicNSQDrug,2026-09-27T07:50:37Z,REAL
CIPROFLOXACIN-595D3CAE,MFR-MAHENDRA-LABS-992653,CDSCO NSQ 2025-06 batch CTL184 (NSQ-1B17B60ED410),,CDSCO NSQ public table (manufacturer of a tested batch),https://cdscoonline.gov.in/CDSCO/viewPublicNSQDrug,2026-09-27T07:49:55Z,REAL
CIPROFLOXACIN-B1FA88CF,MFR-CAPTAB-BIOTEC-9FD94A,CDSCO NSQ 2025-01 batch LV4210 (NSQ-B08D4E552BC5),,CDSCO NSQ public table (manufacturer of a tested batch),https://cdscoonline.gov.in/CDSCO/viewPublicNSQDrug,2026-09-27T07:49:39Z,REAL
CIPROFLOXACIN-B1FA88CF,MFR-OTSUKA-PHARMACEUTICAL-D4BD71,CDSCO NSQ 2025-05 batch 2250946 (NSQ-6DD927B7FD28),,CDSCO NSQ public table (manufacturer of a tested batch),https://cdscoonline.gov.in/CDSCO/viewPublicNSQDrug,2026-09-27T07:49:52Z,REAL
CIPROFLOXACIN-B1FA88CF,MFR-PASCHIM-BANGA-PHARMACEUT-440248,CDSCO NSQ 2025-02 batch 09AF0075 (NSQ-6436A3FE9F74),,CDSCO NSQ public table (manufacturer of a tested batch),https://cdscoonline.gov.in/CDSCO/viewPublicNSQDrug,2026-09-27T07:49:42Z,REAL
CIPROFLOXACIN-E81C4CD3,MFR-AGRON-REMEDIES-SARVERKHE-B68697,CDSCO NSQ 2025-10 batch TB250356 (NSQ-8C278B5655EB),,CDSCO NSQ public table (manufacturer of a tested batch),https://cdscoonline.gov.in/CDSCO/viewPublicNSQDrug,2026-09-27T07:50:08Z,REAL
CIPROFLOXACIN-E81C4CD3,MFR-CADILA-PHARMACEUTICALS-FCF716,CDSCO NSQ 2025-11 batch JKBD24080 (NSQ-B587FF02437F),,CDSCO NSQ public table (manufacturer of a tested batch),https://cdscoonline.gov.in/CDSCO/viewPublicNSQDrug,2026-09-27T07:50:11Z,REAL
CIPROFLOXACIN-E81C4CD3,MFR-DANISH-HEALTH-CARE-767C18,CDSCO NSQ 2025-11 batch CDA24002 (NSQ-85F535DEDA0E),,CDSCO NSQ public table (manufacturer of a tested batch),https://cdscoonline.gov.in/CDSCO/viewPublicNSQDrug,2026-09-27T07:50:11Z,REAL
CIPROFLOXACIN-E81C4CD3,MFR-DANISH-HEALTHCARE-738AED,CDSCO NSQ 2025-05 batch COP24001 (NSQ-CC38DBF86C0E),,CDSCO NSQ public table (manufacturer of a tested batch),https://cdscoonline.gov.in/CDSCO/viewPublicNSQDrug,2026-09-27T07:49:52Z,REAL
CIPROFLOXACIN-E81C4CD3,MFR-HINDUSTAN-ANTIBIOTICS-31BC39,CDSCO NSQ 2025-12 batch 2140 (NSQ-15555DDF6074),,CDSCO NSQ public table (manufacturer of a tested batch),https://cdscoonline.gov.in/CDSCO/viewPublicNSQDrug,2026-09-27T07:50:14Z,REAL
CIPROFLOXACIN-E81C4CD3,MFR-OMEGA-PHARMA-99A771,CDSCO NSQ 2026-03 batch GT31156 (NSQ-B70D33DE7DB5),,CDSCO NSQ public table (manufacturer of a tested batch),https://cdscoonline.gov.in/CDSCO/viewPublicNSQDrug,2026-09-27T07:50:24Z,REAL
CIPROFLOXACIN-E81C4CD3,MFR-RIDLEY-LIFESCIENCE-D13838,CDSCO NSQ 2025-08 batch RT230545 (NSQ-CBBAFCD44F5B),,CDSCO NSQ public table (manufacturer of a tested batch),https://cdscoonline.gov.in/CDSCO/viewPublicNSQDrug,2026-09-27T07:50:01Z,REAL
CIPROFLOXACIN-E81C4CD3,MFR-RIVPRA-FORMULATION-3E72AB,CDSCO NSQ 2025-11 batch T-2408090 (NSQ-FB75596922CE),,CDSCO NSQ public table (manufacturer of a tested batch),https://cdscoonline.gov.in/CDSCO/viewPublicNSQDrug,2026-09-27T07:50:11Z,REAL
CIPROFLOXACIN-E81C4CD3,MFR-SHARIKA-BIOTECH-JAGAT-KH-BE5931,CDSCO NSQ 2026-01 batch SB2512 (NSQ-2FD2309A3954),,CDSCO NSQ public table (manufacturer of a tested batch),https://cdscoonline.gov.in/CDSCO/viewPublicNSQDrug,2026-09-27T07:50:17Z,REAL
CIPROFLOXACIN-E81C4CD3,MFR-UNICURE-631AE3,CDSCO NSQ 2026-01 batch CCT1303 (NSQ-B55579A289B3),,CDSCO NSQ public table (manufacturer of a tested batch),https://cdscoonline.gov.in/CDSCO/viewPublicNSQDrug,2026-09-27T07:50:17Z,REAL
CIPROFLOXACIN-E81C4CD3,MFR-VIVEK-PHARMACHEM-D8CBC7,CDSCO NSQ 2026-06 batch CPT25066 (NSQ-101BCA80872B),,CDSCO NSQ public table (manufacturer of a tested batch),https://cdscoonline.gov.in/CDSCO/viewPublicNSQDrug,2026-09-27T07:50:34Z,REAL
CLARITHROMYCIN-5CA9CC06,MFR-PLENA-REMEDIES-8245EE,CDSCO NSQ 2025-11 batch PGD4075A (NSQ-90DB16E3DC2E),,CDSCO NSQ public table (manufacturer of a tested batch),https://cdscoonline.gov.in/CDSCO/viewPublicNSQDrug,2026-09-27T07:50:11Z,REAL
CLINDAMYCIN-0B9B9968,MFR-SAI-PARENTERALS-D1-D4-787552,CDSCO NSQ 2025-08 batch 24CL02 (NSQ-AB93535BEE04),,CDSCO NSQ public table (manufacturer of a tested batch),https://cdscoonline.gov.in/CDSCO/viewPublicNSQDrug,2026-09-27T07:50:01Z,REAL
CLOBAZAM-071F7140,MFR-HEALTHY-LIFE-PHARMA-FACT-8859C7,CDSCO NSQ 2025-10 batch 01283 (NSQ-9E20914FA1BF),,CDSCO NSQ public table (manufacturer of a tested batch),https://cdscoonline.gov.in/CDSCO/viewPublicNSQDrug,2026-09-27T07:50:08Z,REAL
CLOBAZAM-071F7140,MFR-TANPAL-PHARMACEUTICALS-8F9202,CDSCO NSQ 2025-01 batch TPT-012058 (NSQ-1038B9BA7A2B),,CDSCO NSQ public table (manufacturer of a tested batch),https://cdscoonline.gov.in/CDSCO/viewPublicNSQDrug,2026-09-27T07:49:39Z,REAL
CLONAZEPAM-0A44DC8B,MFR-ELIKEM-HEALTHCARE-714319,CDSCO NSQ 2025-02 batch DT40078 (NSQ-FE4AB3DAF958),,CDSCO NSQ public table (manufacturer of a tested batch),https://cdscoonline.gov.in/CDSCO/viewPublicNSQDrug,2026-09-27T07:49:42Z,REAL
CLOPIDOGREL-4607B51C,MFR-DR-ARS-F929EC,CDSCO NSQ 2026-08 batch T26B106 (NSQ-345A0140480B),,CDSCO NSQ public table (manufacturer of a tested batch),https://cdscoonline.gov.in/CDSCO/viewPublicNSQDrug,2026-09-27T07:50:40Z,REAL
CLOPIDOGREL-4607B51C,MFR-HEALER-S-LAB-E4DEE4,CDSCO NSQ 2026-08 batch CPT-508 (NSQ-995272092A77),,CDSCO NSQ public table (manufacturer of a tested batch),https://cdscoonline.gov.in/CDSCO/viewPublicNSQDrug,2026-09-27T07:50:40Z,REAL
CLOPIDOGREL-4607B51C,MFR-KERALA-MEDICAL-SERVICES-4439E2,CDSCO NSQ 2025-02 batch D 2720/24 -25 (NSQ-07B74AEB5F6D),,CDSCO NSQ public table (manufacturer of a tested batch),https://cdscoonline.gov.in/CDSCO/viewPublicNSQDrug,2026-09-27T07:49:42Z,REAL
CLOPIDOGREL-4607B51C,MFR-MEDINOK-HEALTHCARE-FE95FA,CDSCO NSQ 2025-01 batch MDP - 309 (NSQ-66801D891F39),,CDSCO NSQ public table (manufacturer of a tested batch),https://cdscoonline.gov.in/CDSCO/viewPublicNSQDrug,2026-09-27T07:49:39Z,REAL
CLOPIDOGREL-4607B51C,MFR-RIVPRA-FORMULATION-3E72AB,CDSCO NSQ 2025-09 batch T-2405321 (NSQ-5899C889F1C6),,CDSCO NSQ public table (manufacturer of a tested batch),https://cdscoonline.gov.in/CDSCO/viewPublicNSQDrug,2026-09-27T07:50:04Z,REAL
CLOPIDOGREL-4607B51C,MFR-THEON-PHARMACEUTICALS-272B11,CDSCO NSQ 2025-05 batch GT241288 (NSQ-A0F64C936B05),,CDSCO NSQ public table (manufacturer of a tested batch),https://cdscoonline.gov.in/CDSCO/viewPublicNSQDrug,2026-09-27T07:49:52Z,REAL
CLOPIDOGREL-4607B51C,MFR-ZEE-LABORATORIES-BEHIND-9F137C,CDSCO NSQ 2025-09 batch Z24-338 (NSQ-4C17F8950328),,CDSCO NSQ public table (manufacturer of a tested batch),https://cdscoonline.gov.in/CDSCO/viewPublicNSQDrug,2026-09-27T07:50:04Z,REAL
CLOTRIMAZOLE-76D56868,MFR-PUSHKAR-PHARMA-B17B6F,CDSCO NSQ 2025-06 batch CLT-214A (NSQ-00F39330F5B9),,CDSCO NSQ public table (manufacturer of a tested batch),https://cdscoonline.gov.in/CDSCO/viewPublicNSQDrug,2026-09-27T07:49:55Z,REAL
CLOTRIMAZOLE-BE3E71B1,MFR-BCL-PHARAMA-2DECCE,CDSCO NSQ 2025-11 batch 614 (NSQ-6C640A80B491),,CDSCO NSQ public table (manufacturer of a tested batch),https://cdscoonline.gov.in/CDSCO/viewPublicNSQDrug,2026-09-27T07:50:11Z,REAL
CLOXACILLIN-D282FF1C,MFR-JACKSON-LABORATORIES-84EC23,CDSCO NSQ 2026-03 batch C-3140 (NSQ-7B686B6C5E71),,CDSCO NSQ public table (manufacturer of a tested batch),https://cdscoonline.gov.in/CDSCO/viewPublicNSQDrug,2026-09-27T07:50:24Z,REAL
CYCLOPHOSPHAMIDE-8293511A,MFR-ZYDUS-LIFE-SCIENCES-B73CEC,CDSCO NSQ 2026-08 batch CWC1006 (NSQ-56A5F66B047F),,CDSCO NSQ public table (manufacturer of a tested batch),https://cdscoonline.gov.in/CDSCO/viewPublicNSQDrug,2026-09-27T07:50:40Z,REAL
DEXAMETHASONE-419DA0D1,MFR-CADILA-PHARMACEUTICALS-I-10253B,CDSCO NSQ 2026-07 batch KJKBH25134 (NSQ-17682A72D2A4),,CDSCO NSQ public table (manufacturer of a tested batch),https://cdscoonline.gov.in/CDSCO/viewPublicNSQDrug,2026-09-27T07:50:37Z,REAL
DEXAMETHASONE-419DA0D1,MFR-PENTA-PHARMACEUTICALS-6DD1C5,CDSCO NSQ 2025-06 batch PP/190 (NSQ-581C5CB1008D),,CDSCO NSQ public table (manufacturer of a tested batch),https://cdscoonline.gov.in/CDSCO/viewPublicNSQDrug,2026-09-27T07:49:55Z,REAL
DEXAMETHASONE-419DA0D1,MFR-SAINTLIFE-PHARMACEUTICAL-4CE857,CDSCO NSQ 2025-10 batch TA24665 (NSQ-A7FA154F7EB8),,CDSCO NSQ public table (manufacturer of a tested batch),https://cdscoonline.gov.in/CDSCO/viewPublicNSQDrug,2026-09-27T07:50:08Z,REAL
DEXAMETHASONE-4D07D567,MFR-UNITED-BIOCEUTICALS-CA8EFB,CDSCO NSQ 2025-07 batch T242704 (NSQ-982F54520A2C),,CDSCO NSQ public table (manufacturer of a tested batch),https://cdscoonline.gov.in/CDSCO/viewPublicNSQDrug,2026-09-27T07:49:58Z,REAL
DEXAMETHASONE-67DBF819,MFR-AGRON-REMEDIES-67D913,CDSCO NSQ 2026-05 batch AGDX23 (NSQ-F9D54A85EC69),,CDSCO NSQ public table (manufacturer of a tested batch),https://cdscoonline.gov.in/CDSCO/viewPublicNSQDrug,2026-09-27T07:50:31Z,REAL
DEXAMETHASONE-67DBF819,MFR-COTEC-HEALTHCARE-47A31E,CDSCO NSQ 2026-08 batch CHI-60027 (NSQ-B9C60E6FAA87),,CDSCO NSQ public table (manufacturer of a tested batch),https://cdscoonline.gov.in/CDSCO/viewPublicNSQDrug,2026-09-27T07:50:40Z,REAL
DEXAMETHASONE-67DBF819,MFR-HINDUSTAN-MEDICINES-BARA-18D477,CDSCO NSQ 2025-08 batch 155 (NSQ-EF1622E21043),,CDSCO NSQ public table (manufacturer of a tested batch),https://cdscoonline.gov.in/CDSCO/viewPublicNSQDrug,2026-09-27T07:50:01Z,REAL
DEXAMETHASONE-67DBF819,MFR-LABORATE-PHARMACEUTICALS-5540C6,CDSCO NSQ 2026-08 batch CDDUI-008 (NSQ-E3B08FC13EC5),,CDSCO NSQ public table (manufacturer of a tested batch),https://cdscoonline.gov.in/CDSCO/viewPublicNSQDrug,2026-09-27T07:50:40Z,REAL
DEXAMETHASONE-7763D836,MFR-OSCAR-REMEDIES-777DD7,CDSCO NSQ 2026-05 batch V250909 (NSQ-B19FEE5C2BE0),,CDSCO NSQ public table (manufacturer of a tested batch),https://cdscoonline.gov.in/CDSCO/viewPublicNSQDrug,2026-09-27T07:50:31Z,REAL
DEXAMETHASONE-8361F6E7,MFR-NEW-LAB-INDUSTRY-F9CE3C,CDSCO NSQ 2025-01 batch DX-18 (NSQ-9F9677E2CEC6),,CDSCO NSQ public table (manufacturer of a tested batch),https://cdscoonline.gov.in/CDSCO/viewPublicNSQDrug,2026-09-27T07:49:39Z,REAL
DIAZEPAM-F69C73E4,MFR-SYSTOCHEM-LABORATORIES-32C920,CDSCO NSQ 2026-04 batch DA-2412 (NSQ-687B594D9A03),,CDSCO NSQ public table (manufacturer of a tested batch),https://cdscoonline.gov.in/CDSCO/viewPublicNSQDrug,2026-09-27T07:50:27Z,REAL
DIAZEPAM-F69C73E4,MFR-SYSTOCHEM-LABORATORIES-B-1B9F74,CDSCO NSQ 2025-11 batch DA-2411 (NSQ-A28F4D6B1639),,CDSCO NSQ public table (manufacturer of a tested batch),https://cdscoonline.gov.in/CDSCO/viewPublicNSQDrug,2026-09-27T07:50:11Z,REAL
DICLOFENAC-12DD1F92,MFR-ABAN-PHARMACEUTICALS-8C7F58,CDSCO NSQ 2026-08 batch 25010040 (NSQ-F67053F0AC4B),,CDSCO NSQ public table (manufacturer of a tested batch),https://cdscoonline.gov.in/CDSCO/viewPublicNSQDrug,2026-09-27T07:50:40Z,REAL
DICLOFENAC-12DD1F92,MFR-ACME-GENERICS-51A10B,CDSCO NSQ 2025-10 batch G25RDA016 (NSQ-B10549705034),,CDSCO NSQ public table (manufacturer of a tested batch),https://cdscoonline.gov.in/CDSCO/viewPublicNSQDrug,2026-09-27T07:50:08Z,REAL
DICLOFENAC-12DD1F92,MFR-APEX-LABORATORIES-57DE73,CDSCO NSQ 2025-12 batch AST-24002 (NSQ-486C65B1732F),,CDSCO NSQ public table (manufacturer of a tested batch),https://cdscoonline.gov.in/CDSCO/viewPublicNSQDrug,2026-09-27T07:50:14Z,REAL
DICLOFENAC-12DD1F92,MFR-BAJAJ-FORMULATIONS-6F6D0C,CDSCO NSQ 2026-08 batch T25K035B (NSQ-86F17FC83C63),,CDSCO NSQ public table (manufacturer of a tested batch),https://cdscoonline.gov.in/CDSCO/viewPublicNSQDrug,2026-09-27T07:50:40Z,REAL
DICLOFENAC-12DD1F92,MFR-BAL-PHARMA-6C8C6C,CDSCO NSQ 2026-07 batch 250264A (NSQ-D56E3F106CC2),,CDSCO NSQ public table (manufacturer of a tested batch),https://cdscoonline.gov.in/CDSCO/viewPublicNSQDrug,2026-09-27T07:50:37Z,REAL
DICLOFENAC-12DD1F92,MFR-BOCHEM-HEALTHCARE-639243,CDSCO NSQ 2025-11 batch B250895 (NSQ-EA8B9ECDF361),,CDSCO NSQ public table (manufacturer of a tested batch),https://cdscoonline.gov.in/CDSCO/viewPublicNSQDrug,2026-09-27T07:50:11Z,REAL
DICLOFENAC-12DD1F92,MFR-CANDOR-BIOTECH-AF24E5,CDSCO NSQ 2025-05 batch CDTP-265 (NSQ-CEF15FC39332),,CDSCO NSQ public table (manufacturer of a tested batch),https://cdscoonline.gov.in/CDSCO/viewPublicNSQDrug,2026-09-27T07:49:52Z,REAL
DICLOFENAC-12DD1F92,MFR-CRIS-PHARMA-32B937,CDSCO NSQ 2026-07 batch KFCR6023 (NSQ-F772BCB3AD2F),,CDSCO NSQ public table (manufacturer of a tested batch),https://cdscoonline.gov.in/CDSCO/viewPublicNSQDrug,2026-09-27T07:50:37Z,REAL
DICLOFENAC-12DD1F92,MFR-GESON-PHARMA-INDUSTRIAL-48BC39,CDSCO NSQ 2026-07 batch T-25056 (NSQ-AED49DF3F322),,CDSCO NSQ public table (manufacturer of a tested batch),https://cdscoonline.gov.in/CDSCO/viewPublicNSQDrug,2026-09-27T07:50:37Z,REAL
DICLOFENAC-12DD1F92,MFR-HINDUSTAN-LABORATORIES-523601,CDSCO NSQ 2025-04 batch THB24028AL (NSQ-CC565797DE86),,CDSCO NSQ public table (manufacturer of a tested batch),https://cdscoonline.gov.in/CDSCO/viewPublicNSQDrug,2026-09-27T07:49:48Z,REAL
DICLOFENAC-12DD1F92,MFR-KERALA-STATE-DRUGS-AND-P-60C6B1,CDSCO NSQ 2026-03 batch DG5028 (NSQ-902E1AC53FB2),,CDSCO NSQ public table (manufacturer of a tested batch),https://cdscoonline.gov.in/CDSCO/viewPublicNSQDrug,2026-09-27T07:50:24Z,REAL
DICLOFENAC-12DD1F92,MFR-KERALA-STATE-DRUGS-PHARM-A32A53,CDSCO NSQ 2026-06 batch DG5034 (NSQ-6D8DDE0D74FF),,CDSCO NSQ public table (manufacturer of a tested batch),https://cdscoonline.gov.in/CDSCO/viewPublicNSQDrug,2026-09-27T07:50:34Z,REAL
DICLOFENAC-12DD1F92,MFR-KRAS-PHARMACEUTICALS-150C9B,CDSCO NSQ 2025-12 batch 25T19052 (NSQ-81AD1EC4BE6C),,CDSCO NSQ public table (manufacturer of a tested batch),https://cdscoonline.gov.in/CDSCO/viewPublicNSQDrug,2026-09-27T07:50:14Z,REAL
DICLOFENAC-12DD1F92,MFR-LEOSTAR-HEALTHCARE-SY-NO-67B87C,CDSCO NSQ 2025-02 batch DT23- 38 (NSQ-2DB028A148EB),,CDSCO NSQ public table (manufacturer of a tested batch),https://cdscoonline.gov.in/CDSCO/viewPublicNSQDrug,2026-09-27T07:49:42Z,REAL
DICLOFENAC-12DD1F92,MFR-PENTACHEM-PHARMACEUTICAL-678A75,CDSCO NSQ 2025-12 batch PCGT-25013 (NSQ-698B2363D4A3),,CDSCO NSQ public table (manufacturer of a tested batch),https://cdscoonline.gov.in/CDSCO/viewPublicNSQDrug,2026-09-27T07:50:14Z,REAL
DICLOFENAC-12DD1F92,MFR-SHARUN-PHARMACEUTICALS-B4E5A3,CDSCO NSQ 2026-07 batch SP250935 (NSQ-8CC053033779),,CDSCO NSQ public table (manufacturer of a tested batch),https://cdscoonline.gov.in/CDSCO/viewPublicNSQDrug,2026-09-27T07:50:37Z,REAL
DICLOFENAC-12DD1F92,MFR-SMBJ-PHARMACEUTICALS-17A7C3,CDSCO NSQ 2026-01 batch SMT-3395 (NSQ-EBAAE7A6A6D9),,CDSCO NSQ public table (manufacturer of a tested batch),https://cdscoonline.gov.in/CDSCO/viewPublicNSQDrug,2026-09-27T07:50:17Z,REAL
DICLOFENAC-12DD1F92,MFR-SYSTOLE-REMEDIES-12A174,CDSCO NSQ 2025-05 batch SRTF240703B (NSQ-1E2B3EED5C56),,CDSCO NSQ public table (manufacturer of a tested batch),https://cdscoonline.gov.in/CDSCO/viewPublicNSQDrug,2026-09-27T07:49:52Z,REAL
DICLOFENAC-3A4FDB4D,MFR-TERRACE-PHARMACEUTICALS-60DC90,CDSCO NSQ 2026-08 batch 25438 (NSQ-4DE3AA076074),,CDSCO NSQ public table (manufacturer of a tested batch),https://cdscoonline.gov.in/CDSCO/viewPublicNSQDrug,2026-09-27T07:50:40Z,REAL
DICLOFENAC-C7A3A0FC,MFR-AFFY-PARENTERALS-6A6836,CDSCO NSQ 2026-05 batch PGY25252 (NSQ-B090A4344050),,CDSCO NSQ public table (manufacturer of a tested batch),https://cdscoonline.gov.in/CDSCO/viewPublicNSQDrug,2026-09-27T07:50:31Z,REAL
DICLOFENAC-C7A3A0FC,MFR-ALCHEMIST-REMEDIES-15E60C,CDSCO NSQ 2025-01 batch A-1694 (NSQ-59CF7D2F65D0),,CDSCO NSQ public table (manufacturer of a tested batch),https://cdscoonline.gov.in/CDSCO/viewPublicNSQDrug,2026-09-27T07:49:39Z,REAL
DICLOFENAC-C7A3A0FC,MFR-LABORATE-PHARMACEUTICALS-5540C6,CDSCO NSQ 2026-07 batch ZYCD15018 (NSQ-4B2239EE1B49),,CDSCO NSQ public table (manufacturer of a tested batch),https://cdscoonline.gov.in/CDSCO/viewPublicNSQDrug,2026-09-27T07:50:37Z,REAL
DICLOFENAC-C7A3A0FC,MFR-NEON-LABORATORIES-AT-37E36F,CDSCO NSQ 2026-01 batch 2507017 (NSQ-B91A0B1F096A),,CDSCO NSQ public table (manufacturer of a tested batch),https://cdscoonline.gov.in/CDSCO/viewPublicNSQDrug,2026-09-27T07:50:17Z,REAL
DICLOFENAC-C7A3A0FC,MFR-PAKSONS-PHARMACEUTICALS-11D4E2,CDSCO NSQ 2025-06 batch P25L265 (NSQ-CE11418EB097),,CDSCO NSQ public table (manufacturer of a tested batch),https://cdscoonline.gov.in/CDSCO/viewPublicNSQDrug,2026-09-27T07:49:55Z,REAL
DICLOFENAC-C7A3A0FC,MFR-SRINIJA-PARENTERALS-DE2ED9,CDSCO NSQ 2025-01 batch SNDA23801 (NSQ-E632C6A83624),,CDSCO NSQ public table (manufacturer of a tested batch),https://cdscoonline.gov.in/CDSCO/viewPublicNSQDrug,2026-09-27T07:49:39Z,REAL
DICLOFENAC-C7A3A0FC,MFR-VENUS-BIO-SCIENCES-15FCA1,CDSCO NSQ 2026-03 batch VB/LEF0789 (NSQ-B221945A7E2E),,CDSCO NSQ public table (manufacturer of a tested batch),https://cdscoonline.gov.in/CDSCO/viewPublicNSQDrug,2026-09-27T07:50:24Z,REAL
DICYCLOMINE-E3C2DE66,MFR-EUROKEM-LABORATORIES-C-2-CA41D6,CDSCO NSQ 2025-11 batch DC24002 (NSQ-71DF3E665964),,CDSCO NSQ public table (manufacturer of a tested batch),https://cdscoonline.gov.in/CDSCO/viewPublicNSQDrug,2026-09-27T07:50:11Z,REAL
DICYCLOMINE-E3C2DE66,MFR-HINDUSTAN-LABORATORIES-523601,CDSCO NSQ 2025-06 batch THY24010AL (NSQ-103357D3A13E),,CDSCO NSQ public table (manufacturer of a tested batch),https://cdscoonline.gov.in/CDSCO/viewPublicNSQDrug,2026-09-27T07:49:55Z,REAL
DICYCLOMINE-E3C2DE66,MFR-OM-BIOMEDIC-E6058E,CDSCO NSQ 2025-05 batch TK24-08 (NSQ-331E15DD7F40),,CDSCO NSQ public table (manufacturer of a tested batch),https://cdscoonline.gov.in/CDSCO/viewPublicNSQDrug,2026-09-27T07:49:52Z,REAL
DICYCLOMINE-E3C2DE66,MFR-QUEST-LABORATORIES-DD0D4F,CDSCO NSQ 2025-09 batch QT0210 (NSQ-B5C8BD66AAA8),,CDSCO NSQ public table (manufacturer of a tested batch),https://cdscoonline.gov.in/CDSCO/viewPublicNSQDrug,2026-09-27T07:50:04Z,REAL
DIETHYLCARBAMAZINE-DEC-9485F4CF,MFR-BIOCHEM-HEALTHCARE-48591B,CDSCO NSQ 2025-09 batch B221194 (NSQ-29C1BD164D53),,CDSCO NSQ public table (manufacturer of a tested batch),https://cdscoonline.gov.in/CDSCO/viewPublicNSQDrug,2026-09-27T07:50:04Z,REAL
DOBUTAMINE-94560DE3,MFR-NANDANI-MEDICAL-LABORATO-595B8E,CDSCO NSQ 2025-05 batch DBA12404 (NSQ-7D9B5CEBE3DF),,CDSCO NSQ public table (manufacturer of a tested batch),https://cdscoonline.gov.in/CDSCO/viewPublicNSQDrug,2026-09-27T07:49:52Z,REAL
DOCETAXEL-9F0B0B36,MFR-BETA-DRUGS-KHARUNI-LODHI-99A200,CDSCO NSQ 2025-10 batch (a)BDTI2401ZA (b) BSLI2402Z (NSQ-42C8BCA4744A),,CDSCO NSQ public table (manufacturer of a tested batch),https://cdscoonline.gov.in/CDSCO/viewPublicNSQDrug,2026-09-27T07:50:08Z,REAL
DOMPERIDONE-936BB8E8,MFR-ORNATE-LABS-BC6A1C,CDSCO NSQ 2025-03 batch DPS3-24- 225 (NSQ-B68E43819AF3),,CDSCO NSQ public table (manufacturer of a tested batch),https://cdscoonline.gov.in/CDSCO/viewPublicNSQDrug,2026-09-27T07:49:45Z,REAL
DOMPERIDONE-BEE7309B,MFR-ABOD-PHARMACEUTICALS-A4908B,CDSCO NSQ 2025-06 batch APT-23918 (NSQ-763BDE87CE3E),,CDSCO NSQ public table (manufacturer of a tested batch),https://cdscoonline.gov.in/CDSCO/viewPublicNSQDrug,2026-09-27T07:49:55Z,REAL
DOMPERIDONE-BEE7309B,MFR-ANCHOR-PHARMA-92EAE1,CDSCO NSQ 2026-07 batch AN-06-25 (NSQ-132EAC77A973),,CDSCO NSQ public table (manufacturer of a tested batch),https://cdscoonline.gov.in/CDSCO/viewPublicNSQDrug,2026-09-27T07:50:37Z,REAL
DOMPERIDONE-BEE7309B,MFR-BIOCENNA-HEALTHCARE-KH-N-BE86E7,CDSCO NSQ 2025-10 batch BCT-24-1906 (NSQ-624D6B6CFC8B),,CDSCO NSQ public table (manufacturer of a tested batch),https://cdscoonline.gov.in/CDSCO/viewPublicNSQDrug,2026-09-27T07:50:08Z,REAL
DOMPERIDONE-BEE7309B,MFR-DUTCH-FORMULATIONS-DB1853,CDSCO NSQ 2025-10 batch DL-57 (NSQ-C9422B1F92E4),,CDSCO NSQ public table (manufacturer of a tested batch),https://cdscoonline.gov.in/CDSCO/viewPublicNSQDrug,2026-09-27T07:50:08Z,REAL
DOMPERIDONE-BEE7309B,MFR-GNOSIS-PHARMACEUTICALS-N-A62AC3,CDSCO NSQ 2026-04 batch GT501287a (NSQ-B3013318D849),,CDSCO NSQ public table (manufacturer of a tested batch),https://cdscoonline.gov.in/CDSCO/viewPublicNSQDrug,2026-09-27T07:50:27Z,REAL
DOMPERIDONE-BEE7309B,MFR-INDUCARE-PHARMACEUTICAL-B6C64D,CDSCO NSQ 2026-08 batch IT14501 (NSQ-36591C214867),,CDSCO NSQ public table (manufacturer of a tested batch),https://cdscoonline.gov.in/CDSCO/viewPublicNSQDrug,2026-09-27T07:50:40Z,REAL
DOMPERIDONE-BEE7309B,MFR-MEDIROSE-DRUGS-AND-PHARM-87F248,CDSCO NSQ 2026-07 batch T-241215 (NSQ-B723D416471B),,CDSCO NSQ public table (manufacturer of a tested batch),https://cdscoonline.gov.in/CDSCO/viewPublicNSQDrug,2026-09-27T07:50:37Z,REAL
DOMPERIDONE-BEE7309B,MFR-MODI-ANTIBIOTICS-9F45FD,CDSCO NSQ 2025-08 batch 240909 (NSQ-7DF631C06107),,CDSCO NSQ public table (manufacturer of a tested batch),https://cdscoonline.gov.in/CDSCO/viewPublicNSQDrug,2026-09-27T07:50:01Z,REAL
DOMPERIDONE-BEE7309B,MFR-SHERVOTEC-PHARMACEUTICAL-09AB71,CDSCO NSQ 2026-08 batch SPT-41856 (NSQ-382A4B123D3F),,CDSCO NSQ public table (manufacturer of a tested batch),https://cdscoonline.gov.in/CDSCO/viewPublicNSQDrug,2026-09-27T07:50:40Z,REAL
DOMPERIDONE-BEE7309B,MFR-VERAX-LIFE-SCIENCES-024649,CDSCO NSQ 2025-06 batch FCPT-2401 (NSQ-99A33E5749EE),,CDSCO NSQ public table (manufacturer of a tested batch),https://cdscoonline.gov.in/CDSCO/viewPublicNSQDrug,2026-09-27T07:49:55Z,REAL
DOMPERIDONE-BEE7309B,MFR-VPAM-HEALTHCARE-F362CF,CDSCO NSQ 2026-05 batch BCV4001DZ (NSQ-B4B975DBCD1A),,CDSCO NSQ public table (manufacturer of a tested batch),https://cdscoonline.gov.in/CDSCO/viewPublicNSQDrug,2026-09-27T07:50:31Z,REAL
DOXYCYCLINE-565014F8,MFR-BOCHEM-HEALTHCARE-639243,CDSCO NSQ 2025-04 batch B240705 (NSQ-E15CE116EE66),,CDSCO NSQ public table (manufacturer of a tested batch),https://cdscoonline.gov.in/CDSCO/viewPublicNSQDrug,2026-09-27T07:49:48Z,REAL
DOXYCYCLINE-565014F8,MFR-VIVEK-PHARMACHEM-D8CBC7,CDSCO NSQ 2025-10 batch DXC24014 (NSQ-732A952EC16C),,CDSCO NSQ public table (manufacturer of a tested batch),https://cdscoonline.gov.in/CDSCO/viewPublicNSQDrug,2026-09-27T07:50:08Z,REAL
DOXYCYCLINE-565014F8,MFR-ZENITH-DRUGS-5D0A6D,CDSCO NSQ 2025-11 batch C50174 (NSQ-FFDF73E3F077),,CDSCO NSQ public table (manufacturer of a tested batch),https://cdscoonline.gov.in/CDSCO/viewPublicNSQDrug,2026-09-27T07:50:11Z,REAL
DOXYCYCLINE-565014F8,MFR-ZEST-PHARMA-C45F94,CDSCO NSQ 2025-11 batch C5009 (NSQ-946A8799AABA),,CDSCO NSQ public table (manufacturer of a tested batch),https://cdscoonline.gov.in/CDSCO/viewPublicNSQDrug,2026-09-27T07:50:11Z,REAL
DOXYCYCLINE-DA24A1C1,MFR-KERALA-STATE-DRUGS-AND-P-60C6B1,CDSCO NSQ 2026-02 batch DX 5042 (NSQ-85D9CCD7E92F),,CDSCO NSQ public table (manufacturer of a tested batch),https://cdscoonline.gov.in/CDSCO/viewPublicNSQDrug,2026-09-27T07:50:21Z,REAL
DOXYCYCLINE-DA24A1C1,MFR-TITANES-PHARMA-8C4103,CDSCO NSQ 2026-01 batch T4514 (NSQ-D173D62DCE2F),,CDSCO NSQ public table (manufacturer of a tested batch),https://cdscoonline.gov.in/CDSCO/viewPublicNSQDrug,2026-09-27T07:50:17Z,REAL
ENALAPRIL-48A40641,MFR-VIDHYASHA-PHARMACEUTICAL-0530ED,CDSCO NSQ 2026-08 batch VDT-250294 (NSQ-B43A151C2186),,CDSCO NSQ public table (manufacturer of a tested batch),https://cdscoonline.gov.in/CDSCO/viewPublicNSQDrug,2026-09-27T07:50:40Z,REAL
ENALAPRIL-AD2781E9,MFR-KALPRAJ-TECHNO-FAB-F78161,CDSCO NSQ 2026-02 batch ENC01L5A (NSQ-947785096B1D),,CDSCO NSQ public table (manufacturer of a tested batch),https://cdscoonline.gov.in/CDSCO/viewPublicNSQDrug,2026-09-27T07:50:21Z,REAL
ENOXAPARIN-33294239,MFR-BDR-PHARMACEUTICALS-INTE-F8A3E5,CDSCO NSQ 2026-08 batch DESDD0526 (NSQ-72AB1BE94846),,CDSCO NSQ public table (manufacturer of a tested batch),https://cdscoonline.gov.in/CDSCO/viewPublicNSQDrug,2026-09-27T07:50:40Z,REAL
ETOPOSIDE-1298B0D7,MFR-GLS-PHARMA-EB209A,CDSCO NSQ 2026-03 batch BJ1025006A (NSQ-4A3381A8C653),,CDSCO NSQ public table (manufacturer of a tested batch),https://cdscoonline.gov.in/CDSCO/viewPublicNSQDrug,2026-09-27T07:50:24Z,REAL
FENTANYL-E3DD5753,MFR-MAAN-PHARMACEUTICALS-51F386,CDSCO NSQ 2026-03 batch FN25003 (NSQ-204086971DE7),,CDSCO NSQ public table (manufacturer of a tested batch),https://cdscoonline.gov.in/CDSCO/viewPublicNSQDrug,2026-09-27T07:50:24Z,REAL
FLUCONAZOLE-1DD5ED00,MFR-PRATIMA-PHARMACEUTICALS-8C8D02,CDSCO NSQ 2025-05 batch PPTS-2801 (NSQ-B6A5B1C9E79B),,CDSCO NSQ public table (manufacturer of a tested batch),https://cdscoonline.gov.in/CDSCO/viewPublicNSQDrug,2026-09-27T07:49:52Z,REAL
FLUCONAZOLE-1DD5ED00,MFR-SPEN-FORMULATIONS-300E33,CDSCO NSQ 2025-04 batch TSF-C0116 (NSQ-7384AE8CA829),,CDSCO NSQ public table (manufacturer of a tested batch),https://cdscoonline.gov.in/CDSCO/viewPublicNSQDrug,2026-09-27T07:49:48Z,REAL
FLUNARIZINE-7939B008,MFR-PURE-CURE-HEALTHCARE-B55571,CDSCO NSQ 2026-01 batch AUJ01AQA (NSQ-E40D819C5969),,CDSCO NSQ public table (manufacturer of a tested batch),https://cdscoonline.gov.in/CDSCO/viewPublicNSQDrug,2026-09-27T07:50:17Z,REAL
FLUOXETINE-50169ABF,MFR-FOR-MAXFORD-HEALTHCARE-B-3AC8B5,CDSCO NSQ 2025-06 batch SC-24286 (NSQ-9477D15167D5),,CDSCO NSQ public table (manufacturer of a tested batch),https://cdscoonline.gov.in/CDSCO/viewPublicNSQDrug,2026-09-27T07:49:55Z,REAL
FLUOXETINE-86DDBC03,MFR-DD-PHARMACEUTICALS-G-1-5-AF341C,CDSCO NSQ 2025-07 batch OM-11068 (NSQ-97B15F124ED8),,CDSCO NSQ public table (manufacturer of a tested batch),https://cdscoonline.gov.in/CDSCO/viewPublicNSQDrug,2026-09-27T07:49:58Z,REAL
FOLIC-ACID-951BCEDA,MFR-ACME-LIFE-TECH-E68C07,CDSCO NSQ 2026-07 batch F0L1T5010 (NSQ-DBC1B42D0D11),,CDSCO NSQ public table (manufacturer of a tested batch),https://cdscoonline.gov.in/CDSCO/viewPublicNSQDrug,2026-09-27T07:50:37Z,REAL
FOLIC-ACID-951BCEDA,MFR-BOCHEM-HEALTHCARE-639243,CDSCO NSQ 2026-06 batch B250205 (NSQ-644C9EE2A984),,CDSCO NSQ public table (manufacturer of a tested batch),https://cdscoonline.gov.in/CDSCO/viewPublicNSQDrug,2026-09-27T07:50:34Z,REAL
FOLIC-ACID-951BCEDA,MFR-CHALICE-VITALCHEM-9D046C,CDSCO NSQ 2025-11 batch CH24223 (NSQ-76058C341FA0),,CDSCO NSQ public table (manufacturer of a tested batch),https://cdscoonline.gov.in/CDSCO/viewPublicNSQDrug,2026-09-27T07:50:11Z,REAL
FOLIC-ACID-951BCEDA,MFR-CIPCO-PHARMACEUTICALS-D34D16,CDSCO NSQ 2026-01 batch IFS250104 (NSQ-C3DF1CB704A0),,CDSCO NSQ public table (manufacturer of a tested batch),https://cdscoonline.gov.in/CDSCO/viewPublicNSQDrug,2026-09-27T07:50:17Z,REAL
FOLIC-ACID-951BCEDA,MFR-CYANO-PHARMA-2A63ED,CDSCO NSQ 2026-01 batch CFB-X25 (NSQ-E762522CEF74),,CDSCO NSQ public table (manufacturer of a tested batch),https://cdscoonline.gov.in/CDSCO/viewPublicNSQDrug,2026-09-27T07:50:17Z,REAL
FOLIC-ACID-951BCEDA,MFR-DAFFOHILS-LABORATOIES-E86F05,CDSCO NSQ 2026-08 batch T-250352 (NSQ-9E791FA05E19),,CDSCO NSQ public table (manufacturer of a tested batch),https://cdscoonline.gov.in/CDSCO/viewPublicNSQDrug,2026-09-27T07:50:40Z,REAL
FOLIC-ACID-951BCEDA,MFR-DANISH-HEALTH-CARE-767C18,CDSCO NSQ 2026-08 batch FTV25002 (NSQ-484AC92657CE),,CDSCO NSQ public table (manufacturer of a tested batch),https://cdscoonline.gov.in/CDSCO/viewPublicNSQDrug,2026-09-27T07:50:40Z,REAL
FOLIC-ACID-951BCEDA,MFR-DANISH-HEALTHCARE-738AED,CDSCO NSQ 2025-02 batch FTV240 04 (NSQ-31F15DDD563A),,CDSCO NSQ public table (manufacturer of a tested batch),https://cdscoonline.gov.in/CDSCO/viewPublicNSQDrug,2026-09-27T07:49:42Z,REAL
FOLIC-ACID-951BCEDA,MFR-DANISH-HEALTHCARE-P-7C1C3A,CDSCO NSQ 2025-11 batch FTV25002 (NSQ-AA95511C68AF),,CDSCO NSQ public table (manufacturer of a tested batch),https://cdscoonline.gov.in/CDSCO/viewPublicNSQDrug,2026-09-27T07:50:11Z,REAL
FOLIC-ACID-951BCEDA,MFR-EAST-AFRICAN-3A0E4C,CDSCO NSQ 2025-05 batch AT-052410 (NSQ-ABA83D93331C),,CDSCO NSQ public table (manufacturer of a tested batch),https://cdscoonline.gov.in/CDSCO/viewPublicNSQDrug,2026-09-27T07:49:52Z,REAL
FOLIC-ACID-951BCEDA,MFR-HEALER-S-LAB-E4DEE4,CDSCO NSQ 2026-07 batch FAM-628 (NSQ-4189FC91D084),,CDSCO NSQ public table (manufacturer of a tested batch),https://cdscoonline.gov.in/CDSCO/viewPublicNSQDrug,2026-09-27T07:50:37Z,REAL
FOLIC-ACID-951BCEDA,MFR-HINDUSTAN-LABORATORIES-523601,CDSCO NSQ 2025-10 batch TFN25012AL (NSQ-8C47787D0F70),,CDSCO NSQ public table (manufacturer of a tested batch),https://cdscoonline.gov.in/CDSCO/viewPublicNSQDrug,2026-09-27T07:50:08Z,REAL
FOLIC-ACID-951BCEDA,MFR-KERALA-STATE-DRUGS-AND-P-60C6B1,CDSCO NSQ 2026-03 batch F65092 (NSQ-2F64B35B91BE),,CDSCO NSQ public table (manufacturer of a tested batch),https://cdscoonline.gov.in/CDSCO/viewPublicNSQDrug,2026-09-27T07:50:24Z,REAL
FOLIC-ACID-951BCEDA,MFR-LIFE-VISION-HEALTHCARE-72F223,CDSCO NSQ 2026-07 batch LTA-45315A (NSQ-E7FF89F6F562),,CDSCO NSQ public table (manufacturer of a tested batch),https://cdscoonline.gov.in/CDSCO/viewPublicNSQDrug,2026-09-27T07:50:37Z,REAL
FOLIC-ACID-951BCEDA,MFR-MAYFORD-PHARMA-D3F51E,CDSCO NSQ 2025-11 batch MMT-11855 (NSQ-5AE5C03507B6),,CDSCO NSQ public table (manufacturer of a tested batch),https://cdscoonline.gov.in/CDSCO/viewPublicNSQDrug,2026-09-27T07:50:11Z,REAL
FOLIC-ACID-951BCEDA,MFR-MFG-BY-ADROIT-PHARMACEUT-784A70,CDSCO NSQ 2025-03 batch TS7552 (NSQ-39E8DD87DB79),,CDSCO NSQ public table (manufacturer of a tested batch),https://cdscoonline.gov.in/CDSCO/viewPublicNSQDrug,2026-09-27T07:49:45Z,REAL
FOLIC-ACID-951BCEDA,MFR-MODERN-LABORATORIES-8666F1,CDSCO NSQ 2026-01 batch FFT3502 (NSQ-011455686F90),,CDSCO NSQ public table (manufacturer of a tested batch),https://cdscoonline.gov.in/CDSCO/viewPublicNSQDrug,2026-09-27T07:50:17Z,REAL
FOLIC-ACID-951BCEDA,MFR-NESTOR-PHARMACEUTICALS-146D4B,CDSCO NSQ 2025-11 batch IQTB-39 (NSQ-AA9DBEB23120),,CDSCO NSQ public table (manufacturer of a tested batch),https://cdscoonline.gov.in/CDSCO/viewPublicNSQDrug,2026-09-27T07:50:11Z,REAL
FOLIC-ACID-951BCEDA,MFR-NUVISTA-PHARMACEUTICALS-873749,CDSCO NSQ 2026-04 batch NAC25006 (NSQ-2DF7C1842D2A),,CDSCO NSQ public table (manufacturer of a tested batch),https://cdscoonline.gov.in/CDSCO/viewPublicNSQDrug,2026-09-27T07:50:27Z,REAL
FOLIC-ACID-951BCEDA,MFR-QUEST-LABORATORIES-DD0D4F,CDSCO NSQ 2026-07 batch QT1572 (NSQ-7208BA433BE5),,CDSCO NSQ public table (manufacturer of a tested batch),https://cdscoonline.gov.in/CDSCO/viewPublicNSQDrug,2026-09-27T07:50:37Z,REAL
FOLIC-ACID-951BCEDA,MFR-SHERVOTEC-PHARMACEUTICAL-09AB71,CDSCO NSQ 2026-07 batch SPT-41378 (NSQ-513CABFFE550),,CDSCO NSQ public table (manufacturer of a tested batch),https://cdscoonline.gov.in/CDSCO/viewPublicNSQDrug,2026-09-27T07:50:37Z,REAL
FOLIC-ACID-951BCEDA,MFR-UNICURE-631AE3,CDSCO NSQ 2026-01 batch IFAT1245 (NSQ-400F6D8DC757),,CDSCO NSQ public table (manufacturer of a tested batch),https://cdscoonline.gov.in/CDSCO/viewPublicNSQDrug,2026-09-27T07:50:17Z,REAL
FOLIC-ACID-F5A53924,MFR-AMSTER-LABS-016322,CDSCO NSQ 2025-10 batch ALD5090E (NSQ-AE6F12DE19BB),,CDSCO NSQ public table (manufacturer of a tested batch),https://cdscoonline.gov.in/CDSCO/viewPublicNSQDrug,2026-09-27T07:50:08Z,REAL
FOLIC-ACID-F5A53924,MFR-BAJAJ-NUTRACEUTICALS-BEC957,CDSCO NSQ 2025-05 batch SD240762 (NSQ-0962DB9453E6),,CDSCO NSQ public table (manufacturer of a tested batch),https://cdscoonline.gov.in/CDSCO/viewPublicNSQDrug,2026-09-27T07:49:52Z,REAL
FOLIC-ACID-F5A53924,MFR-BIONEXY-PHARMA-2EFDC8,CDSCO NSQ 2026-01 batch BSG251184A (NSQ-AB19837D7086),,CDSCO NSQ public table (manufacturer of a tested batch),https://cdscoonline.gov.in/CDSCO/viewPublicNSQDrug,2026-09-27T07:50:17Z,REAL
FOLIC-ACID-F5A53924,MFR-CAPSOFT-HEALTHCARE-23CAB0,CDSCO NSQ 2026-03 batch CD-250808B (NSQ-4E44270A6A75),,CDSCO NSQ public table (manufacturer of a tested batch),https://cdscoonline.gov.in/CDSCO/viewPublicNSQDrug,2026-09-27T07:50:24Z,REAL
FOLIC-ACID-F5A53924,MFR-HEALTHWISE-PHARMA-E7F93B,CDSCO NSQ 2025-06 batch HPDJ24170 (NSQ-244A353554E0),,CDSCO NSQ public table (manufacturer of a tested batch),https://cdscoonline.gov.in/CDSCO/viewPublicNSQDrug,2026-09-27T07:49:55Z,REAL
FOLIC-ACID-F5A53924,MFR-MAYOFORD-PHARMA-808873,CDSCO NSQ 2026-02 batch MMC-2902 (NSQ-8100A5B8E303),,CDSCO NSQ public table (manufacturer of a tested batch),https://cdscoonline.gov.in/CDSCO/viewPublicNSQDrug,2026-09-27T07:50:21Z,REAL
FOLIC-ACID-F5A53924,MFR-SIGMA-SOFTGEL-FORMULATIO-8AF1FC,CDSCO NSQ 2025-08 batch D241600A (NSQ-1A02EEEC08DA),,CDSCO NSQ public table (manufacturer of a tested batch),https://cdscoonline.gov.in/CDSCO/viewPublicNSQDrug,2026-09-27T07:50:01Z,REAL
FOLIC-ACID-F5A53924,MFR-SYMBIOSIS-PHARMACEUTICAL-64BFAE,CDSCO NSQ 2025-02 batch SOD- 2470 (NSQ-5B5175CA804D),,CDSCO NSQ public table (manufacturer of a tested batch),https://cdscoonline.gov.in/CDSCO/viewPublicNSQDrug,2026-09-27T07:49:42Z,REAL
FOLIC-ACID-F5A53924,MFR-ULTRA-DRUGS-48D2E4,CDSCO NSQ 2026-08 batch US-25119D (NSQ-7833AA53FDE2),,CDSCO NSQ public table (manufacturer of a tested batch),https://cdscoonline.gov.in/CDSCO/viewPublicNSQDrug,2026-09-27T07:50:40Z,REAL
FOLIC-ACID-F5A53924,MFR-VRINDAVAN-GLOBAL-D360C5,CDSCO NSQ 2025-09 batch VGC240264B (NSQ-E5E503800082),,CDSCO NSQ public table (manufacturer of a tested batch),https://cdscoonline.gov.in/CDSCO/viewPublicNSQDrug,2026-09-27T07:50:04Z,REAL
GENTAMICIN-6B8E4015,MFR-LABORATE-PHARMACEUTICALS-5540C6,CDSCO NSQ 2025-03 batch OGNI-037 (NSQ-0AE8062C5B6C),,CDSCO NSQ public table (manufacturer of a tested batch),https://cdscoonline.gov.in/CDSCO/viewPublicNSQDrug,2026-09-27T07:49:45Z,REAL
GENTAMICIN-6B8E4015,MFR-NEW-LAB-INDUSTRY-F9CE3C,CDSCO NSQ 2025-01 batch GM-19 (NSQ-2AF640469C05),,CDSCO NSQ public table (manufacturer of a tested batch),https://cdscoonline.gov.in/CDSCO/viewPublicNSQDrug,2026-09-27T07:49:39Z,REAL
GENTAMICIN-BC45877A,MFR-HIMALAYA-MEDITEK-F81189,CDSCO NSQ 2025-01 batch HLI620F (NSQ-984A54AF079E),,CDSCO NSQ public table (manufacturer of a tested batch),https://cdscoonline.gov.in/CDSCO/viewPublicNSQDrug,2026-09-27T07:49:39Z,REAL
GENTAMICIN-BC45877A,MFR-REGAIN-LABORATORIES-2C8F96,CDSCO NSQ 2025-04 batch IGMG418 (NSQ-1A6C9D59D62F),,CDSCO NSQ public table (manufacturer of a tested batch),https://cdscoonline.gov.in/CDSCO/viewPublicNSQDrug,2026-09-27T07:49:48Z,REAL
GENTAMICIN-BC45877A,MFR-SVP-LIFE-SCIENCE-EED2C0,CDSCO NSQ 2025-01 batch 23BUH50 (NSQ-3F40E3F8B095),,CDSCO NSQ public table (manufacturer of a tested batch),https://cdscoonline.gov.in/CDSCO/viewPublicNSQDrug,2026-09-27T07:49:39Z,REAL
GENTAMICIN-BC45877A,MFR-SVP-LIFE-SCIENCES-D0DE12,CDSCO NSQ 2025-01 batch 24BUE74 (NSQ-E222710755F1),,CDSCO NSQ public table (manufacturer of a tested batch),https://cdscoonline.gov.in/CDSCO/viewPublicNSQDrug,2026-09-27T07:49:39Z,REAL
GENTAMICIN-BC45877A,MFR-YELURI-FORMULATIONS-9C3F7F,CDSCO NSQ 2025-04 batch YGN4102 (NSQ-E69C2A483BE9),,CDSCO NSQ public table (manufacturer of a tested batch),https://cdscoonline.gov.in/CDSCO/viewPublicNSQDrug,2026-09-27T07:49:48Z,REAL
GENTAMICIN-BC45877A,MFR-ZAZEN-PHARMA-D35FD8,CDSCO NSQ 2025-12 batch 683508 (NSQ-6250BC90A95B),,CDSCO NSQ public table (manufacturer of a tested batch),https://cdscoonline.gov.in/CDSCO/viewPublicNSQDrug,2026-09-27T07:50:14Z,REAL
GLIMEPIRIDE-246429AA,MFR-APPLE-FORMULATIONS-0E9868,CDSCO NSQ 2026-07 batch GTA-2501 (NSQ-48FD18B5B6C6),,CDSCO NSQ public table (manufacturer of a tested batch),https://cdscoonline.gov.in/CDSCO/viewPublicNSQDrug,2026-09-27T07:50:37Z,REAL
GLIMEPIRIDE-246429AA,MFR-DR-MILTONS-LABORATORIES-19C3C3,CDSCO NSQ 2026-03 batch M25799018 (NSQ-6CB53A516272),,CDSCO NSQ public table (manufacturer of a tested batch),https://cdscoonline.gov.in/CDSCO/viewPublicNSQDrug,2026-09-27T07:50:24Z,REAL
GLIMEPIRIDE-246429AA,MFR-DR-MILTONS-LABORATORIES-3C768D,CDSCO NSQ 2026-06 batch M25799030 (NSQ-0441B6A5C746),,CDSCO NSQ public table (manufacturer of a tested batch),https://cdscoonline.gov.in/CDSCO/viewPublicNSQDrug,2026-09-27T07:50:34Z,REAL
GLIMEPIRIDE-246429AA,MFR-FIRSTMED-THERAPEUTICS-E4317C,CDSCO NSQ 2025-04 batch FGYO-1626 (NSQ-A15FD11B385E),,CDSCO NSQ public table (manufacturer of a tested batch),https://cdscoonline.gov.in/CDSCO/viewPublicNSQDrug,2026-09-27T07:49:48Z,REAL
GLIMEPIRIDE-246429AA,MFR-KARNATAKA-ANTIBIOTICS-AN-5EC3F0,CDSCO NSQ 2025-09 batch 12800524 (NSQ-FF63C160D1AE),,CDSCO NSQ public table (manufacturer of a tested batch),https://cdscoonline.gov.in/CDSCO/viewPublicNSQDrug,2026-09-27T07:50:04Z,REAL
GLIMEPIRIDE-246429AA,MFR-KARNATAKA-ANTIBIOTICS-PH-119EE6,CDSCO NSQ 2025-02 batch GLI10823 (NSQ-0CA50001D80D),,CDSCO NSQ public table (manufacturer of a tested batch),https://cdscoonline.gov.in/CDSCO/viewPublicNSQDrug,2026-09-27T07:49:42Z,REAL
GLIMEPIRIDE-246429AA,MFR-KERALA-MEDICAL-SERVICES-4439E2,CDSCO NSQ 2025-01 batch D2505/24 -25 (NSQ-2F6F852ECD9F),,CDSCO NSQ public table (manufacturer of a tested batch),https://cdscoonline.gov.in/CDSCO/viewPublicNSQDrug,2026-09-27T07:49:39Z,REAL
GLIMEPIRIDE-246429AA,MFR-KERALA-STATE-DRUGS-AND-P-60C6B1,CDSCO NSQ 2025-03 batch GP4053 (NSQ-76062F53D070),,CDSCO NSQ public table (manufacturer of a tested batch),https://cdscoonline.gov.in/CDSCO/viewPublicNSQDrug,2026-09-27T07:49:45Z,REAL
GLIMEPIRIDE-246429AA,MFR-MEGASYS-BIOTEK-FE5E7D,CDSCO NSQ 2026-02 batch GF12503 (NSQ-C9630745C418),,CDSCO NSQ public table (manufacturer of a tested batch),https://cdscoonline.gov.in/CDSCO/viewPublicNSQDrug,2026-09-27T07:50:21Z,REAL
GLIMEPIRIDE-246429AA,MFR-PONDCHY-PHARMACEUTICALS-CF6FD8,CDSCO NSQ 2025-05 batch PGG24-012 (NSQ-1E5CD7972983),,CDSCO NSQ public table (manufacturer of a tested batch),https://cdscoonline.gov.in/CDSCO/viewPublicNSQDrug,2026-09-27T07:49:52Z,REAL
GLIMEPIRIDE-246429AA,MFR-SAINTLIFE-PHARMACEUTICAL-4CE857,CDSCO NSQ 2025-11 batch TA24826 (NSQ-42FDFC2262B7),,CDSCO NSQ public table (manufacturer of a tested batch),https://cdscoonline.gov.in/CDSCO/viewPublicNSQDrug,2026-09-27T07:50:11Z,REAL
GLIMEPIRIDE-C0A7172B,MFR-ATHENS-LIFE-SCIENCES-MAU-CF8304,CDSCO NSQ 2025-11 batch TGT25-090 (NSQ-45AFB5A80171),,CDSCO NSQ public table (manufacturer of a tested batch),https://cdscoonline.gov.in/CDSCO/viewPublicNSQDrug,2026-09-27T07:50:11Z,REAL
GLIMEPIRIDE-C0A7172B,MFR-CUREZA-HEALTHCARE-6CF5E5,CDSCO NSQ 2026-07 batch CHPLT1027 (NSQ-B77422014716),,CDSCO NSQ public table (manufacturer of a tested batch),https://cdscoonline.gov.in/CDSCO/viewPublicNSQDrug,2026-09-27T07:50:37Z,REAL
GLIMEPIRIDE-C0A7172B,MFR-KERALA-STATE-DRUGS-AND-P-60C6B1,CDSCO NSQ 2025-11 batch GL 4142 (NSQ-66C09DB817DF),,CDSCO NSQ public table (manufacturer of a tested batch),https://cdscoonline.gov.in/CDSCO/viewPublicNSQDrug,2026-09-27T07:50:11Z,REAL
GLIMEPIRIDE-C0A7172B,MFR-KNM-PHARMA-13-E0F584,CDSCO NSQ 2025-05 batch T24039 (NSQ-C589B30293C7),,CDSCO NSQ public table (manufacturer of a tested batch),https://cdscoonline.gov.in/CDSCO/viewPublicNSQDrug,2026-09-27T07:49:52Z,REAL
GLIMEPIRIDE-C0A7172B,MFR-MAHENDRA-LABS-992653,CDSCO NSQ 2025-11 batch GP08 (NSQ-3C7612955D68),,CDSCO NSQ public table (manufacturer of a tested batch),https://cdscoonline.gov.in/CDSCO/viewPublicNSQDrug,2026-09-27T07:50:11Z,REAL
GLIMEPIRIDE-C0A7172B,MFR-MARC-LIFESCIENCES-46ABC9,CDSCO NSQ 2025-11 batch SGO-103 (NSQ-65DC3F374F2F),,CDSCO NSQ public table (manufacturer of a tested batch),https://cdscoonline.gov.in/CDSCO/viewPublicNSQDrug,2026-09-27T07:50:11Z,REAL
GLYCOPYRROLATE-702193EB,MFR-JACKSON-LABORATORIES-84EC23,CDSCO NSQ 2026-08 batch I-7981 (NSQ-76F4A6089EA4),,CDSCO NSQ public table (manufacturer of a tested batch),https://cdscoonline.gov.in/CDSCO/viewPublicNSQDrug,2026-09-27T07:50:40Z,REAL
HALOPERIDOL-4D3BBAFD,MFR-SBS-BIOTECH-A1B574,CDSCO NSQ 2025-02 batch L2403/2 (NSQ-ED877BF24C42),,CDSCO NSQ public table (manufacturer of a tested batch),https://cdscoonline.gov.in/CDSCO/viewPublicNSQDrug,2026-09-27T07:49:42Z,REAL
HALOPERIDOL-4D3BBAFD,MFR-TAMMAN-TITOE-PHARMA-6C4308,CDSCO NSQ 2026-08 batch HP404 (NSQ-DF1A5C9E7B69),,CDSCO NSQ public table (manufacturer of a tested batch),https://cdscoonline.gov.in/CDSCO/viewPublicNSQDrug,2026-09-27T07:50:40Z,REAL
HEPARIN-5C85406B,MFR-DIVINE-LABORATORIES-0AF968,CDSCO NSQ 2025-06 batch DP2143 (NSQ-041191991819),,CDSCO NSQ public table (manufacturer of a tested batch),https://cdscoonline.gov.in/CDSCO/viewPublicNSQDrug,2026-09-27T07:49:55Z,REAL
HEPARIN-5C85406B,MFR-NANDANI-MEDICAL-LABORATO-595B8E,CDSCO NSQ 2026-05 batch HSV22406 (NSQ-22CAD71EEAEB),,CDSCO NSQ public table (manufacturer of a tested batch),https://cdscoonline.gov.in/CDSCO/viewPublicNSQDrug,2026-09-27T07:50:31Z,REAL
HEPARIN-B9A75C90,MFR-DIVINE-LABORATORIES-BLOC-DAAF6F,CDSCO NSQ 2025-07 batch DP4111 (NSQ-9E9D6802FAA9),,CDSCO NSQ public table (manufacturer of a tested batch),https://cdscoonline.gov.in/CDSCO/viewPublicNSQDrug,2026-09-27T07:49:58Z,REAL
HYDROGEN-PEROXIDE-F6BC5AB0,MFR-MEDIWISH-227F1F,CDSCO NSQ 2025-08 batch MW113 (NSQ-ABF9F537C14B),,CDSCO NSQ public table (manufacturer of a tested batch),https://cdscoonline.gov.in/CDSCO/viewPublicNSQDrug,2026-09-27T07:50:01Z,REAL
HYDROGEN-PEROXIDE-F6BC5AB0,MFR-PREM-LABORATORIES-D-NO-36A7EE,CDSCO NSQ 2025-11 batch HP/19/25 (NSQ-43474671CFA8),,CDSCO NSQ public table (manufacturer of a tested batch),https://cdscoonline.gov.in/CDSCO/viewPublicNSQDrug,2026-09-27T07:50:11Z,REAL
HYDROXYCHLOROQUINE-69477E36,MFR-LIFECARE-FORMULATIONS-1746C1,CDSCO NSQ 2026-03 batch A042502F (NSQ-79CF783B301F),,CDSCO NSQ public table (manufacturer of a tested batch),https://cdscoonline.gov.in/CDSCO/viewPublicNSQDrug,2026-09-27T07:50:24Z,REAL
HYDROXYCHLOROQUINE-69477E36,MFR-OVERSEAS-HEALTHCARE-87C665,CDSCO NSQ 2026-02 batch CQN469 (NSQ-39A2480037B6),,CDSCO NSQ public table (manufacturer of a tested batch),https://cdscoonline.gov.in/CDSCO/viewPublicNSQDrug,2026-09-27T07:50:21Z,REAL
HYDROXYCHLOROQUINE-69477E36,MFR-REGENIX-DRUGS-7B61AE,CDSCO NSQ 2025-12 batch 308225004 (NSQ-D42A0F104672),,CDSCO NSQ public table (manufacturer of a tested batch),https://cdscoonline.gov.in/CDSCO/viewPublicNSQDrug,2026-09-27T07:50:14Z,REAL
HYDROXYCHLOROQUINE-69477E36,MFR-RIVPRA-FORMULATION-3E72AB,CDSCO NSQ 2026-03 batch T-2511405 (NSQ-4D5A12B8AE20),,CDSCO NSQ public table (manufacturer of a tested batch),https://cdscoonline.gov.in/CDSCO/viewPublicNSQDrug,2026-09-27T07:50:24Z,REAL
HYOSCINE-BUTYLBROMIDE-E5A6866C,MFR-HIMALAYA-MEDITEK-F81189,CDSCO NSQ 2026-04 batch HLI591H (NSQ-54977DD13784),,CDSCO NSQ public table (manufacturer of a tested batch),https://cdscoonline.gov.in/CDSCO/viewPublicNSQDrug,2026-09-27T07:50:27Z,REAL
IBUPROFEN-A7CCE715,MFR-MEDIPOL-PHARMACEUTICALS-7CFC9A,CDSCO NSQ 2025-05 batch IBS-022 (NSQ-1CB5F0E25893),,CDSCO NSQ public table (manufacturer of a tested batch),https://cdscoonline.gov.in/CDSCO/viewPublicNSQDrug,2026-09-27T07:49:52Z,REAL
IBUPROFEN-A7CCE715,MFR-PRIMUS-PHARMACEUTICALS-FB2C4E,CDSCO NSQ 2026-01 batch PL-022502 (NSQ-DB5140314427),,CDSCO NSQ public table (manufacturer of a tested batch),https://cdscoonline.gov.in/CDSCO/viewPublicNSQDrug,2026-09-27T07:50:17Z,REAL
IBUPROFEN-B2BE1F6E,MFR-BIOGENETIC-DRUGS-0DEF51,CDSCO NSQ 2025-07 batch 020125-BCG01 (NSQ-22341CAC4B53),,CDSCO NSQ public table (manufacturer of a tested batch),https://cdscoonline.gov.in/CDSCO/viewPublicNSQDrug,2026-09-27T07:49:58Z,REAL
IBUPROFEN-B2BE1F6E,MFR-DANISH-HEALTHCARE-738AED,CDSCO NSQ 2026-07 batch INR25036 (NSQ-A6A3412C591D),,CDSCO NSQ public table (manufacturer of a tested batch),https://cdscoonline.gov.in/CDSCO/viewPublicNSQDrug,2026-09-27T07:50:37Z,REAL
IBUPROFEN-EDEDFD13,MFR-ASKON-HEALTH-CARE-B264C7,CDSCO NSQ 2026-06 batch IBK-2503 (NSQ-687108983736),,CDSCO NSQ public table (manufacturer of a tested batch),https://cdscoonline.gov.in/CDSCO/viewPublicNSQDrug,2026-09-27T07:50:34Z,REAL
IBUPROFEN-EDEDFD13,MFR-BIOGENETIC-DRUGS-0DEF51,CDSCO NSQ 2025-06 batch 310524-BKN13 (NSQ-0050B6C1C921),,CDSCO NSQ public table (manufacturer of a tested batch),https://cdscoonline.gov.in/CDSCO/viewPublicNSQDrug,2026-09-27T07:49:55Z,REAL
IBUPROFEN-EDEDFD13,MFR-MODERN-LABORATORIES-8666F1,CDSCO NSQ 2025-11 batch INT 3504 (NSQ-012EBC9E3B35),,CDSCO NSQ public table (manufacturer of a tested batch),https://cdscoonline.gov.in/CDSCO/viewPublicNSQDrug,2026-09-27T07:50:11Z,REAL
IBUPROFEN-EDEDFD13,MFR-ORCHID-MEDLIFE-32F2CE,CDSCO NSQ 2025-04 batch TF240782 (NSQ-212C6FEB3688),,CDSCO NSQ public table (manufacturer of a tested batch),https://cdscoonline.gov.in/CDSCO/viewPublicNSQDrug,2026-09-27T07:49:48Z,REAL
IBUPROFEN-EDEDFD13,MFR-UNICURE-631AE3,CDSCO NSQ 2026-08 batch IBBT1401 (NSQ-8A77FFFD1367),,CDSCO NSQ public table (manufacturer of a tested batch),https://cdscoonline.gov.in/CDSCO/viewPublicNSQDrug,2026-09-27T07:50:40Z,REAL
IBUPROFEN-EDEDFD13,MFR-WINGS-BIOTECH-772282,CDSCO NSQ 2025-07 batch IPPT-1018 (NSQ-1DA956758B0C),,CDSCO NSQ public table (manufacturer of a tested batch),https://cdscoonline.gov.in/CDSCO/viewPublicNSQDrug,2026-09-27T07:49:58Z,REAL
INSULIN-SOLUBLE-9AF58BBF,MFR-BIOMED-HEALTHCARE-PRODUC-35A8C0,CDSCO NSQ 2025-03 batch 123338 (NSQ-1290C1F5430B),,CDSCO NSQ public table (manufacturer of a tested batch),https://cdscoonline.gov.in/CDSCO/viewPublicNSQDrug,2026-09-27T07:49:45Z,REAL
IRON-SUCROSE-049F2BE2,MFR-ARCO-LIFE-SCIENCES-C-86-A8DCDF,CDSCO NSQ 2026-01 batch 7404 (NSQ-897EEE3B911C),,CDSCO NSQ public table (manufacturer of a tested batch),https://cdscoonline.gov.in/CDSCO/viewPublicNSQDrug,2026-09-27T07:50:17Z,REAL
IRON-SUCROSE-049F2BE2,MFR-ARCO-LIFESCIENCES-F75B02,CDSCO NSQ 2026-01 batch 7505 (NSQ-F46D410A5ED9),,CDSCO NSQ public table (manufacturer of a tested batch),https://cdscoonline.gov.in/CDSCO/viewPublicNSQDrug,2026-09-27T07:50:17Z,REAL
IRON-SUCROSE-049F2BE2,MFR-INFALLIBLE-PHARMA-CCEFD8,CDSCO NSQ 2026-01 batch VIN 24011 (NSQ-97AF3B3BC9EF),,CDSCO NSQ public table (manufacturer of a tested batch),https://cdscoonline.gov.in/CDSCO/viewPublicNSQDrug,2026-09-27T07:50:17Z,REAL
IRON-SUCROSE-049F2BE2,MFR-MARC-LABORATORIES-5B1DFE,CDSCO NSQ 2026-05 batch MFS-124 (NSQ-04CDC146A96E),,CDSCO NSQ public table (manufacturer of a tested batch),https://cdscoonline.gov.in/CDSCO/viewPublicNSQDrug,2026-09-27T07:50:31Z,REAL
IRON-SUCROSE-049F2BE2,MFR-MARTIN-AND-BROWN-BIO-SCI-C74BA8,CDSCO NSQ 2025-03 batch MA24G46 (NSQ-3CAF2A4141F8),,CDSCO NSQ public table (manufacturer of a tested batch),https://cdscoonline.gov.in/CDSCO/viewPublicNSQDrug,2026-09-27T07:49:45Z,REAL
IRON-SUCROSE-049F2BE2,MFR-MARTIN-BROWN-BIO-SCIENCE-0C589F,CDSCO NSQ 2026-04 batch MA24G50 (NSQ-D56D72FDB36A),,CDSCO NSQ public table (manufacturer of a tested batch),https://cdscoonline.gov.in/CDSCO/viewPublicNSQDrug,2026-09-27T07:50:27Z,REAL
IRON-SUCROSE-049F2BE2,MFR-PACE-BIOTECH-E23EE2,CDSCO NSQ 2025-03 batch A24105K (NSQ-1749D0610E96),,CDSCO NSQ public table (manufacturer of a tested batch),https://cdscoonline.gov.in/CDSCO/viewPublicNSQDrug,2026-09-27T07:49:45Z,REAL
IRON-SUCROSE-049F2BE2,MFR-PROTECH-TELELINKS-7430F5,CDSCO NSQ 2025-06 batch L0372321C (NSQ-1AA4F0A8D581),,CDSCO NSQ public table (manufacturer of a tested batch),https://cdscoonline.gov.in/CDSCO/viewPublicNSQDrug,2026-09-27T07:49:55Z,REAL
IRON-SUCROSE-049F2BE2,MFR-SAI-PARENTERALS-88388B,CDSCO NSQ 2025-01 batch 24RS04 (NSQ-A480E46DAC9C),,CDSCO NSQ public table (manufacturer of a tested batch),https://cdscoonline.gov.in/CDSCO/viewPublicNSQDrug,2026-09-27T07:49:39Z,REAL
IRON-SUCROSE-049F2BE2,MFR-SAI-PARENTERALS-D1-D4-787552,CDSCO NSQ 2025-08 batch 24RSO6 (NSQ-978CB11A4783),,CDSCO NSQ public table (manufacturer of a tested batch),https://cdscoonline.gov.in/CDSCO/viewPublicNSQDrug,2026-09-27T07:50:01Z,REAL
IRON-SUCROSE-049F2BE2,MFR-T-WALKERS-PHARMACEUTICAL-A19F1E,CDSCO NSQ 2026-04 batch 25488 (NSQ-F303F97FBBEC),,CDSCO NSQ public table (manufacturer of a tested batch),https://cdscoonline.gov.in/CDSCO/viewPublicNSQDrug,2026-09-27T07:50:27Z,REAL
IRON-SUCROSE-049F2BE2,MFR-U-S-REGAIN-LABORATORIES-802E4D,CDSCO NSQ 2025-05 batch IISI406 (NSQ-3452E7415E98),,CDSCO NSQ public table (manufacturer of a tested batch),https://cdscoonline.gov.in/CDSCO/viewPublicNSQDrug,2026-09-27T07:49:52Z,REAL
ITRACONAZOLE-27CA1D73,MFR-ACCESS-LIFE-SCIENCE-C64918,CDSCO NSQ 2025-10 batch ALC-1509 (NSQ-73F111403C9E),,CDSCO NSQ public table (manufacturer of a tested batch),https://cdscoonline.gov.in/CDSCO/viewPublicNSQDrug,2026-09-27T07:50:08Z,REAL
ITRACONAZOLE-27CA1D73,MFR-ASTERISK-HEALTHCARE-068D44,CDSCO NSQ 2026-02 batch AGC240040 (NSQ-A8BAA19D6199),,CDSCO NSQ public table (manufacturer of a tested batch),https://cdscoonline.gov.in/CDSCO/viewPublicNSQDrug,2026-09-27T07:50:21Z,REAL
ITRACONAZOLE-27CA1D73,MFR-INNOVA-CAPTAB-9FCA08,CDSCO NSQ 2026-06 batch IG25045 (NSQ-95CD79D54833),,CDSCO NSQ public table (manufacturer of a tested batch),https://cdscoonline.gov.in/CDSCO/viewPublicNSQDrug,2026-09-27T07:50:34Z,REAL
ITRACONAZOLE-27CA1D73,MFR-KIVI-LABS-A8795E,CDSCO NSQ 2026-08 batch 02T65 (NSQ-07A6C72F76F1),,CDSCO NSQ public table (manufacturer of a tested batch),https://cdscoonline.gov.in/CDSCO/viewPublicNSQDrug,2026-09-27T07:50:40Z,REAL
ITRACONAZOLE-27CA1D73,MFR-MANJA-PHARMACEUTICALS-FEB7FC,CDSCO NSQ 2026-08 batch MEX-055 (NSQ-CE84488EA070),,CDSCO NSQ public table (manufacturer of a tested batch),https://cdscoonline.gov.in/CDSCO/viewPublicNSQDrug,2026-09-27T07:50:40Z,REAL
ITRACONAZOLE-27CA1D73,MFR-REDNEX-PHARMACEUTICALS-BA9E1D,CDSCO NSQ 2025-12 batch R08GC2506A (NSQ-8BE4A59426EB),,CDSCO NSQ public table (manufacturer of a tested batch),https://cdscoonline.gov.in/CDSCO/viewPublicNSQDrug,2026-09-27T07:50:14Z,REAL
ITRACONAZOLE-27CA1D73,MFR-TORQUE-PHARMACEUTICALS-2B8C67,CDSCO NSQ 2026-08 batch B23225009 (NSQ-F60F723BC3AA),,CDSCO NSQ public table (manufacturer of a tested batch),https://cdscoonline.gov.in/CDSCO/viewPublicNSQDrug,2026-09-27T07:50:40Z,REAL
ITRACONAZOLE-A4F62D5D,MFR-AGRON-REMEDIES-67D913,CDSCO NSQ 2025-01 batch CTA-01 (NSQ-1369DDC13344),,CDSCO NSQ public table (manufacturer of a tested batch),https://cdscoonline.gov.in/CDSCO/viewPublicNSQDrug,2026-09-27T07:49:39Z,REAL
ITRACONAZOLE-A4F62D5D,MFR-BAL-PHARMA-6C8C6C,CDSCO NSQ 2026-04 batch ITR 19 (NSQ-11733A68867F),,CDSCO NSQ public table (manufacturer of a tested batch),https://cdscoonline.gov.in/CDSCO/viewPublicNSQDrug,2026-09-27T07:50:27Z,REAL
ITRACONAZOLE-A4F62D5D,MFR-MANJA-PHARMACEUTICALS-FEB7FC,CDSCO NSQ 2026-08 batch MEX-042 (NSQ-6843477D1663),,CDSCO NSQ public table (manufacturer of a tested batch),https://cdscoonline.gov.in/CDSCO/viewPublicNSQDrug,2026-09-27T07:50:40Z,REAL
ITRACONAZOLE-A4F62D5D,MFR-MERRIL-PHARMA-FCC29B,CDSCO NSQ 2025-03 batch C4050 (NSQ-ECF88461D4D0),,CDSCO NSQ public table (manufacturer of a tested batch),https://cdscoonline.gov.in/CDSCO/viewPublicNSQDrug,2026-09-27T07:49:45Z,REAL
ITRACONAZOLE-A4F62D5D,MFR-MK-HEALTHCARE-E22CDE,CDSCO NSQ 2026-07 batch MC004 (NSQ-ECEAC9D47F48),,CDSCO NSQ public table (manufacturer of a tested batch),https://cdscoonline.gov.in/CDSCO/viewPublicNSQDrug,2026-09-27T07:50:37Z,REAL
ITRACONAZOLE-A4F62D5D,MFR-ORLEY-LABORATORIES-AE041F,CDSCO NSQ 2025-05 batch 5007 (NSQ-C4BC9B579FCA),,CDSCO NSQ public table (manufacturer of a tested batch),https://cdscoonline.gov.in/CDSCO/viewPublicNSQDrug,2026-09-27T07:49:52Z,REAL
ITRACONAZOLE-A4F62D5D,MFR-ZEE-LABORATORIES-BEHIND-9F137C,CDSCO NSQ 2025-11 batch 1725-230 (NSQ-5681A6B8EA14),,CDSCO NSQ public table (manufacturer of a tested batch),https://cdscoonline.gov.in/CDSCO/viewPublicNSQDrug,2026-09-27T07:50:11Z,REAL
LABETALOL-4EE13727,MFR-UNICURE-631AE3,CDSCO NSQ 2025-06 batch LA1TE012 (NSQ-76FE675BE0D1),,CDSCO NSQ public table (manufacturer of a tested batch),https://cdscoonline.gov.in/CDSCO/viewPublicNSQDrug,2026-09-27T07:49:55Z,REAL
LABETALOL-4EE13727,MFR-UNIMARCK-HEALTHCARE-69EE99,CDSCO NSQ 2025-04 batch UGT231341 (NSQ-92A51C27681B),,CDSCO NSQ public table (manufacturer of a tested batch),https://cdscoonline.gov.in/CDSCO/viewPublicNSQDrug,2026-09-27T07:49:48Z,REAL
LABETALOL-612221C1,MFR-PROTECH-TELELINKS-7430F5,CDSCO NSQ 2025-10 batch L0422420F (NSQ-2F8DC7168AD0),,CDSCO NSQ public table (manufacturer of a tested batch),https://cdscoonline.gov.in/CDSCO/viewPublicNSQDrug,2026-09-27T07:50:08Z,REAL
LACTULOSE-BD23DC8B,MFR-APEX-FORMULATIONS-007C02,CDSCO NSQ 2025-03 batch AFL-121 (NSQ-8EA3E12D9BD1),,CDSCO NSQ public table (manufacturer of a tested batch),https://cdscoonline.gov.in/CDSCO/viewPublicNSQDrug,2026-09-27T07:49:45Z,REAL
LACTULOSE-BD23DC8B,MFR-AZINE-HEALTHCARE-A103CC,CDSCO NSQ 2026-05 batch HL154 (NSQ-24617CB32EF2),,CDSCO NSQ public table (manufacturer of a tested batch),https://cdscoonline.gov.in/CDSCO/viewPublicNSQDrug,2026-09-27T07:50:31Z,REAL
LACTULOSE-BD23DC8B,MFR-JINEKA-HEALTHCARE-3AD598,CDSCO NSQ 2025-11 batch JL-240147 (NSQ-3B95043EF8DC),,CDSCO NSQ public table (manufacturer of a tested batch),https://cdscoonline.gov.in/CDSCO/viewPublicNSQDrug,2026-09-27T07:50:11Z,REAL
LACTULOSE-BD23DC8B,MFR-RHOMBUS-PHARMA-4343A6,CDSCO NSQ 2025-03 batch R23K015 (NSQ-AEA1A94CB9DF),,CDSCO NSQ public table (manufacturer of a tested batch),https://cdscoonline.gov.in/CDSCO/viewPublicNSQDrug,2026-09-27T07:49:45Z,REAL
LACTULOSE-BD23DC8B,MFR-UNICURE-631AE3,CDSCO NSQ 2026-03 batch LLS1337 (NSQ-54142E9EE656),,CDSCO NSQ public table (manufacturer of a tested batch),https://cdscoonline.gov.in/CDSCO/viewPublicNSQDrug,2026-09-27T07:50:24Z,REAL
LEVETIRACETAM-7DC77AEA,MFR-APPLIED-COMMUNICATION-CO-07C4FD,CDSCO NSQ 2025-12 batch LTH2505 (NSQ-D79E0103704E),,CDSCO NSQ public table (manufacturer of a tested batch),https://cdscoonline.gov.in/CDSCO/viewPublicNSQDrug,2026-09-27T07:50:14Z,REAL
LEVETIRACETAM-7DC77AEA,MFR-INTAS-PHARMACEUTICALS-SA-836C41,CDSCO NSQ 2026-08 batch N2601077 (NSQ-FA00715004C8),,CDSCO NSQ public table (manufacturer of a tested batch),https://cdscoonline.gov.in/CDSCO/viewPublicNSQDrug,2026-09-27T07:50:40Z,REAL
LEVETIRACETAM-7DC77AEA,MFR-LIFE-MAX-CANCER-LABORATO-6BCCB9,CDSCO NSQ 2025-04 batch LMT241488 (NSQ-56A08E05A6BE),,CDSCO NSQ public table (manufacturer of a tested batch),https://cdscoonline.gov.in/CDSCO/viewPublicNSQDrug,2026-09-27T07:49:48Z,REAL
LEVETIRACETAM-7DC77AEA,MFR-RITUAL-DRUGS-0D2C80,CDSCO NSQ 2025-12 batch GT5F136 (NSQ-2957385E668E),,CDSCO NSQ public table (manufacturer of a tested batch),https://cdscoonline.gov.in/CDSCO/viewPublicNSQDrug,2026-09-27T07:50:14Z,REAL
LEVOFLOXACIN-C72A00D5,MFR-LUPIN-EPIP-D2EB61,CDSCO NSQ 2026-07 batch JC00116 (NSQ-100A07250964),,CDSCO NSQ public table (manufacturer of a tested batch),https://cdscoonline.gov.in/CDSCO/viewPublicNSQDrug,2026-09-27T07:50:37Z,REAL
LINEZOLID-8F4E288B,MFR-SYMBIOSIS-PHARMACEUTICAL-64BFAE,CDSCO NSQ 2026-08 batch TG261185 (NSQ-9648D6F0B107),,CDSCO NSQ public table (manufacturer of a tested batch),https://cdscoonline.gov.in/CDSCO/viewPublicNSQDrug,2026-09-27T07:50:40Z,REAL
LINEZOLID-8F4E288B,MFR-VEE-LABORATORIES-EEBB6B,CDSCO NSQ 2025-02 batch VLB-GT-2500 (NSQ-3E14C97544C0),,CDSCO NSQ public table (manufacturer of a tested batch),https://cdscoonline.gov.in/CDSCO/viewPublicNSQDrug,2026-09-27T07:49:42Z,REAL
LOPERAMIDE-3E89896A,MFR-ABIL-HEALTHCARE-50D4F4,CDSCO NSQ 2026-06 batch 2402 (NSQ-5B0F4BB581B2),,CDSCO NSQ public table (manufacturer of a tested batch),https://cdscoonline.gov.in/CDSCO/viewPublicNSQDrug,2026-09-27T07:50:34Z,REAL
LOPERAMIDE-3E89896A,MFR-CHEMETAC-PHARMACEUTICALS-A4BB75,CDSCO NSQ 2025-10 batch CT-7350 (NSQ-DC435E367412),,CDSCO NSQ public table (manufacturer of a tested batch),https://cdscoonline.gov.in/CDSCO/viewPublicNSQDrug,2026-09-27T07:50:08Z,REAL
LOPERAMIDE-3E89896A,MFR-GIDSHA-PHARMACEUTICALS-EA6FC4,CDSCO NSQ 2026-04 batch GTE1588 (NSQ-4D994F000E8C),,CDSCO NSQ public table (manufacturer of a tested batch),https://cdscoonline.gov.in/CDSCO/viewPublicNSQDrug,2026-09-27T07:50:27Z,REAL
LOPERAMIDE-3E89896A,MFR-IG-PHARMA-A72E46,CDSCO NSQ 2026-08 batch IGT-0484 (NSQ-54418A2423A4),,CDSCO NSQ public table (manufacturer of a tested batch),https://cdscoonline.gov.in/CDSCO/viewPublicNSQDrug,2026-09-27T07:50:40Z,REAL
LOPERAMIDE-3E89896A,MFR-KARNANI-PHARMACEUTICALS-92D59B,CDSCO NSQ 2025-10 batch T-17075 (NSQ-FF4E788292EB),,CDSCO NSQ public table (manufacturer of a tested batch),https://cdscoonline.gov.in/CDSCO/viewPublicNSQDrug,2026-09-27T07:50:08Z,REAL
LOPERAMIDE-3E89896A,MFR-SUPERCURE-BIOTECH-8AE5E8,CDSCO NSQ 2026-08 batch SBT3269 (NSQ-94C092952D3F),,CDSCO NSQ public table (manufacturer of a tested batch),https://cdscoonline.gov.in/CDSCO/viewPublicNSQDrug,2026-09-27T07:50:40Z,REAL
LOPERAMIDE-3E89896A,MFR-ZENITH-DRUGS-72-5-AND-8CCA59,CDSCO NSQ 2026-02 batch T50022 (NSQ-17744CEC7E14),,CDSCO NSQ public table (manufacturer of a tested batch),https://cdscoonline.gov.in/CDSCO/viewPublicNSQDrug,2026-09-27T07:50:21Z,REAL
LOPERAMIDE-607C3B4A,MFR-R-P-BIOTECH-1AE744,CDSCO NSQ 2025-09 batch 7645 (NSQ-F9CCC0190888),,CDSCO NSQ public table (manufacturer of a tested batch),https://cdscoonline.gov.in/CDSCO/viewPublicNSQDrug,2026-09-27T07:50:04Z,REAL
LOPERAMIDE-607C3B4A,MFR-SUPERCURE-BIOTECH-8AE5E8,CDSCO NSQ 2026-04 batch C-2127 (NSQ-D7CA1ECFC969),,CDSCO NSQ public table (manufacturer of a tested batch),https://cdscoonline.gov.in/CDSCO/viewPublicNSQDrug,2026-09-27T07:50:27Z,REAL
LORAZEPAM-4058402B,MFR-D-D-PHARMACEUTICALS-37E9BD,CDSCO NSQ 2026-01 batch OM-10584 (NSQ-843579499236),,CDSCO NSQ public table (manufacturer of a tested batch),https://cdscoonline.gov.in/CDSCO/viewPublicNSQDrug,2026-09-27T07:50:17Z,REAL
LORAZEPAM-4058402B,MFR-DIGITAL-VISION-54FFBA,CDSCO NSQ 2026-06 batch NTE0461 (NSQ-B9B0C3DA3133),,CDSCO NSQ public table (manufacturer of a tested batch),https://cdscoonline.gov.in/CDSCO/viewPublicNSQDrug,2026-09-27T07:50:34Z,REAL
LORAZEPAM-4058402B,MFR-RELIANCE-FORMULATION-59856B,CDSCO NSQ 2025-06 batch 3305 (NSQ-3B68487F3499),,CDSCO NSQ public table (manufacturer of a tested batch),https://cdscoonline.gov.in/CDSCO/viewPublicNSQDrug,2026-09-27T07:49:55Z,REAL
LORAZEPAM-4058402B,MFR-SHINE-PHARMACEUTICALS-FE248E,CDSCO NSQ 2025-01 batch 06P23T03 (NSQ-13CBF1CE3AAD),,CDSCO NSQ public table (manufacturer of a tested batch),https://cdscoonline.gov.in/CDSCO/viewPublicNSQDrug,2026-09-27T07:49:39Z,REAL
LORAZEPAM-4058402B,MFR-WINDLAS-BIOTECH-4E2513,CDSCO NSQ 2026-01 batch 5071TNI (NSQ-B3096027B62E),,CDSCO NSQ public table (manufacturer of a tested batch),https://cdscoonline.gov.in/CDSCO/viewPublicNSQDrug,2026-09-27T07:50:17Z,REAL
LORAZEPAM-5BFC9821,MFR-WELCURE-REMEDIES-NAHAN-R-E2E385,CDSCO NSQ 2025-12 batch WALV24001A (NSQ-01A58581F9D6),,CDSCO NSQ public table (manufacturer of a tested batch),https://cdscoonline.gov.in/CDSCO/viewPublicNSQDrug,2026-09-27T07:50:14Z,REAL
LORAZEPAM-CBB679BD,MFR-MICRON-PHARMACEUTICALS-3CC9EA,CDSCO NSQ 2026-05 batch T240628 (NSQ-B24D533C2D7D),,CDSCO NSQ public table (manufacturer of a tested batch),https://cdscoonline.gov.in/CDSCO/viewPublicNSQDrug,2026-09-27T07:50:31Z,REAL
LORAZEPAM-CBB679BD,MFR-SHINE-PHARMACEUTICALS-FE248E,CDSCO NSQ 2025-06 batch 05P23T03 (NSQ-A11C99C39C3D),,CDSCO NSQ public table (manufacturer of a tested batch),https://cdscoonline.gov.in/CDSCO/viewPublicNSQDrug,2026-09-27T07:49:55Z,REAL
LORAZEPAM-CBB679BD,MFR-SUNVIJ-DRUGS-5B87A1,CDSCO NSQ 2025-07 batch ST-26091 (NSQ-91DEB3EC60EF),,CDSCO NSQ public table (manufacturer of a tested batch),https://cdscoonline.gov.in/CDSCO/viewPublicNSQDrug,2026-09-27T07:49:58Z,REAL
MAGNESIUM-SULPHATE-78ED7D19,MFR-HINDUSTAN-MEDICINES-2D40BB,CDSCO NSQ 2026-06 batch 201 (NSQ-D552AE06F3A4),,CDSCO NSQ public table (manufacturer of a tested batch),https://cdscoonline.gov.in/CDSCO/viewPublicNSQDrug,2026-09-27T07:50:34Z,REAL
MAGNESIUM-SULPHATE-78ED7D19,MFR-SALIX-PHARMACHEM-B58444,CDSCO NSQ 2026-03 batch 2220-Z (NSQ-52EAB32ED09D),,CDSCO NSQ public table (manufacturer of a tested batch),https://cdscoonline.gov.in/CDSCO/viewPublicNSQDrug,2026-09-27T07:50:24Z,REAL
MAGNESIUM-SULPHATE-78ED7D19,MFR-SUPREME-CHEMICALS-48DE0E,CDSCO NSQ 2026-03 batch 7075 (NSQ-6D9C4F61852C),,CDSCO NSQ public table (manufacturer of a tested batch),https://cdscoonline.gov.in/CDSCO/viewPublicNSQDrug,2026-09-27T07:50:24Z,REAL
MEFENAMIC-ACID-2D87CE09,MFR-AAGYA-BIOTECH-2EF60E,CDSCO NSQ 2026-06 batch T-2506151 (NSQ-CDE93B70E5FD),,CDSCO NSQ public table (manufacturer of a tested batch),https://cdscoonline.gov.in/CDSCO/viewPublicNSQDrug,2026-09-27T07:50:34Z,REAL
MEFENAMIC-ACID-2D87CE09,MFR-HEALER-S-LAB-E4DEE4,CDSCO NSQ 2026-06 batch DMR-504 (NSQ-62D36C557291),,CDSCO NSQ public table (manufacturer of a tested batch),https://cdscoonline.gov.in/CDSCO/viewPublicNSQDrug,2026-09-27T07:50:34Z,REAL
MEFENAMIC-ACID-2D87CE09,MFR-STAR-FILTERATION-SYSTEM-0561C2,CDSCO NSQ 2026-02 batch ST251442 (NSQ-1371521A36A8),,CDSCO NSQ public table (manufacturer of a tested batch),https://cdscoonline.gov.in/CDSCO/viewPublicNSQDrug,2026-09-27T07:50:21Z,REAL
MEFENAMIC-ACID-2D87CE09,MFR-UPKAR-PHARMACEUTICALS-B8A249,CDSCO NSQ 2026-08 batch UTA-25280 (NSQ-4259D4693AF6),,CDSCO NSQ public table (manufacturer of a tested batch),https://cdscoonline.gov.in/CDSCO/viewPublicNSQDrug,2026-09-27T07:50:40Z,REAL
MEFENAMIC-ACID-2D87CE09,MFR-UTTARANCHAL-PHARMACEUTIC-6F88D7,CDSCO NSQ 2025-10 batch UT6035 (NSQ-8381B62F72BC),,CDSCO NSQ public table (manufacturer of a tested batch),https://cdscoonline.gov.in/CDSCO/viewPublicNSQDrug,2026-09-27T07:50:08Z,REAL
METFORMIN-68E5ADE9,MFR-CAREWELL-STEUART-PHARMA-BC88C4,CDSCO NSQ 2026-05 batch TB-167 (NSQ-6D2B05DE1543),,CDSCO NSQ public table (manufacturer of a tested batch),https://cdscoonline.gov.in/CDSCO/viewPublicNSQDrug,2026-09-27T07:50:31Z,REAL
METFORMIN-68E5ADE9,MFR-CONCEPT-PHARMACEUTICALS-08A82C,CDSCO NSQ 2025-01 batch C21D93400 3 (NSQ-B61EEDE71222),,CDSCO NSQ public table (manufacturer of a tested batch),https://cdscoonline.gov.in/CDSCO/viewPublicNSQDrug,2026-09-27T07:49:39Z,REAL
METFORMIN-68E5ADE9,MFR-SIGNORET-PHARMACEUTICALS-3C15B7,CDSCO NSQ 2025-02 batch SP/T/76 1 (NSQ-7BD4BEF6BE42),,CDSCO NSQ public table (manufacturer of a tested batch),https://cdscoonline.gov.in/CDSCO/viewPublicNSQDrug,2026-09-27T07:49:42Z,REAL
METHOTREXATE-03D4B449,MFR-BDH-INDUSTRIAL-18402A,CDSCO NSQ 2025-06 batch AI054J24 (NSQ-2E86162C0466),,CDSCO NSQ public table (manufacturer of a tested batch),https://cdscoonline.gov.in/CDSCO/viewPublicNSQDrug,2026-09-27T07:49:55Z,REAL
METHOTREXATE-95194072,MFR-SALUS-PHARMACEUTICALS-B07452,CDSCO NSQ 2026-06 batch SPOT260026B (NSQ-0466F75BAA6C),,CDSCO NSQ public table (manufacturer of a tested batch),https://cdscoonline.gov.in/CDSCO/viewPublicNSQDrug,2026-09-27T07:50:34Z,REAL
METOCLOPRAMIDE-0A25392D,MFR-IPCA-LABORATORIES-DB7EDF,CDSCO NSQ 2026-08 batch GD1225008AS (NSQ-C041EA27B053),,CDSCO NSQ public table (manufacturer of a tested batch),https://cdscoonline.gov.in/CDSCO/viewPublicNSQDrug,2026-09-27T07:50:40Z,REAL
METOPROLOL-27851E55,MFR-TANPAL-PHARMACEUTICALS-D-2696A3,CDSCO NSQ 2025-08 batch PT-012056 (NSQ-55214D2D2D1F),,CDSCO NSQ public table (manufacturer of a tested batch),https://cdscoonline.gov.in/CDSCO/viewPublicNSQDrug,2026-09-27T07:50:01Z,REAL
METOPROLOL-27851E55,MFR-TRIVENI-FORMULATIONS-88E3AF,CDSCO NSQ 2025-01 batch DT 2403 (NSQ-DB17DE9E7A01),,CDSCO NSQ public table (manufacturer of a tested batch),https://cdscoonline.gov.in/CDSCO/viewPublicNSQDrug,2026-09-27T07:49:39Z,REAL
METOPROLOL-B55F90E0,MFR-DIAL-PHARMACEUTICALS-371F86,CDSCO NSQ 2025-11 batch DAB004 (NSQ-1F7CB8DCF16D),,CDSCO NSQ public table (manufacturer of a tested batch),https://cdscoonline.gov.in/CDSCO/viewPublicNSQDrug,2026-09-27T07:50:11Z,REAL
METOPROLOL-F9986911,MFR-SANCTUS-GLOBAL-FORMULATI-CF5BC6,CDSCO NSQ 2026-02 batch SG25068 (NSQ-ECF705F079B8),,CDSCO NSQ public table (manufacturer of a tested batch),https://cdscoonline.gov.in/CDSCO/viewPublicNSQDrug,2026-09-27T07:50:21Z,REAL
METRONIDAZOLE-013A41E8,MFR-BOCHEM-HEALTHCARE-639243,CDSCO NSQ 2025-05 batch B240578 (NSQ-170F6B6867AB),,CDSCO NSQ public table (manufacturer of a tested batch),https://cdscoonline.gov.in/CDSCO/viewPublicNSQDrug,2026-09-27T07:49:52Z,REAL
METRONIDAZOLE-013A41E8,MFR-INDUCARE-PHARMACEUTICAL-B6C64D,CDSCO NSQ 2026-08 batch IT6050 (NSQ-0D2B0D8AC107),,CDSCO NSQ public table (manufacturer of a tested batch),https://cdscoonline.gov.in/CDSCO/viewPublicNSQDrug,2026-09-27T07:50:40Z,REAL
METRONIDAZOLE-013A41E8,MFR-J-B-CHEMICALS-PHARMACEUT-3BF69C,CDSCO NSQ 2025-08 batch BM825077 (NSQ-827B7D191A80),,CDSCO NSQ public table (manufacturer of a tested batch),https://cdscoonline.gov.in/CDSCO/viewPublicNSQDrug,2026-09-27T07:50:01Z,REAL
METRONIDAZOLE-013A41E8,MFR-MEDIVS-BIOSCIENCES-F8A351,CDSCO NSQ 2026-01 batch MT-24027 (NSQ-DFB6B53E0D0D),,CDSCO NSQ public table (manufacturer of a tested batch),https://cdscoonline.gov.in/CDSCO/viewPublicNSQDrug,2026-09-27T07:50:17Z,REAL
METRONIDAZOLE-013A41E8,MFR-NEUTECH-HEALTHCARE-E-698-14F580,CDSCO NSQ 2025-06 batch MTE-22004 (NSQ-A4838226C670),,CDSCO NSQ public table (manufacturer of a tested batch),https://cdscoonline.gov.in/CDSCO/viewPublicNSQDrug,2026-09-27T07:49:55Z,REAL
METRONIDAZOLE-013A41E8,MFR-REVAT-LABORATORIES-DAF538,CDSCO NSQ 2025-11 batch RMTT-049 (NSQ-2905C0A28E45),,CDSCO NSQ public table (manufacturer of a tested batch),https://cdscoonline.gov.in/CDSCO/viewPublicNSQDrug,2026-09-27T07:50:11Z,REAL
METRONIDAZOLE-013A41E8,MFR-SHIVA-BIOGENETIC-LABORAT-BFCCDC,CDSCO NSQ 2026-03 batch MET23027SL (NSQ-4F645147B971),,CDSCO NSQ public table (manufacturer of a tested batch),https://cdscoonline.gov.in/CDSCO/viewPublicNSQDrug,2026-09-27T07:50:24Z,REAL
METRONIDAZOLE-013A41E8,MFR-TITANES-PHARMA-8C4103,CDSCO NSQ 2026-07 batch T4500 (NSQ-902EDF71DA0F),,CDSCO NSQ public table (manufacturer of a tested batch),https://cdscoonline.gov.in/CDSCO/viewPublicNSQDrug,2026-09-27T07:50:37Z,REAL
METRONIDAZOLE-20FC29C5,MFR-CIPCO-PHARMACEUTICALS-D34D16,CDSCO NSQ 2026-07 batch MZ241001 (NSQ-B46A454AFFAC),,CDSCO NSQ public table (manufacturer of a tested batch),https://cdscoonline.gov.in/CDSCO/viewPublicNSQDrug,2026-09-27T07:50:37Z,REAL
METRONIDAZOLE-20FC29C5,MFR-CIPCOO-PHARMACEUTICALS-D0FCB1,CDSCO NSQ 2025-11 batch MZ241004 (NSQ-F1AB9A07D176),,CDSCO NSQ public table (manufacturer of a tested batch),https://cdscoonline.gov.in/CDSCO/viewPublicNSQDrug,2026-09-27T07:50:11Z,REAL
METRONIDAZOLE-20FC29C5,MFR-DANISH-HEALTHCARE-738AED,CDSCO NSQ 2026-07 batch ME025002 (NSQ-E4B831C6E000),,CDSCO NSQ public table (manufacturer of a tested batch),https://cdscoonline.gov.in/CDSCO/viewPublicNSQDrug,2026-09-27T07:50:37Z,REAL
METRONIDAZOLE-20FC29C5,MFR-INDUCARE-PHARMACEUTICAL-B6C64D,CDSCO NSQ 2026-08 batch IT6151 (NSQ-E063217E2116),,CDSCO NSQ public table (manufacturer of a tested batch),https://cdscoonline.gov.in/CDSCO/viewPublicNSQDrug,2026-09-27T07:50:40Z,REAL
METRONIDAZOLE-4ACA45DE,MFR-APPLE-FORMULATIONS-0E9868,CDSCO NSQ 2026-07 batch OXG2501 (NSQ-22EE46F38D7B),,CDSCO NSQ public table (manufacturer of a tested batch),https://cdscoonline.gov.in/CDSCO/viewPublicNSQDrug,2026-09-27T07:50:37Z,REAL
METRONIDAZOLE-4ACA45DE,MFR-BIVA-HEALTHCARE-067258,CDSCO NSQ 2026-05 batch CF610 (NSQ-EC27F33B490E),,CDSCO NSQ public table (manufacturer of a tested batch),https://cdscoonline.gov.in/CDSCO/viewPublicNSQDrug,2026-09-27T07:50:31Z,REAL
METRONIDAZOLE-4ACA45DE,MFR-ZRS-PHARMACEUTICALS-B941D7,CDSCO NSQ 2026-01 batch ZRSL - 1533 (NSQ-7481E02A8B58),,CDSCO NSQ public table (manufacturer of a tested batch),https://cdscoonline.gov.in/CDSCO/viewPublicNSQDrug,2026-09-27T07:50:17Z,REAL
METRONIDAZOLE-827E5B80,MFR-ALTHEA-PHARMA-D28E3D,CDSCO NSQ 2026-07 batch L04A032607 (NSQ-60F42E10283C),,CDSCO NSQ public table (manufacturer of a tested batch),https://cdscoonline.gov.in/CDSCO/viewPublicNSQDrug,2026-09-27T07:50:37Z,REAL
MIDAZOLAM-E8668C59,MFR-VINDAS-CHEMICAL-INDUSTRI-901A5B,CDSCO NSQ 2026-07 batch MZ-2606 (NSQ-BD58E5A9D7E5),,CDSCO NSQ public table (manufacturer of a tested batch),https://cdscoonline.gov.in/CDSCO/viewPublicNSQDrug,2026-09-27T07:50:37Z,REAL
MISOPROSTOL-58C192AA,MFR-CENTURION-REMEDIES-022FBD,CDSCO NSQ 2025-10 batch TM-1480005 (NSQ-475B5CCED72C),,CDSCO NSQ public table (manufacturer of a tested batch),https://cdscoonline.gov.in/CDSCO/viewPublicNSQDrug,2026-09-27T07:50:08Z,REAL
MISOPROSTOL-7091E6AC,MFR-AKUMS-DRUGS-PHARMACEUTIC-EA7842,CDSCO NSQ 2026-04 batch BGW02AAA (NSQ-E89439F1258F),,CDSCO NSQ public table (manufacturer of a tested batch),https://cdscoonline.gov.in/CDSCO/viewPublicNSQDrug,2026-09-27T07:50:27Z,REAL
MISOPROSTOL-7091E6AC,MFR-HEALTHY-LIFE-PHARMA-06205D,CDSCO NSQ 2026-08 batch 6132 (NSQ-598AB74D8230),,CDSCO NSQ public table (manufacturer of a tested batch),https://cdscoonline.gov.in/CDSCO/viewPublicNSQDrug,2026-09-27T07:50:40Z,REAL
MISOPROSTOL-7091E6AC,MFR-SALUS-PHARMACEUTICALS-B07452,CDSCO NSQ 2025-05 batch SPT241229 (NSQ-9911580671DC),,CDSCO NSQ public table (manufacturer of a tested batch),https://cdscoonline.gov.in/CDSCO/viewPublicNSQDrug,2026-09-27T07:49:52Z,REAL
MONTELUKAST-C4305B14,MFR-MICRON-PHARMACEUTICALS-3CC9EA,CDSCO NSQ 2026-08 batch T251209 (NSQ-B833C4298A17),,CDSCO NSQ public table (manufacturer of a tested batch),https://cdscoonline.gov.in/CDSCO/viewPublicNSQDrug,2026-09-27T07:50:40Z,REAL
MUPIROCIN-3808AA95,MFR-ARIUS-FORMULATION-5A9390,CDSCO NSQ 2025-01 batch DC2437 (NSQ-76B1C2AFFBFD),,CDSCO NSQ public table (manufacturer of a tested batch),https://cdscoonline.gov.in/CDSCO/viewPublicNSQDrug,2026-09-27T07:49:39Z,REAL
MUPIROCIN-3808AA95,MFR-ARIUS-FORMULATIONS-AA69E0,CDSCO NSQ 2025-04 batch DG2436 (NSQ-5D184A3F1837),,CDSCO NSQ public table (manufacturer of a tested batch),https://cdscoonline.gov.in/CDSCO/viewPublicNSQDrug,2026-09-27T07:49:48Z,REAL
MUPIROCIN-3808AA95,MFR-BIODEAL-PHARMACEUTICALS-8A36E1,CDSCO NSQ 2025-06 batch 2410223B (NSQ-9EDDAA1730C1),,CDSCO NSQ public table (manufacturer of a tested batch),https://cdscoonline.gov.in/CDSCO/viewPublicNSQDrug,2026-09-27T07:49:55Z,REAL
MUPIROCIN-3808AA95,MFR-BONN-SCHETERING-BIO-SCIE-6B3250,CDSCO NSQ 2025-01 batch MVO-070 (NSQ-F255AA7E4C09),,CDSCO NSQ public table (manufacturer of a tested batch),https://cdscoonline.gov.in/CDSCO/viewPublicNSQDrug,2026-09-27T07:49:39Z,REAL
MUPIROCIN-3808AA95,MFR-MAXWELL-PHARMA-429234,CDSCO NSQ 2025-01 batch ME-41 (NSQ-ABD29DD4B7F4),,CDSCO NSQ public table (manufacturer of a tested batch),https://cdscoonline.gov.in/CDSCO/viewPublicNSQDrug,2026-09-27T07:49:39Z,REAL
MUPIROCIN-3808AA95,MFR-NANZ-MED-SCIENCE-PHARMA-6D1EE8,CDSCO NSQ 2025-01 batch NO33015 6 (NSQ-819F13B55494),,CDSCO NSQ public table (manufacturer of a tested batch),https://cdscoonline.gov.in/CDSCO/viewPublicNSQDrug,2026-09-27T07:49:39Z,REAL
MUPIROCIN-3808AA95,MFR-SB-LIFESCIENCES-A79A71,CDSCO NSQ 2025-01 batch SO-033 (NSQ-A62E010421E7),,CDSCO NSQ public table (manufacturer of a tested batch),https://cdscoonline.gov.in/CDSCO/viewPublicNSQDrug,2026-09-27T07:49:39Z,REAL
NEVIRAPINE-8C627BB8,MFR-DYNAMISM-LAB-C4A78F,CDSCO NSQ 2026-02 batch L071 (NSQ-EC9049F002B1),,CDSCO NSQ public table (manufacturer of a tested batch),https://cdscoonline.gov.in/CDSCO/viewPublicNSQDrug,2026-09-27T07:50:21Z,REAL
NIFEDIPINE-328563FC,MFR-EUROKEM-LABORATORIES-480F3F,CDSCO NSQ 2025-05 batch NF24007 (NSQ-5CA52DE8F928),,CDSCO NSQ public table (manufacturer of a tested batch),https://cdscoonline.gov.in/CDSCO/viewPublicNSQDrug,2026-09-27T07:49:52Z,REAL
NIFEDIPINE-328563FC,MFR-J-B-CHEMICALS-PHARMACEUT-3BF69C,CDSCO NSQ 2026-07 batch ANY25001 (NSQ-2A7105A80443),,CDSCO NSQ public table (manufacturer of a tested batch),https://cdscoonline.gov.in/CDSCO/viewPublicNSQDrug,2026-09-27T07:50:37Z,REAL
NIFEDIPINE-328563FC,MFR-MEDISKY-PHARMACEUTICALS-A2AA90,CDSCO NSQ 2025-11 batch T250809 (NSQ-8B27CC0D011F),,CDSCO NSQ public table (manufacturer of a tested batch),https://cdscoonline.gov.in/CDSCO/viewPublicNSQDrug,2026-09-27T07:50:11Z,REAL
NIFEDIPINE-328563FC,MFR-NABROS-PHARMA-0EADED,CDSCO NSQ 2026-03 batch NR019 (NSQ-A63032EFF723),,CDSCO NSQ public table (manufacturer of a tested batch),https://cdscoonline.gov.in/CDSCO/viewPublicNSQDrug,2026-09-27T07:50:24Z,REAL
NIFEDIPINE-328563FC,MFR-TOWA-PHARMA-1F44CA,CDSCO NSQ 2025-11 batch 3442505 (NSQ-A6E65A20923D),,CDSCO NSQ public table (manufacturer of a tested batch),https://cdscoonline.gov.in/CDSCO/viewPublicNSQDrug,2026-09-27T07:50:11Z,REAL
NITROFURANTOIN-BDF506E5,MFR-JACKSON-LABORATORIES-84EC23,CDSCO NSQ 2025-02 batch T-2485 (NSQ-55D5758E2B08),,CDSCO NSQ public table (manufacturer of a tested batch),https://cdscoonline.gov.in/CDSCO/viewPublicNSQDrug,2026-09-27T07:49:42Z,REAL
NITROFURANTOIN-BDF506E5,MFR-OVERSEAS-HEALTH-CARE-D0DB9B,CDSCO NSQ 2025-02 batch USR- 186 (NSQ-A2FEEE69AE71),,CDSCO NSQ public table (manufacturer of a tested batch),https://cdscoonline.gov.in/CDSCO/viewPublicNSQDrug,2026-09-27T07:49:42Z,REAL
NITROFURANTOIN-BDF506E5,MFR-UNICURE-631AE3,CDSCO NSQ 2025-06 batch NFDT1201 (NSQ-451098F1E11A),,CDSCO NSQ public table (manufacturer of a tested batch),https://cdscoonline.gov.in/CDSCO/viewPublicNSQDrug,2026-09-27T07:49:55Z,REAL
OMEPRAZOLE-21BC9A73,MFR-JACKSON-LABORATORIES-84EC23,CDSCO NSQ 2025-11 batch C-3023 (NSQ-6B0D269085CC),,CDSCO NSQ public table (manufacturer of a tested batch),https://cdscoonline.gov.in/CDSCO/viewPublicNSQDrug,2026-09-27T07:50:11Z,REAL
OMEPRAZOLE-37BEEC16,MFR-ABAN-PHARMACEUTICALS-8C7F58,CDSCO NSQ 2025-11 batch 153/25 (NSQ-A48933D875C2),,CDSCO NSQ public table (manufacturer of a tested batch),https://cdscoonline.gov.in/CDSCO/viewPublicNSQDrug,2026-09-27T07:50:11Z,REAL
OMEPRAZOLE-37BEEC16,MFR-BENGAL-CHEMICALS-PHARMAC-DD91E4,CDSCO NSQ 2026-07 batch GC108503 (NSQ-CA06E9466D2E),,CDSCO NSQ public table (manufacturer of a tested batch),https://cdscoonline.gov.in/CDSCO/viewPublicNSQDrug,2026-09-27T07:50:37Z,REAL
OMEPRAZOLE-37BEEC16,MFR-HIMALAYA-MEDITEK-F81189,CDSCO NSQ 2025-04 batch HCN423F (NSQ-6F06E1E439BE),,CDSCO NSQ public table (manufacturer of a tested batch),https://cdscoonline.gov.in/CDSCO/viewPublicNSQDrug,2026-09-27T07:49:48Z,REAL
OMEPRAZOLE-37BEEC16,MFR-JPEE-DRUGS-726C89,CDSCO NSQ 2026-01 batch JDC-1592 (NSQ-F417E2507B12),,CDSCO NSQ public table (manufacturer of a tested batch),https://cdscoonline.gov.in/CDSCO/viewPublicNSQDrug,2026-09-27T07:50:17Z,REAL
OMEPRAZOLE-8B672144,MFR-JPEE-DRUGS-726C89,CDSCO NSQ 2025-12 batch JDC-1452 (NSQ-62F58E658578),,CDSCO NSQ public table (manufacturer of a tested batch),https://cdscoonline.gov.in/CDSCO/viewPublicNSQDrug,2026-09-27T07:50:14Z,REAL
OMEPRAZOLE-FB8740BD,MFR-VAPI-CARE-PHARMA-38F338,CDSCO NSQ 2026-06 batch VGT250168 (NSQ-44700685914D),,CDSCO NSQ public table (manufacturer of a tested batch),https://cdscoonline.gov.in/CDSCO/viewPublicNSQDrug,2026-09-27T07:50:34Z,REAL
ONDANSETRON-0C4C8D20,MFR-AFFY-PARENTERALS-6A6836,CDSCO NSQ 2025-09 batch PGY25248 (NSQ-D6D3C2523B91),,CDSCO NSQ public table (manufacturer of a tested batch),https://cdscoonline.gov.in/CDSCO/viewPublicNSQDrug,2026-09-27T07:50:04Z,REAL
ONDANSETRON-0C4C8D20,MFR-MARC-LABORATORIES-5B1DFE,CDSCO NSQ 2026-05 batch TON-102 (NSQ-F08B8B6B7461),,CDSCO NSQ public table (manufacturer of a tested batch),https://cdscoonline.gov.in/CDSCO/viewPublicNSQDrug,2026-09-27T07:50:31Z,REAL
ONDANSETRON-0C4C8D20,MFR-NANDANI-MEDICAL-LABORATO-595B8E,CDSCO NSQ 2025-05 batch ONA12515 (NSQ-9100EFE0197F),,CDSCO NSQ public table (manufacturer of a tested batch),https://cdscoonline.gov.in/CDSCO/viewPublicNSQDrug,2026-09-27T07:49:52Z,REAL
ONDANSETRON-0C4C8D20,MFR-NIXI-LABORATORIES-0CA86E,CDSCO NSQ 2026-05 batch A25BI018C (NSQ-61C816E710AE),,CDSCO NSQ public table (manufacturer of a tested batch),https://cdscoonline.gov.in/CDSCO/viewPublicNSQDrug,2026-09-27T07:50:31Z,REAL
ONDANSETRON-0C4C8D20,MFR-PAKSONS-PHARMACEUTICALS-11D4E2,CDSCO NSQ 2025-06 batch P24L189 (NSQ-56102DA44166),,CDSCO NSQ public table (manufacturer of a tested batch),https://cdscoonline.gov.in/CDSCO/viewPublicNSQDrug,2026-09-27T07:49:55Z,REAL
ONDANSETRON-0C4C8D20,MFR-PHARMA-CHEMICO-LABORATOR-3DC6AE,CDSCO NSQ 2025-12 batch 110525 (NSQ-A8EB68BB882E),,CDSCO NSQ public table (manufacturer of a tested batch),https://cdscoonline.gov.in/CDSCO/viewPublicNSQDrug,2026-09-27T07:50:14Z,REAL
ONDANSETRON-0C4C8D20,MFR-SVP-LIFE-SCIENCES-D0DE12,CDSCO NSQ 2026-08 batch 26ERB36 (NSQ-3B3D0B5FAB3D),,CDSCO NSQ public table (manufacturer of a tested batch),https://cdscoonline.gov.in/CDSCO/viewPublicNSQDrug,2026-09-27T07:50:40Z,REAL
ONDANSETRON-0C4C8D20,MFR-SYMBIOSIS-PHARMACEUTICAL-64BFAE,CDSCO NSQ 2026-01 batch LA24174B (NSQ-6FC01966F237),,CDSCO NSQ public table (manufacturer of a tested batch),https://cdscoonline.gov.in/CDSCO/viewPublicNSQDrug,2026-09-27T07:50:17Z,REAL
ONDANSETRON-90FD0AA4,MFR-AGRON-REMEDIES-67D913,CDSCO NSQ 2026-07 batch TB251158 (NSQ-9576F2980449),,CDSCO NSQ public table (manufacturer of a tested batch),https://cdscoonline.gov.in/CDSCO/viewPublicNSQDrug,2026-09-27T07:50:37Z,REAL
ONDANSETRON-90FD0AA4,MFR-APPLE-FORMULATIONS-0E9868,CDSCO NSQ 2026-03 batch OSD-2501 (NSQ-AEFB49B3D6D6),,CDSCO NSQ public table (manufacturer of a tested batch),https://cdscoonline.gov.in/CDSCO/viewPublicNSQDrug,2026-09-27T07:50:24Z,REAL
ONDANSETRON-90FD0AA4,MFR-MFG-BY-KARNANI-PHARMACEU-98AFE5,CDSCO NSQ 2025-01 batch T-15842 (NSQ-7993B8B8E9F5),,CDSCO NSQ public table (manufacturer of a tested batch),https://cdscoonline.gov.in/CDSCO/viewPublicNSQDrug,2026-09-27T07:49:39Z,REAL
ONDANSETRON-90FD0AA4,MFR-NESTOR-PHARMACEUTICALS-146D4B,CDSCO NSQ 2025-04 batch ONTB-06 (NSQ-D5D285D1DC0A),,CDSCO NSQ public table (manufacturer of a tested batch),https://cdscoonline.gov.in/CDSCO/viewPublicNSQDrug,2026-09-27T07:49:48Z,REAL
ONDANSETRON-90FD0AA4,MFR-RIVPRA-FORMULATION-3E72AB,CDSCO NSQ 2025-06 batch RV24012 (NSQ-6E816ABE6D62),,CDSCO NSQ public table (manufacturer of a tested batch),https://cdscoonline.gov.in/CDSCO/viewPublicNSQDrug,2026-09-27T07:49:55Z,REAL
ONDANSETRON-90FD0AA4,MFR-SYMBIOSIS-PHARMACEUTICAL-64BFAE,CDSCO NSQ 2026-07 batch TG252335 (NSQ-F8C49BAC553B),,CDSCO NSQ public table (manufacturer of a tested batch),https://cdscoonline.gov.in/CDSCO/viewPublicNSQDrug,2026-09-27T07:50:37Z,REAL
ONDANSETRON-BBF6BBF5,MFR-ATHENS-LIFE-SCIENCES-85791B,CDSCO NSQ 2026-03 batch TG24-0742 (NSQ-931302347338),,CDSCO NSQ public table (manufacturer of a tested batch),https://cdscoonline.gov.in/CDSCO/viewPublicNSQDrug,2026-09-27T07:50:24Z,REAL
OXYTOCIN-9D30EC50,MFR-JACKSON-LABORATORIES-84EC23,CDSCO NSQ 2026-05 batch I-7881 (NSQ-87D80017898C),,CDSCO NSQ public table (manufacturer of a tested batch),https://cdscoonline.gov.in/CDSCO/viewPublicNSQDrug,2026-09-27T07:50:31Z,REAL
PANTOPRAZOLE-0F1EA4CC,MFR-AGRON-REMEDIES-SARVERKHE-B68697,CDSCO NSQ 2026-08 batch 1250095 (NSQ-966C4A866B40),,CDSCO NSQ public table (manufacturer of a tested batch),https://cdscoonline.gov.in/CDSCO/viewPublicNSQDrug,2026-09-27T07:50:40Z,REAL
PANTOPRAZOLE-0F1EA4CC,MFR-ANG-LIFESCIENCES-E01CB5,CDSCO NSQ 2025-05 batch AA013026 (NSQ-33EAD71B0776),,CDSCO NSQ public table (manufacturer of a tested batch),https://cdscoonline.gov.in/CDSCO/viewPublicNSQDrug,2026-09-27T07:49:52Z,REAL
PANTOPRAZOLE-0F1EA4CC,MFR-ASSOCIATED-BIOPHARMA-2F66B5,CDSCO NSQ 2025-06 batch ABGJ24032TH (NSQ-AAF120F90CBA),,CDSCO NSQ public table (manufacturer of a tested batch),https://cdscoonline.gov.in/CDSCO/viewPublicNSQDrug,2026-09-27T07:49:55Z,REAL
PANTOPRAZOLE-0F1EA4CC,MFR-BAJAJ-FORMULATIONS-6F6D0C,CDSCO NSQ 2025-08 batch T24E999A (NSQ-7F7F8FCDE9F1),,CDSCO NSQ public table (manufacturer of a tested batch),https://cdscoonline.gov.in/CDSCO/viewPublicNSQDrug,2026-09-27T07:50:01Z,REAL
PANTOPRAZOLE-0F1EA4CC,MFR-MMG-HEALTHCARE-708806,CDSCO NSQ 2026-01 batch 25GF05A (NSQ-2DDF42FD094D),,CDSCO NSQ public table (manufacturer of a tested batch),https://cdscoonline.gov.in/CDSCO/viewPublicNSQDrug,2026-09-27T07:50:17Z,REAL
PANTOPRAZOLE-0F1EA4CC,MFR-MNG-HEALTHCARE-TRILOKPUR-1D2DF9,CDSCO NSQ 2025-08 batch 24GL13C (NSQ-28F2AD2DBD55),,CDSCO NSQ public table (manufacturer of a tested batch),https://cdscoonline.gov.in/CDSCO/viewPublicNSQDrug,2026-09-27T07:50:01Z,REAL
PANTOPRAZOLE-0F1EA4CC,MFR-RITUAL-DRUGS-0D2C80,CDSCO NSQ 2025-08 batch GT4C45 (NSQ-1CF9BA83B15E),,CDSCO NSQ public table (manufacturer of a tested batch),https://cdscoonline.gov.in/CDSCO/viewPublicNSQDrug,2026-09-27T07:50:01Z,REAL
PANTOPRAZOLE-0F1EA4CC,MFR-RONAK-LIFE-CARE-RS-NO-A85563,CDSCO NSQ 2026-01 batch 2425105 (NSQ-A1B20B8F3503),,CDSCO NSQ public table (manufacturer of a tested batch),https://cdscoonline.gov.in/CDSCO/viewPublicNSQDrug,2026-09-27T07:50:17Z,REAL
PANTOPRAZOLE-0F1EA4CC,MFR-VELLINTON-HEALTHCARE-D2A52F,CDSCO NSQ 2025-06 batch GD24L-27H (NSQ-58EADA13BD8C),,CDSCO NSQ public table (manufacturer of a tested batch),https://cdscoonline.gov.in/CDSCO/viewPublicNSQDrug,2026-09-27T07:49:55Z,REAL
PARACETAMOL-1F320513,MFR-REGENT-AJANTA-BIOTECH-71B6D7,CDSCO NSQ 2026-04 batch PRL2501-03 (NSQ-F31B7FFEE7C9),,CDSCO NSQ public table (manufacturer of a tested batch),https://cdscoonline.gov.in/CDSCO/viewPublicNSQDrug,2026-09-27T07:50:27Z,REAL
PARACETAMOL-5D2DEBA3,MFR-ABAN-PHARMACEUTICALS-8C7F58,CDSCO NSQ 2025-10 batch 2501032 (NSQ-3ACDE5D90AE4),,CDSCO NSQ public table (manufacturer of a tested batch),https://cdscoonline.gov.in/CDSCO/viewPublicNSQDrug,2026-09-27T07:50:08Z,REAL
PARACETAMOL-5D2DEBA3,MFR-ALPHA-PHARMACEUTICALS-FBBF25,CDSCO NSQ 2025-11 batch 1515 (NSQ-503C388E0DB5),,CDSCO NSQ public table (manufacturer of a tested batch),https://cdscoonline.gov.in/CDSCO/viewPublicNSQDrug,2026-09-27T07:50:11Z,REAL
PARACETAMOL-5D2DEBA3,MFR-ALVENTA-PHARMA-EDD55F,CDSCO NSQ 2026-07 batch AGT40557 (NSQ-7205C7ACE01F),,CDSCO NSQ public table (manufacturer of a tested batch),https://cdscoonline.gov.in/CDSCO/viewPublicNSQDrug,2026-09-27T07:50:37Z,REAL
PARACETAMOL-5D2DEBA3,MFR-ARCON-LABS-ADDAE1,CDSCO NSQ 2025-10 batch ALT0841 (NSQ-E45A80966F16),,CDSCO NSQ public table (manufacturer of a tested batch),https://cdscoonline.gov.in/CDSCO/viewPublicNSQDrug,2026-09-27T07:50:08Z,REAL
PARACETAMOL-5D2DEBA3,MFR-BENNET-PHARMACEUTICALS-AD34F2,CDSCO NSQ 2026-02 batch BPLT-25032 (NSQ-7B4248824844),,CDSCO NSQ public table (manufacturer of a tested batch),https://cdscoonline.gov.in/CDSCO/viewPublicNSQDrug,2026-09-27T07:50:21Z,REAL
PARACETAMOL-5D2DEBA3,MFR-CURETECH-FORMULATIONS-6A510D,CDSCO NSQ 2026-04 batch CAAL25054 (NSQ-4711FBF0CE07),,CDSCO NSQ public table (manufacturer of a tested batch),https://cdscoonline.gov.in/CDSCO/viewPublicNSQDrug,2026-09-27T07:50:27Z,REAL
PARACETAMOL-5D2DEBA3,MFR-EASTERN-HEALTHCARE-E7E1CE,CDSCO NSQ 2026-03 batch DRT23139 (NSQ-845FE4B6EF9C),,CDSCO NSQ public table (manufacturer of a tested batch),https://cdscoonline.gov.in/CDSCO/viewPublicNSQDrug,2026-09-27T07:50:24Z,REAL
PARACETAMOL-5D2DEBA3,MFR-FORGO-PHARMACEUTICALS-17CE8F,CDSCO NSQ 2026-07 batch FT5427 (NSQ-BA4C4B76BF50),,CDSCO NSQ public table (manufacturer of a tested batch),https://cdscoonline.gov.in/CDSCO/viewPublicNSQDrug,2026-09-27T07:50:37Z,REAL
PARACETAMOL-5D2DEBA3,MFR-GROWMED-LIFE-PHARMA-2AFDDE,CDSCO NSQ 2026-04 batch G02090B (NSQ-38D6C76AACEB),,CDSCO NSQ public table (manufacturer of a tested batch),https://cdscoonline.gov.in/CDSCO/viewPublicNSQDrug,2026-09-27T07:50:27Z,REAL
PARACETAMOL-5D2DEBA3,MFR-HINDUSTAN-LABORATORIES-523601,CDSCO NSQ 2025-09 batch TEM25002AL (NSQ-3D62A3FBAC2C),,CDSCO NSQ public table (manufacturer of a tested batch),https://cdscoonline.gov.in/CDSCO/viewPublicNSQDrug,2026-09-27T07:50:04Z,REAL
PARACETAMOL-5D2DEBA3,MFR-INDORAMA-HEALTH-CARE-E466EC,CDSCO NSQ 2025-11 batch DT2502044C (NSQ-559367DD2155),,CDSCO NSQ public table (manufacturer of a tested batch),https://cdscoonline.gov.in/CDSCO/viewPublicNSQDrug,2026-09-27T07:50:11Z,REAL
PARACETAMOL-5D2DEBA3,MFR-IPCA-LABORATORIES-DB7EDF,CDSCO NSQ 2026-03 batch GMW0825055AK (NSQ-2E44E4385D5B),,CDSCO NSQ public table (manufacturer of a tested batch),https://cdscoonline.gov.in/CDSCO/viewPublicNSQDrug,2026-09-27T07:50:24Z,REAL
PARACETAMOL-5D2DEBA3,MFR-KAUSHIK-THERAPEUTICS-1CA88F,CDSCO NSQ 2025-04 batch K1224079 (NSQ-628A98C31DA0),,CDSCO NSQ public table (manufacturer of a tested batch),https://cdscoonline.gov.in/CDSCO/viewPublicNSQDrug,2026-09-27T07:49:48Z,REAL
PARACETAMOL-5D2DEBA3,MFR-KONIS-PHARMACEUTICALS-56582F,CDSCO NSQ 2025-06 batch ARDL-6-2403 (NSQ-242C6656A158),,CDSCO NSQ public table (manufacturer of a tested batch),https://cdscoonline.gov.in/CDSCO/viewPublicNSQDrug,2026-09-27T07:49:55Z,REAL
PARACETAMOL-5D2DEBA3,MFR-MLS-ABAN-PHARMACEUTICALS-F887E6,CDSCO NSQ 2025-05 batch 24020111 (NSQ-786F61870F2B),,CDSCO NSQ public table (manufacturer of a tested batch),https://cdscoonline.gov.in/CDSCO/viewPublicNSQDrug,2026-09-27T07:49:52Z,REAL
PARACETAMOL-5D2DEBA3,MFR-OAKSUN-LIFESCIENCES-8575E8,CDSCO NSQ 2025-06 batch T25.039 (NSQ-06ABBD643A86),,CDSCO NSQ public table (manufacturer of a tested batch),https://cdscoonline.gov.in/CDSCO/viewPublicNSQDrug,2026-09-27T07:49:55Z,REAL
PARACETAMOL-5D2DEBA3,MFR-ORISON-PHARMA-INTERNATIO-DE195F,CDSCO NSQ 2025-12 batch 24I-T1956E (NSQ-C27A7E55E6F8),,CDSCO NSQ public table (manufacturer of a tested batch),https://cdscoonline.gov.in/CDSCO/viewPublicNSQDrug,2026-09-27T07:50:14Z,REAL
PARACETAMOL-5D2DEBA3,MFR-REVAT-LABORATORIES-DAF538,CDSCO NSQ 2026-05 batch RPCT-221 (NSQ-4ED07E7DF5C2),,CDSCO NSQ public table (manufacturer of a tested batch),https://cdscoonline.gov.in/CDSCO/viewPublicNSQDrug,2026-09-27T07:50:31Z,REAL
PARACETAMOL-5D2DEBA3,MFR-S-DHOLE-IDCO-9DE1E8,CDSCO NSQ 2026-03 batch 725001 (NSQ-D8EA2488DE17),,CDSCO NSQ public table (manufacturer of a tested batch),https://cdscoonline.gov.in/CDSCO/viewPublicNSQDrug,2026-09-27T07:50:24Z,REAL
PARACETAMOL-5D2DEBA3,MFR-SHERVOTEE-PHARMACEUTICAL-BF6741,CDSCO NSQ 2025-10 batch SPT-36695 (NSQ-AA565684EBDD),,CDSCO NSQ public table (manufacturer of a tested batch),https://cdscoonline.gov.in/CDSCO/viewPublicNSQDrug,2026-09-27T07:50:08Z,REAL
PARACETAMOL-5D2DEBA3,MFR-SPAS-REMEDISE-7D9F89,CDSCO NSQ 2025-02 batch SRGT- 24471 (NSQ-5DE3A820C9FF),,CDSCO NSQ public table (manufacturer of a tested batch),https://cdscoonline.gov.in/CDSCO/viewPublicNSQDrug,2026-09-27T07:49:42Z,REAL
PARACETAMOL-5D2DEBA3,MFR-SUNFINE-HEALTHCARE-3BBE5A,CDSCO NSQ 2025-08 batch SGT1113A (NSQ-6A75A6C22637),,CDSCO NSQ public table (manufacturer of a tested batch),https://cdscoonline.gov.in/CDSCO/viewPublicNSQDrug,2026-09-27T07:50:01Z,REAL
PARACETAMOL-5D2DEBA3,MFR-TIDAL-LABORATORIES-F273CB,CDSCO NSQ 2026-08 batch GTD0070 (NSQ-037BB6E5F950),,CDSCO NSQ public table (manufacturer of a tested batch),https://cdscoonline.gov.in/CDSCO/viewPublicNSQDrug,2026-09-27T07:50:40Z,REAL
PARACETAMOL-5D2DEBA3,MFR-VITAL-FORMULATIONS-3488EF,CDSCO NSQ 2026-05 batch T-25111 (NSQ-C2A4B203EE62),,CDSCO NSQ public table (manufacturer of a tested batch),https://cdscoonline.gov.in/CDSCO/viewPublicNSQDrug,2026-09-27T07:50:31Z,REAL
PARACETAMOL-5D2DEBA3,MFR-VIVEK-PHARMACHEM-D8CBC7,CDSCO NSQ 2025-04 batch PCT24034 (NSQ-969D2EFDD26D),,CDSCO NSQ public table (manufacturer of a tested batch),https://cdscoonline.gov.in/CDSCO/viewPublicNSQDrug,2026-09-27T07:49:48Z,REAL
PARACETAMOL-5D2DEBA3,MFR-VRINDAVAN-GLOBAL-D360C5,CDSCO NSQ 2025-10 batch VGT 241580B (NSQ-0D8BD8E105C6),,CDSCO NSQ public table (manufacturer of a tested batch),https://cdscoonline.gov.in/CDSCO/viewPublicNSQDrug,2026-09-27T07:50:08Z,REAL
PARACETAMOL-5D2DEBA3,MFR-YACCA-PHARMACEUTICAL-E649D4,CDSCO NSQ 2026-07 batch UT-3765 (NSQ-9CC300C56D39),,CDSCO NSQ public table (manufacturer of a tested batch),https://cdscoonline.gov.in/CDSCO/viewPublicNSQDrug,2026-09-27T07:50:37Z,REAL
PARACETAMOL-5D2DEBA3,MFR-YUVENTIS-LIFE-SCIENCES-E65C85,CDSCO NSQ 2026-07 batch YT-250671E (NSQ-21A365A118A2),,CDSCO NSQ public table (manufacturer of a tested batch),https://cdscoonline.gov.in/CDSCO/viewPublicNSQDrug,2026-09-27T07:50:37Z,REAL
PARACETAMOL-5D2DEBA3,MFR-ZENITH-DRUGS-5D0A6D,CDSCO NSQ 2026-07 batch T60095 (NSQ-C3A3C42A17FC),,CDSCO NSQ public table (manufacturer of a tested batch),https://cdscoonline.gov.in/CDSCO/viewPublicNSQDrug,2026-09-27T07:50:37Z,REAL
PARACETAMOL-D3093EF3,MFR-AAGYA-BIOTECH-2EF60E,CDSCO NSQ 2026-05 batch GAB2566 (NSQ-B6056C7F114B),,CDSCO NSQ public table (manufacturer of a tested batch),https://cdscoonline.gov.in/CDSCO/viewPublicNSQDrug,2026-09-27T07:50:31Z,REAL
PARACETAMOL-D3093EF3,MFR-ACME-FORMULATIONS-C67AE0,CDSCO NSQ 2026-06 batch AMJ0711 (NSQ-492B3DDC2F48),,CDSCO NSQ public table (manufacturer of a tested batch),https://cdscoonline.gov.in/CDSCO/viewPublicNSQDrug,2026-09-27T07:50:34Z,REAL
PARACETAMOL-D3093EF3,MFR-ALVENTA-PHARMA-EDD55F,CDSCO NSQ 2025-01 batch AGT4055 4 (NSQ-5925CD039A23),,CDSCO NSQ public table (manufacturer of a tested batch),https://cdscoonline.gov.in/CDSCO/viewPublicNSQDrug,2026-09-27T07:49:39Z,REAL
PARACETAMOL-D3093EF3,MFR-BENGAL-CHEMICALS-AND-PHA-38488A,CDSCO NSQ 2025-10 batch BTH-19 (NSQ-A3FDF5AE888E),,CDSCO NSQ public table (manufacturer of a tested batch),https://cdscoonline.gov.in/CDSCO/viewPublicNSQDrug,2026-09-27T07:50:08Z,REAL
PARACETAMOL-D3093EF3,MFR-COTEC-HEALTHCARE-47A31E,CDSCO NSQ 2026-07 batch CHT-50351 (NSQ-8B4C1D04EF46),,CDSCO NSQ public table (manufacturer of a tested batch),https://cdscoonline.gov.in/CDSCO/viewPublicNSQDrug,2026-09-27T07:50:37Z,REAL
PARACETAMOL-D3093EF3,MFR-CURETECH-FORMULATIONS-6A510D,CDSCO NSQ 2026-07 batch CTF2 5007 (NSQ-44FC0222CC31),,CDSCO NSQ public table (manufacturer of a tested batch),https://cdscoonline.gov.in/CDSCO/viewPublicNSQDrug,2026-09-27T07:50:37Z,REAL
PARACETAMOL-D3093EF3,MFR-CUREZA-HEALTHCARE-A-B-RO-AE23EB,CDSCO NSQ 2025-04 batch CHT23725 (NSQ-0BF176427316),,CDSCO NSQ public table (manufacturer of a tested batch),https://cdscoonline.gov.in/CDSCO/viewPublicNSQDrug,2026-09-27T07:49:48Z,REAL
PARACETAMOL-D3093EF3,MFR-CUREZA-HEALTHCARE-CUREZA-8ED800,CDSCO NSQ 2025-09 batch CLR23725 (NSQ-D7626D978774),,CDSCO NSQ public table (manufacturer of a tested batch),https://cdscoonline.gov.in/CDSCO/viewPublicNSQDrug,2026-09-27T07:50:04Z,REAL
PARACETAMOL-D3093EF3,MFR-DANISH-HEALTH-CARE-767C18,CDSCO NSQ 2026-01 batch PYA24001 (NSQ-7F3AC003E523),,CDSCO NSQ public table (manufacturer of a tested batch),https://cdscoonline.gov.in/CDSCO/viewPublicNSQDrug,2026-09-27T07:50:17Z,REAL
PARACETAMOL-D3093EF3,MFR-ELEGANT-DRUGS-52FE6E,CDSCO NSQ 2026-01 batch 4D189 (NSQ-E4C061B6760F),,CDSCO NSQ public table (manufacturer of a tested batch),https://cdscoonline.gov.in/CDSCO/viewPublicNSQDrug,2026-09-27T07:50:17Z,REAL
PARACETAMOL-D3093EF3,MFR-GIDSHA-PHARMACEUTICALS-EA6FC4,CDSCO NSQ 2025-12 batch SKTC25002 (NSQ-F4CC648342F0),,CDSCO NSQ public table (manufacturer of a tested batch),https://cdscoonline.gov.in/CDSCO/viewPublicNSQDrug,2026-09-27T07:50:14Z,REAL
PARACETAMOL-D3093EF3,MFR-HEALER-S-LAB-E4DEE4,CDSCO NSQ 2025-02 batch PAK 551 (NSQ-2F4F22BE5662),,CDSCO NSQ public table (manufacturer of a tested batch),https://cdscoonline.gov.in/CDSCO/viewPublicNSQDrug,2026-09-27T07:49:42Z,REAL
PARACETAMOL-D3093EF3,MFR-INFINITIVE-PHARMACEUTICA-B3307D,CDSCO NSQ 2026-05 batch 42675 (NSQ-963F108AA100),,CDSCO NSQ public table (manufacturer of a tested batch),https://cdscoonline.gov.in/CDSCO/viewPublicNSQDrug,2026-09-27T07:50:31Z,REAL
PARACETAMOL-D3093EF3,MFR-JINEKA-HEALTHCARE-3AD598,CDSCO NSQ 2025-04 batch JT-2405719 (NSQ-680836688D8F),,CDSCO NSQ public table (manufacturer of a tested batch),https://cdscoonline.gov.in/CDSCO/viewPublicNSQDrug,2026-09-27T07:49:48Z,REAL
PARACETAMOL-D3093EF3,MFR-KARNATAKA-ANTIBIOTICS-PH-119EE6,CDSCO NSQ 2025-05 batch KA1334 (NSQ-F356DD20FB03),,CDSCO NSQ public table (manufacturer of a tested batch),https://cdscoonline.gov.in/CDSCO/viewPublicNSQDrug,2026-09-27T07:49:52Z,REAL
PARACETAMOL-D3093EF3,MFR-KERALA-MEDICAL-SERVICES-4439E2,CDSCO NSQ 2025-03 batch D 3103/24 -25 (NSQ-09202AC4296D),,CDSCO NSQ public table (manufacturer of a tested batch),https://cdscoonline.gov.in/CDSCO/viewPublicNSQDrug,2026-09-27T07:49:45Z,REAL
PARACETAMOL-D3093EF3,MFR-KSHIPRA-DRUGS-87B594,CDSCO NSQ 2025-04 batch T-23204 (NSQ-4A9F49B4985E),,CDSCO NSQ public table (manufacturer of a tested batch),https://cdscoonline.gov.in/CDSCO/viewPublicNSQDrug,2026-09-27T07:49:48Z,REAL
PARACETAMOL-D3093EF3,MFR-LABORATE-PHARMACEUTICALS-5540C6,CDSCO NSQ 2025-10 batch NBRT-018 (NSQ-07543900E45C),,CDSCO NSQ public table (manufacturer of a tested batch),https://cdscoonline.gov.in/CDSCO/viewPublicNSQDrug,2026-09-27T07:50:08Z,REAL
PARACETAMOL-D3093EF3,MFR-MED-MANOR-ORGANICS-UINT-4CA574,CDSCO NSQ 2026-01 batch HPJ405 (NSQ-D8481E36F25F),,CDSCO NSQ public table (manufacturer of a tested batch),https://cdscoonline.gov.in/CDSCO/viewPublicNSQDrug,2026-09-27T07:50:17Z,REAL
PARACETAMOL-D3093EF3,MFR-ORNATE-LABS-BC6A1C,CDSCO NSQ 2025-10 batch DGT 24-25 (NSQ-33A2718619A9),,CDSCO NSQ public table (manufacturer of a tested batch),https://cdscoonline.gov.in/CDSCO/viewPublicNSQDrug,2026-09-27T07:50:08Z,REAL
PARACETAMOL-D3093EF3,MFR-PINNACLE-KLIFE-SCIENCE-F0D3F8,CDSCO NSQ 2026-04 batch IPCL25031 (NSQ-20E67771B183),,CDSCO NSQ public table (manufacturer of a tested batch),https://cdscoonline.gov.in/CDSCO/viewPublicNSQDrug,2026-09-27T07:50:27Z,REAL
PARACETAMOL-D3093EF3,MFR-PINNACLE-LIFE-SCIENCES-2C2AED,CDSCO NSQ 2026-02 batch IPCL25031 (NSQ-D0B9E6A21723),,CDSCO NSQ public table (manufacturer of a tested batch),https://cdscoonline.gov.in/CDSCO/viewPublicNSQDrug,2026-09-27T07:50:21Z,REAL
PARACETAMOL-D3093EF3,MFR-RATHOD-PHARMACHEM-2E56B7,CDSCO NSQ 2026-04 batch RHR069 (NSQ-AB316CA0B89B),,CDSCO NSQ public table (manufacturer of a tested batch),https://cdscoonline.gov.in/CDSCO/viewPublicNSQDrug,2026-09-27T07:50:27Z,REAL
PARACETAMOL-D3093EF3,MFR-ROCKBROOK-OVERSEAS-DIC-B86DE6,CDSCO NSQ 2026-08 batch RBT-2183 (NSQ-D934D6C77B55),,CDSCO NSQ public table (manufacturer of a tested batch),https://cdscoonline.gov.in/CDSCO/viewPublicNSQDrug,2026-09-27T07:50:40Z,REAL
PARACETAMOL-D3093EF3,MFR-SARV-PHARMACEUTICALS-8E8BEF,CDSCO NSQ 2025-04 batch 451AA05 (NSQ-D5A35CA79E4C),,CDSCO NSQ public table (manufacturer of a tested batch),https://cdscoonline.gov.in/CDSCO/viewPublicNSQDrug,2026-09-27T07:49:48Z,REAL
PARACETAMOL-D3093EF3,MFR-SELDOM-PHARMA-5AEB62,CDSCO NSQ 2026-02 batch MPCF2402 (NSQ-ED3326343CB0),,CDSCO NSQ public table (manufacturer of a tested batch),https://cdscoonline.gov.in/CDSCO/viewPublicNSQDrug,2026-09-27T07:50:21Z,REAL
PARACETAMOL-D3093EF3,MFR-SUPREX-LABORATORIES-C06B10,CDSCO NSQ 2025-12 batch PCT-2445 (NSQ-517A60C79391),,CDSCO NSQ public table (manufacturer of a tested batch),https://cdscoonline.gov.in/CDSCO/viewPublicNSQDrug,2026-09-27T07:50:14Z,REAL
PARACETAMOL-D3093EF3,MFR-UNICURE-631AE3,CDSCO NSQ 2025-06 batch PCT1208 (NSQ-6DE3B7E1D692),,CDSCO NSQ public table (manufacturer of a tested batch),https://cdscoonline.gov.in/CDSCO/viewPublicNSQDrug,2026-09-27T07:49:55Z,REAL
PARACETAMOL-D3093EF3,MFR-UNICURE-C-21-4DAAFE,CDSCO NSQ 2025-10 batch PCT1210 (NSQ-365BF9E3FB20),,CDSCO NSQ public table (manufacturer of a tested batch),https://cdscoonline.gov.in/CDSCO/viewPublicNSQDrug,2026-09-27T07:50:08Z,REAL
PARACETAMOL-D3093EF3,MFR-UNICURES-C-21-6AF827,CDSCO NSQ 2025-12 batch PCT1203 (NSQ-7237DBD03F9E),,CDSCO NSQ public table (manufacturer of a tested batch),https://cdscoonline.gov.in/CDSCO/viewPublicNSQDrug,2026-09-27T07:50:14Z,REAL
PARACETAMOL-D3093EF3,MFR-VIVEK-PHARMACEUTICALS-968CA4,CDSCO NSQ 2026-08 batch PCTJ26004 (NSQ-D32DE00C5701),,CDSCO NSQ public table (manufacturer of a tested batch),https://cdscoonline.gov.in/CDSCO/viewPublicNSQDrug,2026-09-27T07:50:40Z,REAL
PARACETAMOL-D3093EF3,MFR-VIVEK-PHARMACHEM-D8CBC7,CDSCO NSQ 2025-06 batch PCTJ23058 (NSQ-AAECA47D55CF),,CDSCO NSQ public table (manufacturer of a tested batch),https://cdscoonline.gov.in/CDSCO/viewPublicNSQDrug,2026-09-27T07:49:55Z,REAL
PARACETAMOL-D3093EF3,MFR-YORK-S-PHARMA-7DDE02,CDSCO NSQ 2026-03 batch 279-YPM (NSQ-7F3665C525F6),,CDSCO NSQ public table (manufacturer of a tested batch),https://cdscoonline.gov.in/CDSCO/viewPublicNSQDrug,2026-09-27T07:50:24Z,REAL
PARACETAMOL-D3093EF3,MFR-ZENITH-DRUGS-5D0A6D,CDSCO NSQ 2026-02 batch T50182 (NSQ-7B12CB807CCC),,CDSCO NSQ public table (manufacturer of a tested batch),https://cdscoonline.gov.in/CDSCO/viewPublicNSQDrug,2026-09-27T07:50:21Z,REAL
PARACETAMOL-E129D8C8,MFR-SKYLINK-PHARMA-A63436,CDSCO NSQ 2026-06 batch SL25156 (NSQ-9B82FCCF13F7),,CDSCO NSQ public table (manufacturer of a tested batch),https://cdscoonline.gov.in/CDSCO/viewPublicNSQDrug,2026-09-27T07:50:34Z,REAL
PHENIRAMINE-BD282031,MFR-SANOFI-49F143,CDSCO NSQ 2026-02 batch 2123096 (NSQ-276BC7EC90C6),,CDSCO NSQ public table (manufacturer of a tested batch),https://cdscoonline.gov.in/CDSCO/viewPublicNSQDrug,2026-09-27T07:50:21Z,REAL
PHENYLEPHRINE-508DA93E,MFR-ESPEE-FORMULAION-E1C4B9,CDSCO NSQ 2026-03 batch SPL/1327 (NSQ-EEA8845AD41F),,CDSCO NSQ public table (manufacturer of a tested batch),https://cdscoonline.gov.in/CDSCO/viewPublicNSQDrug,2026-09-27T07:50:24Z,REAL
PHENYLEPHRINE-508DA93E,MFR-LIVIN-FORMULATIONS-4AD248,CDSCO NSQ 2025-12 batch 876/26 (NSQ-99BD89DCAC7E),,CDSCO NSQ public table (manufacturer of a tested batch),https://cdscoonline.gov.in/CDSCO/viewPublicNSQDrug,2026-09-27T07:50:14Z,REAL
PHENYTOIN-60736525,MFR-JACKSON-LABORATORIES-84EC23,CDSCO NSQ 2025-02 batch T-1150 (NSQ-A383C6051513),,CDSCO NSQ public table (manufacturer of a tested batch),https://cdscoonline.gov.in/CDSCO/viewPublicNSQDrug,2026-09-27T07:49:42Z,REAL
PHYTOMENADIONE-VITAMIN-K-0E634FF8,MFR-RADIANT-PARENTERALS-148F38,CDSCO NSQ 2026-05 batch 57P25001 (NSQ-E9805B9BC64D),,CDSCO NSQ public table (manufacturer of a tested batch),https://cdscoonline.gov.in/CDSCO/viewPublicNSQDrug,2026-09-27T07:50:31Z,REAL
POVIDONE-IODINE-3386B458,MFR-VINAYAK-MANUTRADE-91F076,CDSCO NSQ 2026-06 batch PI-61 (NSQ-38FF87B230A4),,CDSCO NSQ public table (manufacturer of a tested batch),https://cdscoonline.gov.in/CDSCO/viewPublicNSQDrug,2026-09-27T07:50:34Z,REAL
POVIDONE-IODINE-A9CFB53D,MFR-ASTONEA-LABS-CDBB18,CDSCO NSQ 2025-11 batch ADE25105 (NSQ-C511612900D2),,CDSCO NSQ public table (manufacturer of a tested batch),https://cdscoonline.gov.in/CDSCO/viewPublicNSQDrug,2026-09-27T07:50:11Z,REAL
POVIDONE-IODINE-A9CFB53D,MFR-ATHENS-LIFE-SCIENCES-85791B,CDSCO NSQ 2026-06 batch 25343A (NSQ-8D99D36B066C),,CDSCO NSQ public table (manufacturer of a tested batch),https://cdscoonline.gov.in/CDSCO/viewPublicNSQDrug,2026-09-27T07:50:34Z,REAL
POVIDONE-IODINE-A9CFB53D,MFR-BIODEAL-PHARMACEUTICALS-8A36E1,CDSCO NSQ 2026-05 batch 2501125 (NSQ-1275D4F60DD4),,CDSCO NSQ public table (manufacturer of a tested batch),https://cdscoonline.gov.in/CDSCO/viewPublicNSQDrug,2026-09-27T07:50:31Z,REAL
POVIDONE-IODINE-A9CFB53D,MFR-DAFFOHILS-LABORATORIES-784014,CDSCO NSQ 2025-06 batch DP-4259 (NSQ-94A8AF7F355A),,CDSCO NSQ public table (manufacturer of a tested batch),https://cdscoonline.gov.in/CDSCO/viewPublicNSQDrug,2026-09-27T07:49:55Z,REAL
POVIDONE-IODINE-A9CFB53D,MFR-GP-GLISTER-PHARMACEUTICA-83622A,CDSCO NSQ 2025-04 batch PZ-2414 (NSQ-0D602929BCB0),,CDSCO NSQ public table (manufacturer of a tested batch),https://cdscoonline.gov.in/CDSCO/viewPublicNSQDrug,2026-09-27T07:49:48Z,REAL
POVIDONE-IODINE-A9CFB53D,MFR-HELIOS-PHARMACEUTICALS-9663D9,CDSCO NSQ 2026-07 batch XOJM25015 (NSQ-438DDCC7E201),,CDSCO NSQ public table (manufacturer of a tested batch),https://cdscoonline.gov.in/CDSCO/viewPublicNSQDrug,2026-09-27T07:50:37Z,REAL
POVIDONE-IODINE-A9CFB53D,MFR-HINDUSTAN-LABORATORIES-523601,CDSCO NSQ 2026-06 batch EP25081AL (NSQ-9F60D376B6B8),,CDSCO NSQ public table (manufacturer of a tested batch),https://cdscoonline.gov.in/CDSCO/viewPublicNSQDrug,2026-09-27T07:50:34Z,REAL
POVIDONE-IODINE-A9CFB53D,MFR-MEFRO-ORGANIC-2CBB6B,CDSCO NSQ 2026-03 batch MOE-140C (NSQ-471C249F2886),,CDSCO NSQ public table (manufacturer of a tested batch),https://cdscoonline.gov.in/CDSCO/viewPublicNSQDrug,2026-09-27T07:50:24Z,REAL
POVIDONE-IODINE-A9CFB53D,MFR-NAVKAR-LIFESCIENCES-62A67D,CDSCO NSQ 2025-03 batch OI4004A (NSQ-BB66229E84B5),,CDSCO NSQ public table (manufacturer of a tested batch),https://cdscoonline.gov.in/CDSCO/viewPublicNSQDrug,2026-09-27T07:49:45Z,REAL
POVIDONE-IODINE-A9CFB53D,MFR-ZENITH-DRUGS-5D0A6D,CDSCO NSQ 2025-11 batch 5C10 (NSQ-EFA618164D94),,CDSCO NSQ public table (manufacturer of a tested batch),https://cdscoonline.gov.in/CDSCO/viewPublicNSQDrug,2026-09-27T07:50:11Z,REAL
PREDNISOLONE-153CFEE4,MFR-DR-PAL-S-PHARMACEUTICALS-D281D2,CDSCO NSQ 2025-12 batch L-250705 (NSQ-F7A09148C3E5),,CDSCO NSQ public table (manufacturer of a tested batch),https://cdscoonline.gov.in/CDSCO/viewPublicNSQDrug,2026-09-27T07:50:14Z,REAL
PREDNISOLONE-4BD81FF6,MFR-OKVIK-PHARMA-E7AD95,CDSCO NSQ 2026-01 batch ATS-25001 (NSQ-53BC37C9FC14),,CDSCO NSQ public table (manufacturer of a tested batch),https://cdscoonline.gov.in/CDSCO/viewPublicNSQDrug,2026-09-27T07:50:17Z,REAL
PREDNISOLONE-A5E46BE4,MFR-ZRS-PHARMACEUTICALS-B941D7,CDSCO NSQ 2025-12 batch ZRST-2403 (NSQ-FC30B5FFD70A),,CDSCO NSQ public table (manufacturer of a tested batch),https://cdscoonline.gov.in/CDSCO/viewPublicNSQDrug,2026-09-27T07:50:14Z,REAL
PREDNISOLONE-C0839DC8,MFR-NESTOR-PHARMACEUTICALS-146D4B,CDSCO NSQ 2026-03 batch PHTC-02 (NSQ-BAA866BCE5CA),,CDSCO NSQ public table (manufacturer of a tested batch),https://cdscoonline.gov.in/CDSCO/viewPublicNSQDrug,2026-09-27T07:50:24Z,REAL
PREDNISOLONE-C0839DC8,MFR-SUNLIFE-SCIENCES-96B91D,CDSCO NSQ 2025-07 batch T240368 (NSQ-332A31A40080),,CDSCO NSQ public table (manufacturer of a tested batch),https://cdscoonline.gov.in/CDSCO/viewPublicNSQDrug,2026-09-27T07:49:58Z,REAL
PRIMAQUINE-425B0622,MFR-MAXWELL-LIFE-SCIENCE-T-5-EB6D1B,CDSCO NSQ 2025-10 batch MT445 (NSQ-3A347AA9FF07),,CDSCO NSQ public table (manufacturer of a tested batch),https://cdscoonline.gov.in/CDSCO/viewPublicNSQDrug,2026-09-27T07:50:08Z,REAL
PRIMAQUINE-95B1FFF5,MFR-JACKSON-LABORATORIES-MAJ-CB9595,CDSCO NSQ 2025-12 batch T-1909 (NSQ-A1714D8C448C),,CDSCO NSQ public table (manufacturer of a tested batch),https://cdscoonline.gov.in/CDSCO/viewPublicNSQDrug,2026-09-27T07:50:14Z,REAL
PROPOFOL-744675ED,MFR-VITAL-HEALTHCARE-WORKS-B2F10A,CDSCO NSQ 2026-08 batch V25248 (NSQ-5914EB8FA669),,CDSCO NSQ public table (manufacturer of a tested batch),https://cdscoonline.gov.in/CDSCO/viewPublicNSQDrug,2026-09-27T07:50:40Z,REAL
PYRIDOXINE-88D29230,MFR-FOREGEN-HEALTHCARE-PLOT-274630,CDSCO NSQ 2025-09 batch FT240594B (NSQ-171095217F8B),,CDSCO NSQ public table (manufacturer of a tested batch),https://cdscoonline.gov.in/CDSCO/viewPublicNSQDrug,2026-09-27T07:50:04Z,REAL
PYRIDOXINE-982E237A,MFR-TANPAL-PHARMACEUTICALS-8F9202,CDSCO NSQ 2025-01 batch TPT- 0102064 (NSQ-5B0E96DD4543),,CDSCO NSQ public table (manufacturer of a tested batch),https://cdscoonline.gov.in/CDSCO/viewPublicNSQDrug,2026-09-27T07:49:39Z,REAL
QUININE-637C2289,MFR-SAINTLIFE-PHARMACEUTICAL-4CE857,CDSCO NSQ 2025-12 batch TA25530 (NSQ-6717305909A0),,CDSCO NSQ public table (manufacturer of a tested batch),https://cdscoonline.gov.in/CDSCO/viewPublicNSQDrug,2026-09-27T07:50:14Z,REAL
RAMIPRIL-3331CD01,MFR-PHARMAROOTS-HEALTHCARE-C97023,CDSCO NSQ 2025-11 batch PT-44206 (NSQ-7B556F0A36A0),,CDSCO NSQ public table (manufacturer of a tested batch),https://cdscoonline.gov.in/CDSCO/viewPublicNSQDrug,2026-09-27T07:50:11Z,REAL
RAMIPRIL-3331CD01,MFR-RAVIAN-LIFE-SCIENCES-718475,CDSCO NSQ 2026-04 batch BPRA25002 (NSQ-EA8E0C5E98E0),,CDSCO NSQ public table (manufacturer of a tested batch),https://cdscoonline.gov.in/CDSCO/viewPublicNSQDrug,2026-09-27T07:50:27Z,REAL
RAMIPRIL-3331CD01,MFR-SAINTLIFE-PHARMACEUTICAL-4CE857,CDSCO NSQ 2026-05 batch TA26022 (NSQ-CCED453DF62A),,CDSCO NSQ public table (manufacturer of a tested batch),https://cdscoonline.gov.in/CDSCO/viewPublicNSQDrug,2026-09-27T07:50:31Z,REAL
RAMIPRIL-E47F1494,MFR-ATHENS-LIFE-SCIENCES-MAU-CF8304,CDSCO NSQ 2025-11 batch TGT25-165 (NSQ-D77E003159DE),,CDSCO NSQ public table (manufacturer of a tested batch),https://cdscoonline.gov.in/CDSCO/viewPublicNSQDrug,2026-09-27T07:50:11Z,REAL
RAMIPRIL-E47F1494,MFR-NEST-HEALTHCARE-60DEBC,CDSCO NSQ 2025-07 batch NHD24605A (NSQ-ACB4261E4BE9),,CDSCO NSQ public table (manufacturer of a tested batch),https://cdscoonline.gov.in/CDSCO/viewPublicNSQDrug,2026-09-27T07:49:58Z,REAL
RAMIPRIL-E47F1494,MFR-RELTSEN-HEALTHCARE-67E8BF,CDSCO NSQ 2026-07 batch R25183701K (NSQ-B04E59DC9C34),,CDSCO NSQ public table (manufacturer of a tested batch),https://cdscoonline.gov.in/CDSCO/viewPublicNSQDrug,2026-09-27T07:50:37Z,REAL
RAMIPRIL-E47F1494,MFR-TANPAL-PHARMACEUTICALS-8F9202,CDSCO NSQ 2025-01 batch TPT- 0102040 (NSQ-0765EF505A9D),,CDSCO NSQ public table (manufacturer of a tested batch),https://cdscoonline.gov.in/CDSCO/viewPublicNSQDrug,2026-09-27T07:49:39Z,REAL
RIBOFLAVIN-6F164404,MFR-ASKON-HEALTHCARE-3AC0B5,CDSCO NSQ 2026-02 batch RB-2433 (NSQ-28CCFC9EE0AF),,CDSCO NSQ public table (manufacturer of a tested batch),https://cdscoonline.gov.in/CDSCO/viewPublicNSQDrug,2026-09-27T07:50:21Z,REAL
RINGER-LACTATE-FA2F81ED,MFR-HASEEB-PHARMACEUTICALA-03F824,CDSCO NSQ 2026-06 batch OMF241105 (NSQ-E10201DAF555),,CDSCO NSQ public table (manufacturer of a tested batch),https://cdscoonline.gov.in/CDSCO/viewPublicNSQDrug,2026-09-27T07:50:34Z,REAL
RINGER-LACTATE-FA2F81ED,MFR-HASEEB-PHARMACEUTICALS-55BDD2,CDSCO NSQ 2026-02 batch CGF250512 (NSQ-F05A002375D8),,CDSCO NSQ public table (manufacturer of a tested batch),https://cdscoonline.gov.in/CDSCO/viewPublicNSQDrug,2026-09-27T07:50:21Z,REAL
RINGER-LACTATE-FA2F81ED,MFR-VISION-PARENTAL-CF62A9,CDSCO NSQ 2025-10 batch CG240705033 (NSQ-76456C823870),,CDSCO NSQ public table (manufacturer of a tested batch),https://cdscoonline.gov.in/CDSCO/viewPublicNSQDrug,2026-09-27T07:50:08Z,REAL
RISPERIDONE-C7840695,MFR-HIMALAYA-MEDITEK-F81189,CDSCO NSQ 2026-03 batch HTN172G (NSQ-F8D9A7A7DF51),,CDSCO NSQ public table (manufacturer of a tested batch),https://cdscoonline.gov.in/CDSCO/viewPublicNSQDrug,2026-09-27T07:50:24Z,REAL
SALBUTAMOL-212D2B21,MFR-AASSK-PHARMACEUTICALS-5C6817,CDSCO NSQ 2026-01 batch ASL24318 (NSQ-A95D996AB2E6),,CDSCO NSQ public table (manufacturer of a tested batch),https://cdscoonline.gov.in/CDSCO/viewPublicNSQDrug,2026-09-27T07:50:17Z,REAL
SALBUTAMOL-212D2B21,MFR-APPLE-FORMULATIONS-0E9868,CDSCO NSQ 2025-12 batch AFG-2502 (NSQ-2E798F67598B),,CDSCO NSQ public table (manufacturer of a tested batch),https://cdscoonline.gov.in/CDSCO/viewPublicNSQDrug,2026-09-27T07:50:14Z,REAL
SALBUTAMOL-212D2B21,MFR-ASPEN-LIFESCIENCES-28FBE7,CDSCO NSQ 2025-12 batch A20497B (NSQ-F0AF9B9B9A51),,CDSCO NSQ public table (manufacturer of a tested batch),https://cdscoonline.gov.in/CDSCO/viewPublicNSQDrug,2026-09-27T07:50:14Z,REAL
SALBUTAMOL-212D2B21,MFR-ATHENS-LIFE-SCIENCES-85791B,CDSCO NSQ 2026-02 batch LG24-0413 (NSQ-DD34983301BD),,CDSCO NSQ public table (manufacturer of a tested batch),https://cdscoonline.gov.in/CDSCO/viewPublicNSQDrug,2026-09-27T07:50:21Z,REAL
SALBUTAMOL-212D2B21,MFR-BANGALORE-ANTIBIOTICS-AN-48994F,CDSCO NSQ 2025-12 batch BEL 6003 (NSQ-3DBBB29A8BC2),,CDSCO NSQ public table (manufacturer of a tested batch),https://cdscoonline.gov.in/CDSCO/viewPublicNSQDrug,2026-09-27T07:50:14Z,REAL
SALBUTAMOL-212D2B21,MFR-BIO-NEUTRACEUTICALS-D-NO-224103,CDSCO NSQ 2025-11 batch BM24022 (NSQ-77F4844053E0),,CDSCO NSQ public table (manufacturer of a tested batch),https://cdscoonline.gov.in/CDSCO/viewPublicNSQDrug,2026-09-27T07:50:11Z,REAL
SALBUTAMOL-212D2B21,MFR-BIOCORE-PHARMACEUTICALS-70BAFB,CDSCO NSQ 2026-08 batch BL25-049A (NSQ-15A607889BB6),,CDSCO NSQ public table (manufacturer of a tested batch),https://cdscoonline.gov.in/CDSCO/viewPublicNSQDrug,2026-09-27T07:50:40Z,REAL
SALBUTAMOL-212D2B21,MFR-BONN-STERING-BIO-SCIENCE-6688BB,CDSCO NSQ 2026-08 batch BL-299 (NSQ-D3B00CD7765A),,CDSCO NSQ public table (manufacturer of a tested batch),https://cdscoonline.gov.in/CDSCO/viewPublicNSQDrug,2026-09-27T07:50:40Z,REAL
SALBUTAMOL-212D2B21,MFR-DAFFOHILS-LABORATORIES-784014,CDSCO NSQ 2026-02 batch L-25075 (NSQ-3753D53AAE47),,CDSCO NSQ public table (manufacturer of a tested batch),https://cdscoonline.gov.in/CDSCO/viewPublicNSQDrug,2026-09-27T07:50:21Z,REAL
SALBUTAMOL-212D2B21,MFR-DR-PATEL-PHARMACEUTICALS-429546,CDSCO NSQ 2026-01 batch DL5F051 (NSQ-1817BED6BDF7),,CDSCO NSQ public table (manufacturer of a tested batch),https://cdscoonline.gov.in/CDSCO/viewPublicNSQDrug,2026-09-27T07:50:17Z,REAL
SALBUTAMOL-212D2B21,MFR-ELIXIA-PHARMACEUTICALS-60930F,CDSCO NSQ 2025-12 batch EPL-009 (NSQ-424BFFD20DE4),,CDSCO NSQ public table (manufacturer of a tested batch),https://cdscoonline.gov.in/CDSCO/viewPublicNSQDrug,2026-09-27T07:50:14Z,REAL
SALBUTAMOL-212D2B21,MFR-EMMCHAK-FORMULATIONS-DE4EF7,CDSCO NSQ 2025-12 batch ECL/24/904 (NSQ-0FCC594B5865),,CDSCO NSQ public table (manufacturer of a tested batch),https://cdscoonline.gov.in/CDSCO/viewPublicNSQDrug,2026-09-27T07:50:14Z,REAL
SALBUTAMOL-212D2B21,MFR-ETHIDRUS-RESEARCH-LAB-145F85,CDSCO NSQ 2025-08 batch CSL-129 (NSQ-450FAA00789F),,CDSCO NSQ public table (manufacturer of a tested batch),https://cdscoonline.gov.in/CDSCO/viewPublicNSQDrug,2026-09-27T07:50:01Z,REAL
SALBUTAMOL-212D2B21,MFR-FARMA-HUB-OVERSEAS-C79AF6,CDSCO NSQ 2026-01 batch FL250085 (NSQ-2DB6FC2A812B),,CDSCO NSQ public table (manufacturer of a tested batch),https://cdscoonline.gov.in/CDSCO/viewPublicNSQDrug,2026-09-27T07:50:17Z,REAL
SALBUTAMOL-212D2B21,MFR-FINEMAX-FORMULATION-ADAC77,CDSCO NSQ 2026-01 batch PLP-005 (NSQ-8A5BFD4E59D6),,CDSCO NSQ public table (manufacturer of a tested batch),https://cdscoonline.gov.in/CDSCO/viewPublicNSQDrug,2026-09-27T07:50:17Z,REAL
SALBUTAMOL-212D2B21,MFR-GO-ISH-REMEDIES-B5D7CB,CDSCO NSQ 2025-11 batch IQ-337C (NSQ-4F8383D22547),,CDSCO NSQ public table (manufacturer of a tested batch),https://cdscoonline.gov.in/CDSCO/viewPublicNSQDrug,2026-09-27T07:50:11Z,REAL
SALBUTAMOL-212D2B21,MFR-INNOVA-CAPTAB-9FCA08,CDSCO NSQ 2026-01 batch FHYAM015 (NSQ-D2D120155F0B),,CDSCO NSQ public table (manufacturer of a tested batch),https://cdscoonline.gov.in/CDSCO/viewPublicNSQDrug,2026-09-27T07:50:17Z,REAL
SALBUTAMOL-212D2B21,MFR-IPZAH-PHARMACEUTICALS-DACD86,CDSCO NSQ 2026-03 batch 8131 (NSQ-57BA685B8793),,CDSCO NSQ public table (manufacturer of a tested batch),https://cdscoonline.gov.in/CDSCO/viewPublicNSQDrug,2026-09-27T07:50:24Z,REAL
SALBUTAMOL-212D2B21,MFR-KREBZ-HEALTHCARE-61132F,CDSCO NSQ 2026-01 batch KBS-105 (NSQ-FA4498312B79),,CDSCO NSQ public table (manufacturer of a tested batch),https://cdscoonline.gov.in/CDSCO/viewPublicNSQDrug,2026-09-27T07:50:17Z,REAL
SALBUTAMOL-212D2B21,MFR-LABINDUSS-542EBA,CDSCO NSQ 2025-12 batch SVK 25040 (NSQ-1F8E88A38E0A),,CDSCO NSQ public table (manufacturer of a tested batch),https://cdscoonline.gov.in/CDSCO/viewPublicNSQDrug,2026-09-27T07:50:14Z,REAL
SALBUTAMOL-212D2B21,MFR-LEEFORD-HEALTHCARE-B1CE51,CDSCO NSQ 2025-02 batch AJLH24 051 (NSQ-910A4C3F52C0),,CDSCO NSQ public table (manufacturer of a tested batch),https://cdscoonline.gov.in/CDSCO/viewPublicNSQDrug,2026-09-27T07:49:42Z,REAL
SALBUTAMOL-212D2B21,MFR-MEDIGUARD-REMEDIES-R-S-B457D8,CDSCO NSQ 2026-03 batch MGR-011 (NSQ-3D9B6675E4EB),,CDSCO NSQ public table (manufacturer of a tested batch),https://cdscoonline.gov.in/CDSCO/viewPublicNSQDrug,2026-09-27T07:50:24Z,REAL
SALBUTAMOL-212D2B21,MFR-MMC-HEALTHCARE-368E62,CDSCO NSQ 2025-06 batch BTB2404 (NSQ-FA2DEF21320A),,CDSCO NSQ public table (manufacturer of a tested batch),https://cdscoonline.gov.in/CDSCO/viewPublicNSQDrug,2026-09-27T07:49:55Z,REAL
SALBUTAMOL-212D2B21,MFR-NAVKAR-LIFESCIENCES-62A67D,CDSCO NSQ 2025-12 batch LA5029A (NSQ-EE485D15954C),,CDSCO NSQ public table (manufacturer of a tested batch),https://cdscoonline.gov.in/CDSCO/viewPublicNSQDrug,2026-09-27T07:50:14Z,REAL
SALBUTAMOL-212D2B21,MFR-NOT-APPLICABLE-7E52B5,CDSCO NSQ 2025-06 batch HTD-24109 (NSQ-CE48E5EF2138),,CDSCO NSQ public table (manufacturer of a tested batch),https://cdscoonline.gov.in/CDSCO/viewPublicNSQDrug,2026-09-27T07:49:55Z,REAL
SALBUTAMOL-212D2B21,MFR-NTK-PHARMAA-B467E2,CDSCO NSQ 2026-08 batch NBVL-07 (NSQ-CC8F577097C6),,CDSCO NSQ public table (manufacturer of a tested batch),https://cdscoonline.gov.in/CDSCO/viewPublicNSQDrug,2026-09-27T07:50:40Z,REAL
SALBUTAMOL-212D2B21,MFR-ONEX-PHARMACEUTICALS-C59243,CDSCO NSQ 2026-01 batch A-250613 (NSQ-3561593C1A2C),,CDSCO NSQ public table (manufacturer of a tested batch),https://cdscoonline.gov.in/CDSCO/viewPublicNSQDrug,2026-09-27T07:50:17Z,REAL
SALBUTAMOL-212D2B21,MFR-PROGRESSIVE-LIFESCIENCES-05B5D1,CDSCO NSQ 2026-03 batch PL-08/184 (NSQ-0EA33B94DCC0),,CDSCO NSQ public table (manufacturer of a tested batch),https://cdscoonline.gov.in/CDSCO/viewPublicNSQDrug,2026-09-27T07:50:24Z,REAL
SALBUTAMOL-212D2B21,MFR-RES-SANCTA-9535FA,CDSCO NSQ 2025-12 batch ASL25019 (NSQ-9A915C87CE73),,CDSCO NSQ public table (manufacturer of a tested batch),https://cdscoonline.gov.in/CDSCO/viewPublicNSQDrug,2026-09-27T07:50:14Z,REAL
SALBUTAMOL-212D2B21,MFR-REVIVE-FORMULATION-R-S-N-A8F64E,CDSCO NSQ 2026-05 batch AGL1143 (NSQ-E9996C9786AB),,CDSCO NSQ public table (manufacturer of a tested batch),https://cdscoonline.gov.in/CDSCO/viewPublicNSQDrug,2026-09-27T07:50:31Z,REAL
SALBUTAMOL-212D2B21,MFR-RUMY-PHARMACEUTICALS-076F34,CDSCO NSQ 2026-02 batch RPL-1013 (NSQ-6E94B64E81C6),,CDSCO NSQ public table (manufacturer of a tested batch),https://cdscoonline.gov.in/CDSCO/viewPublicNSQDrug,2026-09-27T07:50:21Z,REAL
SALBUTAMOL-212D2B21,MFR-SAITECH-MEDICARE-AA1460,CDSCO NSQ 2025-09 batch SML-2465 (NSQ-5A23AB772030),,CDSCO NSQ public table (manufacturer of a tested batch),https://cdscoonline.gov.in/CDSCO/viewPublicNSQDrug,2026-09-27T07:50:04Z,REAL
SALBUTAMOL-212D2B21,MFR-SAMKEM-B3B4FD,CDSCO NSQ 2025-11 batch L24/0639A (NSQ-D40E3588CD19),,CDSCO NSQ public table (manufacturer of a tested batch),https://cdscoonline.gov.in/CDSCO/viewPublicNSQDrug,2026-09-27T07:50:11Z,REAL
SALBUTAMOL-212D2B21,MFR-SANO-CITO-THERAPEUTICS-E40217,CDSCO NSQ 2026-06 batch SD-1376C (NSQ-192BA9056A59),,CDSCO NSQ public table (manufacturer of a tested batch),https://cdscoonline.gov.in/CDSCO/viewPublicNSQDrug,2026-09-27T07:50:34Z,REAL
SALBUTAMOL-212D2B21,MFR-SAPHNIX-LIFE-SCIENCES-3FDD54,CDSCO NSQ 2025-11 batch XL983 (NSQ-563B50A9EB4A),,CDSCO NSQ public table (manufacturer of a tested batch),https://cdscoonline.gov.in/CDSCO/viewPublicNSQDrug,2026-09-27T07:50:11Z,REAL
SALBUTAMOL-212D2B21,MFR-SARTHAK-BIOTECH-341E7D,CDSCO NSQ 2026-01 batch SBL-8 (NSQ-DAB578C0EB24),,CDSCO NSQ public table (manufacturer of a tested batch),https://cdscoonline.gov.in/CDSCO/viewPublicNSQDrug,2026-09-27T07:50:17Z,REAL
SALBUTAMOL-212D2B21,MFR-SEEJAR-PHARMACEUTICALS-255B2D,CDSCO NSQ 2025-11 batch SP25195 (NSQ-2A35A9BF94B2),,CDSCO NSQ public table (manufacturer of a tested batch),https://cdscoonline.gov.in/CDSCO/viewPublicNSQDrug,2026-09-27T07:50:11Z,REAL
SALBUTAMOL-212D2B21,MFR-SOTAC-PHARMACEUTICALS-AEF11C,CDSCO NSQ 2025-10 batch SP244505 (NSQ-A95D2607E47D),,CDSCO NSQ public table (manufacturer of a tested batch),https://cdscoonline.gov.in/CDSCO/viewPublicNSQDrug,2026-09-27T07:50:08Z,REAL
SALBUTAMOL-212D2B21,MFR-STAR-FILTERATION-SYSTEMS-B4E391,CDSCO NSQ 2026-04 batch SL241141J (NSQ-330E4F5D59D5),,CDSCO NSQ public table (manufacturer of a tested batch),https://cdscoonline.gov.in/CDSCO/viewPublicNSQDrug,2026-09-27T07:50:27Z,REAL
SALBUTAMOL-212D2B21,MFR-THREE-B-HEALTHCARE-02B247,CDSCO NSQ 2025-02 batch TBHX0448 (NSQ-83B9E1636B7C),,CDSCO NSQ public table (manufacturer of a tested batch),https://cdscoonline.gov.in/CDSCO/viewPublicNSQDrug,2026-09-27T07:49:42Z,REAL
SALBUTAMOL-212D2B21,MFR-TRIMEDIX-PHARMA-9144E7,CDSCO NSQ 2025-12 batch TS-249 (NSQ-687D701460A9),,CDSCO NSQ public table (manufacturer of a tested batch),https://cdscoonline.gov.in/CDSCO/viewPublicNSQDrug,2026-09-27T07:50:14Z,REAL
SALBUTAMOL-212D2B21,MFR-TRIO-LIFESCIENCE-644AD3,CDSCO NSQ 2026-02 batch DR010 (NSQ-4E1A677DE1E8),,CDSCO NSQ public table (manufacturer of a tested batch),https://cdscoonline.gov.in/CDSCO/viewPublicNSQDrug,2026-09-27T07:50:21Z,REAL
SALBUTAMOL-212D2B21,MFR-TUTTSAN-PHARMA-EFFEB9,CDSCO NSQ 2026-03 batch L25071 (NSQ-489155D2EB85),,CDSCO NSQ public table (manufacturer of a tested batch),https://cdscoonline.gov.in/CDSCO/viewPublicNSQDrug,2026-09-27T07:50:24Z,REAL
SALBUTAMOL-212D2B21,MFR-ULTATECH-PHARMACEUTICAQL-EF741B,CDSCO NSQ 2026-01 batch ULL25042 (NSQ-923A2101914C),,CDSCO NSQ public table (manufacturer of a tested batch),https://cdscoonline.gov.in/CDSCO/viewPublicNSQDrug,2026-09-27T07:50:17Z,REAL
SALBUTAMOL-212D2B21,MFR-ULTRA-DRUGS-FORMULATIONS-65A002,CDSCO NSQ 2026-01 batch UFL250378L (NSQ-1FBCCD63C77B),,CDSCO NSQ public table (manufacturer of a tested batch),https://cdscoonline.gov.in/CDSCO/viewPublicNSQDrug,2026-09-27T07:50:17Z,REAL
SALBUTAMOL-212D2B21,MFR-VERTEX-PHARMA-CHEMICALS-BD8160,CDSCO NSQ 2025-11 batch VS2523 (NSQ-280A6531B4FA),,CDSCO NSQ public table (manufacturer of a tested batch),https://cdscoonline.gov.in/CDSCO/viewPublicNSQDrug,2026-09-27T07:50:11Z,REAL
SALBUTAMOL-4E228030,MFR-DANISH-HEALTH-CARE-767C18,CDSCO NSQ 2026-08 batch SST25006 (NSQ-2DBB603D9C51),,CDSCO NSQ public table (manufacturer of a tested batch),https://cdscoonline.gov.in/CDSCO/viewPublicNSQDrug,2026-09-27T07:50:40Z,REAL
SODIUM-BICARBONATE-606B5E38,MFR-CAREWIN-PHARMACEUTICAL-47946E,CDSCO NSQ 2025-07 batch 409 (NSQ-6196BB6AB577),,CDSCO NSQ public table (manufacturer of a tested batch),https://cdscoonline.gov.in/CDSCO/viewPublicNSQDrug,2026-09-27T07:49:58Z,REAL
SODIUM-BICARBONATE-9DDDC2FD,MFR-SWISS-PARENTERALS-F8F77C,CDSCO NSQ 2025-08 batch 240115A (NSQ-BFB13AF02E36),,CDSCO NSQ public table (manufacturer of a tested batch),https://cdscoonline.gov.in/CDSCO/viewPublicNSQDrug,2026-09-27T07:50:01Z,REAL
SODIUM-VALPROATE-2B529A91,MFR-HEALTHY-LIFE-PHARMA-FACT-8859C7,CDSCO NSQ 2025-11 batch 03637 (NSQ-3CB024ACDD03),,CDSCO NSQ public table (manufacturer of a tested batch),https://cdscoonline.gov.in/CDSCO/viewPublicNSQDrug,2026-09-27T07:50:11Z,REAL
SODIUM-VALPROATE-2B529A91,MFR-ZEE-LABORATORIES-BEHIND-9F137C,CDSCO NSQ 2025-11 batch 425-263 (NSQ-F50DE403848C),,CDSCO NSQ public table (manufacturer of a tested batch),https://cdscoonline.gov.in/CDSCO/viewPublicNSQDrug,2026-09-27T07:50:11Z,REAL
TACROLIMUS-253DFE48,MFR-SPEN-FORMULATIONS-300E33,CDSCO NSQ 2026-03 batch CSF-D0133 (NSQ-862EA0632447),,CDSCO NSQ public table (manufacturer of a tested batch),https://cdscoonline.gov.in/CDSCO/viewPublicNSQDrug,2026-09-27T07:50:24Z,REAL
TACROLIMUS-49219EDE,MFR-SPEN-FORMULATIONS-300E33,CDSCO NSQ 2026-03 batch CSF-D0134 (NSQ-78250459695B),,CDSCO NSQ public table (manufacturer of a tested batch),https://cdscoonline.gov.in/CDSCO/viewPublicNSQDrug,2026-09-27T07:50:24Z,REAL
TACROLIMUS-A9663F5D,MFR-SPEN-FORMULATIONS-300E33,CDSCO NSQ 2026-03 batch CSF-D0023 (NSQ-B40858B2AF1E),,CDSCO NSQ public table (manufacturer of a tested batch),https://cdscoonline.gov.in/CDSCO/viewPublicNSQDrug,2026-09-27T07:50:24Z,REAL
TELMISARTAN-69387138,MFR-GOODMAN-PHARMACEUTICALS-423951,CDSCO NSQ 2025-05 batch ST2T2302 (NSQ-63462EFB985E),,CDSCO NSQ public table (manufacturer of a tested batch),https://cdscoonline.gov.in/CDSCO/viewPublicNSQDrug,2026-09-27T07:49:52Z,REAL
TELMISARTAN-69387138,MFR-HINDUSTAN-LABORATORIES-523601,CDSCO NSQ 2025-07 batch TFI24009AL (NSQ-FD9A0A8251C4),,CDSCO NSQ public table (manufacturer of a tested batch),https://cdscoonline.gov.in/CDSCO/viewPublicNSQDrug,2026-09-27T07:49:58Z,REAL
TELMISARTAN-69387138,MFR-MEDICAMEN-BIOTECH-8C0FB7,CDSCO NSQ 2026-07 batch HT250167 (NSQ-FAE4539AC14B),,CDSCO NSQ public table (manufacturer of a tested batch),https://cdscoonline.gov.in/CDSCO/viewPublicNSQDrug,2026-09-27T07:50:37Z,REAL
TELMISARTAN-69387138,MFR-REGENT-AJANTA-BIOTECH-71B6D7,CDSCO NSQ 2026-06 batch PRT2601-30 (NSQ-C7C08904E43C),,CDSCO NSQ public table (manufacturer of a tested batch),https://cdscoonline.gov.in/CDSCO/viewPublicNSQDrug,2026-09-27T07:50:34Z,REAL
TELMISARTAN-94A96097,MFR-GNOSIS-PHARMACEUTICALS-06DB23,CDSCO NSQ 2026-06 batch PT50022A (NSQ-8275573384C4),,CDSCO NSQ public table (manufacturer of a tested batch),https://cdscoonline.gov.in/CDSCO/viewPublicNSQDrug,2026-09-27T07:50:34Z,REAL
TELMISARTAN-94A96097,MFR-MODERN-LABORATORIES-8666F1,CDSCO NSQ 2025-11 batch TST 4510 (NSQ-9CEBFEA975D6),,CDSCO NSQ public table (manufacturer of a tested batch),https://cdscoonline.gov.in/CDSCO/viewPublicNSQDrug,2026-09-27T07:50:11Z,REAL
TELMISARTAN-EC263249,MFR-ALEMBIC-PHARMACEUTICALS-E27DA7,CDSCO NSQ 2026-04 batch 2513000079 (NSQ-AEBDA8901620),,CDSCO NSQ public table (manufacturer of a tested batch),https://cdscoonline.gov.in/CDSCO/viewPublicNSQDrug,2026-09-27T07:50:27Z,REAL
TELMISARTAN-EC263249,MFR-ALIFECARE-PHARMACY-D93EE0,CDSCO NSQ 2025-06 batch ALPT-051 (NSQ-47B72A06FF57),,CDSCO NSQ public table (manufacturer of a tested batch),https://cdscoonline.gov.in/CDSCO/viewPublicNSQDrug,2026-09-27T07:49:55Z,REAL
TELMISARTAN-EC263249,MFR-ARISTO-PHARMACEUTICAL-700469,CDSCO NSQ 2025-03 batch SPB240 221 (NSQ-23529803BAE3),,CDSCO NSQ public table (manufacturer of a tested batch),https://cdscoonline.gov.in/CDSCO/viewPublicNSQDrug,2026-09-27T07:49:45Z,REAL
TELMISARTAN-EC263249,MFR-ARISTO-PHARMACEUTICALS-AA75B2,CDSCO NSQ 2026-06 batch SPE250642 (NSQ-BE8E570B9761),,CDSCO NSQ public table (manufacturer of a tested batch),https://cdscoonline.gov.in/CDSCO/viewPublicNSQDrug,2026-09-27T07:50:34Z,REAL
TELMISARTAN-EC263249,MFR-BAJAJ-HEALTHCARE-3FDA76,CDSCO NSQ 2026-02 batch TLB06E24 (NSQ-5AC7D87FA704),,CDSCO NSQ public table (manufacturer of a tested batch),https://cdscoonline.gov.in/CDSCO/viewPublicNSQDrug,2026-09-27T07:50:21Z,REAL
TELMISARTAN-EC263249,MFR-BENNET-PHARMACEUTICALS-AD34F2,CDSCO NSQ 2025-09 batch BPLT-25010 (NSQ-5049B17526E3),,CDSCO NSQ public table (manufacturer of a tested batch),https://cdscoonline.gov.in/CDSCO/viewPublicNSQDrug,2026-09-27T07:50:04Z,REAL
TELMISARTAN-EC263249,MFR-BONN-SCHTERING-BIO-SCIEN-ED7A5C,CDSCO NSQ 2026-01 batch MVT-534 (NSQ-32603B601423),,CDSCO NSQ public table (manufacturer of a tested batch),https://cdscoonline.gov.in/CDSCO/viewPublicNSQDrug,2026-09-27T07:50:17Z,REAL
TELMISARTAN-EC263249,MFR-CENTURY-NOVA-DRUGS-0306B0,CDSCO NSQ 2026-07 batch CT25624 (NSQ-4825EB0E9E63),,CDSCO NSQ public table (manufacturer of a tested batch),https://cdscoonline.gov.in/CDSCO/viewPublicNSQDrug,2026-09-27T07:50:37Z,REAL
TELMISARTAN-EC263249,MFR-DR-EDWIN-MEDILABS-PLOT-N-30EE3F,CDSCO NSQ 2026-08 batch DEMT-250831B (NSQ-7C1E1805A595),,CDSCO NSQ public table (manufacturer of a tested batch),https://cdscoonline.gov.in/CDSCO/viewPublicNSQDrug,2026-09-27T07:50:40Z,REAL
TELMISARTAN-EC263249,MFR-ELFIN-DRUGS-AA3BB0,CDSCO NSQ 2025-11 batch ED25088 (NSQ-3DF65FF36CD8),,CDSCO NSQ public table (manufacturer of a tested batch),https://cdscoonline.gov.in/CDSCO/viewPublicNSQDrug,2026-09-27T07:50:11Z,REAL
TELMISARTAN-EC263249,MFR-EUROKEM-LABORATORIES-480F3F,CDSCO NSQ 2025-06 batch TS24047 (NSQ-1EAA24594898),,CDSCO NSQ public table (manufacturer of a tested batch),https://cdscoonline.gov.in/CDSCO/viewPublicNSQDrug,2026-09-27T07:49:55Z,REAL
TELMISARTAN-EC263249,MFR-HEALERS-LAB-4FA105,CDSCO NSQ 2025-06 batch TLL-504 (NSQ-280C1DD392BC),,CDSCO NSQ public table (manufacturer of a tested batch),https://cdscoonline.gov.in/CDSCO/viewPublicNSQDrug,2026-09-27T07:49:55Z,REAL
TELMISARTAN-EC263249,MFR-HELAX-HEALTH-CARE-B99763,CDSCO NSQ 2026-04 batch GT-2508 (NSQ-6598D3B708BC),,CDSCO NSQ public table (manufacturer of a tested batch),https://cdscoonline.gov.in/CDSCO/viewPublicNSQDrug,2026-09-27T07:50:27Z,REAL
TELMISARTAN-EC263249,MFR-HELAX-HEALTHCARE-AE5391,CDSCO NSQ 2025-09 batch GT-2502 (NSQ-26830A6D7A57),,CDSCO NSQ public table (manufacturer of a tested batch),https://cdscoonline.gov.in/CDSCO/viewPublicNSQDrug,2026-09-27T07:50:04Z,REAL
TELMISARTAN-EC263249,MFR-HINDUSTAN-LABORATORIES-523601,CDSCO NSQ 2025-12 batch TEP25123AL (NSQ-DF31B05551A9),,CDSCO NSQ public table (manufacturer of a tested batch),https://cdscoonline.gov.in/CDSCO/viewPublicNSQDrug,2026-09-27T07:50:14Z,REAL
TELMISARTAN-EC263249,MFR-INDO-RAMA-HEALTHCARE-098DF9,CDSCO NSQ 2026-05 batch DT2503015A (NSQ-810597503900),,CDSCO NSQ public table (manufacturer of a tested batch),https://cdscoonline.gov.in/CDSCO/viewPublicNSQDrug,2026-09-27T07:50:31Z,REAL
TELMISARTAN-EC263249,MFR-KERALA-MEDICAL-SERVICES-4439E2,CDSCO NSQ 2025-04 batch D0004/25-26 (NSQ-5E2C5CD74A28),,CDSCO NSQ public table (manufacturer of a tested batch),https://cdscoonline.gov.in/CDSCO/viewPublicNSQDrug,2026-09-27T07:49:48Z,REAL
TELMISARTAN-EC263249,MFR-KERALA-STATE-DRUGS-AND-P-60C6B1,CDSCO NSQ 2026-05 batch TM5142 (NSQ-1E08CCF37358),,CDSCO NSQ public table (manufacturer of a tested batch),https://cdscoonline.gov.in/CDSCO/viewPublicNSQDrug,2026-09-27T07:50:31Z,REAL
TELMISARTAN-EC263249,MFR-MARC-LIFESCIENCES-SIKKIM-A714C8,CDSCO NSQ 2026-01 batch STS-126 (NSQ-91F5BFBB28DD),,CDSCO NSQ public table (manufacturer of a tested batch),https://cdscoonline.gov.in/CDSCO/viewPublicNSQDrug,2026-09-27T07:50:17Z,REAL
TELMISARTAN-EC263249,MFR-MERION-CARE-F2F071,CDSCO NSQ 2026-06 batch MT-032673 (NSQ-4CDF61BC47BC),,CDSCO NSQ public table (manufacturer of a tested batch),https://cdscoonline.gov.in/CDSCO/viewPublicNSQDrug,2026-09-27T07:50:34Z,REAL
TELMISARTAN-EC263249,MFR-MFG-BY-MASCOT-HEALTHSERI-8DF2CD,CDSCO NSQ 2025-03 batch CMT242 202B (NSQ-D213C9207810),,CDSCO NSQ public table (manufacturer of a tested batch),https://cdscoonline.gov.in/CDSCO/viewPublicNSQDrug,2026-09-27T07:49:45Z,REAL
TELMISARTAN-EC263249,MFR-PHARMAROOTS-HEALTHCARE-C97023,CDSCO NSQ 2025-02 batch PT-40584 (NSQ-545E402E97E8),,CDSCO NSQ public table (manufacturer of a tested batch),https://cdscoonline.gov.in/CDSCO/viewPublicNSQDrug,2026-09-27T07:49:42Z,REAL
TELMISARTAN-EC263249,MFR-QUALITY-PHARMA-PRODUCTIO-DD520D,CDSCO NSQ 2026-02 batch PTT-011 (NSQ-5FC6A7D5CB7E),,CDSCO NSQ public table (manufacturer of a tested batch),https://cdscoonline.gov.in/CDSCO/viewPublicNSQDrug,2026-09-27T07:50:21Z,REAL
TELMISARTAN-EC263249,MFR-RELIEF-BIOTECH-C49461,CDSCO NSQ 2025-07 batch RT-250582 (NSQ-7A6F9C3AD61F),,CDSCO NSQ public table (manufacturer of a tested batch),https://cdscoonline.gov.in/CDSCO/viewPublicNSQDrug,2026-09-27T07:49:58Z,REAL
TELMISARTAN-EC263249,MFR-RTN-PHARMA-B4F257,CDSCO NSQ 2025-02 batch TBS 034 (NSQ-202C36ED72F4),,CDSCO NSQ public table (manufacturer of a tested batch),https://cdscoonline.gov.in/CDSCO/viewPublicNSQDrug,2026-09-27T07:49:42Z,REAL
TELMISARTAN-EC263249,MFR-SAI-SARVAA-BIOTECH-44199E,CDSCO NSQ 2025-02 batch 240390 (NSQ-BEF11046A3B0),,CDSCO NSQ public table (manufacturer of a tested batch),https://cdscoonline.gov.in/CDSCO/viewPublicNSQDrug,2026-09-27T07:49:42Z,REAL
TELMISARTAN-EC263249,MFR-SIGNATURE-PHYTOCHEMICAL-8B0703,CDSCO NSQ 2026-02 batch 1116-002 (NSQ-149790A5B812),,CDSCO NSQ public table (manufacturer of a tested batch),https://cdscoonline.gov.in/CDSCO/viewPublicNSQDrug,2026-09-27T07:50:21Z,REAL
TELMISARTAN-EC263249,MFR-SUPER-FORMULATION-5CAC92,CDSCO NSQ 2025-04 batch GTM18 (NSQ-19D2B4793978),,CDSCO NSQ public table (manufacturer of a tested batch),https://cdscoonline.gov.in/CDSCO/viewPublicNSQDrug,2026-09-27T07:49:48Z,REAL
TELMISARTAN-EC263249,MFR-SUPER-FORMULATIONS-BB9219,CDSCO NSQ 2026-02 batch GTM54 (NSQ-6A0DA1859616),,CDSCO NSQ public table (manufacturer of a tested batch),https://cdscoonline.gov.in/CDSCO/viewPublicNSQDrug,2026-09-27T07:50:21Z,REAL
TELMISARTAN-EC263249,MFR-SURGE-PHARMACEUTICALS-C8003D,CDSCO NSQ 2026-02 batch SPT40102 (NSQ-B6EA426A9767),,CDSCO NSQ public table (manufacturer of a tested batch),https://cdscoonline.gov.in/CDSCO/viewPublicNSQDrug,2026-09-27T07:50:21Z,REAL
TELMISARTAN-EC263249,MFR-SWISS-GARNIER-LIFE-SCIEN-6B56C9,CDSCO NSQ 2025-03 batch 251TTF014 (NSQ-55B70ED1BF7A),,CDSCO NSQ public table (manufacturer of a tested batch),https://cdscoonline.gov.in/CDSCO/viewPublicNSQDrug,2026-09-27T07:49:45Z,REAL
TELMISARTAN-EC263249,MFR-SWISS-GARNIER-LIFE-SCIEN-A2B92F,CDSCO NSQ 2026-04 batch 384TTF055 (NSQ-C6546EAE67ED),,CDSCO NSQ public table (manufacturer of a tested batch),https://cdscoonline.gov.in/CDSCO/viewPublicNSQDrug,2026-09-27T07:50:27Z,REAL
TELMISARTAN-EC263249,MFR-TITANES-PHARMA-8C4103,CDSCO NSQ 2026-01 batch T3385 (NSQ-C19A934AD046),,CDSCO NSQ public table (manufacturer of a tested batch),https://cdscoonline.gov.in/CDSCO/viewPublicNSQDrug,2026-09-27T07:50:17Z,REAL
TELMISARTAN-EC263249,MFR-UNDER-INVESTIGATION-15164E,CDSCO NSQ 2025-05 batch K18230707 (NSQ-243E70D8910B),,CDSCO NSQ public table (manufacturer of a tested batch),https://cdscoonline.gov.in/CDSCO/viewPublicNSQDrug,2026-09-27T07:49:52Z,REAL
TELMISARTAN-EC263249,MFR-WINGS-BIOTECH-772282,CDSCO NSQ 2025-06 batch TMHT-1037 (NSQ-CFF5C17ED9F6),,CDSCO NSQ public table (manufacturer of a tested batch),https://cdscoonline.gov.in/CDSCO/viewPublicNSQDrug,2026-09-27T07:49:55Z,REAL
THIAMINE-EE30DD27,MFR-ULTRA-DRUGS-48D2E4,CDSCO NSQ 2025-03 batch UGA-24436E (NSQ-6E26C36F608D),,CDSCO NSQ public table (manufacturer of a tested batch),https://cdscoonline.gov.in/CDSCO/viewPublicNSQDrug,2026-09-27T07:49:45Z,REAL
THIAMINE-EE30DD27,MFR-VADSP-PHARMACEUTICALS-8C7B27,CDSCO NSQ 2026-06 batch VL250515 (NSQ-5B70DA356E6B),,CDSCO NSQ public table (manufacturer of a tested batch),https://cdscoonline.gov.in/CDSCO/viewPublicNSQDrug,2026-09-27T07:50:34Z,REAL
THIAMINE-F3405936,MFR-JACKSON-LABORATORIES-84EC23,CDSCO NSQ 2026-02 batch T-4446 (NSQ-8B693B753E06),,CDSCO NSQ public table (manufacturer of a tested batch),https://cdscoonline.gov.in/CDSCO/viewPublicNSQDrug,2026-09-27T07:50:21Z,REAL
THIAMINE-F3405936,MFR-ZRS-PHARMACEUTICALS-B941D7,CDSCO NSQ 2025-01 batch ZRST- 1361 (NSQ-F7DDF0F112A9),,CDSCO NSQ public table (manufacturer of a tested batch),https://cdscoonline.gov.in/CDSCO/viewPublicNSQDrug,2026-09-27T07:49:39Z,REAL
TIOTROPIUM-DAD98086,MFR-PRECEPT-PHARMA-AE9329,CDSCO NSQ 2026-05 batch PPIN-OVR954 (NSQ-27A5F330328A),,CDSCO NSQ public table (manufacturer of a tested batch),https://cdscoonline.gov.in/CDSCO/viewPublicNSQDrug,2026-09-27T07:50:31Z,REAL
TRAMADOL-A5263A14,MFR-C-B-HEALTHCARE-C622F6,CDSCO NSQ 2025-08 batch CBC-0012/25 (NSQ-96D246DB6801),,CDSCO NSQ public table (manufacturer of a tested batch),https://cdscoonline.gov.in/CDSCO/viewPublicNSQDrug,2026-09-27T07:50:01Z,REAL
TRAMADOL-DD5F4ED0,MFR-MEDICROSS-LABORATORIES-AE465C,CDSCO NSQ 2025-09 batch MNT27015 (NSQ-41D7F7EC0F0A),,CDSCO NSQ public table (manufacturer of a tested batch),https://cdscoonline.gov.in/CDSCO/viewPublicNSQDrug,2026-09-27T07:50:04Z,REAL
TRANEXAMIC-ACID-7F6758C6,MFR-MACLEODS-PHARMACEUTICALS-0D5153,CDSCO NSQ 2025-05 batch 18242021A (NSQ-6AD30F5AE0CB),,CDSCO NSQ public table (manufacturer of a tested batch),https://cdscoonline.gov.in/CDSCO/viewPublicNSQDrug,2026-09-27T07:49:52Z,REAL
TRANEXAMIC-ACID-90AC84D1,MFR-BLITZ-PHARMACEUTICALS-B03D68,CDSCO NSQ 2026-07 batch TRI2502 (NSQ-A3979D46AE0C),,CDSCO NSQ public table (manufacturer of a tested batch),https://cdscoonline.gov.in/CDSCO/viewPublicNSQDrug,2026-09-27T07:50:37Z,REAL
TRANEXAMIC-ACID-90AC84D1,MFR-MARC-LABORATORIES-5B1DFE,CDSCO NSQ 2026-02 batch TG-156 (NSQ-0760CF132287),,CDSCO NSQ public table (manufacturer of a tested batch),https://cdscoonline.gov.in/CDSCO/viewPublicNSQDrug,2026-09-27T07:50:21Z,REAL
TRANEXAMIC-ACID-90AC84D1,MFR-PHARMA-CURE-LABORATORIES-BAB7F0,CDSCO NSQ 2025-03 batch TC-038 (NSQ-0F3108D44DB9),,CDSCO NSQ public table (manufacturer of a tested batch),https://cdscoonline.gov.in/CDSCO/viewPublicNSQDrug,2026-09-27T07:49:45Z,REAL
TRANEXAMIC-ACID-90AC84D1,MFR-ZEE-LABORATORIES-F09C2B,CDSCO NSQ 2025-06 batch Z24-185 (NSQ-4DA9FEEDCE74),,CDSCO NSQ public table (manufacturer of a tested batch),https://cdscoonline.gov.in/CDSCO/viewPublicNSQDrug,2026-09-27T07:49:55Z,REAL
VECURONIUM-34FFF827,MFR-NIXI-LABORATORIES-0CA86E,CDSCO NSQ 2025-10 batch L25DU002 (NSQ-6C8F4E5FF9B9),,CDSCO NSQ public table (manufacturer of a tested batch),https://cdscoonline.gov.in/CDSCO/viewPublicNSQDrug,2026-09-27T07:50:08Z,REAL
VITAMIN-A-15213482,MFR-BIONEXY-PHARMA-2EFDC8,CDSCO NSQ 2026-02 batch BSG250404A (NSQ-4C749B44E2AA),,CDSCO NSQ public table (manufacturer of a tested batch),https://cdscoonline.gov.in/CDSCO/viewPublicNSQDrug,2026-09-27T07:50:21Z,REAL
VITAMIN-A-6F29AA7C,MFR-CROSSASIA-BIOTECH-DAB6FD,CDSCO NSQ 2026-07 batch CBT-0178 (NSQ-BEB0A852BADC),,CDSCO NSQ public table (manufacturer of a tested batch),https://cdscoonline.gov.in/CDSCO/viewPublicNSQDrug,2026-09-27T07:50:37Z,REAL
ZINC-SULPHATE-423D4BC6,MFR-BOCHEM-HEALTHCARE-639243,CDSCO NSQ 2025-07 batch B250718 (NSQ-3A90DA90A272),,CDSCO NSQ public table (manufacturer of a tested batch),https://cdscoonline.gov.in/CDSCO/viewPublicNSQDrug,2026-09-27T07:49:58Z,REAL
ZINC-SULPHATE-423D4BC6,MFR-DEEP-PHARMA-D207F4,CDSCO NSQ 2026-08 batch 3C0152 (NSQ-11C01DC83FF0),,CDSCO NSQ public table (manufacturer of a tested batch),https://cdscoonline.gov.in/CDSCO/viewPublicNSQDrug,2026-09-27T07:50:40Z,REAL
ZINC-SULPHATE-423D4BC6,MFR-HEALTH-LIFE-PHARMA-DB2DFF,CDSCO NSQ 2026-01 batch 7066 (NSQ-2119848D25A0),,CDSCO NSQ public table (manufacturer of a tested batch),https://cdscoonline.gov.in/CDSCO/viewPublicNSQDrug,2026-09-27T07:50:17Z,REAL
ZINC-SULPHATE-423D4BC6,MFR-KARNAL-PHARMACEUTICALS-7CFE69,CDSCO NSQ 2025-02 batch T-15192 (NSQ-D2A91E7C0BA4),,CDSCO NSQ public table (manufacturer of a tested batch),https://cdscoonline.gov.in/CDSCO/viewPublicNSQDrug,2026-09-27T07:49:42Z,REAL
ZINC-SULPHATE-423D4BC6,MFR-LIFE-MAX-CANCER-LABORATO-6BCCB9,CDSCO NSQ 2025-01 batch LMT240811 (NSQ-C569D3D272CE),,CDSCO NSQ public table (manufacturer of a tested batch),https://cdscoonline.gov.in/CDSCO/viewPublicNSQDrug,2026-09-27T07:49:39Z,REAL
ZINC-SULPHATE-423D4BC6,MFR-MCW-HEALTHCARE-4FC8FA,CDSCO NSQ 2025-06 batch MT14501 (NSQ-6423FEE76903),,CDSCO NSQ public table (manufacturer of a tested batch),https://cdscoonline.gov.in/CDSCO/viewPublicNSQDrug,2026-09-27T07:49:55Z,REAL
ZINC-SULPHATE-423D4BC6,MFR-SAAR-BIOTECH-A26300,CDSCO NSQ 2025-09 batch 2508179 (NSQ-1A0AEC17E47A),,CDSCO NSQ public table (manufacturer of a tested batch),https://cdscoonline.gov.in/CDSCO/viewPublicNSQDrug,2026-09-27T07:50:04Z,REAL
ZINC-SULPHATE-423D4BC6,MFR-TORINO-LABORATORIES-4C0ECA,CDSCO NSQ 2025-05 batch ZS-2404 (NSQ-BC1D71C3482C),,CDSCO NSQ public table (manufacturer of a tested batch),https://cdscoonline.gov.in/CDSCO/viewPublicNSQDrug,2026-09-27T07:49:52Z,REAL
